{"Epoch0": {"train_loss_means": 0.9563085436820984, "val_loss_mean": 0.8385571837425232, "val_f1_majority_bin": 0.638126015663147, "val_f1_majority_macro": 0.6936430720357764, "val_acc_majority": 0.7037037014961243, "val_f1_individual_binary": 0.6707934737205505, "val_f1_individual_macro": 0.7308204042879771, "val_acc_individual": 0.7442063689231873, "train_acc_means": 0.6777932643890381, "train_time_millis": 19778.410195000106, "eval_time_millis": 2965.344568999626}, "Epoch1": {"train_loss_means": 0.7182832956314087, "val_loss_mean": 0.8037990927696228, "val_f1_majority_bin": 0.6666666865348816, "val_f1_majority_macro": 0.7113402061855669, "val_acc_majority": 0.7182539701461792, "val_f1_individual_binary": 0.7170401215553284, "val_f1_individual_macro": 0.7562601755269194, "val_acc_individual": 0.7625710368156433, "train_acc_means": 0.7954941987991333, "train_time_millis": 19206.114366999827, "eval_time_millis": 2957.3152930001925}, "Epoch2": {"train_loss_means": 0.5348942279815674, "val_loss_mean": 0.7996348142623901, "val_f1_majority_bin": 0.7237569093704224, "val_f1_majority_macro": 0.7349748997391816, "val_acc_majority": 0.7354497313499451, "val_f1_individual_binary": 0.7303425073623657, "val_f1_individual_macro": 0.7534159515161615, "val_acc_individual": 0.7555750012397766, "train_acc_means": 0.8609434962272644, "train_time_millis": 19330.039035000027, "eval_time_millis": 2971.7636739997033}, "Epoch3": {"train_loss_means": 0.3828330934047699, "val_loss_mean": 0.8874797821044922, "val_f1_majority_bin": 0.7017045617103577, "val_f1_majority_macro": 0.7209017776777678, "val_acc_majority": 0.7222222089767456, "val_f1_individual_binary": 0.7212276458740234, "val_f1_individual_macro": 0.7565664644263004, "val_acc_individual": 0.7616965174674988, "train_acc_means": 0.9084733724594116, "train_time_millis": 19269.82439199992, "eval_time_millis": 2949.372959000357}, "Test_results": {"test_f1_majority_binary": 0.6791568994522095, "test_f1_majority_macro": 0.7232796427875612, "test_acc_majority": 0.7303149700164795, "test_f1_individual_binary": 0.687747061252594, "test_f1_individual_macro": 0.745299542741998, "test_acc_individual": 0.7583041787147522, "test_time_millis": 2970.373367999855, "dataset_size": 7589, "number_of_annotations": 11483}}