{"Epoch0": {"train_loss_means": 0.3552797734737396, "val_loss_mean": 0.22834815084934235, "val_f1_majority_bin": 0.3258064389228821, "val_f1_majority_macro": 0.6536488864511558, "val_acc_majority": 0.963971734046936, "val_f1_individual_binary": 0.2906574308872223, "val_f1_individual_macro": 0.6327529584295364, "val_acc_individual": 0.951419472694397, "train_acc_means": 0.9734125733375549, "train_time_millis": 150634.85891895834, "eval_time_millis": 24260.856630047783}, "Epoch1": {"train_loss_means": 0.17817771434783936, "val_loss_mean": 0.26630014181137085, "val_f1_majority_bin": 0.4060913622379303, "val_f1_majority_macro": 0.6979163560376271, "val_acc_majority": 0.9798310399055481, "val_f1_individual_binary": 0.2947264611721039, "val_f1_individual_macro": 0.6386765017831845, "val_acc_individual": 0.9660884141921997, "train_acc_means": 0.9717371463775635, "train_time_millis": 151404.9833100289, "eval_time_millis": 24418.926528072916}, "Epoch2": {"train_loss_means": 0.11145477741956711, "val_loss_mean": 0.2690901458263397, "val_f1_majority_bin": 0.3154761791229248, "val_f1_majority_macro": 0.64753039064019, "val_acc_majority": 0.9603516459465027, "val_f1_individual_binary": 0.2963204085826874, "val_f1_individual_macro": 0.6348740110448857, "val_acc_individual": 0.9487890601158142, "train_acc_means": 0.9760454893112183, "train_time_millis": 151694.28870500997, "eval_time_millis": 24423.82332996931}, "Test_results": {"test_f1_majority_binary": 0.2569659352302551, "test_f1_majority_macro": 0.6178446742638826, "test_acc_majority": 0.9586313962936401, "test_f1_individual_binary": 0.2829688489437103, "test_f1_individual_macro": 0.6281995509040235, "test_acc_individual": 0.9487592577934265, "test_time_millis": 24438.37254308164, "dataset_size": 58011, "number_of_annotations": 58011}}