{"Epoch0": {"train_loss_means": 0.04170197993516922, "val_loss_mean": 0.042408108711242676, "val_f1_majority_bin": 0.07213114754098361, "val_f1_majority_macro": 0.4857634052671146, "val_acc_majority": 0.8184733803720333, "val_f1_individual_binary": 0.07968901846452868, "val_f1_individual_macro": 0.48877127009948473, "val_acc_individual": 0.8161165048543689, "train_time_millis": 3157.753034000052, "eval_time_millis": 3764.665372997115}, "Epoch1": {"train_loss_means": 0.03985687345266342, "val_loss_mean": 0.04148855432868004, "val_f1_majority_bin": 0.09326424870466322, "val_f1_majority_macro": 0.5167175944378017, "val_acc_majority": 0.8877485567671585, "val_f1_individual_binary": 0.10850439882697949, "val_f1_individual_macro": 0.5226447966270477, "val_acc_individual": 0.8819417475728155, "train_time_millis": 3170.3174989997933, "eval_time_millis": 3259.7601380002743}, "Epoch2": {"train_loss_means": 0.037546221166849136, "val_loss_mean": 0.03945233300328255, "val_f1_majority_bin": 0.14814814814814814, "val_f1_majority_macro": 0.5465902912130294, "val_acc_majority": 0.8967286722257858, "val_f1_individual_binary": 0.15338345864661657, "val_f1_individual_macro": 0.547475330776344, "val_acc_individual": 0.8906796116504855, "train_time_millis": 3154.909361997852, "eval_time_millis": 4232.870367999567}, "Epoch3": {"train_loss_means": 0.03382859751582146, "val_loss_mean": 0.03639247268438339, "val_f1_majority_bin": 0.1825726141078838, "val_f1_majority_macro": 0.5570492545687142, "val_acc_majority": 0.8736369467607441, "val_f1_individual_binary": 0.20549581839904424, "val_f1_individual_macro": 0.5676110604200653, "val_acc_individual": 0.870873786407767, "train_time_millis": 3167.17716200219, "eval_time_millis": 4212.341357997502}, "Epoch4": {"train_loss_means": 0.028577318415045738, "val_loss_mean": 0.03624328598380089, "val_f1_majority_bin": 0.1884816753926702, "val_f1_majority_macro": 0.5677632155576265, "val_acc_majority": 0.900577293136626, "val_f1_individual_binary": 0.2147058823529412, "val_f1_individual_macro": 0.5795982634217929, "val_acc_individual": 0.8963106796116505, "train_time_millis": 3171.7472119999, "eval_time_millis": 4212.98551399741}, "Epoch5": {"train_loss_means": 0.02537820301949978, "val_loss_mean": 0.034445930272340775, "val_f1_majority_bin": 0.19827586206896552, "val_f1_majority_macro": 0.5669133988099506, "val_acc_majority": 0.8806927517639512, "val_f1_individual_binary": 0.21454993834771888, "val_f1_individual_macro": 0.5737097884382709, "val_acc_individual": 0.8763106796116504, "train_time_millis": 3195.735657001933, "eval_time_millis": 4209.375042999454}, "Epoch6": {"train_loss_means": 0.022527558729052544, "val_loss_mean": 0.03318895399570465, "val_f1_majority_bin": 0.20149253731343283, "val_f1_majority_macro": 0.5632024090075937, "val_acc_majority": 0.8627325208466966, "val_f1_individual_binary": 0.2038216560509554, "val_f1_individual_macro": 0.5618381629260976, "val_acc_individual": 0.8543689320388349, "train_time_millis": 3194.8208430003433, "eval_time_millis": 4218.622166001296}, "Epoch7": {"train_loss_means": 0.02072814479470253, "val_loss_mean": 0.03379169479012489, "val_f1_majority_bin": 0.1953125, "val_f1_majority_macro": 0.5616674309923131, "val_acc_majority": 0.8678640153944837, "val_f1_individual_binary": 0.20888888888888887, "val_f1_individual_macro": 0.5665721040189126, "val_acc_individual": 0.8617475728155339, "train_time_millis": 3166.9266230019275, "eval_time_millis": 3378.188691000105}, "Epoch8": {"train_loss_means": 0.01923998072743416, "val_loss_mean": 0.03665102273225784, "val_f1_majority_bin": 0.2, "val_f1_majority_macro": 0.5696342305037957, "val_acc_majority": 0.8871071199486851, "val_f1_individual_binary": 0.2196382428940568, "val_f1_individual_macro": 0.5781164130699552, "val_acc_individual": 0.8827184466019418, "train_time_millis": 3168.742989997554, "eval_time_millis": 4215.6674129983}, "Epoch9": {"train_loss_means": 0.01819741353392601, "val_loss_mean": 0.03780386596918106, "val_f1_majority_bin": 0.20952380952380958, "val_f1_majority_macro": 0.5762199515294426, "val_acc_majority": 0.8935214881334188, "val_f1_individual_binary": 0.22312925170068024, "val_f1_individual_macro": 0.5817162202047572, "val_acc_individual": 0.889126213592233, "train_time_millis": 3177.0779290018254, "eval_time_millis": 4241.954488999909}, "Test_results": {"test_f1_majority_binary": 0.1884816753926702, "test_f1_majority_macro": 0.5677632155576265, "test_acc_majority": 0.900577293136626, "test_f1_individual_binary": 0.2147058823529412, "test_f1_individual_macro": 0.5795982634217929, "test_acc_individual": 0.8963106796116505, "test_time_millis": 4170.615806997375, "dataset_size": 3953, "number_of_annotations": 13129, "train_size": 3100, "val_size": 5150, "test_size": 4879}}