{"Epoch0": {"train_loss_means": 0.054240137338638306, "val_loss_mean": 0.046622879803180695, "val_f1_majority_bin": 0.2980392156862745, "val_f1_majority_macro": 0.6202507232401158, "val_acc_majority": 0.8936423054070113, "val_f1_individual_binary": 0.3076923076923077, "val_f1_individual_macro": 0.6248084656389155, "val_acc_individual": 0.8928386540120794, "train_time_millis": 16380.726448000132, "eval_time_millis": 4261.818487000255}, "Epoch1": {"train_loss_means": 0.039242394268512726, "val_loss_mean": 0.04612889513373375, "val_f1_majority_bin": 0.29602888086642604, "val_f1_majority_macro": 0.6164508276135303, "val_acc_majority": 0.8841354723707665, "val_f1_individual_binary": 0.29591836734693877, "val_f1_individual_macro": 0.6154426897997654, "val_acc_individual": 0.8809318377911993, "train_time_millis": 16404.381946000285, "eval_time_millis": 4228.381727999931}, "Epoch2": {"train_loss_means": 0.03143173083662987, "val_loss_mean": 0.046635109931230545, "val_f1_majority_bin": 0.2710843373493976, "val_f1_majority_macro": 0.5956608239153053, "val_acc_majority": 0.8562091503267973, "val_f1_individual_binary": 0.27334465195246177, "val_f1_individual_macro": 0.5955659103020088, "val_acc_individual": 0.8522864538395168, "train_time_millis": 16386.23498400011, "eval_time_millis": 3249.9681760000385}, "Epoch3": {"train_loss_means": 0.02500424161553383, "val_loss_mean": 0.061476267874240875, "val_f1_majority_bin": 0.31297709923664124, "val_f1_majority_macro": 0.627493704257496, "val_acc_majority": 0.893048128342246, "val_f1_individual_binary": 0.3055555555555556, "val_f1_individual_macro": 0.6222728031203721, "val_acc_individual": 0.8878343399482312, "train_time_millis": 16310.642038999958, "eval_time_millis": 4244.267325000237}, "Epoch4": {"train_loss_means": 0.021716799587011337, "val_loss_mean": 0.06996478885412216, "val_f1_majority_bin": 0.30075187969924816, "val_f1_majority_macro": 0.6203759398496241, "val_acc_majority": 0.8894830659536542, "val_f1_individual_binary": 0.29968119022316686, "val_f1_individual_macro": 0.6188987226352946, "val_acc_individual": 0.886281276962899, "train_time_millis": 16424.117672999728, "eval_time_millis": 4228.705862999959}, "Epoch5": {"train_loss_means": 0.019893113523721695, "val_loss_mean": 0.08301711827516556, "val_f1_majority_bin": 0.3011583011583011, "val_f1_majority_macro": 0.6214513745894499, "val_acc_majority": 0.8924539512774807, "val_f1_individual_binary": 0.3013993541442411, "val_f1_individual_macro": 0.620261631860602, "val_acc_individual": 0.8880069025021571, "train_time_millis": 16362.05222999979, "eval_time_millis": 4250.768996000261}, "Epoch6": {"train_loss_means": 0.018380576744675636, "val_loss_mean": 0.08764755725860596, "val_f1_majority_bin": 0.29457364341085274, "val_f1_majority_macro": 0.6180075424261471, "val_acc_majority": 0.8918597742127153, "val_f1_individual_binary": 0.29189189189189185, "val_f1_individual_macro": 0.6152380228329595, "val_acc_individual": 0.8869715271786023, "train_time_millis": 16363.303219000045, "eval_time_millis": 3784.435455000221}, "Epoch7": {"train_loss_means": 0.01743743196129799, "val_loss_mean": 0.10569252818822861, "val_f1_majority_bin": 0.3251231527093596, "val_f1_majority_macro": 0.6409049212803832, "val_acc_majority": 0.9185977421271538, "val_f1_individual_binary": 0.3129251700680272, "val_f1_individual_macro": 0.6332014150662568, "val_acc_individual": 0.9128559102674719, "train_time_millis": 16348.384435999833, "eval_time_millis": 4255.89018599976}, "Epoch8": {"train_loss_means": 0.016720391809940338, "val_loss_mean": 0.11341999471187592, "val_f1_majority_bin": 0.32673267326732675, "val_f1_majority_macro": 0.641874554079934, "val_acc_majority": 0.9191919191919192, "val_f1_individual_binary": 0.31824417009602196, "val_f1_individual_macro": 0.636242055584794, "val_acc_individual": 0.9142364106988783, "train_time_millis": 16348.297845000161, "eval_time_millis": 4235.974364999947}, "Epoch9": {"train_loss_means": 0.01633572392165661, "val_loss_mean": 0.11651051789522171, "val_f1_majority_bin": 0.33333333333333337, "val_f1_majority_macro": 0.6458333333333333, "val_acc_majority": 0.9215686274509803, "val_f1_individual_binary": 0.32122905027932963, "val_f1_individual_macro": 0.6382676426677133, "val_acc_individual": 0.9161345987920622, "train_time_millis": 16378.176299999723, "eval_time_millis": 4224.552397000025}, "Test_results": {"test_f1_majority_binary": 0.33333333333333337, "test_f1_majority_macro": 0.6458333333333333, "test_acc_majority": 0.9215686274509803, "test_f1_individual_binary": 0.32122905027932963, "test_f1_individual_macro": 0.6382676426677133, "test_acc_individual": 0.9161345987920622, "test_time_millis": 4176.6321099999, "dataset_size": 8365, "number_of_annotations": 28896, "train_size": 17540, "val_size": 5795, "test_size": 5561}}