{"Epoch0": {"train_loss_means": 0.0446593314409256, "val_loss_mean": 0.04502558335661888, "val_f1_majority_bin": 0.15074024226110366, "val_f1_majority_macro": 0.5210204225948067, "val_acc_majority": 0.8072693952351864, "val_f1_individual_binary": 0.13244680851063828, "val_f1_individual_macro": 0.5133341118239034, "val_acc_individual": 0.8114341869472224, "train_time_millis": 1452.6325080005336, "eval_time_millis": 7912.241240000185}, "Epoch1": {"train_loss_means": 0.040532585233449936, "val_loss_mean": 0.04300915077328682, "val_f1_majority_bin": 0.1858141858141858, "val_f1_majority_macro": 0.5467105165552054, "val_acc_majority": 0.8340460191407045, "val_f1_individual_binary": 0.16636957813428402, "val_f1_individual_macro": 0.538262914067142, "val_acc_individual": 0.8377940921440545, "train_time_millis": 1562.7987319994645, "eval_time_millis": 7032.508868999685}, "Epoch2": {"train_loss_means": 0.03568293899297714, "val_loss_mean": 0.04185572639107704, "val_f1_majority_bin": 0.20971867007672632, "val_f1_majority_macro": 0.5706779191091597, "val_acc_majority": 0.874160048869884, "val_f1_individual_binary": 0.1906225980015373, "val_f1_individual_macro": 0.5624009352052942, "val_acc_individual": 0.8782588588935777, "train_time_millis": 1469.248391000292, "eval_time_millis": 8079.074035000303}, "Epoch3": {"train_loss_means": 0.029903532937169075, "val_loss_mean": 0.04122799634933472, "val_f1_majority_bin": 0.21741741741741744, "val_f1_majority_macro": 0.5724719880902094, "val_acc_majority": 0.8673386275707595, "val_f1_individual_binary": 0.19536903039073808, "val_f1_individual_macro": 0.5627533095661675, "val_acc_individual": 0.8714376553558009, "train_time_millis": 1468.2638960002805, "eval_time_millis": 8313.17790600042}, "Epoch4": {"train_loss_means": 0.02414930984377861, "val_loss_mean": 0.04216364398598671, "val_f1_majority_bin": 0.2199194012665515, "val_f1_majority_macro": 0.572125334184401, "val_acc_majority": 0.8620443901445735, "val_f1_individual_binary": 0.1949358307318765, "val_f1_individual_macro": 0.560876397156889, "val_acc_individual": 0.8658303948205098, "train_time_millis": 1468.738053999914, "eval_time_millis": 8046.691710999767}, "Epoch5": {"train_loss_means": 0.019886484369635582, "val_loss_mean": 0.04540247842669487, "val_f1_majority_bin": 0.22540250447227192, "val_f1_majority_macro": 0.576551644622177, "val_acc_majority": 0.8677458766035431, "val_f1_individual_binary": 0.19877123238164074, "val_f1_individual_macro": 0.564561074077786, "val_acc_individual": 0.8718423030232961, "train_time_millis": 1471.0459469997659, "eval_time_millis": 8047.544803999699}, "Epoch6": {"train_loss_means": 0.016554981470108032, "val_loss_mean": 0.054904211312532425, "val_f1_majority_bin": 0.23188405797101447, "val_f1_majority_macro": 0.5884778932739488, "val_acc_majority": 0.897475055996742, "val_f1_individual_binary": 0.20798514391829154, "val_f1_individual_macro": 0.5777011159118026, "val_acc_individual": 0.901381582750448, "train_time_millis": 1474.2322339998282, "eval_time_millis": 8073.642835000101}, "Epoch7": {"train_loss_means": 0.013393644243478775, "val_loss_mean": 0.05831421539187431, "val_f1_majority_bin": 0.2336874051593323, "val_f1_majority_macro": 0.5892872254433571, "val_acc_majority": 0.8971696192221543, "val_f1_individual_binary": 0.21188392445877474, "val_f1_individual_macro": 0.5795596265214896, "val_acc_individual": 0.9010925487022371, "train_time_millis": 1456.1875090003014, "eval_time_millis": 7498.47835699984}, "Epoch8": {"train_loss_means": 0.011917800642549992, "val_loss_mean": 0.06384416669607162, "val_f1_majority_bin": 0.2300163132137031, "val_f1_majority_macro": 0.5893810526867733, "val_acc_majority": 0.9038892282630828, "val_f1_individual_binary": 0.20771513353115725, "val_f1_individual_macro": 0.5792689125416102, "val_acc_individual": 0.9073934909532343, "train_time_millis": 1469.7271180002645, "eval_time_millis": 8009.527463000268}, "Epoch9": {"train_loss_means": 0.011076131835579872, "val_loss_mean": 0.06468068808317184, "val_f1_majority_bin": 0.22982885085574573, "val_f1_majority_macro": 0.5892587811861397, "val_acc_majority": 0.903787416004887, "val_f1_individual_binary": 0.20771513353115725, "val_f1_individual_macro": 0.5792689125416102, "val_acc_individual": 0.9073934909532343, "train_time_millis": 1471.7652640001688, "eval_time_millis": 7325.792956000441}, "Test_results": {"test_f1_majority_binary": 0.2300163132137031, "test_f1_majority_macro": 0.5893810526867733, "test_acc_majority": 0.9038892282630828, "test_f1_individual_binary": 0.20771513353115725, "test_f1_individual_macro": 0.5792689125416102, "test_acc_individual": 0.9073934909532343, "test_time_millis": 8036.508539000351, "dataset_size": 20528, "number_of_annotations": 36389, "train_size": 1638, "val_size": 17299, "test_size": 17452}}