{"Epoch0": {"train_loss_means": 0.27584683895111084, "val_loss_mean": 0.2755405604839325, "val_f1_majority_bin": 0.4692597239648683, "val_f1_majority_macro": 0.5666393933565406, "val_acc_majority": 0.5885214007782101, "val_f1_individual_binary": 0.4470588235294118, "val_f1_individual_macro": 0.554464663563267, "val_acc_individual": 0.5803571428571429, "train_time_millis": 50946.256265000105, "eval_time_millis": 7607.600314000138}, "Epoch1": {"train_loss_means": 0.25436723232269287, "val_loss_mean": 0.2789947986602783, "val_f1_majority_bin": 0.4728682170542636, "val_f1_majority_macro": 0.5773077434725297, "val_acc_majority": 0.603112840466926, "val_f1_individual_binary": 0.45017182130584193, "val_f1_individual_macro": 0.5628141053790873, "val_acc_individual": 0.5918367346938775, "train_time_millis": 51192.34839299998, "eval_time_millis": 7615.457440999307}, "Epoch2": {"train_loss_means": 0.20621874928474426, "val_loss_mean": 0.2967399060726166, "val_f1_majority_bin": 0.47044334975369456, "val_f1_majority_macro": 0.5623920928832782, "val_acc_majority": 0.5817120622568094, "val_f1_individual_binary": 0.4529558701082431, "val_f1_individual_macro": 0.5567104931936564, "val_acc_individual": 0.5809948979591837, "train_time_millis": 51273.101628000404, "eval_time_millis": 6608.008707000408}, "Epoch3": {"train_loss_means": 0.1541014462709427, "val_loss_mean": 0.34413525462150574, "val_f1_majority_bin": 0.4525745257452574, "val_f1_majority_macro": 0.5730247439044952, "val_acc_majority": 0.6070038910505836, "val_f1_individual_binary": 0.43807763401109057, "val_f1_individual_macro": 0.5710349221662074, "val_acc_individual": 0.6122448979591837, "train_time_millis": 51359.89919900021, "eval_time_millis": 7621.068181999362}, "Epoch4": {"train_loss_means": 0.1109856441617012, "val_loss_mean": 0.4656539857387543, "val_f1_majority_bin": 0.4013050570962479, "val_f1_majority_macro": 0.5734869013824968, "val_acc_majority": 0.6429961089494164, "val_f1_individual_binary": 0.3847019122609674, "val_f1_individual_macro": 0.5706331101135722, "val_acc_individual": 0.6511479591836735, "train_time_millis": 51285.516836999705, "eval_time_millis": 5602.973007000401}, "Epoch5": {"train_loss_means": 0.09013893455266953, "val_loss_mean": 0.5536580085754395, "val_f1_majority_bin": 0.39530988274706863, "val_f1_majority_macro": 0.5739400681727118, "val_acc_majority": 0.6488326848249028, "val_f1_individual_binary": 0.36280137772675086, "val_f1_individual_macro": 0.5588841325719847, "val_acc_individual": 0.6460459183673469, "train_time_millis": 51296.030549000534, "eval_time_millis": 6773.377786999845}, "Epoch6": {"train_loss_means": 0.0682622417807579, "val_loss_mean": 0.6697360277175903, "val_f1_majority_bin": 0.411663807890223, "val_f1_majority_macro": 0.5894028475975216, "val_acc_majority": 0.6663424124513618, "val_f1_individual_binary": 0.3816254416961131, "val_f1_individual_macro": 0.5760335341405796, "val_acc_individual": 0.6651785714285714, "train_time_millis": 51364.23663000005, "eval_time_millis": 7690.277145999971}, "Epoch7": {"train_loss_means": 0.0625109001994133, "val_loss_mean": 0.6548795104026794, "val_f1_majority_bin": 0.39868204283360786, "val_f1_majority_macro": 0.5733920911200476, "val_acc_majority": 0.6449416342412452, "val_f1_individual_binary": 0.3700340522133939, "val_f1_individual_macro": 0.561957159144391, "val_acc_individual": 0.6460459183673469, "train_time_millis": 51303.56454200046, "eval_time_millis": 7626.542304000395}, "Epoch8": {"train_loss_means": 0.05798376724123955, "val_loss_mean": 0.7508060932159424, "val_f1_majority_bin": 0.3916811091854419, "val_f1_majority_macro": 0.57717929698623, "val_acc_majority": 0.6585603112840467, "val_f1_individual_binary": 0.3730445246690734, "val_f1_individual_macro": 0.5735070779527579, "val_acc_individual": 0.6677295918367347, "train_time_millis": 51296.62025499965, "eval_time_millis": 7622.665801000039}, "Epoch9": {"train_loss_means": 0.054456278681755066, "val_loss_mean": 0.7731161117553711, "val_f1_majority_bin": 0.3951048951048951, "val_f1_majority_macro": 0.5809756281454395, "val_acc_majority": 0.6634241245136187, "val_f1_individual_binary": 0.3709090909090909, "val_f1_individual_macro": 0.573165493096259, "val_acc_individual": 0.6690051020408163, "train_time_millis": 51304.45929100006, "eval_time_millis": 7619.213442999353}, "Test_results": {"test_f1_majority_binary": 0.3951048951048951, "test_f1_majority_macro": 0.5809756281454395, "test_acc_majority": 0.6634241245136187, "test_f1_individual_binary": 0.3709090909090909, "test_f1_individual_macro": 0.573165493096259, "test_acc_individual": 0.6690051020408163, "test_time_millis": 7601.9482330002575, "dataset_size": 5434, "number_of_annotations": 8110, "train_size": 4781, "val_size": 1568, "test_size": 1761}}