{"Epoch0": {"train_loss_means": 0.9210781455039978, "val_loss_mean": 0.881085216999054, "val_f1_majority_bin": 0.0, "val_f1_majority_macro": 0.49361702127659574, "val_acc_majority": 0.9747899174690247, "val_f1_individual_binary": 0.0, "val_f1_individual_macro": 0.49462943071965626, "val_acc_individual": 0.9787459969520569, "train_acc_means": 0.9037339687347412, "train_time_millis": 3784.7926751710474, "eval_time_millis": 780.100045260042}, "Epoch1": {"train_loss_means": 0.887634813785553, "val_loss_mean": 0.8544092178344727, "val_f1_majority_bin": 0.0, "val_f1_majority_macro": 0.49361702127659574, "val_acc_majority": 0.9747899174690247, "val_f1_individual_binary": 0.0, "val_f1_individual_macro": 0.4949006977992485, "val_acc_individual": 0.9798086881637573, "train_acc_means": 0.972941517829895, "train_time_millis": 3790.1389449834824, "eval_time_millis": 786.6845149546862}, "Epoch2": {"train_loss_means": 0.85787433385849, "val_loss_mean": 0.8352886438369751, "val_f1_majority_bin": 0.0, "val_f1_majority_macro": 0.49361702127659574, "val_acc_majority": 0.9747899174690247, "val_f1_individual_binary": 0.0, "val_f1_individual_macro": 0.4949006977992485, "val_acc_individual": 0.9798086881637573, "train_acc_means": 0.97283935546875, "train_time_millis": 3785.8509649522603, "eval_time_millis": 783.1164821982384}, "Epoch3": {"train_loss_means": 0.8361179232597351, "val_loss_mean": 0.8236557245254517, "val_f1_majority_bin": 0.0, "val_f1_majority_macro": 0.49361702127659574, "val_acc_majority": 0.9747899174690247, "val_f1_individual_binary": 0.0, "val_f1_individual_macro": 0.4949006977992485, "val_acc_individual": 0.9798086881637573, "train_acc_means": 0.973564088344574, "train_time_millis": 3774.9402839690447, "eval_time_millis": 778.9507140405476}, "Epoch4": {"train_loss_means": 0.819123387336731, "val_loss_mean": 0.8283547163009644, "val_f1_majority_bin": 0.0, "val_f1_majority_macro": 0.49361702127659574, "val_acc_majority": 0.9747899174690247, "val_f1_individual_binary": 0.0, "val_f1_individual_macro": 0.4949006977992485, "val_acc_individual": 0.9798086881637573, "train_acc_means": 0.9731490612030029, "train_time_millis": 3778.6123980768025, "eval_time_millis": 792.3847078345716}, "Epoch5": {"train_loss_means": 0.8066756129264832, "val_loss_mean": 0.8106100559234619, "val_f1_majority_bin": 0.0, "val_f1_majority_macro": 0.49361702127659574, "val_acc_majority": 0.9747899174690247, "val_f1_individual_binary": 0.0, "val_f1_individual_macro": 0.4949006977992485, "val_acc_individual": 0.9798086881637573, "train_acc_means": 0.9733034372329712, "train_time_millis": 3808.809505775571, "eval_time_millis": 783.7772886268795}, "Epoch6": {"train_loss_means": 0.7944833040237427, "val_loss_mean": 0.8065412640571594, "val_f1_majority_bin": 0.0, "val_f1_majority_macro": 0.49361702127659574, "val_acc_majority": 0.9747899174690247, "val_f1_individual_binary": 0.0, "val_f1_individual_macro": 0.4949006977992485, "val_acc_individual": 0.9798086881637573, "train_acc_means": 0.9732480645179749, "train_time_millis": 3794.4685840047896, "eval_time_millis": 794.3011149764061}, "Epoch7": {"train_loss_means": 0.7852824926376343, "val_loss_mean": 0.8026392459869385, "val_f1_majority_bin": 0.0, "val_f1_majority_macro": 0.49361702127659574, "val_acc_majority": 0.9747899174690247, "val_f1_individual_binary": 0.0, "val_f1_individual_macro": 0.4949006977992485, "val_acc_individual": 0.9798086881637573, "train_acc_means": 0.9728736877441406, "train_time_millis": 3780.958040151745, "eval_time_millis": 788.4798818267882}, "Epoch8": {"train_loss_means": 0.7750630974769592, "val_loss_mean": 0.800694465637207, "val_f1_majority_bin": 0.0, "val_f1_majority_macro": 0.49361702127659574, "val_acc_majority": 0.9747899174690247, "val_f1_individual_binary": 0.0, "val_f1_individual_macro": 0.4949006977992485, "val_acc_individual": 0.9798086881637573, "train_acc_means": 0.9727901816368103, "train_time_millis": 3781.7037366330624, "eval_time_millis": 782.0819127373397}, "Epoch9": {"train_loss_means": 0.7693586945533752, "val_loss_mean": 0.7982476353645325, "val_f1_majority_bin": 0.0, "val_f1_majority_macro": 0.49361702127659574, "val_acc_majority": 0.9747899174690247, "val_f1_individual_binary": 0.0, "val_f1_individual_macro": 0.4949006977992485, "val_acc_individual": 0.9798086881637573, "train_acc_means": 0.9733576774597168, "train_time_millis": 3781.1219906434417, "eval_time_millis": 779.5958500355482}, "Test_results": {"test_f1_majority_binary": 0.0, "test_f1_majority_macro": 0.4955555555555556, "test_acc_majority": 0.9823788404464722, "test_f1_individual_binary": 0.0, "test_f1_individual_macro": 0.4963131026659104, "test_acc_individual": 0.9853603839874268, "test_time_millis": 737.7660139463842, "dataset_size": 3551, "number_of_annotations": 4678}}