{"Epoch0": {"train_loss_means": 0.3158626854419708, "val_loss_mean": 0.20513223111629486, "val_f1_majority_bin": 0.41201716661453247, "val_f1_majority_macro": 0.6995578821183344, "val_acc_majority": 0.9747511744499207, "val_f1_individual_binary": 0.41201716661453247, "val_f1_individual_macro": 0.6995578821183344, "val_acc_individual": 0.9747511744499207, "train_acc_means": 0.9748526215553284, "train_time_millis": 309452.125, "eval_time_millis": 13793.4970703125}, "Epoch1": {"train_loss_means": 0.16756589710712433, "val_loss_mean": 0.22206759452819824, "val_f1_majority_bin": 0.2886075973510742, "val_f1_majority_macro": 0.6308678215670442, "val_acc_majority": 0.9482123255729675, "val_f1_individual_binary": 0.2886075973510742, "val_f1_individual_macro": 0.6308678215670442, "val_acc_individual": 0.9482123255729675, "train_acc_means": 0.9730103015899658, "train_time_millis": 311521.6875, "eval_time_millis": 12650.0810546875}, "Epoch2": {"train_loss_means": 0.0981072410941124, "val_loss_mean": 0.2904997766017914, "val_f1_majority_bin": 0.36090224981307983, "val_f1_majority_macro": 0.672421654930828, "val_acc_majority": 0.9686693549156189, "val_f1_individual_binary": 0.36090224981307983, "val_f1_individual_macro": 0.672421654930828, "val_acc_individual": 0.9686693549156189, "train_acc_means": 0.9789517521858215, "train_time_millis": 314813.46875, "eval_time_millis": 15155.083984375}, "Test_results": {"test_f1_majority_binary": 0.36000001430511475, "test_f1_majority_macro": 0.6709039226833429, "test_acc_majority": 0.964621365070343, "test_f1_individual_binary": 0.36000001430511475, "test_f1_individual_macro": 0.6709039226833429, "test_acc_individual": 0.964621365070343, "test_time_millis": 12879.875, "dataset_size": 58011, "number_of_annotations": 58011}}