{"Epoch0": {"train_loss_means": 0.5607564449310303, "val_loss_mean": 0.4924117922782898, "val_f1_majority_bin": 0.69972825050354, "val_f1_majority_macro": 0.7698496481755501, "val_acc_majority": 0.7912139892578125, "val_f1_individual_binary": 0.6502037644386292, "val_f1_individual_macro": 0.7387194191930269, "val_acc_individual": 0.7687063813209534, "train_acc_means": 0.7189861536026001, "train_time_millis": 26873.48300299982, "eval_time_millis": 4220.257744999799}, "Epoch1": {"train_loss_means": 0.3850283622741699, "val_loss_mean": 0.48850950598716736, "val_f1_majority_bin": 0.7090694904327393, "val_f1_majority_macro": 0.7571372704202013, "val_acc_majority": 0.766650915145874, "val_f1_individual_binary": 0.6593177914619446, "val_f1_individual_macro": 0.7247664837974961, "val_acc_individual": 0.7403297424316406, "train_acc_means": 0.8312342762947083, "train_time_millis": 26307.975489, "eval_time_millis": 4216.279936000319}, "Epoch2": {"train_loss_means": 0.2055291086435318, "val_loss_mean": 0.6977231502532959, "val_f1_majority_bin": 0.6892127990722656, "val_f1_majority_macro": 0.7388104632200524, "val_acc_majority": 0.7482286095619202, "val_f1_individual_binary": 0.6510384678840637, "val_f1_individual_macro": 0.7160777203011157, "val_acc_individual": 0.7309765219688416, "train_acc_means": 0.921127200126648, "train_time_millis": 26320.90425599972, "eval_time_millis": 4226.7584920000445}, "Test_results": {"test_f1_majority_binary": 0.6797235012054443, "test_f1_majority_macro": 0.7291047790405198, "test_acc_majority": 0.7381064295768738, "test_f1_individual_binary": 0.6418946385383606, "test_f1_individual_macro": 0.7033239348810147, "test_acc_individual": 0.7160434126853943, "test_time_millis": 4357.430876999842, "dataset_size": 10578, "number_of_annotations": 10578}}