{"Epoch0": {"train_loss_means": 0.26441770792007446, "val_loss_mean": 0.23624637722969055, "val_f1_majority_bin": 0.7420814479638009, "val_f1_majority_macro": 0.7709403727525979, "val_acc_majority": 0.7745762711864407, "val_f1_individual_binary": 0.7069033530571992, "val_f1_individual_macro": 0.7572330803100034, "val_acc_individual": 0.7676672920575359, "train_time_millis": 18716.98802296305, "eval_time_millis": 4099.904831964523}, "Epoch1": {"train_loss_means": 0.201654851436615, "val_loss_mean": 0.23775699734687805, "val_f1_majority_bin": 0.7161961367013373, "val_f1_majority_macro": 0.7710424621519449, "val_acc_majority": 0.784180790960452, "val_f1_individual_binary": 0.7154929577464789, "val_f1_individual_macro": 0.7867197559477823, "val_acc_individual": 0.8105065666041276, "train_time_millis": 18772.144084970932, "eval_time_millis": 4100.301625032444}, "Epoch2": {"train_loss_means": 0.16608403623104095, "val_loss_mean": 0.23106740415096283, "val_f1_majority_bin": 0.757936507936508, "val_f1_majority_macro": 0.7887315675777216, "val_acc_majority": 0.7932203389830509, "val_f1_individual_binary": 0.7352459016393442, "val_f1_individual_macro": 0.7859748213960118, "val_acc_individual": 0.7979987492182614, "train_time_millis": 18634.641302051023, "eval_time_millis": 4098.258239973802}, "Epoch3": {"train_loss_means": 0.13803406059741974, "val_loss_mean": 0.248443603515625, "val_f1_majority_bin": 0.7646276595744681, "val_f1_majority_macro": 0.7953786627931279, "val_acc_majority": 0.8, "val_f1_individual_binary": 0.7433554817275747, "val_f1_individual_macro": 0.7941952935217612, "val_acc_individual": 0.8067542213883677, "train_time_millis": 18618.607990967575, "eval_time_millis": 4106.832859979477}, "Epoch4": {"train_loss_means": 0.11332046240568161, "val_loss_mean": 0.3231464624404907, "val_f1_majority_bin": 0.7479338842975207, "val_f1_majority_macro": 0.7863232639878408, "val_acc_majority": 0.7932203389830509, "val_f1_individual_binary": 0.7301038062283737, "val_f1_individual_macro": 0.7886562126146766, "val_acc_individual": 0.8048780487804879, "train_time_millis": 18673.698412952945, "eval_time_millis": 3901.440155983437}, "Epoch5": {"train_loss_means": 0.09870492666959763, "val_loss_mean": 0.3072957992553711, "val_f1_majority_bin": 0.7490144546649146, "val_f1_majority_macro": 0.7798590608309706, "val_acc_majority": 0.784180790960452, "val_f1_individual_binary": 0.7301194890811702, "val_f1_individual_macro": 0.7825452572641931, "val_acc_individual": 0.7951844903064416, "train_time_millis": 18789.227053988725, "eval_time_millis": 4107.599126000423}, "Epoch6": {"train_loss_means": 0.08168622106313705, "val_loss_mean": 0.4467260241508484, "val_f1_majority_bin": 0.7335740072202166, "val_f1_majority_macro": 0.7811721544221732, "val_acc_majority": 0.7915254237288135, "val_f1_individual_binary": 0.720508166969147, "val_f1_individual_macro": 0.7867808010418254, "val_acc_individual": 0.8073796122576611, "train_time_millis": 18697.48252700083, "eval_time_millis": 4107.5558249722235}, "Epoch7": {"train_loss_means": 0.0737452581524849, "val_loss_mean": 0.416504830121994, "val_f1_majority_bin": 0.7462277091906722, "val_f1_majority_macro": 0.7842569861995629, "val_acc_majority": 0.7909604519774012, "val_f1_individual_binary": 0.7274290627687017, "val_f1_individual_macro": 0.785827553497373, "val_acc_individual": 0.8017510944340213, "train_time_millis": 18691.503886017017, "eval_time_millis": 3949.8660609824583}, "Epoch8": {"train_loss_means": 0.06317906826734543, "val_loss_mean": 0.44535720348358154, "val_f1_majority_bin": 0.7436260623229461, "val_f1_majority_macro": 0.7867566401840295, "val_acc_majority": 0.7954802259887006, "val_f1_individual_binary": 0.7211367673179397, "val_f1_individual_macro": 0.7847961828867691, "val_acc_individual": 0.8036272670419012, "train_time_millis": 18759.66405897634, "eval_time_millis": 4100.28551495634}, "Epoch9": {"train_loss_means": 0.05637439340353012, "val_loss_mean": 0.46681419014930725, "val_f1_majority_bin": 0.7469220246238031, "val_f1_majority_macro": 0.7844331008585811, "val_acc_majority": 0.7909604519774012, "val_f1_individual_binary": 0.7282095319879778, "val_f1_individual_macro": 0.7862832759521889, "val_acc_individual": 0.8020637898686679, "train_time_millis": 18819.78529598564, "eval_time_millis": 4101.030950027052}, "Test_results": {"test_f1_majority_binary": 0.7646276595744681, "test_f1_majority_macro": 0.7953786627931279, "test_acc_majority": 0.8, "test_f1_individual_binary": 0.7433554817275747, "test_f1_individual_macro": 0.7941952935217612, "test_acc_individual": 0.8067542213883677, "test_time_millis": 4111.702253983822, "dataset_size": 8895, "number_of_annotations": 16375, "train_size": 9926, "val_size": 3198, "test_size": 3251}}