{"Epoch0": {"train_loss_means": 0.02026243507862091, "val_loss_mean": 0.017335809767246246, "val_f1_majority_bin": 0.4871287128712872, "val_f1_majority_macro": 0.7373862160797445, "val_acc_majority": 0.975868815801733, "val_f1_individual_binary": 0.40963855421686746, "val_f1_individual_macro": 0.698321073457866, "val_acc_individual": 0.9745670740338791, "train_time_millis": 65244.1509670025, "eval_time_millis": 10699.792414001422}, "Epoch1": {"train_loss_means": 0.012363295070827007, "val_loss_mean": 0.018728410825133324, "val_f1_majority_bin": 0.418848167539267, "val_f1_majority_macro": 0.701454907490497, "val_acc_majority": 0.9689741917450853, "val_f1_individual_binary": 0.3615160349854228, "val_f1_individual_macro": 0.6728149848742913, "val_acc_individual": 0.9689991978483462, "train_time_millis": 65204.53595899744, "eval_time_millis": 10702.1162739984}, "Epoch2": {"train_loss_means": 0.008113639429211617, "val_loss_mean": 0.024545706808567047, "val_f1_majority_bin": 0.4660194174757282, "val_f1_majority_macro": 0.7264467761809456, "val_acc_majority": 0.9743780862759713, "val_f1_individual_binary": 0.4053156146179402, "val_f1_individual_macro": 0.6961852763926911, "val_acc_individual": 0.9746614448166847, "train_time_millis": 65163.83721999591, "eval_time_millis": 10699.206495002727}, "Epoch3": {"train_loss_means": 0.006164048332720995, "val_loss_mean": 0.03264898434281349, "val_f1_majority_bin": 0.48945147679324885, "val_f1_majority_macro": 0.7389616377868684, "val_acc_majority": 0.9774527159228548, "val_f1_individual_binary": 0.4320388349514563, "val_f1_individual_macro": 0.7103892745567156, "val_acc_individual": 0.9779172368234794, "train_time_millis": 65198.93661499373, "eval_time_millis": 10688.730506997672}, "Epoch4": {"train_loss_means": 0.005048377905040979, "val_loss_mean": 0.037268709391355515, "val_f1_majority_bin": 0.5123595505617977, "val_f1_majority_macro": 0.7510182701193937, "val_acc_majority": 0.9797819808068574, "val_f1_individual_binary": 0.4547872340425533, "val_f1_individual_macro": 0.7224697567147963, "val_acc_individual": 0.9806539895248431, "train_time_millis": 65183.88619400503, "eval_time_millis": 10699.776764013222}, "Epoch5": {"train_loss_means": 0.004645675420761108, "val_loss_mean": 0.03636714443564415, "val_f1_majority_bin": 0.4887983706720977, "val_f1_majority_macro": 0.7384158718676341, "val_acc_majority": 0.9766141805646138, "val_f1_individual_binary": 0.42691415313225056, "val_f1_individual_macro": 0.7075087093568007, "val_acc_individual": 0.9766904166470061, "train_time_millis": 65262.09509601176, "eval_time_millis": 8653.434952007956}, "Epoch6": {"train_loss_means": 0.003939883783459663, "val_loss_mean": 0.042919404804706573, "val_f1_majority_bin": 0.5253012048192771, "val_f1_majority_macro": 0.7579714897784096, "val_acc_majority": 0.9816453927140595, "val_f1_individual_binary": 0.45980253878702393, "val_f1_individual_macro": 0.7253064089189096, "val_acc_individual": 0.9819279950927193, "train_time_millis": 65249.15459701151, "eval_time_millis": 10700.74162200035}, "Epoch7": {"train_loss_means": 0.0036590644158422947, "val_loss_mean": 0.04858056828379631, "val_f1_majority_bin": 0.5593667546174141, "val_f1_majority_macro": 0.7757235916587806, "val_acc_majority": 0.9844405105748626, "val_f1_individual_binary": 0.4961479198767334, "val_f1_individual_macro": 0.7441565724883823, "val_acc_individual": 0.9845703770112773, "train_time_millis": 65239.93341099413, "eval_time_millis": 8657.724377000704}, "Epoch8": {"train_loss_means": 0.0034037996083498, "val_loss_mean": 0.04737912863492966, "val_f1_majority_bin": 0.5417721518987343, "val_f1_majority_macro": 0.7665910733391446, "val_acc_majority": 0.9831361222398212, "val_f1_individual_binary": 0.4881656804733728, "val_f1_individual_macro": 0.7399351538305488, "val_acc_individual": 0.9836738545746238, "train_time_millis": 65191.241367007024, "eval_time_millis": 10693.345007006428}, "Epoch9": {"train_loss_means": 0.0032492412719875574, "val_loss_mean": 0.048077378422021866, "val_f1_majority_bin": 0.5449871465295629, "val_f1_majority_macro": 0.7682946834797078, "val_acc_majority": 0.9835088046212616, "val_f1_individual_binary": 0.4917043740573152, "val_f1_individual_macro": 0.7418136471345944, "val_acc_individual": 0.9840985230972491, "train_time_millis": 65247.18064999615, "eval_time_millis": 10699.159299998428}, "Test_results": {"test_f1_majority_binary": 0.5593667546174141, "test_f1_majority_macro": 0.7757235916587806, "test_acc_majority": 0.9844405105748626, "test_f1_individual_binary": 0.4961479198767334, "test_f1_individual_macro": 0.7441565724883823, "test_acc_individual": 0.9845703770112773, "test_time_millis": 10698.073857012787, "dataset_size": 53677, "number_of_annotations": 105770, "train_size": 63399, "val_size": 21193, "test_size": 21178}}