{"Epoch0": {"train_loss_means": 0.26962774991989136, "val_loss_mean": 0.26281872391700745, "val_f1_majority_bin": 0.39669421487603307, "val_f1_majority_macro": 0.581359927950837, "val_acc_majority": 0.6628175519630485, "val_f1_individual_binary": 0.3891402714932127, "val_f1_individual_macro": 0.5803569377770631, "val_acc_individual": 0.6674876847290641, "train_time_millis": 41872.49593800015, "eval_time_millis": 6125.697967000178}, "Epoch1": {"train_loss_means": 0.25117596983909607, "val_loss_mean": 0.26897940039634705, "val_f1_majority_bin": 0.39819004524886875, "val_f1_majority_macro": 0.5959942474306359, "val_acc_majority": 0.6928406466512702, "val_f1_individual_binary": 0.4033333333333334, "val_f1_individual_macro": 0.6041721132897604, "val_acc_individual": 0.7060755336617406, "train_time_millis": 42019.62170800016, "eval_time_millis": 6439.899417999641}, "Epoch2": {"train_loss_means": 0.2140600085258484, "val_loss_mean": 0.2745841145515442, "val_f1_majority_bin": 0.4254473161033797, "val_f1_majority_macro": 0.5951483936090536, "val_acc_majority": 0.6662817551963048, "val_f1_individual_binary": 0.4179970972423802, "val_f1_individual_macro": 0.5942303746085971, "val_acc_individual": 0.6707717569786535, "train_time_millis": 42060.106700999764, "eval_time_millis": 5437.847649000105}, "Epoch3": {"train_loss_means": 0.16299957036972046, "val_loss_mean": 0.4048352837562561, "val_f1_majority_bin": 0.325, "val_f1_majority_macro": 0.5611486486486487, "val_acc_majority": 0.6882217090069284, "val_f1_individual_binary": 0.3045871559633027, "val_f1_individual_macro": 0.5520820496897424, "val_acc_individual": 0.6888341543513957, "train_time_millis": 42100.42843700012, "eval_time_millis": 6459.766091999882}, "Epoch4": {"train_loss_means": 0.12094637006521225, "val_loss_mean": 0.4510100781917572, "val_f1_majority_bin": 0.35377358490566035, "val_f1_majority_macro": 0.5721467312907507, "val_acc_majority": 0.6836027713625866, "val_f1_individual_binary": 0.3367003367003367, "val_f1_individual_macro": 0.561401199837682, "val_acc_individual": 0.6765188834154351, "train_time_millis": 42141.798553000175, "eval_time_millis": 6460.768041999927}, "Epoch5": {"train_loss_means": 0.09536631405353546, "val_loss_mean": 0.4896247684955597, "val_f1_majority_bin": 0.4202020202020202, "val_f1_majority_macro": 0.5940945428415113, "val_acc_majority": 0.6685912240184757, "val_f1_individual_binary": 0.4143884892086331, "val_f1_individual_macro": 0.5903073979644544, "val_acc_individual": 0.6658456486042693, "train_time_millis": 42139.83054500022, "eval_time_millis": 6463.463807000153}, "Epoch6": {"train_loss_means": 0.07473961263895035, "val_loss_mean": 0.5747853517532349, "val_f1_majority_bin": 0.4086021505376344, "val_f1_majority_macro": 0.5957770026563467, "val_acc_majority": 0.6824480369515011, "val_f1_individual_binary": 0.3969465648854962, "val_f1_individual_macro": 0.5875805255645897, "val_acc_individual": 0.6756978653530378, "train_time_millis": 42146.42602100002, "eval_time_millis": 6352.91054299978}, "Epoch7": {"train_loss_means": 0.06642085313796997, "val_loss_mean": 0.6282932758331299, "val_f1_majority_bin": 0.37610619469026546, "val_f1_majority_macro": 0.5778968473451327, "val_acc_majority": 0.674364896073903, "val_f1_individual_binary": 0.37676609105180536, "val_f1_individual_macro": 0.5780439682607553, "val_acc_individual": 0.674055829228243, "train_time_millis": 42169.9710859998, "eval_time_millis": 6467.04792599985}, "Epoch8": {"train_loss_means": 0.05916748195886612, "val_loss_mean": 0.6566323637962341, "val_f1_majority_bin": 0.37885462555066074, "val_f1_majority_macro": 0.5790986742776778, "val_acc_majority": 0.674364896073903, "val_f1_individual_binary": 0.38317757009345793, "val_f1_individual_macro": 0.5812208920701404, "val_acc_individual": 0.6748768472906403, "train_time_millis": 42140.2090419997, "eval_time_millis": 5448.177651999686}, "Epoch9": {"train_loss_means": 0.05773380771279335, "val_loss_mean": 0.6885393857955933, "val_f1_majority_bin": 0.38738738738738737, "val_f1_majority_macro": 0.5881036315818925, "val_acc_majority": 0.6859122401847575, "val_f1_individual_binary": 0.3865814696485624, "val_f1_individual_macro": 0.5872133867579828, "val_acc_individual": 0.6847290640394089, "train_time_millis": 42157.61159699969, "eval_time_millis": 6486.9642710000335}, "Test_results": {"test_f1_majority_binary": 0.39819004524886875, "test_f1_majority_macro": 0.5959942474306359, "test_acc_majority": 0.6928406466512702, "test_f1_individual_binary": 0.4033333333333334, "test_f1_individual_macro": 0.6041721132897604, "test_acc_individual": 0.7060755336617406, "test_time_millis": 5468.066095999802, "dataset_size": 4619, "number_of_annotations": 6597, "train_size": 3901, "val_size": 1218, "test_size": 1478}}