{"Epoch0": {"train_loss_means": 0.25446128845214844, "val_loss_mean": 0.3145911693572998, "val_f1_majority_bin": 0.3946293053123176, "val_f1_majority_macro": 0.5813450709071094, "val_acc_majority": 0.6646183699870634, "val_f1_individual_binary": 0.4487337440109514, "val_f1_individual_macro": 0.6048358538992128, "val_acc_individual": 0.6665010351966874, "train_time_millis": 380471.01350699994, "eval_time_millis": 45757.72734400016}, "Epoch1": {"train_loss_means": 0.1911717653274536, "val_loss_mean": 0.33847886323928833, "val_f1_majority_bin": 0.43649193548387094, "val_f1_majority_macro": 0.5851507296466973, "val_acc_majority": 0.6384217335058214, "val_f1_individual_binary": 0.46022798446699237, "val_f1_individual_macro": 0.5968486987343931, "val_acc_individual": 0.6431469979296066, "train_time_millis": 380964.935602, "eval_time_millis": 45764.17873600076}, "Epoch2": {"train_loss_means": 0.165986105799675, "val_loss_mean": 0.3365313410758972, "val_f1_majority_bin": 0.3956296722254169, "val_f1_majority_macro": 0.5795921139529785, "val_acc_majority": 0.6600905562742562, "val_f1_individual_binary": 0.42142857142857143, "val_f1_individual_macro": 0.5926384839650146, "val_acc_individual": 0.6645962732919255, "train_time_millis": 381117.66450400045, "eval_time_millis": 45790.48736200002}, "Epoch3": {"train_loss_means": 0.1502453237771988, "val_loss_mean": 0.36937248706817627, "val_f1_majority_bin": 0.4296228150873965, "val_f1_majority_macro": 0.5601979412095337, "val_acc_majority": 0.5989650711513583, "val_f1_individual_binary": 0.4504084014002334, "val_f1_individual_macro": 0.5740488733573696, "val_acc_individual": 0.6099378881987577, "train_time_millis": 381011.21667299955, "eval_time_millis": 45825.859168000534}, "Epoch4": {"train_loss_means": 0.13939839601516724, "val_loss_mean": 0.42677709460258484, "val_f1_majority_bin": 0.32132564841498557, "val_f1_majority_macro": 0.5624559851749658, "val_acc_majority": 0.6953428201811126, "val_f1_individual_binary": 0.36438848920863315, "val_f1_individual_macro": 0.5871431418609061, "val_acc_individual": 0.7073291925465839, "train_time_millis": 381018.61409899994, "eval_time_millis": 43780.66752799987}, "Epoch5": {"train_loss_means": 0.13085491955280304, "val_loss_mean": 0.4043342173099518, "val_f1_majority_bin": 0.35673624288425043, "val_f1_majority_macro": 0.5678966897671307, "val_acc_majority": 0.6710866752910737, "val_f1_individual_binary": 0.40655842088506844, "val_f1_individual_macro": 0.5989586373509739, "val_acc_individual": 0.6912629399585921, "train_time_millis": 381048.39910200005, "eval_time_millis": 45824.820488000114}, "Epoch6": {"train_loss_means": 0.12480073422193527, "val_loss_mean": 0.4238787889480591, "val_f1_majority_bin": 0.36352201257861627, "val_f1_majority_macro": 0.5716173406384591, "val_acc_majority": 0.6727037516170763, "val_f1_individual_binary": 0.40370488661769405, "val_f1_individual_macro": 0.5974807975127826, "val_acc_individual": 0.6907660455486543, "train_time_millis": 381102.4518060003, "eval_time_millis": 45801.757354000074}, "Epoch7": {"train_loss_means": 0.11955215781927109, "val_loss_mean": 0.42539066076278687, "val_f1_majority_bin": 0.3910112359550561, "val_f1_majority_macro": 0.572435681556093, "val_acc_majority": 0.6494178525226391, "val_f1_individual_binary": 0.4292765477365674, "val_f1_individual_macro": 0.5960205354310952, "val_acc_individual": 0.6648447204968944, "train_time_millis": 381126.30540900043, "eval_time_millis": 45812.31338500038}, "Epoch8": {"train_loss_means": 0.1150297150015831, "val_loss_mean": 0.4781031608581543, "val_f1_majority_bin": 0.37127206329884355, "val_f1_majority_macro": 0.5718945650121172, "val_acc_majority": 0.6659120310478654, "val_f1_individual_binary": 0.41503067484662576, "val_f1_individual_macro": 0.5993474417908682, "val_acc_individual": 0.6841407867494824, "train_time_millis": 381070.7546670001, "eval_time_millis": 45796.57020900049}, "Epoch9": {"train_loss_means": 0.11096440255641937, "val_loss_mean": 0.5049402713775635, "val_f1_majority_bin": 0.3537586860391661, "val_f1_majority_macro": 0.5657078585596831, "val_acc_majority": 0.6691461836998707, "val_f1_individual_binary": 0.40025493945188023, "val_f1_individual_macro": 0.5948348659439104, "val_acc_individual": 0.6882815734989648, "train_time_millis": 380956.78822399897, "eval_time_millis": 45770.8005580007}, "Test_results": {"test_f1_majority_binary": 0.32132564841498557, "test_f1_majority_macro": 0.5624559851749658, "test_acc_majority": 0.6953428201811126, "test_f1_individual_binary": 0.36438848920863315, "test_f1_individual_macro": 0.5871431418609061, "test_acc_individual": 0.7073291925465839, "test_time_millis": 44989.299611001115, "dataset_size": 15684, "number_of_annotations": 59888, "train_size": 35160, "val_size": 12075, "test_size": 12653}}