{"Epoch0": {"train_loss_means": 0.025926072150468826, "val_loss_mean": 0.018013786524534225, "val_f1_majority_bin": 0.14444444444444443, "val_f1_majority_macro": 0.5477466977466977, "val_acc_majority": 0.9073962717979555, "val_f1_individual_binary": 0.18209876543209877, "val_f1_individual_macro": 0.5666524024177617, "val_acc_individual": 0.9079061685490878, "train_time_millis": 19204.301079000288, "eval_time_millis": 4275.876951998725}, "Epoch1": {"train_loss_means": 0.015165649354457855, "val_loss_mean": 0.016744336113333702, "val_f1_majority_bin": 0.12322274881516589, "val_f1_majority_macro": 0.5319163503305364, "val_acc_majority": 0.888755261575466, "val_f1_individual_binary": 0.16666666666666666, "val_f1_individual_macro": 0.5540419068873598, "val_acc_individual": 0.8905299739357081, "train_time_millis": 19266.60638300018, "eval_time_millis": 4307.742654000322}, "Epoch2": {"train_loss_means": 0.010914578102529049, "val_loss_mean": 0.017412357032299042, "val_f1_majority_bin": 0.1780821917808219, "val_f1_majority_macro": 0.5701731713621091, "val_acc_majority": 0.9278412507516537, "val_f1_individual_binary": 0.2247191011235955, "val_f1_individual_macro": 0.5935002211157336, "val_acc_individual": 0.9280625543006081, "train_time_millis": 19256.807907999246, "eval_time_millis": 4308.865938999588}, "Epoch3": {"train_loss_means": 0.008349176496267319, "val_loss_mean": 0.018285641446709633, "val_f1_majority_bin": 0.16883116883116883, "val_f1_majority_macro": 0.5642390396488757, "val_acc_majority": 0.9230306674684305, "val_f1_individual_binary": 0.2142857142857143, "val_f1_individual_macro": 0.5870515329419439, "val_acc_individual": 0.9235447437011295, "train_time_millis": 19271.009871001297, "eval_time_millis": 3338.3297599993966}, "Epoch4": {"train_loss_means": 0.006324571091681719, "val_loss_mean": 0.019748004153370857, "val_f1_majority_bin": 0.14070351758793972, "val_f1_majority_macro": 0.5430092579944815, "val_acc_majority": 0.8971737823211064, "val_f1_individual_binary": 0.17821782178217824, "val_f1_individual_macro": 0.5622182323758619, "val_acc_individual": 0.8990443092962641, "train_time_millis": 19187.962778998553, "eval_time_millis": 4309.297478999724}, "Epoch5": {"train_loss_means": 0.00519155478104949, "val_loss_mean": 0.021824488416314125, "val_f1_majority_bin": 0.14689265536723162, "val_f1_majority_macro": 0.5494704623295352, "val_acc_majority": 0.9092002405291641, "val_f1_individual_binary": 0.1889763779527559, "val_f1_individual_macro": 0.5708100280568378, "val_acc_individual": 0.9105125977410947, "train_time_millis": 19214.648994999152, "eval_time_millis": 3295.3850339999917}, "Epoch6": {"train_loss_means": 0.004575255326926708, "val_loss_mean": 0.024499861523509026, "val_f1_majority_bin": 0.17910447761194032, "val_f1_majority_macro": 0.5723216623648674, "val_acc_majority": 0.9338544798556825, "val_f1_individual_binary": 0.22444889779559116, "val_f1_individual_macro": 0.5946511131426416, "val_acc_individual": 0.9327541268462207, "train_time_millis": 19302.75194800015, "eval_time_millis": 3346.5210309987015}, "Epoch7": {"train_loss_means": 0.004407582338899374, "val_loss_mean": 0.027051592245697975, "val_f1_majority_bin": 0.19672131147540983, "val_f1_majority_macro": 0.5830672724667936, "val_acc_majority": 0.9410703547805171, "val_f1_individual_binary": 0.23632385120350105, "val_f1_individual_macro": 0.6023743566159548, "val_acc_individual": 0.9393570807993049, "train_time_millis": 19277.256747000138, "eval_time_millis": 4345.016266999664}, "Epoch8": {"train_loss_means": 0.004102981649339199, "val_loss_mean": 0.02669013850390911, "val_f1_majority_bin": 0.17647058823529413, "val_f1_majority_macro": 0.5706804351834778, "val_acc_majority": 0.9326518340348767, "val_f1_individual_binary": 0.21868787276341953, "val_f1_individual_macro": 0.5914916605572345, "val_acc_individual": 0.931711555169418, "train_time_millis": 19281.188963001114, "eval_time_millis": 4305.3675850005675}, "Epoch9": {"train_loss_means": 0.0037653902545571327, "val_loss_mean": 0.028751961886882782, "val_f1_majority_bin": 0.19999999999999998, "val_f1_majority_macro": 0.585028072364317, "val_acc_majority": 0.9422730006013229, "val_f1_individual_binary": 0.24053452115812915, "val_f1_individual_macro": 0.6048527410961969, "val_acc_individual": 0.9407471763683753, "train_time_millis": 19312.027251999098, "eval_time_millis": 4339.224170000307}, "Test_results": {"test_f1_majority_binary": 0.19999999999999998, "test_f1_majority_macro": 0.585028072364317, "test_acc_majority": 0.9422730006013229, "test_f1_individual_binary": 0.24053452115812915, "test_f1_individual_macro": 0.6048527410961969, "test_acc_individual": 0.9407471763683753, "test_time_millis": 4341.899899000055, "dataset_size": 8365, "number_of_annotations": 28896, "train_size": 17515, "val_size": 5755, "test_size": 5626}}