{"Epoch0": {"train_loss_means": 0.048105888068675995, "val_loss_mean": 0.05084832385182381, "val_f1_majority_bin": 0.08510638297872342, "val_f1_majority_macro": 0.503103650204958, "val_acc_majority": 0.8547297297297297, "val_f1_individual_binary": 0.060000000000000005, "val_f1_individual_macro": 0.491881589618816, "val_acc_individual": 0.8589647411852963, "train_time_millis": 194.8042679578066, "eval_time_millis": 2586.743879597634}, "Epoch1": {"train_loss_means": 0.046661656349897385, "val_loss_mean": 0.050831109285354614, "val_f1_majority_bin": 0.08888888888888889, "val_f1_majority_macro": 0.5069672963640056, "val_acc_majority": 0.8614864864864865, "val_f1_individual_binary": 0.062176165803108814, "val_f1_individual_macro": 0.4944928544341059, "val_acc_individual": 0.8642160540135033, "train_time_millis": 194.01948200538754, "eval_time_millis": 2587.219429668039}, "Epoch2": {"train_loss_means": 0.04680411145091057, "val_loss_mean": 0.05072459578514099, "val_f1_majority_bin": 0.09090909090909091, "val_f1_majority_macro": 0.49545454545454554, "val_acc_majority": 0.8198198198198198, "val_f1_individual_binary": 0.0653061224489796, "val_f1_individual_macro": 0.48535855482217666, "val_acc_individual": 0.8282070517629407, "train_time_millis": 194.38588991761208, "eval_time_millis": 1620.6359388306737}, "Epoch3": {"train_loss_means": 0.04609384387731552, "val_loss_mean": 0.05066249519586563, "val_f1_majority_bin": 0.10050251256281408, "val_f1_majority_macro": 0.49349792717550983, "val_acc_majority": 0.7984234234234234, "val_f1_individual_binary": 0.07326007326007325, "val_f1_individual_macro": 0.4837675209593304, "val_acc_individual": 0.8102025506376594, "train_time_millis": 192.03707203269005, "eval_time_millis": 2594.477185048163}, "Epoch4": {"train_loss_means": 0.04475416988134384, "val_loss_mean": 0.050623685121536255, "val_f1_majority_bin": 0.1004566210045662, "val_f1_majority_macro": 0.48696562585231523, "val_acc_majority": 0.7781531531531531, "val_f1_individual_binary": 0.07166123778501629, "val_f1_individual_macro": 0.47542366679416137, "val_acc_individual": 0.7861965491372843, "train_time_millis": 192.3653190024197, "eval_time_millis": 1926.8125537782907}, "Epoch5": {"train_loss_means": 0.0450190007686615, "val_loss_mean": 0.050598327070474625, "val_f1_majority_bin": 0.10572687224669604, "val_f1_majority_macro": 0.487337290222767, "val_acc_majority": 0.7713963963963963, "val_f1_individual_binary": 0.07547169811320754, "val_f1_individual_macro": 0.4751293754620552, "val_acc_individual": 0.7794448612153039, "train_time_millis": 194.76512726396322, "eval_time_millis": 2630.3699226118624}, "Epoch6": {"train_loss_means": 0.04492313787341118, "val_loss_mean": 0.050581369549036026, "val_f1_majority_bin": 0.11255411255411256, "val_f1_majority_macro": 0.4899340142058588, "val_acc_majority": 0.7691441441441441, "val_f1_individual_binary": 0.08, "val_f1_individual_macro": 0.47613840239214006, "val_acc_individual": 0.7756939234808702, "train_time_millis": 193.76246724277735, "eval_time_millis": 2580.0479161553085}, "Epoch7": {"train_loss_means": 0.043055858463048935, "val_loss_mean": 0.050566088408231735, "val_f1_majority_bin": 0.10924369747899161, "val_f1_majority_macro": 0.485701172536635, "val_acc_majority": 0.7612612612612613, "val_f1_individual_binary": 0.0778443113772455, "val_f1_individual_macro": 0.4728844198395661, "val_acc_individual": 0.7689422355588897, "train_time_millis": 193.10118397697806, "eval_time_millis": 2585.493505001068}, "Epoch8": {"train_loss_means": 0.04381406679749489, "val_loss_mean": 0.05056034401059151, "val_f1_majority_bin": 0.11666666666666667, "val_f1_majority_macro": 0.4893229166666667, "val_acc_majority": 0.7612612612612613, "val_f1_individual_binary": 0.0830860534124629, "val_f1_individual_macro": 0.4752055428075625, "val_acc_individual": 0.768192048012003, "train_time_millis": 192.62426532804966, "eval_time_millis": 2585.3964830748737}, "Epoch9": {"train_loss_means": 0.04352502152323723, "val_loss_mean": 0.0505567230284214, "val_f1_majority_bin": 0.11570247933884298, "val_f1_majority_macro": 0.4880989580527332, "val_acc_majority": 0.759009009009009, "val_f1_individual_binary": 0.08211143695014662, "val_f1_individual_macro": 0.4737438905180841, "val_acc_individual": 0.7651912978244562, "train_time_millis": 194.22339601442218, "eval_time_millis": 2532.6874279417098}, "Test_results": {"test_f1_majority_binary": 0.08888888888888889, "test_f1_majority_macro": 0.5069672963640056, "test_acc_majority": 0.8614864864864865, "test_f1_individual_binary": 0.062176165803108814, "test_f1_individual_macro": 0.4944928544341059, "test_acc_individual": 0.8642160540135033, "test_time_millis": 2599.8817631043494, "dataset_size": 1824, "number_of_annotations": 2792, "train_size": 224, "val_size": 1333, "test_size": 1235}}