{"Epoch0": {"train_loss_means": 1.0244910717010498, "val_loss_mean": 0.9705515503883362, "val_f1_majority_bin": 0.0, "val_f1_majority_macro": 0.4888576486514631, "val_acc_majority": 0.9564021825790405, "val_f1_individual_binary": 0.0, "val_f1_individual_macro": 0.49106828064402397, "val_acc_individual": 0.9649001359939575, "train_acc_means": 0.8928004503250122, "train_time_millis": 34838.24795200053, "eval_time_millis": 22222.52693900373}, "Epoch1": {"train_loss_means": 0.8444904088973999, "val_loss_mean": 0.8088070154190063, "val_f1_majority_bin": 0.0, "val_f1_majority_macro": 0.4888576486514631, "val_acc_majority": 0.9564021825790405, "val_f1_individual_binary": 0.163323774933815, "val_f1_individual_macro": 0.5730599939867415, "val_acc_individual": 0.9662856459617615, "train_acc_means": 0.9666532874107361, "train_time_millis": 35070.67022899719, "eval_time_millis": 22400.870716999634}, "Epoch2": {"train_loss_means": 0.6844251751899719, "val_loss_mean": 0.7053448557853699, "val_f1_majority_bin": 0.39263802766799927, "val_f1_majority_macro": 0.6858880838353156, "val_acc_majority": 0.9596617817878723, "val_f1_individual_binary": 0.3645726144313812, "val_f1_individual_macro": 0.6731246599213745, "val_acc_individual": 0.9643805623054504, "train_acc_means": 0.9631667137145996, "train_time_millis": 35100.44229200139, "eval_time_millis": 22444.589481005096}, "Epoch3": {"train_loss_means": 0.5467143654823303, "val_loss_mean": 0.6421060562133789, "val_f1_majority_bin": 0.420274555683136, "val_f1_majority_macro": 0.6954479193702243, "val_acc_majority": 0.9440765976905823, "val_f1_individual_binary": 0.3794466257095337, "val_f1_individual_macro": 0.6755048814694594, "val_acc_individual": 0.9456182718276978, "train_acc_means": 0.9585287570953369, "train_time_millis": 35162.25948600186, "eval_time_millis": 22475.597591001133}, "Epoch4": {"train_loss_means": 0.454041987657547, "val_loss_mean": 0.6160040497779846, "val_f1_majority_bin": 0.42031872272491455, "val_f1_majority_macro": 0.69453939475592, "val_acc_majority": 0.9407150745391846, "val_f1_individual_binary": 0.3871748447418213, "val_f1_individual_macro": 0.6782347448770745, "val_acc_individual": 0.9415194392204285, "train_acc_means": 0.9604741930961609, "train_time_millis": 35199.06124800036, "eval_time_millis": 22522.612767999817}, "Epoch5": {"train_loss_means": 0.3802146315574646, "val_loss_mean": 0.6363341212272644, "val_f1_majority_bin": 0.41401970386505127, "val_f1_majority_macro": 0.6927210909865528, "val_acc_majority": 0.9455026984214783, "val_f1_individual_binary": 0.3822341859340668, "val_f1_individual_macro": 0.677274279669338, "val_acc_individual": 0.9470037817955017, "train_acc_means": 0.9649065732955933, "train_time_millis": 35311.36338299984, "eval_time_millis": 22482.33059699851}, "Epoch6": {"train_loss_means": 0.33488452434539795, "val_loss_mean": 0.6495338678359985, "val_f1_majority_bin": 0.40745052695274353, "val_f1_majority_macro": 0.6901700022786847, "val_acc_majority": 0.948151171207428, "val_f1_individual_binary": 0.3863471448421478, "val_f1_individual_macro": 0.680473292178232, "val_acc_individual": 0.9512181282043457, "train_acc_means": 0.9673974514007568, "train_time_millis": 35176.96505600179, "eval_time_millis": 22629.548662996967}, "Test_results": {"test_f1_majority_binary": 0.41906872391700745, "test_f1_majority_macro": 0.6955401366854177, "test_acc_majority": 0.9465960264205933, "test_f1_individual_binary": 0.3910386860370636, "test_f1_individual_macro": 0.6821580112414014, "test_acc_individual": 0.9488013982772827, "test_time_millis": 22349.93146600027, "dataset_size": 27052, "number_of_annotations": 47022}}