{"Epoch0": {"train_loss_means": 0.2521399259567261, "val_loss_mean": 0.3748989999294281, "val_f1_majority_bin": 0.25249169435215946, "val_f1_majority_macro": 0.5198125453785395, "val_acc_majority": 0.6686303387334315, "val_f1_individual_binary": 0.27556686719111523, "val_f1_individual_macro": 0.5220348199171843, "val_acc_individual": 0.6491287051044994, "train_time_millis": 548582.1884969482, "eval_time_millis": 64665.20813002717}, "Epoch1": {"train_loss_means": 0.20115703344345093, "val_loss_mean": 0.42130154371261597, "val_f1_majority_bin": 0.1639871382636656, "val_f1_majority_macro": 0.48823229974849347, "val_acc_majority": 0.6936671575846833, "val_f1_individual_binary": 0.18736263736263736, "val_f1_individual_macro": 0.4895777077852815, "val_acc_individual": 0.6685157169272147, "train_time_millis": 547657.2885370115, "eval_time_millis": 64636.61918998696}, "Epoch2": {"train_loss_means": 0.17176969349384308, "val_loss_mean": 0.3916812539100647, "val_f1_majority_bin": 0.4210526315789474, "val_f1_majority_macro": 0.5749294299763249, "val_acc_majority": 0.6306332842415316, "val_f1_individual_binary": 0.41474496356622376, "val_f1_individual_macro": 0.5653149679456654, "val_acc_individual": 0.6174707233708746, "train_time_millis": 547911.231821985, "eval_time_millis": 64683.04348096717}, "Epoch3": {"train_loss_means": 0.1527988761663437, "val_loss_mean": 0.5623621940612793, "val_f1_majority_bin": 0.3733177296664716, "val_f1_majority_macro": 0.5812662255889925, "val_acc_majority": 0.6845360824742268, "val_f1_individual_binary": 0.36093023255813955, "val_f1_individual_macro": 0.561648097946313, "val_acc_individual": 0.653555219364599, "train_time_millis": 547896.3420880027, "eval_time_millis": 64636.195495026186}, "Epoch4": {"train_loss_means": 0.13822802901268005, "val_loss_mean": 0.42504629492759705, "val_f1_majority_bin": 0.411734951947395, "val_f1_majority_macro": 0.5850488597260349, "val_acc_majority": 0.6574374079528719, "val_f1_individual_binary": 0.405691353520613, "val_f1_individual_macro": 0.571102854277492, "val_acc_individual": 0.6348966212808875, "train_time_millis": 548654.6925980365, "eval_time_millis": 64986.03884805925}, "Epoch5": {"train_loss_means": 0.12657611072063446, "val_loss_mean": 0.44869264960289, "val_f1_majority_bin": 0.4314868804664723, "val_f1_majority_macro": 0.5921170666068626, "val_acc_majority": 0.6553755522827688, "val_f1_individual_binary": 0.41431767337807607, "val_f1_individual_macro": 0.5736909138536859, "val_acc_individual": 0.6332716983246484, "train_time_millis": 549472.3910129396, "eval_time_millis": 64973.38083200157}, "Epoch6": {"train_loss_means": 0.11590505391359329, "val_loss_mean": 0.6063535809516907, "val_f1_majority_bin": 0.37669683257918546, "val_f1_majority_macro": 0.5786311721637465, "val_acc_majority": 0.6754050073637703, "val_f1_individual_binary": 0.34952642835319275, "val_f1_individual_macro": 0.5513429243215239, "val_acc_individual": 0.6421247268448479, "train_time_millis": 549379.8913970822, "eval_time_millis": 62944.37652092893}, "Epoch7": {"train_loss_means": 0.10608209669589996, "val_loss_mean": 0.638677716255188, "val_f1_majority_bin": 0.41161487519103407, "val_f1_majority_macro": 0.5861679099385873, "val_acc_majority": 0.6597938144329897, "val_f1_individual_binary": 0.39666322991845526, "val_f1_individual_macro": 0.569720226347839, "val_acc_individual": 0.6393231355409873, "train_time_millis": 549285.4665459599, "eval_time_millis": 62940.966011956334}, "Epoch8": {"train_loss_means": 0.09706931561231613, "val_loss_mean": 0.944590151309967, "val_f1_majority_bin": 0.3639683505782106, "val_f1_majority_macro": 0.5804687293982952, "val_acc_majority": 0.6921944035346097, "val_f1_individual_binary": 0.3392586169520919, "val_f1_individual_macro": 0.5544713819232274, "val_acc_individual": 0.6584299882333166, "train_time_millis": 549324.1930580698, "eval_time_millis": 64961.69075393118}, "Epoch9": {"train_loss_means": 0.08852479606866837, "val_loss_mean": 1.0688010454177856, "val_f1_majority_bin": 0.3802978235967927, "val_f1_majority_macro": 0.5828927658824566, "val_acc_majority": 0.6812960235640648, "val_f1_individual_binary": 0.3572614107883818, "val_f1_individual_macro": 0.5597238196952579, "val_acc_individual": 0.6528268056255954, "train_time_millis": 549300.7587320171, "eval_time_millis": 64956.31109003443}, "Test_results": {"test_f1_majority_binary": 0.3733177296664716, "test_f1_majority_macro": 0.5812662255889925, "test_acc_majority": 0.6845360824742268, "test_f1_individual_binary": 0.36093023255813955, "test_f1_individual_macro": 0.561648097946313, "test_acc_individual": 0.653555219364599, "test_time_millis": 62833.76176597085, "dataset_size": 17343, "number_of_annotations": 87322, "train_size": 50785, "val_size": 17847, "test_size": 18690}}