{"Epoch0": {"train_loss_means": 0.02797144278883934, "val_loss_mean": 0.025116262957453728, "val_f1_majority_bin": 0.5038167938931297, "val_f1_majority_macro": 0.7476341432970098, "val_acc_majority": 0.983192553008102, "val_f1_individual_binary": 0.44770642201834865, "val_f1_individual_macro": 0.7183884986479102, "val_acc_individual": 0.9785653247246487, "train_time_millis": 116032.53608604427, "eval_time_millis": 16016.304189979564}, "Epoch1": {"train_loss_means": 0.020445775240659714, "val_loss_mean": 0.025773510336875916, "val_f1_majority_bin": 0.43027888446215135, "val_f1_majority_macro": 0.7088404377380795, "val_acc_majority": 0.9753490777452164, "val_f1_individual_binary": 0.4076620825147348, "val_f1_individual_macro": 0.6964970592578539, "val_acc_individual": 0.9713729586023547, "train_time_millis": 115986.49277497316, "eval_time_millis": 16007.421100977808}, "Epoch2": {"train_loss_means": 0.015266966074705124, "val_loss_mean": 0.03065468743443489, "val_f1_majority_bin": 0.3954802259887006, "val_f1_majority_macro": 0.6906612085705863, "val_acc_majority": 0.9723323564902603, "val_f1_individual_binary": 0.3815242494226328, "val_f1_individual_macro": 0.6826065412734243, "val_acc_individual": 0.9682159134067604, "train_time_millis": 116108.40005800128, "eval_time_millis": 15999.052728002425}, "Epoch3": {"train_loss_means": 0.012255214154720306, "val_loss_mean": 0.0367804579436779, "val_f1_majority_bin": 0.3774250440917108, "val_f1_majority_macro": 0.6809155524827507, "val_acc_majority": 0.9695742113428719, "val_f1_individual_binary": 0.3679369250985545, "val_f1_individual_macro": 0.6751667839477865, "val_acc_individual": 0.965747246486897, "train_time_millis": 116030.75605997583, "eval_time_millis": 16000.832844001707}, "Epoch4": {"train_loss_means": 0.011038300581276417, "val_loss_mean": 0.045587699860334396, "val_f1_majority_bin": 0.430062630480167, "val_f1_majority_macro": 0.7090247145800175, "val_acc_majority": 0.9764695742113428, "val_f1_individual_binary": 0.40305343511450387, "val_f1_individual_macro": 0.6943995712107498, "val_acc_individual": 0.9721562856057728, "train_time_millis": 116053.42390295118, "eval_time_millis": 16005.847398017067}, "Epoch5": {"train_loss_means": 0.010186315514147282, "val_loss_mean": 0.050470951944589615, "val_f1_majority_bin": 0.404, "val_f1_majority_macro": 0.695437279774489, "val_acc_majority": 0.9743147733149456, "val_f1_individual_binary": 0.3886441507586882, "val_f1_individual_macro": 0.6867259531115761, "val_acc_individual": 0.970352259779719, "train_time_millis": 116044.17722503422, "eval_time_millis": 16015.621414000634}, "Epoch6": {"train_loss_means": 0.009867495857179165, "val_loss_mean": 0.05188291147351265, "val_f1_majority_bin": 0.4015748031496063, "val_f1_majority_macro": 0.6940901862064563, "val_acc_majority": 0.9737976210998104, "val_f1_individual_binary": 0.3853564547206166, "val_f1_individual_macro": 0.6849147812663682, "val_acc_individual": 0.9697113558678314, "train_time_millis": 116020.31945803901, "eval_time_millis": 15981.390732980799}, "Epoch7": {"train_loss_means": 0.009523862041532993, "val_loss_mean": 0.05868629738688469, "val_f1_majority_bin": 0.4279661016949152, "val_f1_majority_macro": 0.708044286110523, "val_acc_majority": 0.9767281503189106, "val_f1_individual_binary": 0.40473738414006183, "val_f1_individual_macro": 0.6953468002897748, "val_acc_individual": 0.9725598176984428, "train_time_millis": 116055.201967014, "eval_time_millis": 15994.653116969857}, "Epoch8": {"train_loss_means": 0.00925183854997158, "val_loss_mean": 0.058462150394916534, "val_f1_majority_bin": 0.41995841995842, "val_f1_majority_macro": 0.7038400558182277, "val_acc_majority": 0.9759524219962076, "val_f1_individual_binary": 0.39372469635627527, "val_f1_individual_macro": 0.6895823287323428, "val_acc_individual": 0.9715628560577289, "train_time_millis": 116094.59020302165, "eval_time_millis": 16001.112942991313}, "Epoch9": {"train_loss_means": 0.00891088880598545, "val_loss_mean": 0.06229104474186897, "val_f1_majority_bin": 0.4365256124721604, "val_f1_majority_macro": 0.7127035884817404, "val_acc_majority": 0.9781934149284606, "val_f1_individual_binary": 0.40840517241379315, "val_f1_individual_macro": 0.6975399648476732, "val_acc_individual": 0.9739365742499051, "train_time_millis": 116122.74435395375, "eval_time_millis": 16010.557008965407}, "Test_results": {"test_f1_majority_binary": 0.5038167938931297, "test_f1_majority_macro": 0.7476341432970098, "test_acc_majority": 0.983192553008102, "test_f1_individual_binary": 0.44770642201834865, "test_f1_individual_macro": 0.7183884986479102, "test_acc_individual": 0.9785653247246487, "test_time_millis": 15982.57722100243, "dataset_size": 58011, "number_of_annotations": 210717, "train_size": 126341, "val_size": 42128, "test_size": 42248}}