{"Epoch0": {"train_loss_means": 1.1600654125213623, "val_loss_mean": 1.1227929592132568, "val_f1_majority_bin": 0.0, "val_f1_majority_macro": 0.4850078905839032, "val_acc_majority": 0.9417773485183716, "val_f1_individual_binary": 0.0, "val_f1_individual_macro": 0.48888888888888893, "val_acc_individual": 0.95652174949646, "train_acc_means": 0.8050680756568909, "train_time_millis": 6170.926436000002, "eval_time_millis": 1340.1582559999952}, "Epoch1": {"train_loss_means": 1.1110275983810425, "val_loss_mean": 1.0787371397018433, "val_f1_majority_bin": 0.0, "val_f1_majority_macro": 0.4850078905839032, "val_acc_majority": 0.9417773485183716, "val_f1_individual_binary": 0.0, "val_f1_individual_macro": 0.48904443091905053, "val_acc_individual": 0.9571173191070557, "train_acc_means": 0.9501956701278687, "train_time_millis": 6191.506618000005, "eval_time_millis": 1327.6695320000158}, "Epoch2": {"train_loss_means": 1.0775697231292725, "val_loss_mean": 1.064773678779602, "val_f1_majority_bin": 0.0, "val_f1_majority_macro": 0.4850078905839032, "val_acc_majority": 0.9417773485183716, "val_f1_individual_binary": 0.0, "val_f1_individual_macro": 0.48904443091905053, "val_acc_individual": 0.9571173191070557, "train_acc_means": 0.9582076072692871, "train_time_millis": 6223.841504000006, "eval_time_millis": 1332.2565889999964}, "Epoch3": {"train_loss_means": 1.0542994737625122, "val_loss_mean": 1.0301276445388794, "val_f1_majority_bin": 0.0, "val_f1_majority_macro": 0.4850078905839032, "val_acc_majority": 0.9417773485183716, "val_f1_individual_binary": 0.0, "val_f1_individual_macro": 0.48904443091905053, "val_acc_individual": 0.9571173191070557, "train_acc_means": 0.958088219165802, "train_time_millis": 6230.347919999986, "eval_time_millis": 1317.3950309999896}, "Epoch4": {"train_loss_means": 1.0325003862380981, "val_loss_mean": 1.0209475755691528, "val_f1_majority_bin": 0.0, "val_f1_majority_macro": 0.4850078905839032, "val_acc_majority": 0.9417773485183716, "val_f1_individual_binary": 0.0, "val_f1_individual_macro": 0.48904443091905053, "val_acc_individual": 0.9571173191070557, "train_acc_means": 0.9583302140235901, "train_time_millis": 6236.0342040000205, "eval_time_millis": 1337.5561770000104}, "Epoch5": {"train_loss_means": 1.017236351966858, "val_loss_mean": 1.0050426721572876, "val_f1_majority_bin": 0.0, "val_f1_majority_macro": 0.4850078905839032, "val_acc_majority": 0.9417773485183716, "val_f1_individual_binary": 0.0, "val_f1_individual_macro": 0.48904443091905053, "val_acc_individual": 0.9571173191070557, "train_acc_means": 0.9579620361328125, "train_time_millis": 6216.727540000022, "eval_time_millis": 1346.3546669999573}, "Epoch6": {"train_loss_means": 1.0019768476486206, "val_loss_mean": 0.9962872266769409, "val_f1_majority_bin": 0.0, "val_f1_majority_macro": 0.4850078905839032, "val_acc_majority": 0.9417773485183716, "val_f1_individual_binary": 0.0, "val_f1_individual_macro": 0.48904443091905053, "val_acc_individual": 0.9571173191070557, "train_acc_means": 0.9580106139183044, "train_time_millis": 6202.718403999996, "eval_time_millis": 1318.7786810000262}, "Epoch7": {"train_loss_means": 0.9887475371360779, "val_loss_mean": 0.9868546724319458, "val_f1_majority_bin": 0.0, "val_f1_majority_macro": 0.4850078905839032, "val_acc_majority": 0.9417773485183716, "val_f1_individual_binary": 0.0, "val_f1_individual_macro": 0.48904443091905053, "val_acc_individual": 0.9571173191070557, "train_acc_means": 0.9582974910736084, "train_time_millis": 6230.287933, "eval_time_millis": 1343.5671249999928}, "Epoch8": {"train_loss_means": 0.9715685844421387, "val_loss_mean": 0.9784661531448364, "val_f1_majority_bin": 0.0, "val_f1_majority_macro": 0.4850078905839032, "val_acc_majority": 0.9417773485183716, "val_f1_individual_binary": 0.027397260069847107, "val_f1_individual_macro": 0.5028919330289192, "val_acc_individual": 0.9577129483222961, "train_acc_means": 0.957655131816864, "train_time_millis": 6230.50488399997, "eval_time_millis": 1453.384605999986}, "Epoch9": {"train_loss_means": 0.9617893695831299, "val_loss_mean": 0.9734060168266296, "val_f1_majority_bin": 0.033898305147886276, "val_f1_majority_macro": 0.5019412536482181, "val_acc_majority": 0.9417773485183716, "val_f1_individual_binary": 0.05263157933950424, "val_f1_individual_macro": 0.5153468680842875, "val_acc_individual": 0.9571173191070557, "train_acc_means": 0.9584050178527832, "train_time_millis": 6242.274667000003, "eval_time_millis": 1347.78242699997}, "Test_results": {"test_f1_majority_binary": 0.10169491171836853, "test_f1_majority_macro": 0.536546324329763, "test_acc_majority": 0.9445606470108032, "test_f1_individual_binary": 0.1463414579629898, "test_f1_individual_macro": 0.562164442399141, "test_acc_individual": 0.9570815563201904, "test_time_millis": 1303.6175340000113, "dataset_size": 4890, "number_of_annotations": 8334}}