{"Epoch0": {"train_loss_means": 0.05671379715204239, "val_loss_mean": 0.053568750619888306, "val_f1_majority_bin": 0.5638297872340425, "val_f1_majority_macro": 0.7764820314262086, "val_acc_majority": 0.9787967591794519, "val_f1_individual_binary": 0.40366972477064217, "val_f1_individual_macro": 0.6926831832511495, "val_acc_individual": 0.9644834057919369, "train_time_millis": 114079.19257000322, "eval_time_millis": 13915.00215799897}, "Epoch1": {"train_loss_means": 0.04620083421468735, "val_loss_mean": 0.055807460099458694, "val_f1_majority_bin": 0.5292307692307692, "val_f1_majority_macro": 0.7578316655411628, "val_acc_majority": 0.9736252370280986, "val_f1_individual_binary": 0.4154929577464789, "val_f1_individual_macro": 0.6975431498834919, "val_acc_individual": 0.9605635141234885, "train_time_millis": 114006.92126300419, "eval_time_millis": 13909.252792975167}, "Epoch2": {"train_loss_means": 0.039190880954265594, "val_loss_mean": 0.06333126872777939, "val_f1_majority_bin": 0.5591397849462366, "val_f1_majority_macro": 0.7741384697053005, "val_acc_majority": 0.9787967591794519, "val_f1_individual_binary": 0.40209087253719344, "val_f1_individual_macro": 0.6919449576825676, "val_acc_individual": 0.9646734611455586, "train_time_millis": 114214.77613100433, "eval_time_millis": 15949.674350995338}, "Epoch3": {"train_loss_means": 0.03388047218322754, "val_loss_mean": 0.07254517078399658, "val_f1_majority_bin": 0.4986149584487535, "val_f1_majority_macro": 0.7412565940718103, "val_acc_majority": 0.9687984830201689, "val_f1_individual_binary": 0.40630022500803603, "val_f1_individual_macro": 0.691759424869112, "val_acc_individual": 0.9561209702325802, "train_time_millis": 113989.66626499896, "eval_time_millis": 15954.093659005594}, "Epoch4": {"train_loss_means": 0.03007839433848858, "val_loss_mean": 0.08444666862487793, "val_f1_majority_bin": 0.4482758620689655, "val_f1_majority_macro": 0.71339198315233, "val_acc_majority": 0.9586278227891742, "val_f1_individual_binary": 0.3984674329501916, "val_f1_individual_macro": 0.685586967356733, "val_acc_individual": 0.9477822915924263, "train_time_millis": 114100.37552201538, "eval_time_millis": 15958.321583020734}, "Epoch5": {"train_loss_means": 0.028419941663742065, "val_loss_mean": 0.09857777506113052, "val_f1_majority_bin": 0.5293233082706766, "val_f1_majority_macro": 0.7577181340146586, "val_acc_majority": 0.9730218927771074, "val_f1_individual_binary": 0.41462573301138317, "val_f1_individual_macro": 0.6968745430345338, "val_acc_individual": 0.9596845081129879, "train_time_millis": 113985.09553802432, "eval_time_millis": 15948.37788498262}, "Epoch6": {"train_loss_means": 0.027270186692476273, "val_loss_mean": 0.10684119164943695, "val_f1_majority_bin": 0.5020804438280168, "val_f1_majority_macro": 0.7430564119242384, "val_acc_majority": 0.9690570591277365, "val_f1_individual_binary": 0.4118213941535497, "val_f1_individual_macro": 0.6946184049449924, "val_acc_individual": 0.9565010809398238, "train_time_millis": 114029.36111600138, "eval_time_millis": 15952.068812999642}, "Epoch7": {"train_loss_means": 0.025913462042808533, "val_loss_mean": 0.12432070821523666, "val_f1_majority_bin": 0.5161290322580645, "val_f1_majority_macro": 0.7507383461618891, "val_acc_majority": 0.9715566281675573, "val_f1_individual_binary": 0.4130213631739572, "val_f1_individual_macro": 0.6958566692526974, "val_acc_individual": 0.9588767728600955, "train_time_millis": 114065.20483799977, "eval_time_millis": 15966.463246004423}, "Epoch8": {"train_loss_means": 0.025478042662143707, "val_loss_mean": 0.1273893266916275, "val_f1_majority_bin": 0.5056818181818181, "val_f1_majority_macro": 0.7451075757575758, "val_acc_majority": 0.9700051715221514, "val_f1_individual_binary": 0.41331575477916943, "val_f1_individual_macro": 0.6956908032570926, "val_acc_individual": 0.9577126838191623, "train_time_millis": 113909.04327799217, "eval_time_millis": 13908.192685019458}, "Epoch9": {"train_loss_means": 0.025134459137916565, "val_loss_mean": 0.12634728848934174, "val_f1_majority_bin": 0.5064377682403434, "val_f1_majority_macro": 0.7455539207786921, "val_acc_majority": 0.970263747629719, "val_f1_individual_binary": 0.4124668435013263, "val_f1_individual_macro": 0.6953180589318878, "val_acc_individual": 0.9579027391727841, "train_time_millis": 113977.33534200233, "eval_time_millis": 15956.30055697984}, "Test_results": {"test_f1_majority_binary": 0.5591397849462366, "test_f1_majority_macro": 0.7741384697053005, "test_acc_majority": 0.9787967591794519, "test_f1_individual_binary": 0.40209087253719344, "test_f1_individual_macro": 0.6919449576825676, "test_acc_individual": 0.9646734611455586, "test_time_millis": 15942.37824800075, "dataset_size": 58011, "number_of_annotations": 210717, "train_size": 126397, "val_size": 42093, "test_size": 42227}}