{"Epoch0": {"train_loss_means": 3.656172037124634, "val_loss_mean": 3.729318380355835, "val_f1_majority_bin": 0.0, "val_f1_majority_macro": 0.4173641884129328, "val_acc_majority": 0.716338038444519, "val_f1_individual_binary": 0.2675074636936188, "val_f1_individual_macro": 0.5223003452735013, "val_acc_individual": 0.6582003831863403, "train_acc_means": 0.5945637226104736, "train_time_millis": 607091.4151959587, "eval_time_millis": 143697.09005299956}, "Epoch1": {"train_loss_means": 3.54011607170105, "val_loss_mean": 3.7093329429626465, "val_f1_majority_bin": 0.0, "val_f1_majority_macro": 0.4173641884129328, "val_acc_majority": 0.716338038444519, "val_f1_individual_binary": 0.23716199398040771, "val_f1_individual_macro": 0.5183528356023089, "val_acc_individual": 0.6825150847434998, "train_acc_means": 0.6940563917160034, "train_time_millis": 609174.7561640805, "eval_time_millis": 142781.89454600215}, "Epoch2": {"train_loss_means": 3.392019510269165, "val_loss_mean": 3.747570037841797, "val_f1_majority_bin": 0.30804598331451416, "val_f1_majority_macro": 0.5417095556699263, "val_acc_majority": 0.6608450412750244, "val_f1_individual_binary": 0.36260175704956055, "val_f1_individual_macro": 0.5480419801215924, "val_acc_individual": 0.6241288781166077, "train_acc_means": 0.7105891704559326, "train_time_millis": 606666.9895589584, "eval_time_millis": 143019.61979898624}, "Test_results": {"test_f1_majority_binary": 0.2996633052825928, "test_f1_majority_macro": 0.5324501599896634, "test_acc_majority": 0.6483516693115234, "test_f1_individual_binary": 0.3631797730922699, "test_f1_individual_macro": 0.5531222733683099, "test_acc_individual": 0.6338561177253723, "test_time_millis": 142513.02459603176, "dataset_size": 17699, "number_of_annotations": 95778}}