{"Epoch0": {"train_loss_means": 0.038561467081308365, "val_loss_mean": 0.03534653037786484, "val_f1_majority_bin": 0.19047619047619047, "val_f1_majority_macro": 0.5265049415992812, "val_acc_majority": 0.7649769585253456, "val_f1_individual_binary": 0.19230769230769232, "val_f1_individual_macro": 0.5258256478953063, "val_acc_individual": 0.7604107244723332, "train_time_millis": 9636.44280200242, "eval_time_millis": 3310.718029999407}, "Epoch1": {"train_loss_means": 0.025507237762212753, "val_loss_mean": 0.03383342921733856, "val_f1_majority_bin": 0.2635658914728682, "val_f1_majority_macro": 0.5912884870834076, "val_acc_majority": 0.8540706605222734, "val_f1_individual_binary": 0.24929971988795518, "val_f1_individual_macro": 0.5820966684546158, "val_acc_individual": 0.8471192241871078, "train_time_millis": 9631.595343002118, "eval_time_millis": 3325.3875380032696}, "Epoch2": {"train_loss_means": 0.01792822778224945, "val_loss_mean": 0.04120006412267685, "val_f1_majority_bin": 0.2857142857142857, "val_f1_majority_macro": 0.6080910240202275, "val_acc_majority": 0.8732718894009217, "val_f1_individual_binary": 0.2622432859399684, "val_f1_individual_macro": 0.5945171595086266, "val_acc_individual": 0.8667997718197376, "train_time_millis": 9647.117321001133, "eval_time_millis": 3310.1364519970957}, "Epoch3": {"train_loss_means": 0.014743847772479057, "val_loss_mean": 0.044383201748132706, "val_f1_majority_bin": 0.30985915492957744, "val_f1_majority_macro": 0.624189301429657, "val_acc_majority": 0.8870967741935484, "val_f1_individual_binary": 0.28087986463620984, "val_f1_individual_macro": 0.6073453987563544, "val_acc_individual": 0.8787792355961209, "train_time_millis": 9661.52155600139, "eval_time_millis": 2958.940241005621}, "Epoch4": {"train_loss_means": 0.010999009944498539, "val_loss_mean": 0.05281881242990494, "val_f1_majority_bin": 0.29767441860465116, "val_f1_majority_macro": 0.6172340280549418, "val_acc_majority": 0.8840245775729647, "val_f1_individual_binary": 0.27470686767169183, "val_f1_individual_macro": 0.6036044081148795, "val_acc_individual": 0.876497432972048, "train_time_millis": 9673.246767997625, "eval_time_millis": 3305.5615880002733}, "Epoch5": {"train_loss_means": 0.009107067249715328, "val_loss_mean": 0.08068563044071198, "val_f1_majority_bin": 0.3310344827586207, "val_f1_majority_macro": 0.6457937765562116, "val_acc_majority": 0.9254992319508448, "val_f1_individual_binary": 0.275, "val_f1_individual_macro": 0.6155701754385965, "val_acc_individual": 0.9172846548773531, "train_time_millis": 9648.291174991755, "eval_time_millis": 3310.838691992103}, "Epoch6": {"train_loss_means": 0.0077547174878418446, "val_loss_mean": 0.10200271755456924, "val_f1_majority_bin": 0.3770491803278689, "val_f1_majority_macro": 0.6732143564814204, "val_acc_majority": 0.9416282642089093, "val_f1_individual_binary": 0.29673590504451036, "val_f1_individual_macro": 0.6306151435334911, "val_acc_individual": 0.9324015972618368, "train_time_millis": 9640.610351998475, "eval_time_millis": 2309.5336590049556}, "Epoch7": {"train_loss_means": 0.007506357040256262, "val_loss_mean": 0.09532373398542404, "val_f1_majority_bin": 0.34285714285714286, "val_f1_majority_macro": 0.6527597402597403, "val_acc_majority": 0.9293394777265745, "val_f1_individual_binary": 0.28205128205128205, "val_f1_individual_macro": 0.6198839919770152, "val_acc_individual": 0.9201369081574444, "train_time_millis": 9672.393897009897, "eval_time_millis": 3322.8215769922826}, "Epoch8": {"train_loss_means": 0.0071493093855679035, "val_loss_mean": 0.10944438725709915, "val_f1_majority_bin": 0.3833333333333333, "val_f1_majority_macro": 0.6767713365539452, "val_acc_majority": 0.9431643625192012, "val_f1_individual_binary": 0.29518072289156627, "val_f1_individual_macro": 0.630075391385903, "val_acc_individual": 0.9332572732458643, "train_time_millis": 9669.996787997661, "eval_time_millis": 2295.1295749953715}, "Epoch9": {"train_loss_means": 0.007082044612616301, "val_loss_mean": 0.10970228165388107, "val_f1_majority_bin": 0.3833333333333333, "val_f1_majority_macro": 0.6767713365539452, "val_acc_majority": 0.9431643625192012, "val_f1_individual_binary": 0.29518072289156627, "val_f1_individual_macro": 0.630075391385903, "val_acc_individual": 0.9332572732458643, "train_time_millis": 9655.181508001988, "eval_time_millis": 3308.391072001541}, "Test_results": {"test_f1_majority_binary": 0.3833333333333333, "test_f1_majority_macro": 0.6767713365539452, "test_acc_majority": 0.9431643625192012, "test_f1_individual_binary": 0.29518072289156627, "test_f1_individual_macro": 0.630075391385903, "test_acc_individual": 0.9332572732458643, "test_time_millis": 3314.941970995278, "dataset_size": 6614, "number_of_annotations": 17374, "train_size": 10566, "val_size": 3506, "test_size": 3302}}