{"Epoch0": {"train_loss_means": 0.07457756251096725, "val_loss_mean": 0.06670168042182922, "val_f1_majority_bin": 0.3260053619302949, "val_f1_majority_macro": 0.621656716883837, "val_acc_majority": 0.8526895581858667, "val_f1_individual_binary": 0.2948038176033934, "val_f1_individual_macro": 0.6064014566663849, "val_acc_individual": 0.853081964798586, "train_time_millis": 44197.192299000104, "eval_time_millis": 7901.751000000104}, "Epoch1": {"train_loss_means": 0.05876699835062027, "val_loss_mean": 0.06016939878463745, "val_f1_majority_bin": 0.42759795570698467, "val_f1_majority_macro": 0.692656264538617, "val_acc_majority": 0.9212469237079574, "val_f1_individual_binary": 0.3938679245283019, "val_f1_individual_macro": 0.6767470170124033, "val_acc_individual": 0.9242948670741586, "train_time_millis": 44132.199338999955, "eval_time_millis": 7875.70238599983}, "Epoch2": {"train_loss_means": 0.05101746693253517, "val_loss_mean": 0.06433255970478058, "val_f1_majority_bin": 0.4012490241998439, "val_f1_majority_macro": 0.6763292951217781, "val_acc_majority": 0.9101136763154811, "val_f1_individual_binary": 0.3700873362445415, "val_f1_individual_macro": 0.6622607572796584, "val_acc_individual": 0.915015833271964, "train_time_millis": 44211.52455000015, "eval_time_millis": 6920.308226000088}, "Epoch3": {"train_loss_means": 0.0446493923664093, "val_loss_mean": 0.0689999908208847, "val_f1_majority_bin": 0.38367931281317114, "val_f1_majority_macro": 0.6643650249687145, "val_acc_majority": 0.8990976210008204, "val_f1_individual_binary": 0.35575942915392456, "val_f1_individual_macro": 0.6527963680140159, "val_acc_individual": 0.9069150894763974, "train_time_millis": 44241.68325900019, "eval_time_millis": 8056.455443000004}, "Epoch4": {"train_loss_means": 0.03973716124892235, "val_loss_mean": 0.08050715178251266, "val_f1_majority_bin": 0.3923444976076555, "val_f1_majority_macro": 0.6720766252267977, "val_acc_majority": 0.9106996367045588, "val_f1_individual_binary": 0.36487252124645897, "val_f1_individual_macro": 0.6603632483757598, "val_acc_individual": 0.917446056410634, "train_time_millis": 44219.28941400006, "eval_time_millis": 8039.543674000015}, "Epoch5": {"train_loss_means": 0.03472140431404114, "val_loss_mean": 0.08710860460996628, "val_f1_majority_bin": 0.38668779714738516, "val_f1_majority_macro": 0.6688564270474967, "val_acc_majority": 0.9092933317707723, "val_f1_individual_binary": 0.36465324384787473, "val_f1_individual_macro": 0.6599379739144774, "val_acc_individual": 0.9163414095294204, "train_time_millis": 44259.344285, "eval_time_millis": 8074.1398760001175}, "Epoch6": {"train_loss_means": 0.031275488436222076, "val_loss_mean": 0.09860309958457947, "val_f1_majority_bin": 0.38307692307692304, "val_f1_majority_macro": 0.6661039822792962, "val_acc_majority": 0.9060119535919372, "val_f1_individual_binary": 0.3586132177681473, "val_f1_individual_macro": 0.6559184925756033, "val_acc_individual": 0.9128065395095368, "train_time_millis": 44224.58354100013, "eval_time_millis": 7059.376711999903}, "Epoch7": {"train_loss_means": 0.028816265985369682, "val_loss_mean": 0.11968681961297989, "val_f1_majority_bin": 0.39365671641791045, "val_f1_majority_macro": 0.6765082381639383, "val_acc_majority": 0.9238251494198992, "val_f1_individual_binary": 0.36997319034852544, "val_f1_individual_macro": 0.6666744312219522, "val_acc_individual": 0.930775462110612, "train_time_millis": 44250.68289900014, "eval_time_millis": 7941.48539899993}, "Epoch8": {"train_loss_means": 0.026499446481466293, "val_loss_mean": 0.12539319694042206, "val_f1_majority_bin": 0.39587242026266417, "val_f1_majority_macro": 0.6778112101313322, "val_acc_majority": 0.9245283018867925, "val_f1_individual_binary": 0.37131367292225204, "val_f1_individual_macro": 0.6673836345597779, "val_acc_individual": 0.9309227483614405, "train_time_millis": 44179.51280300008, "eval_time_millis": 8037.925037999912}, "Epoch9": {"train_loss_means": 0.02564532496035099, "val_loss_mean": 0.12691830098628998, "val_f1_majority_bin": 0.3944444444444444, "val_f1_majority_macro": 0.6767668237485578, "val_acc_majority": 0.923356381108637, "val_f1_individual_binary": 0.3684559310801855, "val_f1_individual_macro": 0.6656502432117368, "val_acc_individual": 0.9298181014802268, "train_time_millis": 44014.46002499983, "eval_time_millis": 8055.000295999889}, "Test_results": {"test_f1_majority_binary": 0.39587242026266417, "test_f1_majority_macro": 0.6778112101313322, "test_acc_majority": 0.9245283018867925, "test_f1_individual_binary": 0.37131367292225204, "test_f1_individual_macro": 0.6673836345597779, "test_acc_individual": 0.9309227483614405, "test_time_millis": 7989.950917999977, "dataset_size": 42686, "number_of_annotations": 67520, "train_size": 40552, "val_size": 13579, "test_size": 13389}}