{"Epoch0": {"train_loss_means": 0.026610439643263817, "val_loss_mean": 0.01885162852704525, "val_f1_majority_bin": 0.49237472766884527, "val_f1_majority_macro": 0.7409643196739204, "val_acc_majority": 0.9795290810050957, "val_f1_individual_binary": 0.4198473282442748, "val_f1_individual_macro": 0.7042946599374171, "val_acc_individual": 0.9779125949068188, "train_time_millis": 77925.26267899666, "eval_time_millis": 13552.937075961381}, "Epoch1": {"train_loss_means": 0.01840427704155445, "val_loss_mean": 0.01979086920619011, "val_f1_majority_bin": 0.38338658146964855, "val_f1_majority_macro": 0.6829752493580061, "val_acc_majority": 0.9660868037251801, "val_f1_individual_binary": 0.3268698060941828, "val_f1_individual_macro": 0.6543694301875502, "val_acc_individual": 0.9646892142260326, "train_time_millis": 78128.4202139941, "eval_time_millis": 13497.289124003146}, "Epoch2": {"train_loss_means": 0.014451728202402592, "val_loss_mean": 0.01987774856388569, "val_f1_majority_bin": 0.4298724954462659, "val_f1_majority_macro": 0.707891458166527, "val_acc_majority": 0.9725004392901072, "val_f1_individual_binary": 0.36363636363636365, "val_f1_individual_macro": 0.6744018249408584, "val_acc_individual": 0.9710102808151996, "train_time_millis": 77979.02157198405, "eval_time_millis": 13342.887959966902}, "Epoch3": {"train_loss_means": 0.011288734152913094, "val_loss_mean": 0.022274235263466835, "val_f1_majority_bin": 0.41666666666666663, "val_f1_majority_macro": 0.7010849990995858, "val_acc_majority": 0.971709717097171, "val_f1_individual_binary": 0.3554502369668246, "val_f1_individual_macro": 0.6701397834644489, "val_acc_individual": 0.970356377374941, "train_time_millis": 77908.45682198415, "eval_time_millis": 13482.11868997896}, "Epoch4": {"train_loss_means": 0.009234494529664516, "val_loss_mean": 0.024232272058725357, "val_f1_majority_bin": 0.3356449375866852, "val_f1_majority_macro": 0.656957341542061, "val_acc_majority": 0.9579160077315059, "val_f1_individual_binary": 0.27973699940227137, "val_f1_individual_macro": 0.6285817122674046, "val_acc_individual": 0.9562247974715734, "train_time_millis": 77779.03034299379, "eval_time_millis": 13356.640263984445}, "Epoch5": {"train_loss_means": 0.0079800458624959, "val_loss_mean": 0.02539520338177681, "val_f1_majority_bin": 0.3356449375866852, "val_f1_majority_macro": 0.656957341542061, "val_acc_majority": 0.9579160077315059, "val_f1_individual_binary": 0.28160575194727383, "val_f1_individual_macro": 0.629573129790252, "val_acc_individual": 0.956442765284993, "train_time_millis": 78123.34630801342, "eval_time_millis": 13583.311073947698}, "Epoch6": {"train_loss_means": 0.0071281492710113525, "val_loss_mean": 0.026086287572979927, "val_f1_majority_bin": 0.3034647550776583, "val_f1_majority_macro": 0.6384382652571672, "val_acc_majority": 0.9487787735020208, "val_f1_individual_binary": 0.2574974146845915, "val_f1_individual_macro": 0.6152321410772355, "val_acc_individual": 0.9478330366549206, "train_time_millis": 78086.1307590385, "eval_time_millis": 13622.423143009655}, "Epoch7": {"train_loss_means": 0.006728415843099356, "val_loss_mean": 0.029327385127544403, "val_f1_majority_bin": 0.34795321637426896, "val_f1_majority_macro": 0.663876970505975, "val_acc_majority": 0.9608153224389386, "val_f1_individual_binary": 0.29262086513994906, "val_f1_individual_macro": 0.6359144114787663, "val_acc_individual": 0.9596032985795764, "train_time_millis": 77628.82407702273, "eval_time_millis": 13560.649084975012}, "Epoch8": {"train_loss_means": 0.006301046349108219, "val_loss_mean": 0.0298953577876091, "val_f1_majority_bin": 0.3376251788268956, "val_f1_majority_macro": 0.6583208604308962, "val_acc_majority": 0.9593217360745036, "val_f1_individual_binary": 0.2850031113876789, "val_f1_individual_macro": 0.6317525894281931, "val_acc_individual": 0.9582591637301558, "train_time_millis": 77892.39637803985, "eval_time_millis": 13365.48274802044}, "Epoch9": {"train_loss_means": 0.005948046687990427, "val_loss_mean": 0.030503952875733376, "val_f1_majority_bin": 0.3436123348017621, "val_f1_majority_macro": 0.661685259915485, "val_acc_majority": 0.9607274644175013, "val_f1_individual_binary": 0.2930591259640103, "val_f1_individual_macro": 0.6362488048228216, "val_acc_individual": 0.9600392342064156, "train_time_millis": 78036.95768699981, "eval_time_millis": 11460.976229980588}, "Test_results": {"test_f1_majority_binary": 0.49237472766884527, "test_f1_majority_macro": 0.7409643196739204, "test_acc_majority": 0.9795290810050957, "test_f1_individual_binary": 0.4198473282442748, "test_f1_individual_macro": 0.7042946599374171, "test_acc_individual": 0.9779125949068188, "test_time_millis": 11484.309103980195, "dataset_size": 56941, "number_of_annotations": 137775, "train_size": 82669, "val_size": 27527, "test_size": 27579}}