{"Epoch0": {"train_loss_means": 0.0469539500772953, "val_loss_mean": 0.034372132271528244, "val_f1_majority_bin": 0.15525114155251138, "val_f1_majority_macro": 0.550234395176611, "val_acc_majority": 0.8971078976640712, "val_f1_individual_binary": 0.19813519813519812, "val_f1_individual_macro": 0.5700380632026202, "val_acc_individual": 0.8917217500786906, "train_time_millis": 20898.024907000945, "eval_time_millis": 4466.116032999707}, "Epoch1": {"train_loss_means": 0.030876340344548225, "val_loss_mean": 0.032714445143938065, "val_f1_majority_bin": 0.2857142857142857, "val_f1_majority_macro": 0.6321152350943242, "val_acc_majority": 0.9582869855394883, "val_f1_individual_binary": 0.2974828375286041, "val_f1_individual_macro": 0.6362322508073304, "val_acc_individual": 0.9516839785961599, "train_time_millis": 21025.7641040007, "eval_time_millis": 4520.123860998865}, "Epoch2": {"train_loss_means": 0.02564214915037155, "val_loss_mean": 0.03191319480538368, "val_f1_majority_bin": 0.20618556701030927, "val_f1_majority_macro": 0.5804590386491876, "val_acc_majority": 0.914349276974416, "val_f1_individual_binary": 0.24804177545691905, "val_f1_individual_macro": 0.5999043243387425, "val_acc_individual": 0.9093484419263456, "train_time_millis": 21005.063821998192, "eval_time_millis": 4456.9924130009895}, "Epoch3": {"train_loss_means": 0.02122778818011284, "val_loss_mean": 0.03483663871884346, "val_f1_majority_bin": 0.2289156626506024, "val_f1_majority_macro": 0.5957989391970214, "val_acc_majority": 0.92880978865406, "val_f1_individual_binary": 0.2571001494768311, "val_f1_individual_macro": 0.6079088254652201, "val_acc_individual": 0.9217815549260309, "train_time_millis": 21016.36002899977, "eval_time_millis": 3500.6793350003136}, "Epoch4": {"train_loss_means": 0.017853641882538795, "val_loss_mean": 0.045674897730350494, "val_f1_majority_bin": 0.31775700934579443, "val_f1_majority_macro": 0.6484170544006129, "val_acc_majority": 0.9593993325917687, "val_f1_individual_binary": 0.3042505592841163, "val_f1_individual_macro": 0.6394427904486808, "val_acc_individual": 0.9510544538873151, "train_time_millis": 20969.642939999176, "eval_time_millis": 4282.696173002478}, "Epoch5": {"train_loss_means": 0.0159489493817091, "val_loss_mean": 0.04510752856731415, "val_f1_majority_bin": 0.2741935483870968, "val_f1_majority_macro": 0.6241359447004609, "val_acc_majority": 0.949944382647386, "val_f1_individual_binary": 0.28286852589641437, "val_f1_individual_macro": 0.6266874171346729, "val_acc_individual": 0.943342776203966, "train_time_millis": 20912.690058001317, "eval_time_millis": 3498.098189000302}, "Epoch6": {"train_loss_means": 0.014368638396263123, "val_loss_mean": 0.04352268949151039, "val_f1_majority_bin": 0.2155688622754491, "val_f1_majority_macro": 0.588682652193426, "val_acc_majority": 0.9271412680756396, "val_f1_individual_binary": 0.23636363636363636, "val_f1_individual_macro": 0.5972654835204636, "val_acc_individual": 0.9206798866855525, "train_time_millis": 21006.694926996715, "eval_time_millis": 4537.638253001205}, "Epoch7": {"train_loss_means": 0.013600942678749561, "val_loss_mean": 0.04250814765691757, "val_f1_majority_bin": 0.21276595744680848, "val_f1_majority_macro": 0.5846693636999301, "val_acc_majority": 0.917686318131257, "val_f1_individual_binary": 0.24151967435549523, "val_f1_individual_macro": 0.5974117459572982, "val_acc_individual": 0.9120239219389361, "train_time_millis": 20971.580072000506, "eval_time_millis": 4516.939531000389}, "Epoch8": {"train_loss_means": 0.012542986311018467, "val_loss_mean": 0.04841366410255432, "val_f1_majority_bin": 0.24324324324324326, "val_f1_majority_macro": 0.6053803223176772, "val_acc_majority": 0.9377085650723026, "val_f1_individual_binary": 0.2613065326633166, "val_f1_individual_macro": 0.6124466772803825, "val_acc_individual": 0.9305949008498584, "train_time_millis": 20967.932092997216, "eval_time_millis": 4497.654371003591}, "Epoch9": {"train_loss_means": 0.0121251055970788, "val_loss_mean": 0.04970114305615425, "val_f1_majority_bin": 0.24827586206896549, "val_f1_majority_macro": 0.6083454071283686, "val_acc_majority": 0.939377085650723, "val_f1_individual_binary": 0.262350936967632, "val_f1_individual_macro": 0.613313905906471, "val_acc_individual": 0.931853950267548, "train_time_millis": 20928.986752998753, "eval_time_millis": 4490.83562099986}, "Test_results": {"test_f1_majority_binary": 0.2857142857142857, "test_f1_majority_macro": 0.6321152350943242, "test_acc_majority": 0.9582869855394883, "test_f1_individual_binary": 0.2974828375286041, "test_f1_individual_macro": 0.6362322508073304, "test_acc_individual": 0.9516839785961599, "test_time_millis": 4173.065191000205, "dataset_size": 8960, "number_of_annotations": 31912, "train_size": 19314, "val_size": 6354, "test_size": 6244}}