{"Epoch0": {"train_loss_means": 0.2991998791694641, "val_loss_mean": 0.28638866543769836, "val_f1_majority_bin": 0.4333694474539545, "val_f1_majority_macro": 0.5881834952257488, "val_acc_majority": 0.6463826910074375, "val_f1_individual_binary": 0.44487678339818415, "val_f1_individual_macro": 0.6028853190733938, "val_acc_individual": 0.6657555642327216, "train_time_millis": 44988.64911869168, "eval_time_millis": 9302.616691216826}, "Epoch1": {"train_loss_means": 0.26089099049568176, "val_loss_mean": 0.2957973778247833, "val_f1_majority_bin": 0.48270181219110375, "val_f1_majority_macro": 0.5613050345359188, "val_acc_majority": 0.5753887762001352, "val_f1_individual_binary": 0.47632575757575757, "val_f1_individual_macro": 0.5544419485553207, "val_acc_individual": 0.5681374463100352, "train_time_millis": 45124.11817070097, "eval_time_millis": 10424.591395072639}, "Epoch2": {"train_loss_means": 0.20040865242481232, "val_loss_mean": 0.33764398097991943, "val_f1_majority_bin": 0.43278688524590164, "val_f1_majority_macro": 0.5893743530487952, "val_acc_majority": 0.6490872210953347, "val_f1_individual_binary": 0.44260204081632654, "val_f1_individual_macro": 0.5983409753884672, "val_acc_individual": 0.6587270597422882, "train_time_millis": 45168.299433775246, "eval_time_millis": 11335.147286765277}, "Epoch3": {"train_loss_means": 0.14734867215156555, "val_loss_mean": 0.3558747172355652, "val_f1_majority_bin": 0.4627802690582959, "val_f1_majority_macro": 0.5688833521091805, "val_acc_majority": 0.5949966193373901, "val_f1_individual_binary": 0.4645628556647698, "val_f1_individual_macro": 0.5700048521033162, "val_acc_individual": 0.5958609918000781, "train_time_millis": 45159.60997529328, "eval_time_millis": 11331.383517012}, "Epoch4": {"train_loss_means": 0.10946076363325119, "val_loss_mean": 0.5354951620101929, "val_f1_majority_bin": 0.3970223325062035, "val_f1_majority_macro": 0.5855929506397187, "val_acc_majority": 0.6713995943204868, "val_f1_individual_binary": 0.3956678700361011, "val_f1_individual_macro": 0.5858457091684386, "val_acc_individual": 0.6731745411948458, "train_time_millis": 45149.9437103048, "eval_time_millis": 11329.971629194915}, "Epoch5": {"train_loss_means": 0.09356440603733063, "val_loss_mean": 0.5083283185958862, "val_f1_majority_bin": 0.4410569105691057, "val_f1_majority_macro": 0.5812174117181901, "val_acc_majority": 0.6281271129141311, "val_f1_individual_binary": 0.4269005847953216, "val_f1_individual_macro": 0.5698395069345893, "val_acc_individual": 0.6173369777430691, "train_time_millis": 45131.18682615459, "eval_time_millis": 10774.41886253655}, "Epoch6": {"train_loss_means": 0.08388812839984894, "val_loss_mean": 0.6212201118469238, "val_f1_majority_bin": 0.3626943005181347, "val_f1_majority_macro": 0.5688128410184452, "val_acc_majority": 0.6673427991886409, "val_f1_individual_binary": 0.3558558558558559, "val_f1_individual_macro": 0.5647353157907247, "val_acc_individual": 0.6649746192893401, "train_time_millis": 45117.53861606121, "eval_time_millis": 11325.803080573678}, "Epoch7": {"train_loss_means": 0.07303518056869507, "val_loss_mean": 0.6307819485664368, "val_f1_majority_bin": 0.42180094786729855, "val_f1_majority_macro": 0.5954794710954279, "val_acc_majority": 0.6700473292765382, "val_f1_individual_binary": 0.4126113776559287, "val_f1_individual_macro": 0.5893250718473474, "val_acc_individual": 0.6653650917610309, "train_time_millis": 45091.789298690856, "eval_time_millis": 10312.876160256565}, "Epoch8": {"train_loss_means": 0.06748806685209274, "val_loss_mean": 0.7360711097717285, "val_f1_majority_bin": 0.3677852348993289, "val_f1_majority_macro": 0.5774759884392713, "val_acc_majority": 0.6815415821501014, "val_f1_individual_binary": 0.34276729559748426, "val_f1_individual_macro": 0.5628122192273135, "val_acc_individual": 0.6735650136665365, "train_time_millis": 45112.63623833656, "eval_time_millis": 11332.726522348821}, "Epoch9": {"train_loss_means": 0.059936750680208206, "val_loss_mean": 0.7127960324287415, "val_f1_majority_bin": 0.39092055485498106, "val_f1_majority_macro": 0.583912933316636, "val_acc_majority": 0.6734279918864098, "val_f1_individual_binary": 0.3771093176815848, "val_f1_individual_macro": 0.5756256883699225, "val_acc_individual": 0.6684888715345568, "train_time_millis": 45103.76776661724, "eval_time_millis": 11322.014356032014}, "Test_results": {"test_f1_majority_binary": 0.4333694474539545, "test_f1_majority_macro": 0.5881834952257488, "test_acc_majority": 0.6463826910074375, "test_f1_individual_binary": 0.44487678339818415, "test_f1_individual_macro": 0.6028853190733938, "test_acc_individual": 0.6657555642327216, "test_time_millis": 10313.157067634165, "dataset_size": 7871, "number_of_annotations": 13779, "train_size": 4190, "val_size": 2561, "test_size": 2951}}