{"Epoch0": {"train_loss_means": 0.05103703588247299, "val_loss_mean": 0.044541116803884506, "val_f1_majority_bin": 0.28758169934640515, "val_f1_majority_macro": 0.5999100123141043, "val_acc_majority": 0.8437275985663082, "val_f1_individual_binary": 0.26494724501758504, "val_f1_individual_macro": 0.5869794997399636, "val_acc_individual": 0.8380681818181818, "train_time_millis": 13976.048828125, "eval_time_millis": 2123.001953125}, "Epoch1": {"train_loss_means": 0.033683162182569504, "val_loss_mean": 0.05001755431294441, "val_f1_majority_bin": 0.36363636363636365, "val_f1_majority_macro": 0.6560529745341834, "val_acc_majority": 0.9046594982078853, "val_f1_individual_binary": 0.34071550255536626, "val_f1_individual_macro": 0.6433212834839147, "val_acc_individual": 0.900051652892562, "train_time_millis": 13737.90625, "eval_time_millis": 2124.946044921875}, "Epoch2": {"train_loss_means": 0.026046698912978172, "val_loss_mean": 0.06450982391834259, "val_f1_majority_bin": 0.3470319634703196, "val_f1_majority_macro": 0.6457057911478397, "val_acc_majority": 0.8974910394265233, "val_f1_individual_binary": 0.3344155844155844, "val_f1_individual_macro": 0.6384479717813051, "val_acc_individual": 0.8941115702479339, "train_time_millis": 13735.537109375, "eval_time_millis": 2123.08251953125}, "Epoch3": {"train_loss_means": 0.01965458318591118, "val_loss_mean": 0.06280451267957687, "val_f1_majority_bin": 0.3319502074688797, "val_f1_majority_macro": 0.6343940915728078, "val_acc_majority": 0.8845878136200717, "val_f1_individual_binary": 0.30814814814814817, "val_f1_individual_macro": 0.6210425278864945, "val_acc_individual": 0.8793904958677686, "train_time_millis": 13693.396484375, "eval_time_millis": 2123.219970703125}, "Epoch4": {"train_loss_means": 0.016854101791977882, "val_loss_mean": 0.08517862111330032, "val_f1_majority_bin": 0.32407407407407407, "val_f1_majority_macro": 0.6336765086765087, "val_acc_majority": 0.8953405017921147, "val_f1_individual_binary": 0.31527093596059114, "val_f1_individual_macro": 0.6284133236215009, "val_acc_individual": 0.8923037190082644, "train_time_millis": 13734.4716796875, "eval_time_millis": 2124.203125}, "Epoch5": {"train_loss_means": 0.015740439295768738, "val_loss_mean": 0.10296164453029633, "val_f1_majority_bin": 0.3282051282051282, "val_f1_majority_macro": 0.6388617163183636, "val_acc_majority": 0.9060931899641577, "val_f1_individual_binary": 0.33211678832116787, "val_f1_individual_macro": 0.6406275992745362, "val_acc_individual": 0.9054752066115702, "train_time_millis": 13771.8994140625, "eval_time_millis": 2131.21044921875}, "Epoch6": {"train_loss_means": 0.014112360775470734, "val_loss_mean": 0.092056505382061, "val_f1_majority_bin": 0.3140495867768595, "val_f1_majority_macro": 0.6244502250995757, "val_acc_majority": 0.8810035842293907, "val_f1_individual_binary": 0.2949852507374631, "val_f1_individual_macro": 0.613668679713481, "val_acc_individual": 0.8765495867768595, "train_time_millis": 13775.78125, "eval_time_millis": 2125.97216796875}, "Epoch7": {"train_loss_means": 0.012998366728425026, "val_loss_mean": 0.11036226153373718, "val_f1_majority_bin": 0.33333333333333337, "val_f1_majority_macro": 0.6403712296983759, "val_acc_majority": 0.9025089605734767, "val_f1_individual_binary": 0.3280977312390925, "val_f1_individual_macro": 0.6372046319003998, "val_acc_individual": 0.9005681818181818, "train_time_millis": 13745.916015625, "eval_time_millis": 2124.947021484375}, "Epoch8": {"train_loss_means": 0.012479092925786972, "val_loss_mean": 0.1227698102593422, "val_f1_majority_bin": 0.34554973821989526, "val_f1_majority_macro": 0.6487271584520022, "val_acc_majority": 0.910394265232975, "val_f1_individual_binary": 0.3383458646616541, "val_f1_individual_macro": 0.6447691608388693, "val_acc_individual": 0.9090909090909091, "train_time_millis": 13675.2607421875, "eval_time_millis": 2129.874755859375}, "Epoch9": {"train_loss_means": 0.01187400333583355, "val_loss_mean": 0.1257072240114212, "val_f1_majority_bin": 0.34065934065934067, "val_f1_majority_macro": 0.6473235353603451, "val_acc_majority": 0.9139784946236559, "val_f1_individual_binary": 0.341747572815534, "val_f1_individual_macro": 0.6474265599587422, "val_acc_individual": 0.912448347107438, "train_time_millis": 13855.5322265625, "eval_time_millis": 2135.955078125}, "Test_results": {"test_f1_majority_binary": 0.34065934065934067, "test_f1_majority_macro": 0.6473235353603451, "test_acc_majority": 0.9139784946236559, "test_f1_individual_binary": 0.341747572815534, "test_f1_individual_macro": 0.6474265599587422, "test_acc_individual": 0.912448347107438, "test_time_millis": 2203.860107421875, "dataset_size": 7011, "number_of_annotations": 19449, "train_size": 11763, "val_size": 3872, "test_size": 3814}}