{"Epoch0": {"train_loss_means": 3.631864547729492, "val_loss_mean": 3.7143073081970215, "val_f1_majority_bin": 0.0, "val_f1_majority_macro": 0.4173641884129328, "val_acc_majority": 0.716338038444519, "val_f1_individual_binary": 0.25442126393318176, "val_f1_individual_macro": 0.5271386058457302, "val_acc_individual": 0.6844251751899719, "train_acc_means": 0.6537179350852966, "train_time_millis": 992293.6277350017, "eval_time_millis": 184134.98131099914}, "Epoch1": {"train_loss_means": 3.4811384677886963, "val_loss_mean": 3.707418441772461, "val_f1_majority_bin": 0.14525139331817627, "val_f1_majority_macro": 0.48104026989918913, "val_acc_majority": 0.6983098387718201, "val_f1_individual_binary": 0.353519469499588, "val_f1_individual_macro": 0.5616739783115777, "val_acc_individual": 0.6605234742164612, "train_acc_means": 0.7009398937225342, "train_time_millis": 999687.6341419993, "eval_time_millis": 184260.7858590054}, "Epoch2": {"train_loss_means": 3.201277256011963, "val_loss_mean": 3.8555808067321777, "val_f1_majority_bin": 0.11380752921104431, "val_f1_majority_macro": 0.4672339943101903, "val_acc_majority": 0.701690137386322, "val_f1_individual_binary": 0.26240116357803345, "val_f1_individual_macro": 0.5299372510042138, "val_acc_individual": 0.6822053790092468, "train_acc_means": 0.7308323979377747, "train_time_millis": 999418.2575290033, "eval_time_millis": 184697.38033699832}, "Test_results": {"test_f1_majority_binary": 0.14020951092243195, "test_f1_majority_macro": 0.47901716672832506, "test_acc_majority": 0.6993519067764282, "test_f1_individual_binary": 0.29869982600212097, "test_f1_individual_macro": 0.5503395401065707, "test_acc_individual": 0.6911625862121582, "test_time_millis": 182029.84258200013, "dataset_size": 17699, "number_of_annotations": 95778}}