{"Epoch0": {"train_loss_means": 0.29081863164901733, "val_loss_mean": 0.288980096578598, "val_f1_majority_bin": 0.3580683156654888, "val_f1_majority_macro": 0.5635191090832743, "val_acc_majority": 0.6602244389027432, "val_f1_individual_binary": 0.3519140362659503, "val_f1_individual_macro": 0.5634599325652437, "val_acc_individual": 0.6659743856005538, "train_time_millis": 97608.56784199132, "eval_time_millis": 12618.591320002452}, "Epoch1": {"train_loss_means": 0.26684996485710144, "val_loss_mean": 0.3173119127750397, "val_f1_majority_bin": 0.44006849315068497, "val_f1_majority_macro": 0.5597401289282837, "val_acc_majority": 0.5922693266832918, "val_f1_individual_binary": 0.4273504273504274, "val_f1_individual_macro": 0.5494595274007039, "val_acc_individual": 0.5825545171339563, "train_time_millis": 97301.83580197627, "eval_time_millis": 10755.352909996873}, "Epoch2": {"train_loss_means": 0.2179001420736313, "val_loss_mean": 0.3265903890132904, "val_f1_majority_bin": 0.36158192090395486, "val_f1_majority_macro": 0.5591809733663123, "val_acc_majority": 0.6477556109725686, "val_f1_individual_binary": 0.34777227722772275, "val_f1_individual_macro": 0.5472643221794549, "val_acc_individual": 0.6351678781585324, "train_time_millis": 97377.23220299813, "eval_time_millis": 12638.594482006738}, "Epoch3": {"train_loss_means": 0.17217326164245605, "val_loss_mean": 0.4087601602077484, "val_f1_majority_bin": 0.2683982683982684, "val_f1_majority_macro": 0.5334039055709037, "val_acc_majority": 0.6839152119700748, "val_f1_individual_binary": 0.264825345247766, "val_f1_individual_macro": 0.5328965081198145, "val_acc_individual": 0.6867428175839391, "train_time_millis": 97374.48363599833, "eval_time_millis": 10605.798806005623}, "Epoch4": {"train_loss_means": 0.13258445262908936, "val_loss_mean": 0.46298184990882874, "val_f1_majority_bin": 0.3892893923789907, "val_f1_majority_macro": 0.5621011110308006, "val_acc_majority": 0.6302992518703242, "val_f1_individual_binary": 0.36384439359267734, "val_f1_individual_macro": 0.543956936250433, "val_acc_individual": 0.6150917272412599, "train_time_millis": 97391.95651601767, "eval_time_millis": 12628.794380987529}, "Epoch5": {"train_loss_means": 0.10119561851024628, "val_loss_mean": 0.5564984083175659, "val_f1_majority_bin": 0.3594994311717861, "val_f1_majority_macro": 0.5588823905536904, "val_acc_majority": 0.649002493765586, "val_f1_individual_binary": 0.33769470404984425, "val_f1_individual_macro": 0.5414809489575845, "val_acc_individual": 0.6320526133610246, "train_time_millis": 97412.47008400387, "eval_time_millis": 12305.987844010815}, "Epoch6": {"train_loss_means": 0.08399828523397446, "val_loss_mean": 0.6668769717216492, "val_f1_majority_bin": 0.3636363636363636, "val_f1_majority_macro": 0.5656479690522244, "val_acc_majority": 0.6596009975062345, "val_f1_individual_binary": 0.3475409836065574, "val_f1_individual_macro": 0.5567942397459074, "val_acc_individual": 0.6555901696088612, "train_time_millis": 97393.50886101602, "eval_time_millis": 12635.958705999656}, "Epoch7": {"train_loss_means": 0.06860296428203583, "val_loss_mean": 0.7697122693061829, "val_f1_majority_bin": 0.38992332968236576, "val_f1_majority_macro": 0.5736109023139497, "val_acc_majority": 0.6527431421446384, "val_f1_individual_binary": 0.37240537240537236, "val_f1_individual_macro": 0.5620480968307056, "val_acc_individual": 0.6441675320179993, "train_time_millis": 97386.17142400471, "eval_time_millis": 10607.104827999137}, "Epoch8": {"train_loss_means": 0.06018008664250374, "val_loss_mean": 0.9966177344322205, "val_f1_majority_bin": 0.366230677764566, "val_f1_majority_macro": 0.570525562794408, "val_acc_majority": 0.6677057356608479, "val_f1_individual_binary": 0.3509933774834437, "val_f1_individual_macro": 0.5606888162018906, "val_acc_individual": 0.6607822776047075, "train_time_millis": 97413.99438699591, "eval_time_millis": 12660.931974998675}, "Epoch9": {"train_loss_means": 0.05531567335128784, "val_loss_mean": 1.028562068939209, "val_f1_majority_bin": 0.35236938031591736, "val_f1_majority_macro": 0.5644446482292376, "val_acc_majority": 0.6677057356608479, "val_f1_individual_binary": 0.3335584064821067, "val_f1_individual_macro": 0.5519316351703063, "val_acc_individual": 0.6583592938733126, "train_time_millis": 97334.77505098563, "eval_time_millis": 12614.850189012941}, "Test_results": {"test_f1_majority_binary": 0.3580683156654888, "test_f1_majority_macro": 0.5635191090832743, "test_acc_majority": 0.6602244389027432, "test_f1_individual_binary": 0.3519140362659503, "test_f1_individual_macro": 0.5634599325652437, "test_acc_individual": 0.6659743856005538, "test_time_millis": 12615.719652996631, "dataset_size": 8365, "number_of_annotations": 15180, "train_size": 8958, "val_size": 2889, "test_size": 3333}}