{"Epoch0": {"train_loss_means": 0.27862921357154846, "val_loss_mean": 0.2759551405906677, "val_f1_majority_bin": 0.40290758047767394, "val_f1_majority_macro": 0.2865908753759221, "val_acc_majority": 0.3055555555555556, "val_f1_individual_binary": 0.39046887009992315, "val_f1_individual_macro": 0.27654383314922243, "val_acc_individual": 0.2944839857651246, "train_time_millis": 1145.3754459507763, "eval_time_millis": 2477.6329351589084}, "Epoch1": {"train_loss_means": 0.21748904883861542, "val_loss_mean": 0.33604317903518677, "val_f1_majority_bin": 0.24309392265193372, "val_f1_majority_macro": 0.5156737001204027, "val_acc_majority": 0.6690821256038647, "val_f1_individual_binary": 0.264, "val_f1_individual_macro": 0.5267368421052632, "val_acc_individual": 0.6725978647686833, "train_time_millis": 1057.8541927970946, "eval_time_millis": 2477.2931481711566}, "Epoch2": {"train_loss_means": 0.13070420920848846, "val_loss_mean": 0.43606820702552795, "val_f1_majority_bin": 0.29649595687331537, "val_f1_majority_macro": 0.5466915582031947, "val_acc_majority": 0.6847826086956522, "val_f1_individual_binary": 0.30710172744721687, "val_f1_individual_macro": 0.5490343611179338, "val_acc_individual": 0.6788256227758007, "train_time_millis": 1057.0079069584608, "eval_time_millis": 2479.127455037087}, "Epoch3": {"train_loss_means": 0.07735590636730194, "val_loss_mean": 0.515701949596405, "val_f1_majority_bin": 0.3286573146292585, "val_f1_majority_macro": 0.5195576979369283, "val_acc_majority": 0.5954106280193237, "val_f1_individual_binary": 0.3275862068965517, "val_f1_individual_macro": 0.5130199075719872, "val_acc_individual": 0.5836298932384342, "train_time_millis": 1061.023567803204, "eval_time_millis": 2484.9974047392607}, "Epoch4": {"train_loss_means": 0.055944960564374924, "val_loss_mean": 0.6056076288223267, "val_f1_majority_bin": 0.344294003868472, "val_f1_majority_macro": 0.5233322521537267, "val_acc_majority": 0.5905797101449275, "val_f1_individual_binary": 0.3356643356643357, "val_f1_individual_macro": 0.5129071841400609, "val_acc_individual": 0.5774021352313167, "train_time_millis": 1052.9783037491143, "eval_time_millis": 2508.3254599012434}, "Epoch5": {"train_loss_means": 0.046970147639513016, "val_loss_mean": 0.70110023021698, "val_f1_majority_bin": 0.3356973995271868, "val_f1_majority_macro": 0.5538989836240962, "val_acc_majority": 0.6606280193236715, "val_f1_individual_binary": 0.3361629881154499, "val_f1_individual_macro": 0.550239420519449, "val_acc_individual": 0.652135231316726, "train_time_millis": 1063.6018607765436, "eval_time_millis": 2483.057626057416}, "Epoch6": {"train_loss_means": 0.0377846360206604, "val_loss_mean": 0.8711622357368469, "val_f1_majority_bin": 0.3, "val_f1_majority_macro": 0.5527777777777778, "val_acc_majority": 0.6956521739130435, "val_f1_individual_binary": 0.3024193548387097, "val_f1_individual_macro": 0.5524653851819119, "val_acc_individual": 0.6921708185053381, "train_time_millis": 1062.2436329722404, "eval_time_millis": 2477.9833517968655}, "Epoch7": {"train_loss_means": 0.034092240035533905, "val_loss_mean": 0.8595656752586365, "val_f1_majority_bin": 0.3496503496503497, "val_f1_majority_macro": 0.5611332432848325, "val_acc_majority": 0.6630434782608695, "val_f1_individual_binary": 0.3473861720067454, "val_f1_individual_macro": 0.5567746570003516, "val_acc_individual": 0.655693950177936, "train_time_millis": 1054.8947639763355, "eval_time_millis": 2486.763591412455}, "Epoch8": {"train_loss_means": 0.03111014887690544, "val_loss_mean": 0.9893516898155212, "val_f1_majority_bin": 0.29859154929577464, "val_f1_majority_macro": 0.5536001558930833, "val_acc_majority": 0.6992753623188406, "val_f1_individual_binary": 0.31300813008130074, "val_f1_individual_macro": 0.5602626071818805, "val_acc_individual": 0.699288256227758, "train_time_millis": 1053.339242003858, "eval_time_millis": 2486.7588211782277}, "Epoch9": {"train_loss_means": 0.029128095135092735, "val_loss_mean": 1.004980206489563, "val_f1_majority_bin": 0.29691876750700286, "val_f1_majority_macro": 0.5518466046926853, "val_acc_majority": 0.6968599033816425, "val_f1_individual_binary": 0.3111111111111111, "val_f1_individual_macro": 0.5582937187044432, "val_acc_individual": 0.6966192170818505, "train_time_millis": 1059.7988027147949, "eval_time_millis": 2489.7110708989203}, "Test_results": {"test_f1_majority_binary": 0.29859154929577464, "test_f1_majority_macro": 0.5536001558930833, "test_acc_majority": 0.6992753623188406, "test_f1_individual_binary": 0.31300813008130074, "test_f1_individual_macro": 0.5602626071818805, "test_acc_individual": 0.699288256227758, "test_time_millis": 2511.744769755751, "dataset_size": 4427, "number_of_annotations": 6065, "train_size": 1232, "val_size": 1124, "test_size": 1382}}