{"Epoch0": {"train_loss_means": 1.0701755285263062, "val_loss_mean": 1.0436451435089111, "val_f1_majority_bin": 0.018018018454313278, "val_f1_majority_macro": 0.43028970231666425, "val_acc_majority": 0.7286307215690613, "val_f1_individual_binary": 0.3214285671710968, "val_f1_individual_macro": 0.5834301805828714, "val_acc_individual": 0.7482160925865173, "train_acc_means": 0.6710920929908752, "train_time_millis": 20461.808617001225, "eval_time_millis": 3228.59576799965}, "Epoch1": {"train_loss_means": 1.021468162536621, "val_loss_mean": 1.0307326316833496, "val_f1_majority_bin": 0.27572017908096313, "val_f1_majority_macro": 0.5463839908284353, "val_acc_majority": 0.7078838348388672, "val_f1_individual_binary": 0.42418235540390015, "val_f1_individual_macro": 0.6124342325587722, "val_acc_individual": 0.7038735747337341, "train_acc_means": 0.7281613945960999, "train_time_millis": 19959.268513001007, "eval_time_millis": 3225.76810999999}, "Epoch2": {"train_loss_means": 0.931744396686554, "val_loss_mean": 0.9862877726554871, "val_f1_majority_bin": 0.18974359333515167, "val_f1_majority_macro": 0.5166539730896167, "val_acc_majority": 0.7377593517303467, "val_f1_individual_binary": 0.3810741603374481, "val_f1_individual_macro": 0.6135160786701419, "val_acc_individual": 0.7533129453659058, "train_acc_means": 0.7582454085350037, "train_time_millis": 20009.20526399932, "eval_time_millis": 3186.449614999219}, "Epoch3": {"train_loss_means": 0.7715740203857422, "val_loss_mean": 0.991452693939209, "val_f1_majority_bin": 0.2451612949371338, "val_f1_majority_macro": 0.532349282693424, "val_acc_majority": 0.708713710308075, "val_f1_individual_binary": 0.3862559199333191, "val_f1_individual_macro": 0.6090370529943989, "val_acc_individual": 0.735983669757843, "train_acc_means": 0.8178849816322327, "train_time_millis": 19981.793109000137, "eval_time_millis": 3245.868607000375}, "Epoch4": {"train_loss_means": 0.6293749213218689, "val_loss_mean": 1.006260871887207, "val_f1_majority_bin": 0.3639514744281769, "val_f1_majority_macro": 0.581866625821049, "val_acc_majority": 0.6954357028007507, "val_f1_individual_binary": 0.45769229531288147, "val_f1_individual_macro": 0.6310652939293716, "val_acc_individual": 0.7125382423400879, "train_acc_means": 0.8653145432472229, "train_time_millis": 20022.586684001, "eval_time_millis": 3193.5866690000694}, "Test_results": {"test_f1_majority_binary": 0.32459017634391785, "test_f1_majority_macro": 0.5487338912285141, "test_acc_majority": 0.6600660085678101, "test_f1_individual_binary": 0.38042473793029785, "test_f1_individual_macro": 0.5748012963264715, "test_acc_individual": 0.6636591553688049, "test_time_millis": 3212.8303190002043, "dataset_size": 6218, "number_of_annotations": 9870}}