{"Epoch0": {"train_loss_means": 0.0753464326262474, "val_loss_mean": 0.0643875002861023, "val_f1_majority_bin": 0.38497652582159625, "val_f1_majority_macro": 0.6720207921277221, "val_acc_majority": 0.9232391890308215, "val_f1_individual_binary": 0.35375868603916616, "val_f1_individual_macro": 0.6568793430195831, "val_acc_individual": 0.9246630827012299, "train_time_millis": 38234.66460899999, "eval_time_millis": 7282.630350999852}, "Epoch1": {"train_loss_means": 0.05767917260527611, "val_loss_mean": 0.0635996013879776, "val_f1_majority_bin": 0.3925066904549509, "val_f1_majority_macro": 0.6748986885953023, "val_acc_majority": 0.9201921950076175, "val_f1_individual_binary": 0.3652694610778443, "val_f1_individual_macro": 0.6618406313549925, "val_acc_individual": 0.9219382870609029, "train_time_millis": 38171.625157000104, "eval_time_millis": 7275.6132049999}, "Epoch2": {"train_loss_means": 0.05058439448475838, "val_loss_mean": 0.06937588006258011, "val_f1_majority_bin": 0.39331366764995085, "val_f1_majority_macro": 0.6774344523681869, "val_acc_majority": 0.927692487987812, "val_f1_individual_binary": 0.370026525198939, "val_f1_individual_macro": 0.666494744080951, "val_acc_individual": 0.9300390308564696, "train_time_millis": 38145.1970999999, "eval_time_millis": 7275.472183000147}, "Epoch3": {"train_loss_means": 0.04440745711326599, "val_loss_mean": 0.07113678753376007, "val_f1_majority_bin": 0.38020833333333337, "val_f1_majority_macro": 0.6676710888735286, "val_acc_majority": 0.9163248564397046, "val_f1_individual_binary": 0.3490951546993578, "val_f1_individual_macro": 0.6526375753846563, "val_acc_individual": 0.9178879151631195, "train_time_millis": 38186.96373400008, "eval_time_millis": 7285.59296100002}, "Epoch4": {"train_loss_means": 0.03859304264187813, "val_loss_mean": 0.07984691858291626, "val_f1_majority_bin": 0.373109243697479, "val_f1_majority_macro": 0.6630600388303469, "val_acc_majority": 0.9125747099496074, "val_f1_individual_binary": 0.34006734006734, "val_f1_individual_macro": 0.646862169403153, "val_acc_individual": 0.9133956845128507, "train_time_millis": 38175.59243799996, "eval_time_millis": 7258.992540999998}, "Epoch5": {"train_loss_means": 0.03396908566355705, "val_loss_mean": 0.09728679060935974, "val_f1_majority_bin": 0.3659305993690852, "val_f1_majority_macro": 0.6642560226134908, "val_acc_majority": 0.9293331770772296, "val_f1_individual_binary": 0.34527220630372496, "val_f1_individual_macro": 0.6548967971973558, "val_acc_individual": 0.9326901833713823, "train_time_millis": 38145.87672199991, "eval_time_millis": 7272.319630000084}, "Epoch6": {"train_loss_means": 0.03052055649459362, "val_loss_mean": 0.10238149017095566, "val_f1_majority_bin": 0.3697967086156824, "val_f1_majority_macro": 0.6645964769299332, "val_acc_majority": 0.9237079573420837, "val_f1_individual_binary": 0.3431952662721894, "val_f1_individual_macro": 0.6521140742173445, "val_acc_individual": 0.9264305177111717, "train_time_millis": 38184.39766000006, "eval_time_millis": 7273.585490000187}, "Epoch7": {"train_loss_means": 0.02856624871492386, "val_loss_mean": 0.11431661993265152, "val_f1_majority_bin": 0.37316561844863727, "val_f1_majority_macro": 0.6680252124020742, "val_acc_majority": 0.9299191374663073, "val_f1_individual_binary": 0.3511777301927194, "val_f1_individual_macro": 0.6579431765456745, "val_acc_individual": 0.9330583989984534, "train_time_millis": 38200.78560000002, "eval_time_millis": 7273.1247760000315}, "Epoch8": {"train_loss_means": 0.026677757501602173, "val_loss_mean": 0.1258585900068283, "val_f1_majority_bin": 0.36585365853658536, "val_f1_majority_macro": 0.6652331890802203, "val_acc_majority": 0.9329661314895114, "val_f1_individual_binary": 0.34927866362946086, "val_f1_individual_macro": 0.6580571562023315, "val_acc_individual": 0.9368878415199942, "train_time_millis": 38186.303917000034, "eval_time_millis": 7276.885206000088}, "Epoch9": {"train_loss_means": 0.025590896606445312, "val_loss_mean": 0.1309991329908371, "val_f1_majority_bin": 0.35, "val_f1_majority_macro": 0.6573304089954282, "val_acc_majority": 0.9329661314895114, "val_f1_individual_binary": 0.33855799373040757, "val_f1_individual_macro": 0.6529742290729157, "val_acc_individual": 0.9378452021503793, "train_time_millis": 38121.76438400002, "eval_time_millis": 6261.9167789998755}, "Test_results": {"test_f1_majority_binary": 0.35, "test_f1_majority_macro": 0.6573304089954282, "test_acc_majority": 0.9329661314895114, "test_f1_individual_binary": 0.33855799373040757, "test_f1_individual_macro": 0.6529742290729157, "test_acc_individual": 0.9378452021503793, "test_time_millis": 7292.535070999975, "dataset_size": 42686, "number_of_annotations": 67520, "train_size": 40552, "val_size": 13579, "test_size": 13389}}