{"Epoch0": {"train_loss_means": 0.9169582724571228, "val_loss_mean": 0.6195902228355408, "val_f1_majority_bin": 0.39262473583221436, "val_f1_majority_macro": 0.6813487047415372, "val_acc_majority": 0.9429560899734497, "val_f1_individual_binary": 0.37218815088272095, "val_f1_individual_macro": 0.6722139718716362, "val_acc_individual": 0.9468306303024292, "train_acc_means": 0.9325884580612183, "train_time_millis": 127284.43532902747, "eval_time_millis": 19888.51286517456}, "Epoch1": {"train_loss_means": 0.5650559067726135, "val_loss_mean": 0.5362821221351624, "val_f1_majority_bin": 0.4000000059604645, "val_f1_majority_macro": 0.6849991978180652, "val_acc_majority": 0.9428542256355286, "val_f1_individual_binary": 0.3732483983039856, "val_f1_individual_macro": 0.6717484706173265, "val_acc_individual": 0.9431936144828796, "train_acc_means": 0.9467809796333313, "train_time_millis": 127727.1820968017, "eval_time_millis": 19739.796868991107}, "Epoch2": {"train_loss_means": 0.4391160011291504, "val_loss_mean": 0.5218507051467896, "val_f1_majority_bin": 0.41626793146133423, "val_f1_majority_macro": 0.6951538670254547, "val_acc_majority": 0.950290322303772, "val_f1_individual_binary": 0.39767777919769287, "val_f1_individual_macro": 0.6863636970482988, "val_acc_individual": 0.9520840644836426, "train_acc_means": 0.9566234946250916, "train_time_millis": 129314.41089697182, "eval_time_millis": 20222.259684000164}, "Epoch3": {"train_loss_means": 0.3508235216140747, "val_loss_mean": 0.5613796710968018, "val_f1_majority_bin": 0.42061281204223633, "val_f1_majority_macro": 0.6993104244479773, "val_acc_majority": 0.9576245546340942, "val_f1_individual_binary": 0.41806021332740784, "val_f1_individual_macro": 0.6986258908151943, "val_acc_individual": 0.9598198533058167, "train_acc_means": 0.9632284641265869, "train_time_millis": 128516.85301586986, "eval_time_millis": 19877.461394295096}, "Test_results": {"test_f1_majority_binary": 0.4680272042751312, "test_f1_majority_macro": 0.7236636663241718, "test_acc_majority": 0.9601508378982544, "test_f1_individual_binary": 0.47191011905670166, "test_f1_individual_macro": 0.7262196001816691, "test_acc_individual": 0.962442934513092, "test_time_millis": 19901.859148871154, "dataset_size": 49294, "number_of_annotations": 87322}}