{"Epoch0": {"train_loss_means": 0.251931369304657, "val_loss_mean": 0.24355477094650269, "val_f1_majority_bin": 0.6675862068965517, "val_f1_majority_macro": 0.7438005717081713, "val_acc_majority": 0.7664728682170543, "val_f1_individual_binary": 0.6298965841429018, "val_f1_individual_macro": 0.7286809436419404, "val_acc_individual": 0.764647269828617, "train_time_millis": 30240.961365001567, "eval_time_millis": 5555.020350002451}, "Epoch1": {"train_loss_means": 0.21631576120853424, "val_loss_mean": 0.24780908226966858, "val_f1_majority_bin": 0.6945716154349247, "val_f1_majority_macro": 0.7574435606993786, "val_acc_majority": 0.7737403100775194, "val_f1_individual_binary": 0.6556701030927835, "val_f1_individual_macro": 0.7398211982110507, "val_acc_individual": 0.7670386608210442, "train_time_millis": 30144.35125300224, "eval_time_millis": 5597.97520799475}, "Epoch2": {"train_loss_means": 0.1930815577507019, "val_loss_mean": 0.26510176062583923, "val_f1_majority_bin": 0.6864686468646864, "val_f1_majority_macro": 0.7523426280630359, "val_acc_majority": 0.7698643410852714, "val_f1_individual_binary": 0.6469710534168905, "val_f1_individual_macro": 0.7350038513157751, "val_acc_individual": 0.7642487046632125, "train_time_millis": 30279.808564999257, "eval_time_millis": 5602.364693993877}, "Epoch3": {"train_loss_means": 0.1750647872686386, "val_loss_mean": 0.24558331072330475, "val_f1_majority_bin": 0.7248018120045299, "val_f1_majority_macro": 0.75952198982953, "val_acc_majority": 0.7645348837209303, "val_f1_individual_binary": 0.6728689967312045, "val_f1_individual_macro": 0.7290735477136794, "val_acc_individual": 0.7407333599043444, "train_time_millis": 30199.622441999963, "eval_time_millis": 5600.159886002075}, "Epoch4": {"train_loss_means": 0.1599522829055786, "val_loss_mean": 0.28741005063056946, "val_f1_majority_bin": 0.7067395264116575, "val_f1_majority_macro": 0.7560299808600004, "val_acc_majority": 0.7659883720930233, "val_f1_individual_binary": 0.659821669818968, "val_f1_individual_macro": 0.7305422476955928, "val_acc_individual": 0.7491032283778398, "train_time_millis": 30204.532089002896, "eval_time_millis": 5566.78679700417}, "Epoch5": {"train_loss_means": 0.15023203194141388, "val_loss_mean": 0.29673534631729126, "val_f1_majority_bin": 0.7015576323987539, "val_f1_majority_macro": 0.7558521416056394, "val_acc_majority": 0.7679263565891473, "val_f1_individual_binary": 0.6583333333333333, "val_f1_individual_macro": 0.733610420551067, "val_acc_individual": 0.7548824232762057, "train_time_millis": 30159.48026299884, "eval_time_millis": 5541.062693999265}, "Epoch6": {"train_loss_means": 0.14293432235717773, "val_loss_mean": 0.35407203435897827, "val_f1_majority_bin": 0.6983930778739185, "val_f1_majority_macro": 0.7519853835584731, "val_acc_majority": 0.7635658914728682, "val_f1_individual_binary": 0.6529379461834157, "val_f1_individual_macro": 0.7276263080932719, "val_acc_individual": 0.7481068154643284, "train_time_millis": 30202.003834005154, "eval_time_millis": 5583.083092002198}, "Epoch7": {"train_loss_means": 0.1373569518327713, "val_loss_mean": 0.3443709909915924, "val_f1_majority_bin": 0.6884012539184954, "val_f1_majority_macro": 0.7460956131416401, "val_acc_majority": 0.7592054263565892, "val_f1_individual_binary": 0.6482102908277405, "val_f1_individual_macro": 0.7267367243612386, "val_acc_individual": 0.749302510960542, "train_time_millis": 30183.402306996868, "eval_time_millis": 5540.317268001672}, "Epoch8": {"train_loss_means": 0.1329815685749054, "val_loss_mean": 0.38628003001213074, "val_f1_majority_bin": 0.6869841269841269, "val_f1_majority_macro": 0.746938988678119, "val_acc_majority": 0.7611434108527132, "val_f1_individual_binary": 0.6464932126696833, "val_f1_individual_macro": 0.7270927601809954, "val_acc_individual": 0.7508967716221602, "train_time_millis": 30261.751110003388, "eval_time_millis": 5603.927627998928}, "Epoch9": {"train_loss_means": 0.12866872549057007, "val_loss_mean": 0.42270952463150024, "val_f1_majority_bin": 0.6804123711340206, "val_f1_majority_macro": 0.7439328936415445, "val_acc_majority": 0.7596899224806202, "val_f1_individual_binary": 0.6428159261396422, "val_f1_individual_macro": 0.7271918291276598, "val_acc_individual": 0.7532881626145875, "train_time_millis": 30288.642028004688, "eval_time_millis": 5586.836603994016}, "Test_results": {"test_f1_majority_binary": 0.6945716154349247, "test_f1_majority_macro": 0.7574435606993786, "test_acc_majority": 0.7737403100775194, "test_f1_individual_binary": 0.6556701030927835, "test_f1_individual_macro": 0.7398211982110507, "test_acc_individual": 0.7670386608210442, "test_time_millis": 5581.8848260023515, "dataset_size": 10304, "number_of_annotations": 25100, "train_size": 15019, "val_size": 5018, "test_size": 5063}}