{"Epoch0": {"train_loss_means": 0.0314384326338768, "val_loss_mean": 0.03618558868765831, "val_f1_majority_bin": 0.0, "val_f1_majority_macro": 0.4773480662983426, "val_acc_majority": 0.9133192389006343, "val_f1_individual_binary": 0.0, "val_f1_individual_macro": 0.478176527643065, "val_acc_individual": 0.9163568773234201, "train_time_millis": 1705.3474290005397, "eval_time_millis": 2235.579232999953}, "Epoch1": {"train_loss_means": 0.030503878369927406, "val_loss_mean": 0.03569507598876953, "val_f1_majority_bin": 0.15217391304347827, "val_f1_majority_macro": 0.5304195092149475, "val_acc_majority": 0.8350951374207188, "val_f1_individual_binary": 0.13592233009708737, "val_f1_individual_macro": 0.5222263243496742, "val_acc_individual": 0.8345724907063197, "train_time_millis": 1703.9526419994218, "eval_time_millis": 2235.9501880000607}, "Epoch2": {"train_loss_means": 0.030077828094363213, "val_loss_mean": 0.03526394069194794, "val_f1_majority_bin": 0.1702127659574468, "val_f1_majority_macro": 0.5393317350913994, "val_acc_majority": 0.8350951374207188, "val_f1_individual_binary": 0.15384615384615385, "val_f1_individual_macro": 0.5316555872111428, "val_acc_individual": 0.8364312267657993, "train_time_millis": 1707.8740180004388, "eval_time_millis": 2234.5794120010396}, "Epoch3": {"train_loss_means": 0.028982076793909073, "val_loss_mean": 0.03498261794447899, "val_f1_majority_bin": 0.20512820512820512, "val_f1_majority_macro": 0.5668498168498168, "val_acc_majority": 0.86892177589852, "val_f1_individual_binary": 0.18604651162790695, "val_f1_individual_macro": 0.5576697204604181, "val_acc_individual": 0.8698884758364313, "train_time_millis": 1700.5578919997788, "eval_time_millis": 2242.094939998424}, "Epoch4": {"train_loss_means": 0.02850187011063099, "val_loss_mean": 0.03457527607679367, "val_f1_majority_bin": 0.22857142857142856, "val_f1_majority_macro": 0.5834637964774951, "val_acc_majority": 0.8858350951374208, "val_f1_individual_binary": 0.2162162162162162, "val_f1_individual_macro": 0.5791659923396449, "val_acc_individual": 0.8921933085501859, "train_time_millis": 1710.2273860000423, "eval_time_millis": 2234.9424659987562}, "Epoch5": {"train_loss_means": 0.026936665177345276, "val_loss_mean": 0.033974118530750275, "val_f1_majority_bin": 0.2195121951219512, "val_f1_majority_macro": 0.5727190605239385, "val_acc_majority": 0.864693446088795, "val_f1_individual_binary": 0.19565217391304343, "val_f1_individual_macro": 0.5602244609402616, "val_acc_individual": 0.862453531598513, "train_time_millis": 1684.7103149993927, "eval_time_millis": 2234.6176209994155}, "Epoch6": {"train_loss_means": 0.026270873844623566, "val_loss_mean": 0.03352370858192444, "val_f1_majority_bin": 0.20454545454545456, "val_f1_majority_macro": 0.5614801864801865, "val_acc_majority": 0.8520084566596194, "val_f1_individual_binary": 0.18556701030927833, "val_f1_individual_macro": 0.5524362119983572, "val_acc_individual": 0.8531598513011153, "train_time_millis": 1698.1256729995948, "eval_time_millis": 2250.2029960014625}, "Epoch7": {"train_loss_means": 0.024783583357930183, "val_loss_mean": 0.0331781841814518, "val_f1_majority_bin": 0.20454545454545456, "val_f1_majority_macro": 0.5614801864801865, "val_acc_majority": 0.8520084566596194, "val_f1_individual_binary": 0.18749999999999997, "val_f1_individual_macro": 0.553954081632653, "val_acc_individual": 0.8550185873605948, "train_time_millis": 1701.987428999928, "eval_time_millis": 2232.885202000034}, "Epoch8": {"train_loss_means": 0.023768389597535133, "val_loss_mean": 0.032907240092754364, "val_f1_majority_bin": 0.1935483870967742, "val_f1_majority_macro": 0.552811708202549, "val_acc_majority": 0.8414376321353065, "val_f1_individual_binary": 0.17475728155339806, "val_f1_individual_macro": 0.5436992985362057, "val_acc_individual": 0.8420074349442379, "train_time_millis": 1706.9912080005452, "eval_time_millis": 2233.1365549998736}, "Epoch9": {"train_loss_means": 0.023363767191767693, "val_loss_mean": 0.032621193677186966, "val_f1_majority_bin": 0.18749999999999997, "val_f1_majority_macro": 0.5478676470588235, "val_acc_majority": 0.8350951374207188, "val_f1_individual_binary": 0.16822429906542055, "val_f1_individual_macro": 0.5381885169217712, "val_acc_individual": 0.8345724907063197, "train_time_millis": 1700.7286539992492, "eval_time_millis": 2229.970776999835}, "Test_results": {"test_f1_majority_binary": 0.0, "test_f1_majority_macro": 0.4773480662983426, "test_acc_majority": 0.9133192389006343, "test_f1_individual_binary": 0.0, "test_f1_individual_macro": 0.478176527643065, "test_acc_individual": 0.9163568773234201, "test_time_millis": 2234.0513950002787, "dataset_size": 2437, "number_of_annotations": 2824, "train_size": 1722, "val_size": 538, "test_size": 564}}