{"Epoch0": {"train_loss_means": 0.1440625935792923, "val_loss_mean": 0.14148594439029694, "val_f1_majority_bin": 0.48173374613003095, "val_f1_majority_macro": 0.6965858446024189, "val_acc_majority": 0.8487258268570396, "val_f1_individual_binary": 0.4598306679209783, "val_f1_individual_macro": 0.676919431867234, "val_acc_individual": 0.8227887167458798, "train_time_millis": 36991.23846803559, "eval_time_millis": 13043.796536978334}, "Epoch1": {"train_loss_means": 0.12009038031101227, "val_loss_mean": 0.14311003684997559, "val_f1_majority_bin": 0.49044978434996916, "val_f1_majority_macro": 0.7014358420849708, "val_acc_majority": 0.8505331646484728, "val_f1_individual_binary": 0.46274803444402846, "val_f1_individual_macro": 0.6783437141917112, "val_acc_individual": 0.822850441330782, "train_time_millis": 36838.548534025904, "eval_time_millis": 10995.82075298531}, "Epoch2": {"train_loss_means": 0.10537194460630417, "val_loss_mean": 0.15335151553153992, "val_f1_majority_bin": 0.4418952618453865, "val_f1_majority_macro": 0.6591994795045275, "val_acc_majority": 0.7977589011386228, "val_f1_individual_binary": 0.4501856435643564, "val_f1_individual_macro": 0.6565832990741822, "val_acc_individual": 0.7806308252577001, "train_time_millis": 36933.78473300254, "eval_time_millis": 13032.578924961854}, "Epoch3": {"train_loss_means": 0.09379812330007553, "val_loss_mean": 0.16310399770736694, "val_f1_majority_bin": 0.4421380384016606, "val_f1_majority_macro": 0.662255144597482, "val_acc_majority": 0.805711187420929, "val_f1_individual_binary": 0.45025673940949934, "val_f1_individual_macro": 0.6596717399760527, "val_acc_individual": 0.7885315721251774, "train_time_millis": 37038.45133702271, "eval_time_millis": 13023.686681000981}, "Epoch4": {"train_loss_means": 0.08282934874296188, "val_loss_mean": 0.18540598452091217, "val_f1_majority_bin": 0.4425162689804773, "val_f1_majority_macro": 0.6655218516882434, "val_acc_majority": 0.8142056750406651, "val_f1_individual_binary": 0.4441112776944861, "val_f1_individual_macro": 0.6588524872127115, "val_acc_individual": 0.7940250601814702, "train_time_millis": 36901.233904995024, "eval_time_millis": 13030.544021981768}, "Epoch5": {"train_loss_means": 0.07729709148406982, "val_loss_mean": 0.21744883060455322, "val_f1_majority_bin": 0.4576271186440678, "val_f1_majority_macro": 0.6771784474459581, "val_acc_majority": 0.826495572022411, "val_f1_individual_binary": 0.4482877896921481, "val_f1_individual_macro": 0.6642265394741733, "val_acc_individual": 0.8030985741620887, "train_time_millis": 37111.98804300511, "eval_time_millis": 10990.199982014019}, "Epoch6": {"train_loss_means": 0.07288327813148499, "val_loss_mean": 0.21874718368053436, "val_f1_majority_bin": 0.4170295113691341, "val_f1_majority_macro": 0.6415628721419512, "val_acc_majority": 0.7822157961322971, "val_f1_individual_binary": 0.43659855769230765, "val_f1_individual_macro": 0.6454724319573167, "val_acc_individual": 0.7685328066168755, "train_time_millis": 36975.7371720043, "eval_time_millis": 13029.369904019404}, "Epoch7": {"train_loss_means": 0.07075904309749603, "val_loss_mean": 0.23914577066898346, "val_f1_majority_bin": 0.44835164835164837, "val_f1_majority_macro": 0.6698820755277601, "val_acc_majority": 0.8185432857401048, "val_f1_individual_binary": 0.4424211768673073, "val_f1_individual_macro": 0.6587460045494029, "val_acc_individual": 0.7958767977285353, "train_time_millis": 37013.43467598781, "eval_time_millis": 11760.01798803918}, "Epoch8": {"train_loss_means": 0.06797975301742554, "val_loss_mean": 0.2510215938091278, "val_f1_majority_bin": 0.4570446735395189, "val_f1_majority_macro": 0.677663967671047, "val_acc_majority": 0.8286643773721308, "val_f1_individual_binary": 0.4456902592852138, "val_f1_individual_macro": 0.6635808755030999, "val_acc_individual": 0.8047034133695451, "train_time_millis": 36902.56676101126, "eval_time_millis": 13029.01852899231}, "Epoch9": {"train_loss_means": 0.06700889766216278, "val_loss_mean": 0.2631836533546448, "val_f1_majority_bin": 0.46354475400118555, "val_f1_majority_macro": 0.6835262953287727, "val_acc_majority": 0.8364359298752937, "val_f1_individual_binary": 0.446331767256957, "val_f1_individual_macro": 0.6661463808742728, "val_acc_individual": 0.8108758718597617, "train_time_millis": 36782.1204700158, "eval_time_millis": 10984.2131799669}, "Test_results": {"test_f1_majority_binary": 0.49044978434996916, "test_f1_majority_macro": 0.7014358420849708, "test_acc_majority": 0.8505331646484728, "test_f1_individual_binary": 0.46274803444402846, "test_f1_individual_macro": 0.6783437141917112, "test_acc_individual": 0.822850441330782, "test_time_millis": 10996.456279011909, "dataset_size": 17286, "number_of_annotations": 49664, "train_size": 17234, "val_size": 16201, "test_size": 16229}}