{"Epoch0": {"train_loss_means": 0.2779722809791565, "val_loss_mean": 0.26391613483428955, "val_f1_majority_bin": 0.3733905579399141, "val_f1_majority_macro": 0.564006203339705, "val_acc_majority": 0.6473429951690821, "val_f1_individual_binary": 0.3447204968944099, "val_f1_individual_macro": 0.5408141137838633, "val_acc_individual": 0.6245551601423488, "train_time_millis": 2082.1967370575294, "eval_time_millis": 367.2626750776544}, "Epoch1": {"train_loss_means": 0.23745720088481903, "val_loss_mean": 0.2906818985939026, "val_f1_majority_bin": 0.3407079646017699, "val_f1_majority_macro": 0.5465998294769647, "val_acc_majority": 0.6400966183574879, "val_f1_individual_binary": 0.33333333333333337, "val_f1_individual_macro": 0.5385878489326765, "val_acc_individual": 0.6298932384341637, "train_time_millis": 2065.2610800461844, "eval_time_millis": 1021.5462199412286}, "Epoch2": {"train_loss_means": 0.15833720564842224, "val_loss_mean": 0.3151692748069763, "val_f1_majority_bin": 0.4041095890410959, "val_f1_majority_macro": 0.5397413616847271, "val_acc_majority": 0.5797101449275363, "val_f1_individual_binary": 0.3814303638644918, "val_f1_individual_macro": 0.520832342511157, "val_acc_individual": 0.5613879003558719, "train_time_millis": 2064.2623549792916, "eval_time_millis": 367.0693929307163}, "Epoch3": {"train_loss_means": 0.09839282929897308, "val_loss_mean": 0.41346824169158936, "val_f1_majority_bin": 0.3696857670979667, "val_f1_majority_macro": 0.5319280853427053, "val_acc_majority": 0.5881642512077294, "val_f1_individual_binary": 0.35973154362416104, "val_f1_individual_macro": 0.5211831370815416, "val_acc_individual": 0.5756227758007118, "train_time_millis": 2052.5571510661393, "eval_time_millis": 722.159156925045}, "Epoch4": {"train_loss_means": 0.06743523478507996, "val_loss_mean": 0.5533992648124695, "val_f1_majority_bin": 0.3720073664825046, "val_f1_majority_macro": 0.5328141055233727, "val_acc_majority": 0.5881642512077294, "val_f1_individual_binary": 0.37066666666666664, "val_f1_individual_macro": 0.5277899421450823, "val_acc_individual": 0.5800711743772242, "train_time_millis": 2078.9031910244375, "eval_time_millis": 671.6811879305169}, "Epoch5": {"train_loss_means": 0.053842149674892426, "val_loss_mean": 0.5900754928588867, "val_f1_majority_bin": 0.3747609942638623, "val_f1_majority_macro": 0.5430733479704131, "val_acc_majority": 0.605072463768116, "val_f1_individual_binary": 0.3651452282157676, "val_f1_individual_macro": 0.5320808108291952, "val_acc_individual": 0.5916370106761566, "train_time_millis": 2083.3170330151916, "eval_time_millis": 421.19125195313245}, "Epoch6": {"train_loss_means": 0.04332016780972481, "val_loss_mean": 0.7843378186225891, "val_f1_majority_bin": 0.35545023696682465, "val_f1_majority_macro": 0.5675144215628289, "val_acc_majority": 0.6714975845410628, "val_f1_individual_binary": 0.34843205574912894, "val_f1_individual_macro": 0.5625075451983399, "val_acc_individual": 0.6672597864768683, "train_time_millis": 2099.9903170159087, "eval_time_millis": 381.72751897946}, "Epoch7": {"train_loss_means": 0.03612759709358215, "val_loss_mean": 0.9900690913200378, "val_f1_majority_bin": 0.3120204603580562, "val_f1_majority_macro": 0.5496861195070912, "val_acc_majority": 0.6751207729468599, "val_f1_individual_binary": 0.3202979515828677, "val_f1_individual_macro": 0.5534862054816735, "val_acc_individual": 0.6752669039145908, "train_time_millis": 2117.5867540296167, "eval_time_millis": 367.69396101590246}, "Epoch8": {"train_loss_means": 0.033111363649368286, "val_loss_mean": 1.0431170463562012, "val_f1_majority_bin": 0.2978723404255319, "val_f1_majority_macro": 0.5458111702127659, "val_acc_majority": 0.6811594202898551, "val_f1_individual_binary": 0.3076923076923077, "val_f1_individual_macro": 0.5496794871794872, "val_acc_individual": 0.6797153024911032, "train_time_millis": 2063.7127079535276, "eval_time_millis": 416.34140396490693}, "Epoch9": {"train_loss_means": 0.030207283794879913, "val_loss_mean": 1.015781044960022, "val_f1_majority_bin": 0.30769230769230765, "val_f1_majority_macro": 0.5425133525692185, "val_acc_majority": 0.6630434782608695, "val_f1_individual_binary": 0.3195691202872531, "val_f1_individual_macro": 0.547720692609623, "val_acc_individual": 0.6628113879003559, "train_time_millis": 2064.1393839614466, "eval_time_millis": 367.25380504503846}, "Test_results": {"test_f1_majority_binary": 0.2978723404255319, "test_f1_majority_macro": 0.5458111702127659, "test_acc_majority": 0.6811594202898551, "test_f1_individual_binary": 0.3076923076923077, "test_f1_individual_macro": 0.5496794871794872, "test_acc_individual": 0.6797153024911032, "test_time_millis": 721.3355749845505, "dataset_size": 4427, "number_of_annotations": 6065, "train_size": 2450, "val_size": 1124, "test_size": 1382}}