{"Epoch0": {"train_loss_means": 2.3470938205718994, "val_loss_mean": 2.4513537883758545, "val_f1_majority_bin": 0.02251112461090088, "val_f1_majority_macro": 0.033352653033775465, "val_acc_majority": 0.03347424790263176, "val_f1_individual_binary": 0.0301204826682806, "val_f1_individual_macro": 0.3197067560775202, "val_acc_individual": 0.4429774284362793, "train_acc_means": 0.45773884654045105, "train_time_millis": 1764.9032617919147, "eval_time_millis": 43057.379935868084}, "Epoch1": {"train_loss_means": 2.277343988418579, "val_loss_mean": 2.4183945655822754, "val_f1_majority_bin": 0.022727273404598236, "val_f1_majority_macro": 0.32758113606683, "val_acc_majority": 0.4657924175262451, "val_f1_individual_binary": 0.030724916607141495, "val_f1_individual_macro": 0.34067221088315225, "val_acc_individual": 0.48637717962265015, "train_acc_means": 0.5010764002799988, "train_time_millis": 1774.305033031851, "eval_time_millis": 43123.28932620585}, "Epoch2": {"train_loss_means": 2.2099454402923584, "val_loss_mean": 2.398160457611084, "val_f1_majority_bin": 0.018717829138040543, "val_f1_majority_macro": 0.4595371039596613, "val_acc_majority": 0.8190837502479553, "val_f1_individual_binary": 0.030909471213817596, "val_f1_individual_macro": 0.36008769413211533, "val_acc_individual": 0.5294207334518433, "train_acc_means": 0.5549787878990173, "train_time_millis": 1783.5928206332028, "eval_time_millis": 43103.02453674376}, "Epoch3": {"train_loss_means": 2.135643243789673, "val_loss_mean": 2.380828380584717, "val_f1_majority_bin": 0.018691588193178177, "val_f1_majority_macro": 0.5001166478688353, "val_acc_majority": 0.9637649655342102, "val_f1_individual_binary": 0.0306890569627285, "val_f1_individual_macro": 0.37890976248385105, "val_acc_individual": 0.5741433501243591, "train_acc_means": 0.5909097790718079, "train_time_millis": 1779.4788479804993, "eval_time_millis": 43127.3888470605}, "Epoch4": {"train_loss_means": 2.155827522277832, "val_loss_mean": 2.364934206008911, "val_f1_majority_bin": 0.0, "val_f1_majority_macro": 0.495670713135796, "val_acc_majority": 0.9828314781188965, "val_f1_individual_binary": 0.029550455510616302, "val_f1_individual_macro": 0.39171461847273154, "val_acc_individual": 0.6073418259620667, "train_acc_means": 0.6571232676506042, "train_time_millis": 1932.5052574276924, "eval_time_millis": 43148.275420069695}, "Epoch5": {"train_loss_means": 2.0357825756073, "val_loss_mean": 2.352057933807373, "val_f1_majority_bin": 0.0, "val_f1_majority_macro": 0.49685288883101103, "val_acc_majority": 0.9874902963638306, "val_f1_individual_binary": 0.029272964224219322, "val_f1_individual_macro": 0.4037484713973062, "val_acc_individual": 0.6389376521110535, "train_acc_means": 0.6722487807273865, "train_time_millis": 1786.5517120808363, "eval_time_millis": 43347.82880498096}, "Epoch6": {"train_loss_means": 2.0107645988464355, "val_loss_mean": 2.3414957523345947, "val_f1_majority_bin": 0.0, "val_f1_majority_macro": 0.49700572817219235, "val_acc_majority": 0.9880942106246948, "val_f1_individual_binary": 0.030305325984954834, "val_f1_individual_macro": 0.41732940072556307, "val_acc_individual": 0.674400269985199, "train_acc_means": 0.6910662055015564, "train_time_millis": 1784.8484511487186, "eval_time_millis": 43320.9296730347}, "Epoch7": {"train_loss_means": 1.9830241203308105, "val_loss_mean": 2.3362321853637695, "val_f1_majority_bin": 0.0, "val_f1_majority_macro": 0.49709302325581395, "val_acc_majority": 0.9884393215179443, "val_f1_individual_binary": 0.027812696993350983, "val_f1_individual_macro": 0.42000742576217204, "val_acc_individual": 0.6852120161056519, "train_acc_means": 0.7566718459129333, "train_time_millis": 1779.4023719616234, "eval_time_millis": 43172.62721667066}, "Epoch8": {"train_loss_means": 1.9945573806762695, "val_loss_mean": 2.325721263885498, "val_f1_majority_bin": 0.0, "val_f1_majority_macro": 0.49709302325581395, "val_acc_majority": 0.9884393215179443, "val_f1_individual_binary": 0.02709297463297844, "val_f1_individual_macro": 0.4269101902841002, "val_acc_individual": 0.705843448638916, "train_acc_means": 0.7598469853401184, "train_time_millis": 1788.1636628881097, "eval_time_millis": 43356.390143278986}, "Epoch9": {"train_loss_means": 1.9011181592941284, "val_loss_mean": 2.319164514541626, "val_f1_majority_bin": 0.0, "val_f1_majority_macro": 0.49709302325581395, "val_acc_majority": 0.9884393215179443, "val_f1_individual_binary": 0.027450257912278175, "val_f1_individual_macro": 0.43582010844797137, "val_acc_individual": 0.7314100861549377, "train_acc_means": 0.790502667427063, "train_time_millis": 1783.1839499995112, "eval_time_millis": 43170.611661393195}, "Test_results": {"test_f1_majority_binary": 0.0, "test_f1_majority_macro": 0.49691867025431824, "test_acc_majority": 0.9877501726150513, "test_f1_individual_binary": 0.03086649253964424, "test_f1_individual_macro": 0.43886275822486526, "test_acc_individual": 0.7355120182037354, "test_time_millis": 43185.6584539637, "dataset_size": 23444, "number_of_annotations": 79621}}