{"Epoch0": {"train_loss_means": 1.2780104875564575, "val_loss_mean": 1.211178183555603, "val_f1_majority_bin": 0.0, "val_f1_majority_macro": 0.41768393269548004, "val_acc_majority": 0.7172804474830627, "val_f1_individual_binary": 0.31192660331726074, "val_f1_individual_macro": 0.5602812615354144, "val_acc_individual": 0.7005528211593628, "train_acc_means": 0.6301807165145874, "train_time_millis": 81112.75386204943, "eval_time_millis": 19662.710305768996}, "Epoch1": {"train_loss_means": 1.2436761856079102, "val_loss_mean": 1.19805908203125, "val_f1_majority_bin": 0.0, "val_f1_majority_macro": 0.41768393269548004, "val_acc_majority": 0.7172804474830627, "val_f1_individual_binary": 0.30158731341362, "val_f1_individual_macro": 0.5563730499352817, "val_acc_individual": 0.7027027010917664, "train_acc_means": 0.6803454756736755, "train_time_millis": 80069.19681094587, "eval_time_millis": 19744.67012193054}, "Epoch2": {"train_loss_means": 1.195024013519287, "val_loss_mean": 1.1887637376785278, "val_f1_majority_bin": 0.015748031437397003, "val_f1_majority_macro": 0.4251473446692757, "val_acc_majority": 0.7167139053344727, "val_f1_individual_binary": 0.3145442008972168, "val_f1_individual_macro": 0.560227759666245, "val_acc_individual": 0.6974815726280212, "train_acc_means": 0.7064070105552673, "train_time_millis": 80475.84525216371, "eval_time_millis": 19733.041109051555}, "Epoch3": {"train_loss_means": 1.0605463981628418, "val_loss_mean": 1.1923255920410156, "val_f1_majority_bin": 0.1538461595773697, "val_f1_majority_macro": 0.49063385454927066, "val_acc_majority": 0.7133144736289978, "val_f1_individual_binary": 0.3178239166736603, "val_f1_individual_macro": 0.5657545739333902, "val_acc_individual": 0.7073096036911011, "train_acc_means": 0.7630452513694763, "train_time_millis": 80704.09641414881, "eval_time_millis": 19734.654815401882}, "Epoch4": {"train_loss_means": 0.8973090052604675, "val_loss_mean": 1.2299103736877441, "val_f1_majority_bin": 0.24099722504615784, "val_f1_majority_macro": 0.5229202673801011, "val_acc_majority": 0.689518392086029, "val_f1_individual_binary": 0.3464052379131317, "val_f1_individual_macro": 0.5728413136966282, "val_acc_individual": 0.6928746700286865, "train_acc_means": 0.8204386234283447, "train_time_millis": 80672.97324398533, "eval_time_millis": 19785.52495315671}, "Test_results": {"test_f1_majority_binary": 0.2430647313594818, "test_f1_majority_macro": 0.517236769402336, "test_acc_majority": 0.6729452013969421, "test_f1_individual_binary": 0.3499377369880676, "test_f1_individual_macro": 0.5669390654251854, "test_acc_individual": 0.6756756901741028, "test_time_millis": 19621.265235822648, "dataset_size": 8960, "number_of_annotations": 16524}}