{"Epoch0": {"train_loss_means": 0.14570049941539764, "val_loss_mean": 0.11447612941265106, "val_f1_majority_bin": 0.6449511400651465, "val_f1_majority_macro": 0.7613083421986787, "val_acc_majority": 0.8180300500834724, "val_f1_individual_binary": 0.5848670756646217, "val_f1_individual_macro": 0.7282336643345246, "val_acc_individual": 0.8038647342995169, "train_time_millis": 3704.0610699998524, "eval_time_millis": 2917.374056999961}, "Epoch1": {"train_loss_means": 0.09976834803819656, "val_loss_mean": 0.09896469116210938, "val_f1_majority_bin": 0.6714285714285715, "val_f1_majority_macro": 0.7856053532524121, "val_acc_majority": 0.8464106844741235, "val_f1_individual_binary": 0.6244343891402715, "val_f1_individual_macro": 0.7612343935873347, "val_acc_individual": 0.8396135265700483, "train_time_millis": 3608.73433200004, "eval_time_millis": 2765.556722000156}, "Epoch2": {"train_loss_means": 0.07487756758928299, "val_loss_mean": 0.10164956003427505, "val_f1_majority_bin": 0.7099567099567099, "val_f1_majority_macro": 0.8203351285047251, "val_acc_majority": 0.8881469115191987, "val_f1_individual_binary": 0.6852367688022284, "val_f1_individual_macro": 0.8095967596202842, "val_acc_individual": 0.8908212560386474, "train_time_millis": 3700.3386290000435, "eval_time_millis": 2901.9925430000058}, "Epoch3": {"train_loss_means": 0.0577072873711586, "val_loss_mean": 0.09903062880039215, "val_f1_majority_bin": 0.7237354085603112, "val_f1_majority_macro": 0.8241418806882321, "val_acc_majority": 0.8814691151919867, "val_f1_individual_binary": 0.6749379652605458, "val_f1_individual_macro": 0.7981768410585872, "val_acc_individual": 0.8734299516908213, "train_time_millis": 3731.854427999906, "eval_time_millis": 2915.3625840001496}, "Epoch4": {"train_loss_means": 0.047607485204935074, "val_loss_mean": 0.11974693089723587, "val_f1_majority_bin": 0.6821705426356588, "val_f1_majority_macro": 0.7974682500412337, "val_acc_majority": 0.8631051752921536, "val_f1_individual_binary": 0.6403940886699507, "val_f1_individual_macro": 0.776326852027283, "val_acc_individual": 0.8589371980676328, "train_time_millis": 3558.835171000055, "eval_time_millis": 2912.465873000201}, "Epoch5": {"train_loss_means": 0.041628070175647736, "val_loss_mean": 0.13659504055976868, "val_f1_majority_bin": 0.7454545454545455, "val_f1_majority_macro": 0.8440974158765571, "val_acc_majority": 0.9065108514190318, "val_f1_individual_binary": 0.7155425219941348, "val_f1_individual_macro": 0.8297203645251183, "val_acc_individual": 0.9062801932367149, "train_time_millis": 3778.5499970000274, "eval_time_millis": 2908.734991000074}, "Epoch6": {"train_loss_means": 0.04003968462347984, "val_loss_mean": 0.12345355749130249, "val_f1_majority_bin": 0.703125, "val_f1_majority_macro": 0.8112227972399151, "val_acc_majority": 0.8731218697829716, "val_f1_individual_binary": 0.6567164179104478, "val_f1_individual_macro": 0.7869913024804038, "val_acc_individual": 0.8666666666666667, "train_time_millis": 3679.8311889999695, "eval_time_millis": 2905.4571159999796}, "Epoch7": {"train_loss_means": 0.0380159355700016, "val_loss_mean": 0.14708508551120758, "val_f1_majority_bin": 0.7168141592920354, "val_f1_majority_macro": 0.8254852689464293, "val_acc_majority": 0.8931552587646077, "val_f1_individual_binary": 0.6951566951566951, "val_f1_individual_macro": 0.8164556017959159, "val_acc_individual": 0.8966183574879227, "train_time_millis": 3798.834379000027, "eval_time_millis": 2908.094121999966}, "Epoch8": {"train_loss_means": 0.03517407551407814, "val_loss_mean": 0.18509835004806519, "val_f1_majority_bin": 0.7087378640776699, "val_f1_majority_macro": 0.824126996554964, "val_acc_majority": 0.8998330550918197, "val_f1_individual_binary": 0.6984126984126984, "val_f1_individual_macro": 0.8221408221408222, "val_acc_individual": 0.9082125603864735, "train_time_millis": 3868.002053999817, "eval_time_millis": 2874.48682299987}, "Epoch9": {"train_loss_means": 0.034217387437820435, "val_loss_mean": 0.17600370943546295, "val_f1_majority_bin": 0.7162790697674418, "val_f1_majority_macro": 0.8271120679457759, "val_acc_majority": 0.8981636060100167, "val_f1_individual_binary": 0.6969696969696969, "val_f1_individual_macro": 0.8197492163009403, "val_acc_individual": 0.9033816425120773, "train_time_millis": 3693.958106000082, "eval_time_millis": 2909.7881959999086}, "Test_results": {"test_f1_majority_binary": 0.7454545454545455, "test_f1_majority_macro": 0.8440974158765571, "test_acc_majority": 0.9065108514190318, "test_f1_individual_binary": 0.7155425219941348, "test_f1_individual_macro": 0.8297203645251183, "test_acc_individual": 0.9062801932367149, "test_time_millis": 2930.2933120000034, "dataset_size": 2025, "number_of_annotations": 3549, "train_size": 1472, "val_size": 1035, "test_size": 1042}}