{"Epoch0": {"train_loss_means": 0.04435989260673523, "val_loss_mean": 0.049406662583351135, "val_f1_majority_bin": 0.07048458149779735, "val_f1_majority_macro": 0.49927229415837704, "val_acc_majority": 0.8664556962025316, "val_f1_individual_binary": 0.08860759493670886, "val_f1_individual_macro": 0.5066390140408591, "val_acc_individual": 0.8608426749130267, "train_time_millis": 4827.34628199978, "eval_time_millis": 4229.6585210024205}, "Epoch1": {"train_loss_means": 0.04109162464737892, "val_loss_mean": 0.047355182468891144, "val_f1_majority_bin": 0.1312741312741313, "val_f1_majority_macro": 0.5268573345098682, "val_acc_majority": 0.8575949367088608, "val_f1_individual_binary": 0.15486725663716816, "val_f1_individual_macro": 0.5369846660144757, "val_acc_individual": 0.8523386161577117, "train_time_millis": 4839.473072999681, "eval_time_millis": 4211.053459999675}, "Epoch2": {"train_loss_means": 0.036058004945516586, "val_loss_mean": 0.04356352984905243, "val_f1_majority_bin": 0.17665615141955834, "val_f1_majority_macro": 0.5424258597407323, "val_acc_majority": 0.8348101265822785, "val_f1_individual_binary": 0.18664226898444647, "val_f1_individual_macro": 0.5452930415694788, "val_acc_individual": 0.8281793583301121, "train_time_millis": 4842.071873998066, "eval_time_millis": 4196.491709997645}, "Epoch3": {"train_loss_means": 0.030497662723064423, "val_loss_mean": 0.04071442782878876, "val_f1_majority_bin": 0.17714285714285713, "val_f1_majority_macro": 0.537325876970005, "val_acc_majority": 0.8177215189873418, "val_f1_individual_binary": 0.18858560794044663, "val_f1_individual_macro": 0.5406217239833538, "val_acc_individual": 0.8103981445689988, "train_time_millis": 4834.660597000038, "eval_time_millis": 4200.333726003009}, "Epoch4": {"train_loss_means": 0.026216480880975723, "val_loss_mean": 0.04117933288216591, "val_f1_majority_bin": 0.20945945945945948, "val_f1_majority_macro": 0.5638777744224672, "val_acc_majority": 0.8518987341772152, "val_f1_individual_binary": 0.21574344023323613, "val_f1_individual_macro": 0.5645730829237863, "val_acc_individual": 0.8440278314650174, "train_time_millis": 4823.6886380000215, "eval_time_millis": 3151.5097429983143}, "Epoch5": {"train_loss_means": 0.022184167057275772, "val_loss_mean": 0.0419393926858902, "val_f1_majority_bin": 0.21290322580645163, "val_f1_majority_macro": 0.5636445953593662, "val_acc_majority": 0.8455696202531645, "val_f1_individual_binary": 0.2185185185185185, "val_f1_individual_macro": 0.5637262424271487, "val_acc_individual": 0.836876691148048, "train_time_millis": 4940.080936001323, "eval_time_millis": 4112.518406996969}, "Epoch6": {"train_loss_means": 0.019751759245991707, "val_loss_mean": 0.044730350375175476, "val_f1_majority_bin": 0.2127659574468085, "val_f1_majority_macro": 0.5678145284106871, "val_acc_majority": 0.859493670886076, "val_f1_individual_binary": 0.22713567839195983, "val_f1_individual_macro": 0.5724580348551267, "val_acc_individual": 0.8513722458446077, "train_time_millis": 4811.455045000912, "eval_time_millis": 4162.47703299814}, "Epoch7": {"train_loss_means": 0.018031056970357895, "val_loss_mean": 0.046902067959308624, "val_f1_majority_bin": 0.22140221402214028, "val_f1_majority_macro": 0.5741832807736177, "val_acc_majority": 0.8664556962025316, "val_f1_individual_binary": 0.23036649214659685, "val_f1_individual_macro": 0.5760583658433399, "val_acc_individual": 0.8579435639737147, "train_time_millis": 4847.17001700119, "eval_time_millis": 4184.38690900075}, "Epoch8": {"train_loss_means": 0.01711597852408886, "val_loss_mean": 0.049932144582271576, "val_f1_majority_bin": 0.2074688796680498, "val_f1_majority_macro": 0.5710177560382044, "val_acc_majority": 0.8791139240506329, "val_f1_individual_binary": 0.22274881516587677, "val_f1_individual_macro": 0.5768626230711539, "val_acc_individual": 0.8732122149207576, "train_time_millis": 4827.3304409995035, "eval_time_millis": 4194.010879997222}, "Epoch9": {"train_loss_means": 0.01640148088335991, "val_loss_mean": 0.05115838721394539, "val_f1_majority_bin": 0.20689655172413793, "val_f1_majority_macro": 0.5720275108347466, "val_acc_majority": 0.8835443037974684, "val_f1_individual_binary": 0.23039215686274506, "val_f1_individual_macro": 0.5822544082677132, "val_acc_individual": 0.87862388867414, "train_time_millis": 4834.476382999128, "eval_time_millis": 4171.168045999366}, "Test_results": {"test_f1_majority_binary": 0.20689655172413793, "test_f1_majority_macro": 0.5720275108347466, "test_acc_majority": 0.8835443037974684, "test_f1_individual_binary": 0.23039215686274506, "test_f1_individual_macro": 0.5822544082677132, "test_acc_individual": 0.87862388867414, "test_time_millis": 4213.49854899745, "dataset_size": 4607, "number_of_annotations": 15366, "train_size": 5150, "val_size": 5174, "test_size": 5042}}