{"Epoch0": {"train_loss_means": 0.6398728489875793, "val_loss_mean": 0.5339719653129578, "val_f1_majority_bin": 0.0, "val_f1_majority_macro": 0.492770088824623, "val_acc_majority": 0.97149258852005, "val_f1_individual_binary": 0.0, "val_f1_individual_macro": 0.4941370147874307, "val_acc_individual": 0.9768198728561401, "train_acc_means": 0.7823092937469482, "train_time_millis": 7606.917232275009, "eval_time_millis": 17224.522019270808}, "Epoch1": {"train_loss_means": 0.5086788535118103, "val_loss_mean": 0.5142043232917786, "val_f1_majority_bin": 0.012539184652268887, "val_f1_majority_macro": 0.49811952779343593, "val_acc_majority": 0.9679291248321533, "val_f1_individual_binary": 0.029106028378009796, "val_f1_individual_macro": 0.5077944976639583, "val_acc_individual": 0.9733371138572693, "train_acc_means": 0.96875, "train_time_millis": 7625.947966240346, "eval_time_millis": 17253.452801145613}, "Epoch2": {"train_loss_means": 0.4058932065963745, "val_loss_mean": 0.5258443355560303, "val_f1_majority_bin": 0.08310249447822571, "val_f1_majority_macro": 0.5329685571218488, "val_acc_majority": 0.9663001298904419, "val_f1_individual_binary": 0.08617594093084335, "val_f1_individual_macro": 0.5357053820019216, "val_acc_individual": 0.9709392189979553, "train_acc_means": 0.9719279408454895, "train_time_millis": 7646.273524966091, "eval_time_millis": 17417.906771879643}, "Epoch3": {"train_loss_means": 0.2782174348831177, "val_loss_mean": 0.6218314170837402, "val_f1_majority_bin": 0.06727828830480576, "val_f1_majority_macro": 0.5257445431200259, "val_acc_majority": 0.9689472317695618, "val_f1_individual_binary": 0.07676767557859421, "val_f1_individual_macro": 0.5317673623450372, "val_acc_individual": 0.9739080667495728, "train_acc_means": 0.9804025292396545, "train_time_millis": 7638.061627279967, "eval_time_millis": 17250.50424505025}, "Test_results": {"test_f1_majority_binary": 0.08510638028383255, "test_f1_majority_macro": 0.5347475797472321, "test_acc_majority": 0.9693014025688171, "test_f1_individual_binary": 0.0777096077799797, "test_f1_individual_macro": 0.5322798866368382, "test_acc_individual": 0.9740700125694275, "test_time_millis": 17383.935993071645, "dataset_size": 21501, "number_of_annotations": 21501}}