{"Epoch0": {"train_loss_means": 1.1436405181884766, "val_loss_mean": 1.1061452627182007, "val_f1_majority_bin": 0.0, "val_f1_majority_macro": 0.41294551413355185, "val_acc_majority": 0.7034193873405457, "val_f1_individual_binary": 0.325719952583313, "val_f1_individual_macro": 0.5729262053045897, "val_acc_individual": 0.7160183787345886, "train_acc_means": 0.6525375843048096, "train_time_millis": 23505.007654894143, "eval_time_millis": 3721.0006410023198}, "Epoch1": {"train_loss_means": 1.0931947231292725, "val_loss_mean": 1.0977729558944702, "val_f1_majority_bin": 0.0, "val_f1_majority_macro": 0.41294551413355185, "val_acc_majority": 0.7034193873405457, "val_f1_individual_binary": 0.3453815281391144, "val_f1_individual_macro": 0.5865840541245807, "val_acc_individual": 0.7273107767105103, "train_acc_means": 0.7252476811408997, "train_time_millis": 23045.054917922243, "eval_time_millis": 3830.551451072097}, "Epoch2": {"train_loss_means": 1.0229017734527588, "val_loss_mean": 1.1283042430877686, "val_f1_majority_bin": 0.0, "val_f1_majority_macro": 0.4124641246412464, "val_acc_majority": 0.7020237445831299, "val_f1_individual_binary": 0.30263158679008484, "val_f1_individual_macro": 0.5515309589196229, "val_acc_individual": 0.6896696090698242, "train_acc_means": 0.7552930116653442, "train_time_millis": 23198.27928894665, "eval_time_millis": 3748.2246849685907}, "Test_results": {"test_f1_majority_binary": 0.0181818176060915, "test_f1_majority_macro": 0.4202020202020202, "test_acc_majority": 0.698954701423645, "test_f1_individual_binary": 0.3680870234966278, "test_f1_individual_macro": 0.5881700651343529, "test_acc_individual": 0.7057830095291138, "test_time_millis": 3732.8874460654333, "dataset_size": 7388, "number_of_annotations": 12309}}