{"Epoch0": {"train_loss_means": 2.4409141540527344, "val_loss_mean": 2.333815336227417, "val_f1_majority_bin": 0.0, "val_f1_majority_macro": 0.4976838448176028, "val_acc_majority": 0.9907780885696411, "val_f1_individual_binary": 0.007633587811142206, "val_f1_individual_macro": 0.4929435921534175, "val_acc_individual": 0.9574398398399353, "train_acc_means": 0.770513653755188, "train_time_millis": 20554.04739000005, "eval_time_millis": 4659.10708499996}, "Epoch1": {"train_loss_means": 2.359631299972534, "val_loss_mean": 2.2491729259490967, "val_f1_majority_bin": 0.0, "val_f1_majority_macro": 0.4976838448176028, "val_acc_majority": 0.9907780885696411, "val_f1_individual_binary": 0.0, "val_f1_individual_macro": 0.49332338060877495, "val_acc_individual": 0.9736454486846924, "train_acc_means": 0.9631549715995789, "train_time_millis": 20649.023774999932, "eval_time_millis": 4691.264799999772}, "Epoch2": {"train_loss_means": 2.269308567047119, "val_loss_mean": 2.1796772480010986, "val_f1_majority_bin": 0.0, "val_f1_majority_macro": 0.4976838448176028, "val_acc_majority": 0.9907780885696411, "val_f1_individual_binary": 0.0, "val_f1_individual_macro": 0.4959986799768996, "val_acc_individual": 0.9841217994689941, "train_acc_means": 0.9770651459693909, "train_time_millis": 20748.38971300005, "eval_time_millis": 4672.270064999793}, "Epoch3": {"train_loss_means": 2.1889150142669678, "val_loss_mean": 2.1203818321228027, "val_f1_majority_bin": 0.0, "val_f1_majority_macro": 0.4976838448176028, "val_acc_majority": 0.9907780885696411, "val_f1_individual_binary": 0.0, "val_f1_individual_macro": 0.4961233916199274, "val_acc_individual": 0.9846128821372986, "train_acc_means": 0.9842194318771362, "train_time_millis": 20711.097875000178, "eval_time_millis": 4663.851903999785}, "Epoch4": {"train_loss_means": 2.1319737434387207, "val_loss_mean": 2.075683355331421, "val_f1_majority_bin": 0.0, "val_f1_majority_macro": 0.4976838448176028, "val_acc_majority": 0.9907780885696411, "val_f1_individual_binary": 0.0, "val_f1_individual_macro": 0.4961233916199274, "val_acc_individual": 0.9846128821372986, "train_acc_means": 0.9853419065475464, "train_time_millis": 20904.02328800019, "eval_time_millis": 4705.126693999773}, "Epoch5": {"train_loss_means": 2.078950881958008, "val_loss_mean": 2.037860870361328, "val_f1_majority_bin": 0.0, "val_f1_majority_macro": 0.4976838448176028, "val_acc_majority": 0.9907780885696411, "val_f1_individual_binary": 0.0, "val_f1_individual_macro": 0.4961233916199274, "val_acc_individual": 0.9846128821372986, "train_acc_means": 0.9852741956710815, "train_time_millis": 20806.351808000272, "eval_time_millis": 4685.409829000037}, "Epoch6": {"train_loss_means": 2.030514717102051, "val_loss_mean": 2.0096163749694824, "val_f1_majority_bin": 0.0, "val_f1_majority_macro": 0.4976838448176028, "val_acc_majority": 0.9907780885696411, "val_f1_individual_binary": 0.0, "val_f1_individual_macro": 0.4961233916199274, "val_acc_individual": 0.9846128821372986, "train_acc_means": 0.9851551055908203, "train_time_millis": 20733.705088999614, "eval_time_millis": 4676.897335999911}, "Epoch7": {"train_loss_means": 1.989702820777893, "val_loss_mean": 1.9967623949050903, "val_f1_majority_bin": 0.0, "val_f1_majority_macro": 0.4976838448176028, "val_acc_majority": 0.9907780885696411, "val_f1_individual_binary": 0.0, "val_f1_individual_macro": 0.4961233916199274, "val_acc_individual": 0.9846128821372986, "train_acc_means": 0.9852286577224731, "train_time_millis": 20899.797406999824, "eval_time_millis": 4722.498353999981}, "Epoch8": {"train_loss_means": 1.952870488166809, "val_loss_mean": 1.9631482362747192, "val_f1_majority_bin": 0.0, "val_f1_majority_macro": 0.4976838448176028, "val_acc_majority": 0.9907780885696411, "val_f1_individual_binary": 0.0, "val_f1_individual_macro": 0.4961233916199274, "val_acc_individual": 0.9846128821372986, "train_acc_means": 0.9852239489555359, "train_time_millis": 20775.79404700009, "eval_time_millis": 4722.753267999906}, "Epoch9": {"train_loss_means": 1.9195269346237183, "val_loss_mean": 1.9441860914230347, "val_f1_majority_bin": 0.0, "val_f1_majority_macro": 0.4976838448176028, "val_acc_majority": 0.9907780885696411, "val_f1_individual_binary": 0.0, "val_f1_individual_macro": 0.4961233916199274, "val_acc_individual": 0.9846128821372986, "train_acc_means": 0.9853380918502808, "train_time_millis": 20633.248239000295, "eval_time_millis": 4616.468614000041}, "Test_results": {"test_f1_majority_binary": 0.0, "test_f1_majority_macro": 0.49717177731467704, "test_acc_majority": 0.9887507557868958, "test_f1_individual_binary": 0.0, "test_f1_individual_macro": 0.49633418584825234, "test_acc_individual": 0.9854434728622437, "test_time_millis": 4553.935990999889, "dataset_size": 8684, "number_of_annotations": 30497}}