{"Epoch0": {"train_loss_means": 0.28333958983421326, "val_loss_mean": 0.2839857041835785, "val_f1_majority_bin": 0.48574445617740225, "val_f1_majority_macro": 0.5821461554814404, "val_acc_majority": 0.6043866774979691, "val_f1_individual_binary": 0.4938271604938272, "val_f1_individual_macro": 0.5902991853936768, "val_acc_individual": 0.6130153999006458, "train_time_millis": 68131.35065400001, "eval_time_millis": 8520.226573999935}, "Epoch1": {"train_loss_means": 0.2558881342411041, "val_loss_mean": 0.2975223958492279, "val_f1_majority_bin": 0.42152466367713004, "val_f1_majority_macro": 0.602842644164276, "val_acc_majority": 0.685621445978879, "val_f1_individual_binary": 0.4285714285714286, "val_f1_individual_macro": 0.6041687149739455, "val_acc_individual": 0.682066567312469, "train_time_millis": 68373.72643799972, "eval_time_millis": 9186.842845000683}, "Epoch2": {"train_loss_means": 0.20063617825508118, "val_loss_mean": 0.31601306796073914, "val_f1_majority_bin": 0.4812362030905077, "val_f1_majority_macro": 0.5895898239102924, "val_acc_majority": 0.6181965881397238, "val_f1_individual_binary": 0.489159891598916, "val_f1_individual_macro": 0.596736808544556, "val_acc_individual": 0.6254346746150025, "train_time_millis": 68443.9084579999, "eval_time_millis": 7175.206117999551}, "Epoch3": {"train_loss_means": 0.15048840641975403, "val_loss_mean": 0.3453017771244049, "val_f1_majority_bin": 0.4718066743383199, "val_f1_majority_macro": 0.5918355405589906, "val_acc_majority": 0.6271324126726239, "val_f1_individual_binary": 0.48187633262260127, "val_f1_individual_macro": 0.6017629085793419, "val_acc_individual": 0.6378539493293591, "train_time_millis": 68603.32900799949, "eval_time_millis": 9194.62786999975}, "Epoch4": {"train_loss_means": 0.1143251582980156, "val_loss_mean": 0.4776492714881897, "val_f1_majority_bin": 0.4623803009575923, "val_f1_majority_macro": 0.6176719529051393, "val_acc_majority": 0.6807473598700243, "val_f1_individual_binary": 0.4587155963302753, "val_f1_individual_macro": 0.6145718059472388, "val_acc_individual": 0.6775956284153005, "train_time_millis": 68510.5875449999, "eval_time_millis": 8179.227505000199}, "Epoch5": {"train_loss_means": 0.09108901768922806, "val_loss_mean": 0.5178593397140503, "val_f1_majority_bin": 0.46313065976714096, "val_f1_majority_macro": 0.608711570262493, "val_acc_majority": 0.6628757108042242, "val_f1_individual_binary": 0.4628890662410216, "val_f1_individual_macro": 0.6100958133224581, "val_acc_individual": 0.6656731246895181, "train_time_millis": 68515.2576319997, "eval_time_millis": 8941.594826000255}, "Epoch6": {"train_loss_means": 0.08340704441070557, "val_loss_mean": 0.5588247179985046, "val_f1_majority_bin": 0.46022727272727276, "val_f1_majority_macro": 0.6220362757265487, "val_acc_majority": 0.6913078797725426, "val_f1_individual_binary": 0.44716157205240176, "val_f1_individual_macro": 0.6137230977235282, "val_acc_individual": 0.6855439642324889, "train_time_millis": 68598.78824399947, "eval_time_millis": 9195.140216000254}, "Epoch7": {"train_loss_means": 0.07150959968566895, "val_loss_mean": 0.6244698762893677, "val_f1_majority_bin": 0.47058823529411764, "val_f1_majority_macro": 0.6271705478530085, "val_acc_majority": 0.6929325751421609, "val_f1_individual_binary": 0.48081841432225064, "val_f1_individual_macro": 0.6336794490118088, "val_acc_individual": 0.6974664679582713, "train_time_millis": 68480.9686059998, "eval_time_millis": 9195.969305999824}, "Epoch8": {"train_loss_means": 0.06391878426074982, "val_loss_mean": 0.6547769904136658, "val_f1_majority_bin": 0.4709219858156028, "val_f1_majority_macro": 0.6293141517011992, "val_acc_majority": 0.6969943135662063, "val_f1_individual_binary": 0.4732297063903281, "val_f1_individual_macro": 0.6302689675605755, "val_acc_individual": 0.696969696969697, "train_time_millis": 68491.9261390005, "eval_time_millis": 9193.487836000713}, "Epoch9": {"train_loss_means": 0.058163587003946304, "val_loss_mean": 0.7282668948173523, "val_f1_majority_bin": 0.4778761061946903, "val_f1_majority_macro": 0.6397228064605739, "val_acc_majority": 0.7124289195775793, "val_f1_individual_binary": 0.4728260869565217, "val_f1_individual_macro": 0.6368237210963307, "val_acc_individual": 0.7108792846497765, "train_time_millis": 68532.74130800038, "eval_time_millis": 8183.17396600014}, "Test_results": {"test_f1_majority_binary": 0.4778761061946903, "test_f1_majority_macro": 0.6397228064605739, "test_acc_majority": 0.7124289195775793, "test_f1_individual_binary": 0.4728260869565217, "test_f1_individual_macro": 0.6368237210963307, "test_acc_individual": 0.7108792846497765, "test_time_millis": 9185.799808999946, "dataset_size": 6614, "number_of_annotations": 10724, "train_size": 6407, "val_size": 2013, "test_size": 2304}}