{"Epoch0": {"train_loss_means": 0.027586398646235466, "val_loss_mean": 0.020988140255212784, "val_f1_majority_bin": 0.436, "val_f1_majority_macro": 0.7117621659883206, "val_acc_majority": 0.9755886426592798, "val_f1_individual_binary": 0.4076433121019109, "val_f1_individual_macro": 0.6969478386431976, "val_acc_individual": 0.9731283770117599, "train_time_millis": 106892.3538680001, "eval_time_millis": 16720.896479999283}, "Epoch1": {"train_loss_means": 0.019365957006812096, "val_loss_mean": 0.02090926468372345, "val_f1_majority_bin": 0.503562945368171, "val_f1_majority_macro": 0.7471744982979814, "val_acc_majority": 0.9819078947368421, "val_f1_individual_binary": 0.4592370979805535, "val_f1_individual_macro": 0.7242930529015332, "val_acc_individual": 0.9791094801930134, "train_time_millis": 106959.21902899953, "eval_time_millis": 16678.31475500043}, "Epoch2": {"train_loss_means": 0.01555467490106821, "val_loss_mean": 0.022634895518422127, "val_f1_majority_bin": 0.4845814977973569, "val_f1_majority_macro": 0.7371251859847712, "val_acc_majority": 0.9797437673130194, "val_f1_individual_binary": 0.43676572218382864, "val_f1_individual_macro": 0.7123699647203099, "val_acc_individual": 0.9764512121124563, "train_time_millis": 107107.43982499934, "eval_time_millis": 16517.71824499974}, "Epoch3": {"train_loss_means": 0.012806178070604801, "val_loss_mean": 0.027604108676314354, "val_f1_majority_bin": 0.4928909952606635, "val_f1_majority_macro": 0.7417281005753983, "val_acc_majority": 0.9814750692520776, "val_f1_individual_binary": 0.44825018615040957, "val_f1_individual_macro": 0.7186665295392931, "val_acc_individual": 0.9785893842642087, "train_time_millis": 106999.66369200047, "eval_time_millis": 16500.937306000196}, "Epoch4": {"train_loss_means": 0.010503225028514862, "val_loss_mean": 0.030535072088241577, "val_f1_majority_bin": 0.4576271186440678, "val_f1_majority_macro": 0.7231578505910337, "val_acc_majority": 0.9778393351800554, "val_f1_individual_binary": 0.4254180602006689, "val_f1_individual_macro": 0.7063670192620668, "val_acc_individual": 0.9751798665087116, "train_time_millis": 106897.3179429995, "eval_time_millis": 14482.165319999694}, "Epoch5": {"train_loss_means": 0.00940625835210085, "val_loss_mean": 0.03269360959529877, "val_f1_majority_bin": 0.4656319290465632, "val_f1_majority_macro": 0.7274965807771995, "val_acc_majority": 0.979137811634349, "val_f1_individual_binary": 0.4324702589223233, "val_f1_individual_macro": 0.7102533330045094, "val_acc_individual": 0.976566788985524, "train_time_millis": 106827.50301599845, "eval_time_millis": 16884.062757999345}, "Epoch6": {"train_loss_means": 0.008174177259206772, "val_loss_mean": 0.04117974266409874, "val_f1_majority_bin": 0.5333333333333334, "val_f1_majority_macro": 0.7628169592444307, "val_acc_majority": 0.984851108033241, "val_f1_individual_binary": 0.46488294314381273, "val_f1_individual_macro": 0.7277371112179032, "val_acc_individual": 0.9815077003091681, "train_time_millis": 106806.7230780016, "eval_time_millis": 16877.870017000532}, "Epoch7": {"train_loss_means": 0.00740770110860467, "val_loss_mean": 0.043892502784729004, "val_f1_majority_bin": 0.5210526315789473, "val_f1_majority_macro": 0.7565217391304349, "val_acc_majority": 0.9842451523545707, "val_f1_individual_binary": 0.4629324546952224, "val_f1_individual_macro": 0.726672391690885, "val_acc_individual": 0.981160969689965, "train_time_millis": 106903.05076000004, "eval_time_millis": 16462.256258999332}, "Epoch8": {"train_loss_means": 0.007300179451704025, "val_loss_mean": 0.04330028221011162, "val_f1_majority_bin": 0.5141388174807198, "val_f1_majority_macro": 0.752909162207232, "val_acc_majority": 0.9836391966759003, "val_f1_individual_binary": 0.4560838033843675, "val_f1_individual_macro": 0.723076987088715, "val_acc_individual": 0.9804964026698257, "train_time_millis": 106936.45705499875, "eval_time_millis": 16937.881923999157}, "Epoch9": {"train_loss_means": 0.006675436161458492, "val_loss_mean": 0.04518162086606026, "val_f1_majority_bin": 0.5390835579514824, "val_f1_majority_macro": 0.7657807267608994, "val_acc_majority": 0.9851973684210527, "val_f1_individual_binary": 0.4713804713804714, "val_f1_individual_macro": 0.7310746249302769, "val_acc_individual": 0.9818544309283712, "train_time_millis": 106909.37941499942, "eval_time_millis": 16982.68360399925}, "Test_results": {"test_f1_majority_binary": 0.5390835579514824, "test_f1_majority_macro": 0.7657807267608994, "test_acc_majority": 0.9851973684210527, "test_f1_individual_binary": 0.4713804713804714, "test_f1_individual_macro": 0.7310746249302769, "test_acc_individual": 0.9818544309283712, "test_time_millis": 16458.585016000143, "dataset_size": 57784, "number_of_annotations": 173255, "train_size": 103926, "val_size": 34609, "test_size": 34720}}