{"Epoch0": {"train_loss_means": 0.028054209426045418, "val_loss_mean": 0.025086697190999985, "val_f1_majority_bin": 0.45299145299145305, "val_f1_majority_macro": 0.7208658883535731, "val_acc_majority": 0.9779348388208929, "val_f1_individual_binary": 0.42127215849843586, "val_f1_individual_macro": 0.7039112519137035, "val_acc_individual": 0.9737116331943918, "train_time_millis": 116250.04822004121, "eval_time_millis": 16022.648526995908}, "Epoch1": {"train_loss_means": 0.02038409374654293, "val_loss_mean": 0.025307392701506615, "val_f1_majority_bin": 0.4611973392461198, "val_f1_majority_macro": 0.7252587144523132, "val_acc_majority": 0.9790553352870195, "val_f1_individual_binary": 0.43057050592034446, "val_f1_individual_macro": 0.7088801191667348, "val_acc_individual": 0.9749431602879879, "train_time_millis": 116213.5574449785, "eval_time_millis": 16021.603421017062}, "Epoch2": {"train_loss_means": 0.015196491964161396, "val_loss_mean": 0.0302897822111845, "val_f1_majority_bin": 0.45190156599552567, "val_f1_majority_macro": 0.7205678239082519, "val_acc_majority": 0.9788829512153077, "val_f1_individual_binary": 0.4164859002169197, "val_f1_individual_macro": 0.701729948316779, "val_acc_individual": 0.9745168624478969, "train_time_millis": 116362.84611100564, "eval_time_millis": 16039.181329018902}, "Epoch3": {"train_loss_means": 0.012343799695372581, "val_loss_mean": 0.03667508438229561, "val_f1_majority_bin": 0.4095427435387674, "val_f1_majority_macro": 0.6982298097236589, "val_acc_majority": 0.9744009653508016, "val_f1_individual_binary": 0.39457101308773634, "val_f1_individual_macro": 0.689705243146405, "val_acc_individual": 0.9704196665403562, "train_time_millis": 116476.6048140009, "eval_time_millis": 16025.801393028814}, "Epoch4": {"train_loss_means": 0.010929487645626068, "val_loss_mean": 0.040858373045921326, "val_f1_majority_bin": 0.3902439024390244, "val_f1_majority_macro": 0.6879542038770923, "val_acc_majority": 0.9719875883468367, "val_f1_individual_binary": 0.3752881512217611, "val_f1_individual_macro": 0.6794098967803163, "val_acc_individual": 0.9679092459264873, "train_time_millis": 116180.46513898298, "eval_time_millis": 15009.98279202031}, "Epoch5": {"train_loss_means": 0.010324869304895401, "val_loss_mean": 0.05184832587838173, "val_f1_majority_bin": 0.39539347408829173, "val_f1_majority_macro": 0.69075321105552, "val_acc_majority": 0.9728495087053957, "val_f1_individual_binary": 0.38465138043986896, "val_f1_individual_macro": 0.6843376934758785, "val_acc_individual": 0.9688565744600227, "train_time_millis": 116363.021689991, "eval_time_millis": 13997.51819204539}, "Epoch6": {"train_loss_means": 0.009667841717600822, "val_loss_mean": 0.05233524367213249, "val_f1_majority_bin": 0.40078585461689586, "val_f1_majority_macro": 0.693673385559164, "val_acc_majority": 0.9737114290639545, "val_f1_individual_binary": 0.37912876974629006, "val_f1_individual_macro": 0.6816903213221063, "val_acc_individual": 0.9692828723001137, "train_time_millis": 116340.63011000399, "eval_time_millis": 14402.956962003373}, "Epoch7": {"train_loss_means": 0.00933018047362566, "val_loss_mean": 0.06049991399049759, "val_f1_majority_bin": 0.41308793456032716, "val_f1_majority_macro": 0.7002265558780064, "val_acc_majority": 0.9752628857093605, "val_f1_individual_binary": 0.39046199701937406, "val_f1_individual_macro": 0.6877887713003706, "val_acc_individual": 0.9709406972338007, "train_time_millis": 116273.65326101426, "eval_time_millis": 14989.369540999178}, "Epoch8": {"train_loss_means": 0.00900361966341734, "val_loss_mean": 0.06950969994068146, "val_f1_majority_bin": 0.45622119815668205, "val_f1_majority_macro": 0.7229283417221706, "val_acc_majority": 0.9796586795380107, "val_f1_individual_binary": 0.410882842865075, "val_f1_individual_macro": 0.6990225556539854, "val_acc_individual": 0.9748721106479727, "train_time_millis": 116291.43388097873, "eval_time_millis": 16014.331304002553}, "Epoch9": {"train_loss_means": 0.008885952644050121, "val_loss_mean": 0.06655550748109818, "val_f1_majority_bin": 0.4444444444444444, "val_f1_majority_macro": 0.7166165946117584, "val_acc_majority": 0.9780210308567489, "val_f1_individual_binary": 0.407154129405576, "val_f1_individual_macro": 0.6967506506598792, "val_acc_individual": 0.9733090185676393, "train_time_millis": 116349.50005199062, "eval_time_millis": 16023.75548100099}, "Test_results": {"test_f1_majority_binary": 0.4611973392461198, "test_f1_majority_macro": 0.7252587144523132, "test_acc_majority": 0.9790553352870195, "test_f1_individual_binary": 0.43057050592034446, "test_f1_individual_macro": 0.7088801191667348, "test_acc_individual": 0.9749431602879879, "test_time_millis": 15999.321994022466, "dataset_size": 58011, "number_of_annotations": 211225, "train_size": 126641, "val_size": 42224, "test_size": 42360}}