{"Epoch0": {"train_loss_means": 0.047059230506420135, "val_loss_mean": 0.043729931116104126, "val_f1_majority_bin": 0.26573426573426573, "val_f1_majority_macro": 0.6003593929290524, "val_acc_majority": 0.8805460750853242, "val_f1_individual_binary": 0.2222222222222222, "val_f1_individual_macro": 0.5765432098765433, "val_acc_individual": 0.873015873015873, "train_time_millis": 3608.4505160106346, "eval_time_millis": 2526.2595280073583}, "Epoch1": {"train_loss_means": 0.040028732270002365, "val_loss_mean": 0.03166082873940468, "val_f1_majority_bin": 0.368, "val_f1_majority_macro": 0.6598113900796081, "val_acc_majority": 0.9101251422070534, "val_f1_individual_binary": 0.3135135135135135, "val_f1_individual_macro": 0.6309542374556596, "val_acc_individual": 0.9040060468631897, "train_time_millis": 3611.4927739981795, "eval_time_millis": 2533.1069809908513}, "Epoch2": {"train_loss_means": 0.02865624614059925, "val_loss_mean": 0.02824822999536991, "val_f1_majority_bin": 0.2452830188679245, "val_f1_majority_macro": 0.5708950670018794, "val_acc_majority": 0.8179749715585893, "val_f1_individual_binary": 0.20711974110032363, "val_f1_individual_macro": 0.5511422411107095, "val_acc_individual": 0.8148148148148148, "train_time_millis": 3611.7400560033275, "eval_time_millis": 2531.787614992936}, "Epoch3": {"train_loss_means": 0.02055809088051319, "val_loss_mean": 0.0270735714584589, "val_f1_majority_bin": 0.38016528925619836, "val_f1_majority_macro": 0.6671748865340247, "val_acc_majority": 0.9146757679180887, "val_f1_individual_binary": 0.3389830508474576, "val_f1_individual_macro": 0.645797722264555, "val_acc_individual": 0.9115646258503401, "train_time_millis": 3624.798775999807, "eval_time_millis": 2525.692600000184}, "Epoch4": {"train_loss_means": 0.014632425270974636, "val_loss_mean": 0.031955935060977936, "val_f1_majority_bin": 0.43564356435643564, "val_f1_majority_macro": 0.7006220235783386, "val_acc_majority": 0.9351535836177475, "val_f1_individual_binary": 0.37762237762237766, "val_f1_individual_macro": 0.6710325232099104, "val_acc_individual": 0.9327286470143613, "train_time_millis": 3592.9977479972877, "eval_time_millis": 2518.4090209950227}, "Epoch5": {"train_loss_means": 0.010862908326089382, "val_loss_mean": 0.030642429366707802, "val_f1_majority_bin": 0.4, "val_f1_majority_macro": 0.6770361298224128, "val_acc_majority": 0.9146757679180887, "val_f1_individual_binary": 0.34972677595628415, "val_f1_individual_macro": 0.6507058565124498, "val_acc_individual": 0.91005291005291, "train_time_millis": 3598.707156997989, "eval_time_millis": 2533.9832919999026}, "Epoch6": {"train_loss_means": 0.009097090922296047, "val_loss_mean": 0.03588871657848358, "val_f1_majority_bin": 0.36036036036036034, "val_f1_majority_macro": 0.6586258389537079, "val_acc_majority": 0.919226393629124, "val_f1_individual_binary": 0.3333333333333333, "val_f1_individual_macro": 0.6457831325301204, "val_acc_individual": 0.9213907785336357, "train_time_millis": 3620.329341996694, "eval_time_millis": 2531.0184659902006}, "Epoch7": {"train_loss_means": 0.007533122319728136, "val_loss_mean": 0.04562053456902504, "val_f1_majority_bin": 0.3636363636363636, "val_f1_majority_macro": 0.6650517147523135, "val_acc_majority": 0.9362912400455062, "val_f1_individual_binary": 0.33870967741935487, "val_f1_individual_macro": 0.653097899772326, "val_acc_individual": 0.9380196523053665, "train_time_millis": 3631.3674559933133, "eval_time_millis": 2533.001049014274}, "Epoch8": {"train_loss_means": 0.006803573574870825, "val_loss_mean": 0.049224596470594406, "val_f1_majority_bin": 0.35294117647058826, "val_f1_majority_macro": 0.6600330508772546, "val_acc_majority": 0.9374288964732651, "val_f1_individual_binary": 0.31932773109243695, "val_f1_individual_macro": 0.6436369561675085, "val_acc_individual": 0.9387755102040817, "train_time_millis": 3614.6219719958026, "eval_time_millis": 2531.9610169972293}, "Epoch9": {"train_loss_means": 0.006823026109486818, "val_loss_mean": 0.0466814823448658, "val_f1_majority_bin": 0.3595505617977528, "val_f1_majority_macro": 0.6626991874297332, "val_acc_majority": 0.9351535836177475, "val_f1_individual_binary": 0.33599999999999997, "val_f1_individual_macro": 0.6515382784609283, "val_acc_individual": 0.9372637944066515, "train_time_millis": 3624.3117000121856, "eval_time_millis": 2534.7730219946243}, "Test_results": {"test_f1_majority_binary": 0.3636363636363636, "test_f1_majority_macro": 0.6650517147523135, "test_acc_majority": 0.9362912400455062, "test_f1_individual_binary": 0.33870967741935487, "test_f1_individual_macro": 0.653097899772326, "test_acc_individual": 0.9380196523053665, "test_time_millis": 2532.13562000019, "dataset_size": 4338, "number_of_annotations": 6517, "train_size": 3991, "val_size": 1323, "test_size": 1203}}