{"Epoch0": {"train_loss_means": 0.29286742210388184, "val_loss_mean": 0.3179074227809906, "val_f1_majority_bin": 0.14571948998178505, "val_f1_majority_macro": 0.47551644901745954, "val_acc_majority": 0.68289384719405, "val_f1_individual_binary": 0.14978902953586498, "val_f1_individual_macro": 0.4783444428944299, "val_acc_individual": 0.6852791878172588, "train_time_millis": 3643.6983379535377, "eval_time_millis": 1041.0816301591694}, "Epoch1": {"train_loss_means": 0.23368622362613678, "val_loss_mean": 0.3236243426799774, "val_f1_majority_bin": 0.3582822085889571, "val_f1_majority_macro": 0.5571159059743666, "val_acc_majority": 0.6463826910074375, "val_f1_individual_binary": 0.3664011585807386, "val_f1_individual_macro": 0.5662532390070226, "val_acc_individual": 0.6583365872705974, "train_time_millis": 3665.107799228281, "eval_time_millis": 991.4772291667759}, "Epoch2": {"train_loss_means": 0.16494308412075043, "val_loss_mean": 0.3716028928756714, "val_f1_majority_bin": 0.42368177613321, "val_f1_majority_macro": 0.5458845748007553, "val_acc_majority": 0.5787694388100068, "val_f1_individual_binary": 0.4184281842818428, "val_f1_individual_macro": 0.5454972779816294, "val_acc_individual": 0.5810230378758298, "train_time_millis": 3612.1000782586634, "eval_time_millis": 2208.6636731401086}, "Epoch3": {"train_loss_means": 0.11666495352983475, "val_loss_mean": 0.533106803894043, "val_f1_majority_bin": 0.3586206896551724, "val_f1_majority_macro": 0.5456896551724139, "val_acc_majority": 0.6227180527383367, "val_f1_individual_binary": 0.35714285714285715, "val_f1_individual_macro": 0.5439453897902652, "val_acc_individual": 0.6204607575165951, "train_time_millis": 3640.692526008934, "eval_time_millis": 1338.0116592161357}, "Epoch4": {"train_loss_means": 0.08725325763225555, "val_loss_mean": 0.6784325242042542, "val_f1_majority_bin": 0.3518518518518518, "val_f1_majority_macro": 0.54221054865754, "val_acc_majority": 0.6213657876943881, "val_f1_individual_binary": 0.34321157822191595, "val_f1_individual_macro": 0.5418046450085336, "val_acc_individual": 0.6278797344787193, "train_time_millis": 3622.4676808342338, "eval_time_millis": 998.247979208827}, "Epoch5": {"train_loss_means": 0.07141739130020142, "val_loss_mean": 0.9595434665679932, "val_f1_majority_bin": 0.3418604651162791, "val_f1_majority_macro": 0.5360398607754894, "val_acc_majority": 0.6173089925625422, "val_f1_individual_binary": 0.3483606557377049, "val_f1_individual_macro": 0.5437812026638223, "val_acc_individual": 0.6274892620070285, "train_time_millis": 3622.13028408587, "eval_time_millis": 970.2703729271889}, "Epoch6": {"train_loss_means": 0.06014135852456093, "val_loss_mean": 0.9084866642951965, "val_f1_majority_bin": 0.41198501872659177, "val_f1_majority_macro": 0.5398549432257297, "val_acc_majority": 0.5753887762001352, "val_f1_individual_binary": 0.3987034035656402, "val_f1_individual_macro": 0.5292202435131778, "val_acc_individual": 0.5654041390082, "train_time_millis": 3584.0779207646847, "eval_time_millis": 971.7124029994011}, "Epoch7": {"train_loss_means": 0.05276894569396973, "val_loss_mean": 1.1589170694351196, "val_f1_majority_bin": 0.308411214953271, "val_f1_majority_macro": 0.5133873391607459, "val_acc_majority": 0.5997295469912103, "val_f1_individual_binary": 0.32275489534098584, "val_f1_individual_macro": 0.5236405621994685, "val_acc_individual": 0.608356110894182, "train_time_millis": 3594.833322800696, "eval_time_millis": 983.5514356382191}, "Epoch8": {"train_loss_means": 0.05036599189043045, "val_loss_mean": 1.1145159006118774, "val_f1_majority_bin": 0.38815117466802856, "val_f1_majority_macro": 0.5427365272026348, "val_acc_majority": 0.5949966193373901, "val_f1_individual_binary": 0.37660818713450295, "val_f1_individual_macro": 0.5320907289717063, "val_acc_individual": 0.583756345177665, "train_time_millis": 3611.091947183013, "eval_time_millis": 1084.5864950679243}, "Epoch9": {"train_loss_means": 0.04637526348233223, "val_loss_mean": 1.3271183967590332, "val_f1_majority_bin": 0.3064133016627078, "val_f1_majority_macro": 0.5152104315496904, "val_acc_majority": 0.6051386071670047, "val_f1_individual_binary": 0.313969571230982, "val_f1_individual_macro": 0.52205551466881, "val_acc_individual": 0.6126513080827801, "train_time_millis": 3574.504585005343, "eval_time_millis": 2605.669381096959}, "Test_results": {"test_f1_majority_binary": 0.3582822085889571, "test_f1_majority_macro": 0.5571159059743666, "test_acc_majority": 0.6463826910074375, "test_f1_individual_binary": 0.3664011585807386, "test_f1_individual_macro": 0.5662532390070226, "test_acc_individual": 0.6583365872705974, "test_time_millis": 944.6327360346913, "dataset_size": 7871, "number_of_annotations": 13779, "train_size": 4190, "val_size": 2561, "test_size": 2951}}