{"Epoch0": {"train_loss_means": 0.068632572889328, "val_loss_mean": 0.06375066936016083, "val_f1_majority_bin": 0.37889688249400477, "val_f1_majority_macro": 0.6768866020773449, "val_acc_majority": 0.9517061346261421, "val_f1_individual_binary": 0.34072022160664817, "val_f1_individual_macro": 0.6586665029813814, "val_acc_individual": 0.9548279952550415, "train_time_millis": 62360.68139700001, "eval_time_millis": 11119.82940200005}, "Epoch1": {"train_loss_means": 0.054817233234643936, "val_loss_mean": 0.06586804240942001, "val_f1_majority_bin": 0.3844221105527639, "val_f1_majority_macro": 0.6803500947806422, "val_acc_majority": 0.9543166138355398, "val_f1_individual_binary": 0.3542116630669546, "val_f1_individual_macro": 0.6661026667436046, "val_acc_individual": 0.9574377224199289, "train_time_millis": 62232.45692400019, "eval_time_millis": 11144.988794000028}, "Epoch2": {"train_loss_means": 0.048161379992961884, "val_loss_mean": 0.0828043520450592, "val_f1_majority_bin": 0.34854771784232363, "val_f1_majority_macro": 0.6629129635571791, "val_acc_majority": 0.9560880104419168, "val_f1_individual_binary": 0.32718524458700876, "val_f1_individual_macro": 0.653336650848867, "val_acc_individual": 0.9601897983392645, "train_time_millis": 62134.420707000114, "eval_time_millis": 11107.57377799996}, "Epoch3": {"train_loss_means": 0.04174000769853592, "val_loss_mean": 0.07683094590902328, "val_f1_majority_bin": 0.411214953271028, "val_f1_majority_macro": 0.6933720911237642, "val_acc_majority": 0.9530113742308409, "val_f1_individual_binary": 0.3748344370860927, "val_f1_individual_macro": 0.6758030453146999, "val_acc_individual": 0.9552075919335706, "train_time_millis": 62102.139275000125, "eval_time_millis": 11128.587394000078}, "Epoch4": {"train_loss_means": 0.03689921647310257, "val_loss_mean": 0.08848502486944199, "val_f1_majority_bin": 0.39473684210526316, "val_f1_majority_macro": 0.685096399321937, "val_acc_majority": 0.9528249114301697, "val_f1_individual_binary": 0.3600543478260869, "val_f1_individual_macro": 0.6684484335619938, "val_acc_individual": 0.9553024911032029, "train_time_millis": 62154.32295500023, "eval_time_millis": 10088.160363000043}, "Epoch5": {"train_loss_means": 0.033147577196359634, "val_loss_mean": 0.09780003875494003, "val_f1_majority_bin": 0.4129979035639413, "val_f1_majority_macro": 0.6928390825264334, "val_acc_majority": 0.9477904158120455, "val_f1_individual_binary": 0.37011091652072386, "val_f1_individual_macro": 0.6717137167859696, "val_acc_individual": 0.9488018979833927, "train_time_millis": 62271.796696999896, "eval_time_millis": 10848.61502099966}, "Epoch6": {"train_loss_means": 0.030370356515049934, "val_loss_mean": 0.1055445596575737, "val_f1_majority_bin": 0.42244224422442245, "val_f1_majority_macro": 0.6984430468554328, "val_acc_majority": 0.9510535148237926, "val_f1_individual_binary": 0.3735312306740878, "val_f1_individual_macro": 0.674269624416066, "val_acc_individual": 0.9519335705812574, "train_time_millis": 62176.73775499998, "eval_time_millis": 10964.989239999795}, "Epoch7": {"train_loss_means": 0.028246894478797913, "val_loss_mean": 0.11891385167837143, "val_f1_majority_bin": 0.4022727272727273, "val_f1_majority_macro": 0.6883519965354498, "val_acc_majority": 0.9509602834234571, "val_f1_individual_binary": 0.36258808456117875, "val_f1_individual_macro": 0.6690370268330543, "val_acc_individual": 0.9527876631079478, "train_time_millis": 62147.860562999995, "eval_time_millis": 10080.520643}, "Epoch8": {"train_loss_means": 0.026705477386713028, "val_loss_mean": 0.12026003003120422, "val_f1_majority_bin": 0.40352811466372657, "val_f1_majority_macro": 0.6885978368402594, "val_acc_majority": 0.9495618124184225, "val_f1_individual_binary": 0.358560794044665, "val_f1_individual_macro": 0.6665269311384705, "val_acc_individual": 0.9509371293001186, "train_time_millis": 62232.11250900022, "eval_time_millis": 11000.676897000176}, "Epoch9": {"train_loss_means": 0.025852110236883163, "val_loss_mean": 0.1286400854587555, "val_f1_majority_bin": 0.393103448275862, "val_f1_majority_macro": 0.6837249823246961, "val_acc_majority": 0.9507738206227857, "val_f1_individual_binary": 0.35607537361923325, "val_f1_individual_macro": 0.6658365590363533, "val_acc_individual": 0.9529774614472123, "train_time_millis": 62139.99873500006, "eval_time_millis": 10971.867246999864}, "Test_results": {"test_f1_majority_binary": 0.34854771784232363, "test_f1_majority_macro": 0.6629129635571791, "test_acc_majority": 0.9560880104419168, "test_f1_individual_binary": 0.32718524458700876, "test_f1_individual_macro": 0.653336650848867, "test_acc_individual": 0.9601897983392645, "test_time_millis": 11042.695658999946, "dataset_size": 53677, "number_of_annotations": 105770, "train_size": 63645, "val_size": 21075, "test_size": 21050}}