{"Epoch0": {"train_loss_means": 0.39441975951194763, "val_loss_mean": 0.3459690511226654, "val_f1_majority_bin": 0.4097331166267395, "val_f1_majority_macro": 0.686995839575959, "val_acc_majority": 0.932598352432251, "val_f1_individual_binary": 0.3542463779449463, "val_f1_individual_macro": 0.6589233294954047, "val_acc_individual": 0.9310851693153381, "train_acc_means": 0.9332101941108704, "train_time_millis": 135756.05675694533, "eval_time_millis": 20411.03654296603}, "Epoch1": {"train_loss_means": 0.2784345746040344, "val_loss_mean": 0.3576132357120514, "val_f1_majority_bin": 0.3817589581012726, "val_f1_majority_macro": 0.6680439236995883, "val_acc_majority": 0.9149413108825684, "val_f1_individual_binary": 0.32741984724998474, "val_f1_individual_macro": 0.6401053407587927, "val_acc_individual": 0.9117743372917175, "train_acc_means": 0.9344911575317383, "train_time_millis": 136619.7715899907, "eval_time_millis": 20453.24530894868}, "Epoch2": {"train_loss_means": 0.1895572990179062, "val_loss_mean": 0.4645449221134186, "val_f1_majority_bin": 0.39373600482940674, "val_f1_majority_macro": 0.6774859462965647, "val_acc_majority": 0.927130937576294, "val_f1_individual_binary": 0.3401801884174347, "val_f1_individual_macro": 0.6502796471411364, "val_acc_individual": 0.9252470135688782, "train_acc_means": 0.9484925866127014, "train_time_millis": 137024.85988195986, "eval_time_millis": 20331.45813108422}, "Test_results": {"test_f1_majority_binary": 0.3912363052368164, "test_f1_majority_macro": 0.6771295602087387, "test_acc_majority": 0.9302805066108704, "test_f1_individual_binary": 0.3456513583660126, "test_f1_individual_macro": 0.6538484798473265, "test_acc_individual": 0.9282527565956116, "test_time_millis": 20321.816239971668, "dataset_size": 55876, "number_of_annotations": 55876}}