{"Epoch0": {"train_loss_means": 0.026159213855862617, "val_loss_mean": 0.01822766289114952, "val_f1_majority_bin": 0.10389610389610389, "val_f1_majority_macro": 0.5066526471340476, "val_acc_majority": 0.8354531001589826, "val_f1_individual_binary": 0.11956521739130435, "val_f1_individual_macro": 0.5164979631666177, "val_acc_individual": 0.8423613363606877, "train_time_millis": 8475.909136002883, "eval_time_millis": 3165.4127270448953}, "Epoch1": {"train_loss_means": 0.014758637174963951, "val_loss_mean": 0.010621714405715466, "val_f1_majority_bin": 0.25, "val_f1_majority_macro": 0.6088308457711442, "val_acc_majority": 0.9379968203497615, "val_f1_individual_binary": 0.25498007968127495, "val_f1_individual_macro": 0.6116827701872141, "val_acc_individual": 0.9393447940317872, "train_time_millis": 8495.830341940746, "eval_time_millis": 3203.6682680482045}, "Epoch2": {"train_loss_means": 0.007779757957905531, "val_loss_mean": 0.010541919618844986, "val_f1_majority_bin": 0.21311475409836067, "val_f1_majority_macro": 0.5865072517358971, "val_acc_majority": 0.9236883942766295, "val_f1_individual_binary": 0.21843003412969283, "val_f1_individual_macro": 0.5897190184270122, "val_acc_individual": 0.9257216996432047, "train_time_millis": 8497.623507049866, "eval_time_millis": 3168.630319996737}, "Epoch3": {"train_loss_means": 0.004652901086956263, "val_loss_mean": 0.014244329184293747, "val_f1_majority_bin": 0.2682926829268293, "val_f1_majority_macro": 0.6218209511593884, "val_acc_majority": 0.9523052464228935, "val_f1_individual_binary": 0.30612244897959184, "val_f1_individual_macro": 0.641670939732677, "val_acc_individual": 0.9558871229322089, "train_time_millis": 8486.198775004596, "eval_time_millis": 3228.2475139945745}, "Epoch4": {"train_loss_means": 0.003632709151133895, "val_loss_mean": 0.01743478700518608, "val_f1_majority_bin": 0.2571428571428571, "val_f1_majority_macro": 0.6179418292255578, "val_acc_majority": 0.958664546899841, "val_f1_individual_binary": 0.30769230769230765, "val_f1_individual_macro": 0.6440912764074345, "val_acc_individual": 0.9620499513460915, "train_time_millis": 8507.400767994113, "eval_time_millis": 3199.1083630127832}, "Epoch5": {"train_loss_means": 0.003248305991292, "val_loss_mean": 0.0156516432762146, "val_f1_majority_bin": 0.24719101123595505, "val_f1_majority_macro": 0.6097924565862511, "val_acc_majority": 0.9467408585055644, "val_f1_individual_binary": 0.2641509433962264, "val_f1_individual_macro": 0.6189750350168906, "val_acc_individual": 0.9493999351281219, "train_time_millis": 8462.371830944903, "eval_time_millis": 3238.0655580200255}, "Epoch6": {"train_loss_means": 0.0029026023112237453, "val_loss_mean": 0.02251882664859295, "val_f1_majority_bin": 0.3157894736842105, "val_f1_majority_macro": 0.6499646839750861, "val_acc_majority": 0.9689984101748808, "val_f1_individual_binary": 0.34285714285714286, "val_f1_individual_macro": 0.6637949836423118, "val_acc_individual": 0.9701589361012001, "train_time_millis": 8488.049366977066, "eval_time_millis": 3208.928284002468}, "Epoch7": {"train_loss_means": 0.0026567410677671432, "val_loss_mean": 0.025568978860974312, "val_f1_majority_bin": 0.36, "val_f1_majority_macro": 0.6735117599351175, "val_acc_majority": 0.9745627980922098, "val_f1_individual_binary": 0.3548387096774194, "val_f1_individual_macro": 0.6707990304428143, "val_acc_individual": 0.9740512487836522, "train_time_millis": 8494.13218605332, "eval_time_millis": 2933.6671630153432}, "Epoch8": {"train_loss_means": 0.0026436862535774708, "val_loss_mean": 0.026394573971629143, "val_f1_majority_bin": 0.35294117647058826, "val_f1_majority_macro": 0.6697768762677485, "val_acc_majority": 0.9737678855325914, "val_f1_individual_binary": 0.3492063492063492, "val_f1_individual_macro": 0.667815095132976, "val_acc_individual": 0.9734025300032436, "train_time_millis": 8503.392604994588, "eval_time_millis": 3187.0960199739784}, "Epoch9": {"train_loss_means": 0.0025993576273322105, "val_loss_mean": 0.025891456753015518, "val_f1_majority_bin": 0.35294117647058826, "val_f1_majority_macro": 0.6697768762677485, "val_acc_majority": 0.9737678855325914, "val_f1_individual_binary": 0.3492063492063492, "val_f1_individual_macro": 0.667815095132976, "val_acc_individual": 0.9734025300032436, "train_time_millis": 8515.57192101609, "eval_time_millis": 2174.823287059553}, "Test_results": {"test_f1_majority_binary": 0.36, "test_f1_majority_macro": 0.6735117599351175, "test_acc_majority": 0.9745627980922098, "test_f1_individual_binary": 0.3548387096774194, "test_f1_individual_macro": 0.6707990304428143, "test_acc_individual": 0.9740512487836522, "test_time_millis": 3239.510876010172, "dataset_size": 6218, "number_of_annotations": 15170, "train_size": 9158, "val_size": 3083, "test_size": 2929}}