{"Epoch0": {"train_loss_means": 0.5522799491882324, "val_loss_mean": 0.556310772895813, "val_f1_majority_bin": 0.0, "val_f1_majority_macro": 0.4919614147909968, "val_acc_majority": 0.9683544039726257, "val_f1_individual_binary": 0.0, "val_f1_individual_macro": 0.48979390592643723, "val_acc_individual": 0.9599922895431519, "train_acc_means": 0.9718959927558899, "train_time_millis": 20144.811952000055, "eval_time_millis": 3177.788347999922}, "Epoch1": {"train_loss_means": 0.38093987107276917, "val_loss_mean": 0.3931783139705658, "val_f1_majority_bin": 0.38759690523147583, "val_f1_majority_macro": 0.6807664469730101, "val_acc_majority": 0.949999988079071, "val_f1_individual_binary": 0.37021276354789734, "val_f1_individual_macro": 0.670123592940254, "val_acc_individual": 0.9427908658981323, "train_acc_means": 0.9739933013916016, "train_time_millis": 20315.53494700006, "eval_time_millis": 3206.9729740001094}, "Epoch2": {"train_loss_means": 0.1873970478773117, "val_loss_mean": 0.5421695709228516, "val_f1_majority_bin": 0.4247787594795227, "val_f1_majority_macro": 0.701723151453192, "val_acc_majority": 0.9588607549667358, "val_f1_individual_binary": 0.3798076808452606, "val_f1_individual_macro": 0.6769155255739026, "val_acc_individual": 0.9501352906227112, "train_acc_means": 0.969379186630249, "train_time_millis": 20208.052826000086, "eval_time_millis": 3190.6128299999637}, "Epoch3": {"train_loss_means": 0.10104021430015564, "val_loss_mean": 0.6799784302711487, "val_f1_majority_bin": 0.38532111048698425, "val_f1_majority_macro": 0.6816805439034879, "val_acc_majority": 0.9575949311256409, "val_f1_individual_binary": 0.34739455580711365, "val_f1_individual_macro": 0.6604745454840332, "val_acc_individual": 0.9491689205169678, "train_acc_means": 0.9840604066848755, "train_time_millis": 20235.712827000043, "eval_time_millis": 3189.560819999997}, "Test_results": {"test_f1_majority_binary": 0.3733333349227905, "test_f1_majority_macro": 0.6788254921588255, "test_acc_majority": 0.9694010615348816, "test_f1_individual_binary": 0.2517985701560974, "test_f1_individual_macro": 0.6152935289948747, "test_acc_individual": 0.9587465524673462, "test_time_millis": 3087.5328949998675, "dataset_size": 7871, "number_of_annotations": 7871}}