{"Epoch0": {"train_loss_means": 0.04617905244231224, "val_loss_mean": 0.04904317483305931, "val_f1_majority_bin": 0.08576998050682261, "val_f1_majority_macro": 0.45429413267879853, "val_acc_majority": 0.7031645569620253, "val_f1_individual_binary": 0.08710801393728222, "val_f1_individual_macro": 0.4524341368086596, "val_acc_individual": 0.6961731735601082, "train_time_millis": 2757.0253400190268, "eval_time_millis": 3619.8685679992195}, "Epoch1": {"train_loss_means": 0.04426861181855202, "val_loss_mean": 0.04830849543213844, "val_f1_majority_bin": 0.12650602409638553, "val_f1_majority_macro": 0.5119800276068915, "val_acc_majority": 0.8164556962025317, "val_f1_individual_binary": 0.11692844677137872, "val_f1_individual_macro": 0.5034761773087496, "val_acc_individual": 0.8044066486277541, "train_time_millis": 2761.8014669860713, "eval_time_millis": 4199.588571005734}, "Epoch2": {"train_loss_means": 0.04153352230787277, "val_loss_mean": 0.04715582728385925, "val_f1_majority_bin": 0.1893939393939394, "val_f1_majority_macro": 0.557749455884815, "val_acc_majority": 0.8645569620253165, "val_f1_individual_binary": 0.17372421281216066, "val_f1_individual_macro": 0.5464993186687301, "val_acc_individual": 0.852918438345574, "train_time_millis": 2774.906173988711, "eval_time_millis": 4213.862233009422}, "Epoch3": {"train_loss_means": 0.037369050085544586, "val_loss_mean": 0.04538315162062645, "val_f1_majority_bin": 0.21311475409836067, "val_f1_majority_macro": 0.5736355663495919, "val_acc_majority": 0.8784810126582279, "val_f1_individual_binary": 0.20232558139534884, "val_f1_individual_macro": 0.565011863210322, "val_acc_individual": 0.8674139930421337, "train_time_millis": 2762.750966998283, "eval_time_millis": 4184.265059011523}, "Epoch4": {"train_loss_means": 0.032859813421964645, "val_loss_mean": 0.04350563511252403, "val_f1_majority_bin": 0.23045267489711932, "val_f1_majority_macro": 0.5831728578462285, "val_acc_majority": 0.8816455696202532, "val_f1_individual_binary": 0.22658959537572254, "val_f1_individual_macro": 0.5780211501079815, "val_acc_individual": 0.8706996521066873, "train_time_millis": 2767.5198040087707, "eval_time_millis": 4177.341447008075}, "Epoch5": {"train_loss_means": 0.02817613072693348, "val_loss_mean": 0.04263953119516373, "val_f1_majority_bin": 0.2338709677419355, "val_f1_majority_macro": 0.5843118574973414, "val_acc_majority": 0.879746835443038, "val_f1_individual_binary": 0.2326111744583808, "val_f1_individual_macro": 0.5807760760899231, "val_acc_individual": 0.869926555856204, "train_time_millis": 2757.5429400021676, "eval_time_millis": 4164.550987014081}, "Epoch6": {"train_loss_means": 0.024427957832813263, "val_loss_mean": 0.0423584058880806, "val_f1_majority_bin": 0.223938223938224, "val_f1_majority_macro": 0.5773258854954822, "val_acc_majority": 0.8727848101265823, "val_f1_individual_binary": 0.22417582417582416, "val_f1_individual_macro": 0.5746859201404656, "val_acc_individual": 0.8635485117897178, "train_time_millis": 2751.8264339887537, "eval_time_millis": 4173.107380978763}, "Epoch7": {"train_loss_means": 0.022337108850479126, "val_loss_mean": 0.04394756257534027, "val_f1_majority_bin": 0.22406639004149378, "val_f1_majority_macro": 0.5800016773777185, "val_acc_majority": 0.8816455696202532, "val_f1_individual_binary": 0.22850412249705532, "val_f1_individual_macro": 0.5797747478471169, "val_acc_individual": 0.8734054889833784, "train_time_millis": 2748.325232998468, "eval_time_millis": 4171.591620979598}, "Epoch8": {"train_loss_means": 0.019726622849702835, "val_loss_mean": 0.045734111219644547, "val_f1_majority_bin": 0.23580786026200873, "val_f1_majority_macro": 0.5880506377393291, "val_acc_majority": 0.8892405063291139, "val_f1_individual_binary": 0.24129353233830844, "val_f1_individual_macro": 0.588689515540487, "val_acc_individual": 0.8821028218013143, "train_time_millis": 2739.805257995613, "eval_time_millis": 3405.2490209869575}, "Epoch9": {"train_loss_means": 0.018813669681549072, "val_loss_mean": 0.046416085213422775, "val_f1_majority_bin": 0.24434389140271492, "val_f1_majority_macro": 0.5937609215434806, "val_acc_majority": 0.8943037974683544, "val_f1_individual_binary": 0.24839948783610752, "val_f1_individual_macro": 0.5935213703422202, "val_acc_individual": 0.8865481252415925, "train_time_millis": 2740.8131689880975, "eval_time_millis": 4217.923895979766}, "Test_results": {"test_f1_majority_binary": 0.24434389140271492, "test_f1_majority_macro": 0.5937609215434806, "test_acc_majority": 0.8943037974683544, "test_f1_individual_binary": 0.24839948783610752, "test_f1_individual_macro": 0.5935213703422202, "test_acc_individual": 0.8865481252415925, "test_time_millis": 4173.452518007252, "dataset_size": 3962, "number_of_annotations": 13166, "train_size": 2950, "val_size": 5174, "test_size": 5042}}