{"Epoch0": {"train_loss_means": 0.04958684742450714, "val_loss_mean": 0.04495033249258995, "val_f1_majority_bin": 0.5147826086956522, "val_f1_majority_macro": 0.7512266483754013, "val_acc_majority": 0.9759524219962076, "val_f1_individual_binary": 0.4169329073482428, "val_f1_individual_macro": 0.6995572784440695, "val_acc_individual": 0.9654200516330735, "train_time_millis": 126806.32278900157, "eval_time_millis": 17345.479831994453}, "Epoch1": {"train_loss_means": 0.03824315220117569, "val_loss_mean": 0.04226229712367058, "val_f1_majority_bin": 0.527433628318584, "val_f1_majority_macro": 0.7578199105858126, "val_acc_majority": 0.9769867264264782, "val_f1_individual_binary": 0.4569072164948454, "val_f1_individual_macro": 0.7204247849546908, "val_acc_individual": 0.968806991781341, "train_time_millis": 126712.0288599981, "eval_time_millis": 17349.28701700119}, "Epoch2": {"train_loss_means": 0.03218349441885948, "val_loss_mean": 0.0508415587246418, "val_f1_majority_bin": 0.5266903914590747, "val_f1_majority_macro": 0.7574711563337242, "val_acc_majority": 0.9770729184623341, "val_f1_individual_binary": 0.46015529219452395, "val_f1_individual_macro": 0.7220222768674309, "val_acc_individual": 0.9687122521967741, "train_time_millis": 126674.00217199611, "eval_time_millis": 17340.9680390032}, "Epoch3": {"train_loss_means": 0.026620473712682724, "val_loss_mean": 0.05399462208151817, "val_f1_majority_bin": 0.4875, "val_f1_majority_macro": 0.7364817851444779, "val_acc_majority": 0.9717290122392691, "val_f1_individual_binary": 0.431858407079646, "val_f1_individual_macro": 0.7060966931559569, "val_acc_individual": 0.9619857416925227, "train_time_millis": 126693.59824900312, "eval_time_millis": 15304.018200993596}, "Epoch4": {"train_loss_means": 0.022673947736620903, "val_loss_mean": 0.06754565238952637, "val_f1_majority_bin": 0.4906832298136647, "val_f1_majority_macro": 0.738072111360733, "val_acc_majority": 0.9717290122392691, "val_f1_individual_binary": 0.4418118466898954, "val_f1_individual_macro": 0.7110863774223272, "val_acc_individual": 0.9620567963809479, "train_time_millis": 126732.29813099897, "eval_time_millis": 17340.36237499822}, "Epoch5": {"train_loss_means": 0.02080419659614563, "val_loss_mean": 0.07815749198198318, "val_f1_majority_bin": 0.48780487804878053, "val_f1_majority_macro": 0.7369300188198659, "val_acc_majority": 0.9728495087053957, "val_f1_individual_binary": 0.4305555555555555, "val_f1_individual_macro": 0.7057435942416849, "val_acc_individual": 0.963098931811184, "train_time_millis": 126764.44762000028, "eval_time_millis": 17348.021366000467}, "Epoch6": {"train_loss_means": 0.01908843405544758, "val_loss_mean": 0.07844159752130508, "val_f1_majority_bin": 0.48966613672496023, "val_f1_majority_macro": 0.737723433810985, "val_acc_majority": 0.9723323564902603, "val_f1_individual_binary": 0.4240528328119568, "val_f1_individual_macro": 0.7018688733421643, "val_acc_individual": 0.9607541270931527, "train_time_millis": 126650.74589999858, "eval_time_millis": 17351.8599070012}, "Epoch7": {"train_loss_means": 0.01797061413526535, "val_loss_mean": 0.08526689559221268, "val_f1_majority_bin": 0.4736842105263158, "val_f1_majority_macro": 0.728849210058895, "val_acc_majority": 0.9689708670918807, "val_f1_individual_binary": 0.4251398486344192, "val_f1_individual_macro": 0.7018393615615373, "val_acc_individual": 0.9586224864403969, "train_time_millis": 126646.9275950003, "eval_time_millis": 17351.817727001617}, "Epoch8": {"train_loss_means": 0.016866935417056084, "val_loss_mean": 0.0969008058309555, "val_f1_majority_bin": 0.4870967741935483, "val_f1_majority_macro": 0.736508004525042, "val_acc_majority": 0.9725909325978279, "val_f1_individual_binary": 0.43333333333333335, "val_f1_individual_macro": 0.7070929539759881, "val_acc_individual": 0.9629568224343337, "train_time_millis": 126654.23893299885, "eval_time_millis": 15304.797714001324}, "Epoch9": {"train_loss_means": 0.016090944409370422, "val_loss_mean": 0.10176102817058563, "val_f1_majority_bin": 0.5094017094017094, "val_f1_majority_macro": 0.7483566308182781, "val_acc_majority": 0.9752628857093605, "val_f1_individual_binary": 0.43655589123867067, "val_f1_individual_macro": 0.7091574722349796, "val_acc_individual": 0.9646621349565382, "train_time_millis": 126716.65922900138, "eval_time_millis": 17344.63422900444}, "Test_results": {"test_f1_majority_binary": 0.5266903914590747, "test_f1_majority_macro": 0.7574711563337242, "test_acc_majority": 0.9770729184623341, "test_f1_individual_binary": 0.46015529219452395, "test_f1_individual_macro": 0.7220222768674309, "test_acc_individual": 0.9687122521967741, "test_time_millis": 17347.639419996995, "dataset_size": 58011, "number_of_annotations": 211096, "train_size": 126670, "val_size": 42221, "test_size": 42205}}