{"Epoch0": {"train_loss_means": 0.6313896775245667, "val_loss_mean": 0.5771847367286682, "val_f1_majority_bin": 0.7052298188209534, "val_f1_majority_macro": 0.717046383869373, "val_acc_majority": 0.7175398468971252, "val_f1_individual_binary": 0.6837060451507568, "val_f1_individual_macro": 0.7091452603448423, "val_acc_individual": 0.7113702893257141, "train_acc_means": 0.6468014717102051, "train_time_millis": 17049.506429000758, "eval_time_millis": 2523.817039007554}, "Epoch1": {"train_loss_means": 0.4697325825691223, "val_loss_mean": 0.5354454517364502, "val_f1_majority_bin": 0.7037037014961243, "val_f1_majority_macro": 0.7301367757799293, "val_acc_majority": 0.7327259182929993, "val_f1_individual_binary": 0.6874154210090637, "val_f1_individual_macro": 0.7253675491914195, "val_acc_individual": 0.7306122183799744, "train_acc_means": 0.7812678813934326, "train_time_millis": 16388.408871993306, "eval_time_millis": 2480.3143919998547}, "Epoch2": {"train_loss_means": 0.2737407088279724, "val_loss_mean": 0.6160551309585571, "val_f1_majority_bin": 0.6731967926025391, "val_f1_majority_macro": 0.7151556440068763, "val_acc_majority": 0.7213363647460938, "val_f1_individual_binary": 0.65663081407547, "val_f1_individual_macro": 0.7106249944959622, "val_acc_individual": 0.7206997275352478, "train_acc_means": 0.892677903175354, "train_time_millis": 16335.08380499552, "eval_time_millis": 2482.9085119999945}, "Test_results": {"test_f1_majority_binary": 0.6590909361839294, "test_f1_majority_macro": 0.6991978609625669, "test_acc_majority": 0.7045454382896423, "test_f1_individual_binary": 0.6643109321594238, "test_f1_individual_macro": 0.7097958685825492, "test_acc_individual": 0.7169249057769775, "test_time_millis": 2487.115495998296, "dataset_size": 6619, "number_of_annotations": 6619}}