{"Epoch0": {"train_loss_means": 0.26066839694976807, "val_loss_mean": 0.3525933027267456, "val_f1_majority_bin": 0.26034612490594433, "val_f1_majority_macro": 0.5289372231120865, "val_acc_majority": 0.6820827943078913, "val_f1_individual_binary": 0.2630979498861048, "val_f1_individual_macro": 0.5287526609932589, "val_acc_individual": 0.6785093167701863, "train_time_millis": 3546607.396439649, "eval_time_millis": 43513.31139821559}, "Epoch1": {"train_loss_means": 0.1978321522474289, "val_loss_mean": 0.35859397053718567, "val_f1_majority_bin": 0.26339969372128635, "val_f1_majority_macro": 0.5330938608007826, "val_acc_majority": 0.6888745148771022, "val_f1_individual_binary": 0.2640324963072378, "val_f1_individual_macro": 0.5256321337092931, "val_acc_individual": 0.6698964803312629, "train_time_millis": 3563102.7611037716, "eval_time_millis": 43488.31679672003}, "Epoch2": {"train_loss_means": 0.1667994111776352, "val_loss_mean": 0.4363434910774231, "val_f1_majority_bin": 0.22994210090984282, "val_f1_majority_macro": 0.5214032112589415, "val_acc_majority": 0.6989003880983182, "val_f1_individual_binary": 0.2039529015979815, "val_f1_individual_macro": 0.5043689433224515, "val_acc_individual": 0.6864596273291925, "train_time_millis": 3561123.7842328846, "eval_time_millis": 43477.83457394689}, "Epoch3": {"train_loss_means": 0.14538972079753876, "val_loss_mean": 0.45131969451904297, "val_f1_majority_bin": 0.30927835051546393, "val_f1_majority_macro": 0.5574572440517643, "val_acc_majority": 0.6966364812419146, "val_f1_individual_binary": 0.2924420812761109, "val_f1_individual_macro": 0.5475660946520355, "val_acc_individual": 0.6914285714285714, "train_time_millis": 3561308.8655676693, "eval_time_millis": 45516.01895131171}, "Epoch4": {"train_loss_means": 0.1287361979484558, "val_loss_mean": 0.3923724591732025, "val_f1_majority_bin": 0.33817126269956455, "val_f1_majority_macro": 0.5742042330975974, "val_acc_majority": 0.705045278137128, "val_f1_individual_binary": 0.30856067732831605, "val_f1_individual_macro": 0.556722600410906, "val_acc_individual": 0.6956521739130435, "train_time_millis": 3598101.8555387855, "eval_time_millis": 43454.14026081562}, "Epoch5": {"train_loss_means": 0.11385315656661987, "val_loss_mean": 0.4643937051296234, "val_f1_majority_bin": 0.42967032967032964, "val_f1_majority_macro": 0.5959075754676121, "val_acc_majority": 0.6642949547218628, "val_f1_individual_binary": 0.41624221844934917, "val_f1_individual_macro": 0.5873507076323552, "val_acc_individual": 0.6583022774327122, "train_time_millis": 3620096.137618646, "eval_time_millis": 43436.496475711465}, "Epoch6": {"train_loss_means": 0.10344123840332031, "val_loss_mean": 0.6052647829055786, "val_f1_majority_bin": 0.32076866223207684, "val_f1_majority_macro": 0.5652694480690502, "val_acc_majority": 0.7027813712807245, "val_f1_individual_binary": 0.2879601226993865, "val_f1_individual_macro": 0.5459025288684426, "val_acc_individual": 0.6924223602484472, "train_time_millis": 3619192.151161842, "eval_time_millis": 43387.54477351904}, "Epoch7": {"train_loss_means": 0.09351411461830139, "val_loss_mean": 0.597832977771759, "val_f1_majority_bin": 0.41066020593579655, "val_f1_majority_macro": 0.5980060350217258, "val_acc_majority": 0.6853169469598965, "val_f1_individual_binary": 0.3824500707658437, "val_f1_individual_macro": 0.5808602441963668, "val_acc_individual": 0.6747826086956522, "train_time_millis": 3617521.7501325533, "eval_time_millis": 43400.30085481703}, "Epoch8": {"train_loss_means": 0.08329717069864273, "val_loss_mean": 0.9303107857704163, "val_f1_majority_bin": 0.33575581395348836, "val_f1_majority_macro": 0.5728279901714197, "val_acc_majority": 0.704398447606727, "val_f1_individual_binary": 0.3041938490214352, "val_f1_individual_macro": 0.5527357320699404, "val_acc_individual": 0.6908488612836439, "train_time_millis": 3626801.3938507065, "eval_time_millis": 43402.084505185485}, "Epoch9": {"train_loss_means": 0.0757296234369278, "val_loss_mean": 0.9909745454788208, "val_f1_majority_bin": 0.34507042253521125, "val_f1_majority_macro": 0.5749281583708802, "val_acc_majority": 0.6992238033635187, "val_f1_individual_binary": 0.31469677654343464, "val_f1_individual_macro": 0.5565123306051758, "val_acc_individual": 0.6883643892339545, "train_time_millis": 3626145.8966359496, "eval_time_millis": 43425.89310742915}, "Test_results": {"test_f1_majority_binary": 0.41066020593579655, "test_f1_majority_macro": 0.5980060350217258, "test_acc_majority": 0.6853169469598965, "test_f1_individual_binary": 0.3824500707658437, "test_f1_individual_macro": 0.5808602441963668, "test_acc_individual": 0.6747826086956522, "test_time_millis": 43424.81843009591, "dataset_size": 15684, "number_of_annotations": 59888, "train_size": 35160, "val_size": 12075, "test_size": 12653}}