{"Epoch0": {"train_loss_means": 2.345442056655884, "val_loss_mean": 1.9635870456695557, "val_f1_majority_bin": 0.0, "val_f1_majority_macro": 0.49454910169195887, "val_acc_majority": 0.9784315228462219, "val_f1_individual_binary": 0.0033585221972316504, "val_f1_individual_macro": 0.4939831629885073, "val_acc_individual": 0.969683825969696, "train_acc_means": 0.8676888346672058, "train_time_millis": 58446.126991999336, "eval_time_millis": 41313.016820000485}, "Epoch1": {"train_loss_means": 1.9826905727386475, "val_loss_mean": 1.652154803276062, "val_f1_majority_bin": 0.35433071851730347, "val_f1_majority_macro": 0.6699324002864289, "val_acc_majority": 0.9717021584510803, "val_f1_individual_binary": 0.29118773341178894, "val_f1_individual_macro": 0.635885131867723, "val_acc_individual": 0.9622005224227905, "train_acc_means": 0.963638961315155, "train_time_millis": 58564.155152998865, "eval_time_millis": 41215.20975299063}, "Epoch2": {"train_loss_means": 1.7040998935699463, "val_loss_mean": 1.477976679801941, "val_f1_majority_bin": 0.40776699781417847, "val_f1_majority_macro": 0.6943781302909942, "val_acc_majority": 0.963161051273346, "val_f1_individual_binary": 0.37514039874076843, "val_f1_individual_macro": 0.6765372383683249, "val_acc_individual": 0.9573734402656555, "train_acc_means": 0.9537535309791565, "train_time_millis": 59169.112167001, "eval_time_millis": 41158.98495700094}, "Epoch3": {"train_loss_means": 1.4979369640350342, "val_loss_mean": 1.3319944143295288, "val_f1_majority_bin": 0.3792415261268616, "val_f1_majority_macro": 0.6755991173649095, "val_acc_majority": 0.9463376998901367, "val_f1_individual_binary": 0.36320000886917114, "val_f1_individual_macro": 0.6655856219319187, "val_acc_individual": 0.9390100836753845, "train_acc_means": 0.9454360604286194, "train_time_millis": 59040.78455599665, "eval_time_millis": 41066.10940299288}, "Epoch4": {"train_loss_means": 1.3271114826202393, "val_loss_mean": 1.2843984365463257, "val_f1_majority_bin": 0.42193087935447693, "val_f1_majority_macro": 0.7001119238749081, "val_acc_majority": 0.9581571817398071, "val_f1_individual_binary": 0.38471338152885437, "val_f1_individual_macro": 0.6795054746158414, "val_acc_individual": 0.9506563544273376, "train_acc_means": 0.944749116897583, "train_time_millis": 58986.134752005455, "eval_time_millis": 41355.631939004525}, "Epoch5": {"train_loss_means": 1.2076624631881714, "val_loss_mean": 1.2613320350646973, "val_f1_majority_bin": 0.4378109574317932, "val_f1_majority_macro": 0.7088062680608931, "val_acc_majority": 0.9610042572021484, "val_f1_individual_binary": 0.38836219906806946, "val_f1_individual_macro": 0.681749046038461, "val_acc_individual": 0.9522143602371216, "train_acc_means": 0.9464998841285706, "train_time_millis": 59064.26836500759, "eval_time_millis": 41465.61126400775}, "Epoch6": {"train_loss_means": 1.111830472946167, "val_loss_mean": 1.1979995965957642, "val_f1_majority_bin": 0.39157894253730774, "val_f1_majority_macro": 0.6827901933675499, "val_acc_majority": 0.950133740901947, "val_f1_individual_binary": 0.3737177848815918, "val_f1_individual_macro": 0.6717386059860855, "val_acc_individual": 0.9423047304153442, "train_acc_means": 0.947097897529602, "train_time_millis": 58967.95847600151, "eval_time_millis": 41390.570989999105}, "Epoch7": {"train_loss_means": 1.032765507698059, "val_loss_mean": 1.2179874181747437, "val_f1_majority_bin": 0.4282238483428955, "val_f1_majority_macro": 0.7036020831429082, "val_acc_majority": 0.9594513177871704, "val_f1_individual_binary": 0.39011871814727783, "val_f1_individual_macro": 0.6824182113789335, "val_acc_individual": 0.9514481425285339, "train_acc_means": 0.9490290880203247, "train_time_millis": 58906.3754069939, "eval_time_millis": 41393.83634700789}, "Epoch8": {"train_loss_means": 0.9719828367233276, "val_loss_mean": 1.1926568746566772, "val_f1_majority_bin": 0.4137931168079376, "val_f1_majority_macro": 0.6954677241873864, "val_acc_majority": 0.9560003280639648, "val_f1_individual_binary": 0.39043349027633667, "val_f1_individual_macro": 0.6816166987173562, "val_acc_individual": 0.9479236006736755, "train_acc_means": 0.9493688941001892, "train_time_millis": 58930.54455400852, "eval_time_millis": 41476.96587300743}, "Epoch9": {"train_loss_means": 0.9177590012550354, "val_loss_mean": 1.2029926776885986, "val_f1_majority_bin": 0.41871345043182373, "val_f1_majority_macro": 0.6982267031996767, "val_acc_majority": 0.9571219086647034, "val_f1_individual_binary": 0.38866645097732544, "val_f1_individual_macro": 0.6811106517053637, "val_acc_individual": 0.9493027329444885, "train_acc_means": 0.9509432315826416, "train_time_millis": 58996.79216500954, "eval_time_millis": 41102.565812994726}, "Test_results": {"test_f1_majority_binary": 0.39400920271873474, "test_f1_majority_macro": 0.6852193421181967, "test_acc_majority": 0.9546238780021667, "test_f1_individual_binary": 0.3702801465988159, "test_f1_individual_macro": 0.6714330896784582, "test_acc_individual": 0.94745934009552, "test_time_millis": 41194.492243012064, "dataset_size": 32260, "number_of_annotations": 111764}}