{"Epoch0": {"train_loss_means": 0.062322214245796204, "val_loss_mean": 0.05113055929541588, "val_f1_majority_bin": 0.2980769230769231, "val_f1_majority_macro": 0.6246726404436684, "val_acc_majority": 0.9088639200998752, "val_f1_individual_binary": 0.2801664355062414, "val_f1_individual_macro": 0.6143212798994524, "val_acc_individual": 0.9038354641467482, "train_time_millis": 14826.810909000415, "eval_time_millis": 3992.0942399985506}, "Epoch1": {"train_loss_means": 0.04319652542471886, "val_loss_mean": 0.05448295548558235, "val_f1_majority_bin": 0.41481481481481486, "val_f1_majority_macro": 0.6945367655045075, "val_acc_majority": 0.9506866416978776, "val_f1_individual_binary": 0.36105476673427994, "val_f1_individual_macro": 0.6652376056756537, "val_acc_individual": 0.9416342412451362, "train_time_millis": 14876.092342001357, "eval_time_millis": 3990.193059000376}, "Epoch2": {"train_loss_means": 0.0359489880502224, "val_loss_mean": 0.053509294986724854, "val_f1_majority_bin": 0.308300395256917, "val_f1_majority_macro": 0.6244992318541447, "val_acc_majority": 0.8907615480649188, "val_f1_individual_binary": 0.28089887640449435, "val_f1_individual_macro": 0.6081392604962698, "val_acc_individual": 0.8814156012599592, "train_time_millis": 14897.639381000772, "eval_time_millis": 3995.155615999465}, "Epoch3": {"train_loss_means": 0.031521353870630264, "val_loss_mean": 0.059803228825330734, "val_f1_majority_bin": 0.38596491228070173, "val_f1_majority_macro": 0.6756728616794212, "val_acc_majority": 0.9344569288389513, "val_f1_individual_binary": 0.33387888707037644, "val_f1_individual_macro": 0.6469551559971346, "val_acc_individual": 0.9245877339262554, "train_time_millis": 14844.354222999755, "eval_time_millis": 4029.586594999273}, "Epoch4": {"train_loss_means": 0.027852877974510193, "val_loss_mean": 0.06876799464225769, "val_f1_majority_bin": 0.3829787234042553, "val_f1_majority_macro": 0.6772875987246546, "val_acc_majority": 0.9456928838951311, "val_f1_individual_binary": 0.3359375, "val_f1_individual_macro": 0.6514350017020035, "val_acc_individual": 0.9370020381693533, "train_time_millis": 14888.86396000089, "eval_time_millis": 4009.3667010005447}, "Epoch5": {"train_loss_means": 0.02532060816884041, "val_loss_mean": 0.06318514049053192, "val_f1_majority_bin": 0.39024390243902435, "val_f1_majority_macro": 0.6786745827984595, "val_acc_majority": 0.9375780274656679, "val_f1_individual_binary": 0.3463497453310696, "val_f1_individual_macro": 0.654311570362742, "val_acc_individual": 0.9286640726329443, "train_time_millis": 14916.05038600028, "eval_time_millis": 4001.2298170004215}, "Epoch6": {"train_loss_means": 0.023088129237294197, "val_loss_mean": 0.07956313341856003, "val_f1_majority_bin": 0.3937007874015748, "val_f1_majority_macro": 0.6843382065054673, "val_acc_majority": 0.9519350811485643, "val_f1_individual_binary": 0.33766233766233766, "val_f1_individual_macro": 0.6540228064618309, "val_acc_individual": 0.943301834352418, "train_time_millis": 14867.53702200076, "eval_time_millis": 4008.4367799991014}, "Epoch7": {"train_loss_means": 0.02190851792693138, "val_loss_mean": 0.08312320709228516, "val_f1_majority_bin": 0.3875968992248062, "val_f1_majority_macro": 0.6809529211571186, "val_acc_majority": 0.9506866416978776, "val_f1_individual_binary": 0.3333333333333333, "val_f1_individual_macro": 0.6515591710245981, "val_acc_individual": 0.9421901056142301, "train_time_millis": 14828.452108999045, "eval_time_millis": 3853.6943229992175}, "Epoch8": {"train_loss_means": 0.0207610372453928, "val_loss_mean": 0.08566076308488846, "val_f1_majority_bin": 0.37878787878787873, "val_f1_majority_macro": 0.6760475852272727, "val_acc_majority": 0.9488139825218477, "val_f1_individual_binary": 0.3263598326359833, "val_f1_individual_macro": 0.6475730919674682, "val_acc_individual": 0.940337224383917, "train_time_millis": 14902.538267999262, "eval_time_millis": 3992.8616090001015}, "Epoch9": {"train_loss_means": 0.02021952159702778, "val_loss_mean": 0.08830541372299194, "val_f1_majority_bin": 0.4032258064516129, "val_f1_majority_macro": 0.6895999162128195, "val_acc_majority": 0.9538077403245943, "val_f1_individual_binary": 0.3399558498896248, "val_f1_individual_macro": 0.6555209091823136, "val_acc_individual": 0.9445988512136372, "train_time_millis": 14885.964826000418, "eval_time_millis": 3983.8084140010324}, "Test_results": {"test_f1_majority_binary": 0.4032258064516129, "test_f1_majority_macro": 0.6895999162128195, "test_acc_majority": 0.9538077403245943, "test_f1_individual_binary": 0.3399558498896248, "test_f1_individual_macro": 0.6555209091823136, "test_acc_individual": 0.9445988512136372, "test_time_millis": 3988.1476040009147, "dataset_size": 8010, "number_of_annotations": 27103, "train_size": 16428, "val_size": 5397, "test_size": 5278}}