{"Epoch0": {"train_loss_means": 3.2060768604278564, "val_loss_mean": 3.1116554737091064, "val_f1_majority_bin": 0.0, "val_f1_majority_macro": 0.415935295129926, "val_acc_majority": 0.7121390700340271, "val_f1_individual_binary": 0.3535597026348114, "val_f1_individual_macro": 0.5374239720843743, "val_acc_individual": 0.6105061769485474, "train_acc_means": 0.6403502225875854, "train_time_millis": 613218.2467200328, "eval_time_millis": 120922.2766199382}, "Epoch1": {"train_loss_means": 3.0665102005004883, "val_loss_mean": 2.996452569961548, "val_f1_majority_bin": 0.3678929805755615, "val_f1_majority_macro": 0.5704102448021238, "val_acc_majority": 0.6658809781074524, "val_f1_individual_binary": 0.4294932782649994, "val_f1_individual_macro": 0.5854367098531662, "val_acc_individual": 0.644096851348877, "train_acc_means": 0.6884904503822327, "train_time_millis": 591553.4972760361, "eval_time_millis": 118088.11284496915}, "Epoch2": {"train_loss_means": 2.7470154762268066, "val_loss_mean": 3.133880853652954, "val_f1_majority_bin": 0.28931573033332825, "val_f1_majority_macro": 0.5290780115247974, "val_acc_majority": 0.6511490941047668, "val_f1_individual_binary": 0.3836166262626648, "val_f1_individual_macro": 0.5722241748905792, "val_acc_individual": 0.6553817987442017, "train_acc_means": 0.7223407030105591, "train_time_millis": 617481.4743939787, "eval_time_millis": 125860.71647505742}, "Test_results": {"test_f1_majority_binary": 0.29381442070007324, "test_f1_majority_macro": 0.5417248748441736, "test_acc_majority": 0.6758355498313904, "test_f1_individual_binary": 0.40276432037353516, "test_f1_individual_macro": 0.5913776869696835, "test_acc_individual": 0.6784385442733765, "test_time_millis": 123018.71452003252, "dataset_size": 16868, "number_of_annotations": 77207}}