{"Epoch0": {"train_loss_means": 0.05885900557041168, "val_loss_mean": 0.05339793488383293, "val_f1_majority_bin": 0.3333333333333333, "val_f1_majority_macro": 0.6436717143391288, "val_acc_majority": 0.9139559286463799, "val_f1_individual_binary": 0.32997987927565386, "val_f1_individual_macro": 0.6389417544062874, "val_acc_individual": 0.9033241399332269, "train_time_millis": 18930.053500000213, "eval_time_millis": 4526.89989800092}, "Epoch1": {"train_loss_means": 0.042312342673540115, "val_loss_mean": 0.054164547473192215, "val_f1_majority_bin": 0.40625, "val_f1_majority_macro": 0.6873791436464088, "val_acc_majority": 0.9401888772298006, "val_f1_individual_binary": 0.38190954773869346, "val_f1_individual_macro": 0.6720054594339747, "val_acc_individual": 0.9285817970677892, "train_time_millis": 18900.017101999765, "eval_time_millis": 4527.55311600049}, "Epoch2": {"train_loss_means": 0.03594764694571495, "val_loss_mean": 0.0509018711745739, "val_f1_majority_bin": 0.3017543859649123, "val_f1_majority_macro": 0.6226662488372903, "val_acc_majority": 0.8955928646379853, "val_f1_individual_binary": 0.31858407079646023, "val_f1_individual_macro": 0.6288524402053143, "val_acc_individual": 0.8882276092321092, "train_time_millis": 18933.677912998974, "eval_time_millis": 4519.532412001354}, "Epoch3": {"train_loss_means": 0.03145444765686989, "val_loss_mean": 0.061758141964673996, "val_f1_majority_bin": 0.39393939393939387, "val_f1_majority_macro": 0.6803675940366587, "val_acc_majority": 0.9370409233997902, "val_f1_individual_binary": 0.36162361623616235, "val_f1_individual_macro": 0.6607963819707615, "val_acc_individual": 0.9246625054434606, "train_time_millis": 18909.34834899963, "eval_time_millis": 4544.143418999738}, "Epoch4": {"train_loss_means": 0.027896493673324585, "val_loss_mean": 0.060346800833940506, "val_f1_majority_bin": 0.32669322709163345, "val_f1_majority_macro": 0.6396173240204025, "val_acc_majority": 0.9113326337880377, "val_f1_individual_binary": 0.3230921704658078, "val_f1_individual_macro": 0.6348016259956888, "val_acc_individual": 0.9008564377993903, "train_time_millis": 18937.731869000345, "eval_time_millis": 4279.424135000227}, "Epoch5": {"train_loss_means": 0.025122234597802162, "val_loss_mean": 0.06775189936161041, "val_f1_majority_bin": 0.37209302325581395, "val_f1_majority_macro": 0.6672808735962139, "val_acc_majority": 0.9291710388247639, "val_f1_individual_binary": 0.3474285714285715, "val_f1_individual_macro": 0.6515876484981344, "val_acc_individual": 0.9171142400929018, "train_time_millis": 18923.843157999727, "eval_time_millis": 4539.80140800013}, "Epoch6": {"train_loss_means": 0.023792613297700882, "val_loss_mean": 0.07862976938486099, "val_f1_majority_bin": 0.4301075268817205, "val_f1_majority_macro": 0.70043710596706, "val_acc_majority": 0.944386149003148, "val_f1_individual_binary": 0.37908496732026137, "val_f1_individual_macro": 0.6712915038706894, "val_acc_individual": 0.9310494992016258, "train_time_millis": 18950.104682999154, "eval_time_millis": 4552.854669000226}, "Epoch7": {"train_loss_means": 0.022037707269191742, "val_loss_mean": 0.08126769214868546, "val_f1_majority_bin": 0.42780748663101603, "val_f1_majority_macro": 0.6991451226258528, "val_acc_majority": 0.9438614900314796, "val_f1_individual_binary": 0.3792207792207792, "val_f1_individual_macro": 0.6712370808773023, "val_acc_individual": 0.9306140223544781, "train_time_millis": 18901.099214999704, "eval_time_millis": 4536.020555000505}, "Epoch8": {"train_loss_means": 0.020743628963828087, "val_loss_mean": 0.08420415967702866, "val_f1_majority_bin": 0.42105263157894735, "val_f1_majority_macro": 0.6953413351158126, "val_acc_majority": 0.9422875131164743, "val_f1_individual_binary": 0.3758043758043758, "val_f1_individual_macro": 0.6692497765492151, "val_acc_individual": 0.9295979097111337, "train_time_millis": 18904.696066001634, "eval_time_millis": 4563.085097999647}, "Epoch9": {"train_loss_means": 0.020678792148828506, "val_loss_mean": 0.08714178204536438, "val_f1_majority_bin": 0.4222222222222222, "val_f1_majority_macro": 0.696793930494371, "val_acc_majority": 0.9454354669464848, "val_f1_individual_binary": 0.3763440860215054, "val_f1_individual_macro": 0.6703724419673278, "val_acc_individual": 0.9326462476411671, "train_time_millis": 18927.1818670004, "eval_time_millis": 4529.9654840000585}, "Test_results": {"test_f1_majority_binary": 0.4222222222222222, "test_f1_majority_macro": 0.696793930494371, "test_acc_majority": 0.9454354669464848, "test_f1_individual_binary": 0.3763440860215054, "test_f1_individual_macro": 0.6703724419673278, "test_acc_individual": 0.9326462476411671, "test_time_millis": 3515.0204229994415, "dataset_size": 9583, "number_of_annotations": 34586, "train_size": 20903, "val_size": 6889, "test_size": 6794}}