{"Epoch0": {"train_loss_means": 0.040298931300640106, "val_loss_mean": 0.035937897861003876, "val_f1_majority_bin": 0.09808532079274437, "val_f1_majority_macro": 0.46849427136415284, "val_acc_majority": 0.726634086744044, "val_f1_individual_binary": 0.08524464831804282, "val_f1_individual_macro": 0.4623149209775998, "val_acc_individual": 0.7267485012846132, "train_time_millis": 2148.8837520591915, "eval_time_millis": 8321.25352602452}, "Epoch1": {"train_loss_means": 0.03574657440185547, "val_loss_mean": 0.03306122124195099, "val_f1_majority_bin": 0.1611047180667434, "val_f1_majority_macro": 0.5398397487351476, "val_acc_majority": 0.851557727550397, "val_f1_individual_binary": 0.1430926475436861, "val_f1_individual_macro": 0.530933141285985, "val_acc_individual": 0.8516129032258064, "train_time_millis": 2152.115371078253, "eval_time_millis": 8324.448734987527}, "Epoch2": {"train_loss_means": 0.02688763663172722, "val_loss_mean": 0.028201203793287277, "val_f1_majority_bin": 0.24427480916030533, "val_f1_majority_macro": 0.5980106783413224, "val_acc_majority": 0.9092852779474648, "val_f1_individual_binary": 0.21547502448579828, "val_f1_individual_macro": 0.5834559553131065, "val_acc_individual": 0.9085355409648872, "train_time_millis": 2149.0054428577423, "eval_time_millis": 7447.974603623152}, "Epoch3": {"train_loss_means": 0.017259851098060608, "val_loss_mean": 0.028629638254642487, "val_f1_majority_bin": 0.3148558758314856, "val_f1_majority_macro": 0.640940903447703, "val_acc_majority": 0.937080024434942, "val_f1_individual_binary": 0.2793733681462141, "val_f1_individual_macro": 0.6232080883360481, "val_acc_individual": 0.9369683128746789, "train_time_millis": 2142.505954951048, "eval_time_millis": 8314.193571917713}, "Epoch4": {"train_loss_means": 0.01100193616002798, "val_loss_mean": 0.02858329378068447, "val_f1_majority_bin": 0.31368821292775667, "val_f1_majority_macro": 0.637427152935479, "val_acc_majority": 0.9264915495825697, "val_f1_individual_binary": 0.27909542195256476, "val_f1_individual_macro": 0.6198740498991231, "val_acc_individual": 0.9253782472166714, "train_time_millis": 2142.2986430116, "eval_time_millis": 7882.650391664356}, "Epoch5": {"train_loss_means": 0.0068312943913042545, "val_loss_mean": 0.04242362454533577, "val_f1_majority_bin": 0.32934131736526945, "val_f1_majority_macro": 0.6528662741969686, "val_acc_majority": 0.9543881083282427, "val_f1_individual_binary": 0.3052064631956912, "val_f1_individual_macro": 0.6411926879016551, "val_acc_individual": 0.9558093063088781, "train_time_millis": 2125.697582960129, "eval_time_millis": 8325.075590983033}, "Epoch6": {"train_loss_means": 0.005423691123723984, "val_loss_mean": 0.049555327743291855, "val_f1_majority_bin": 0.3387622149837134, "val_f1_majority_macro": 0.6587137401770905, "val_acc_majority": 0.95866422317247, "val_f1_individual_binary": 0.3142292490118577, "val_f1_individual_macro": 0.6469141424082159, "val_acc_individual": 0.960376819868684, "train_time_millis": 2151.472354773432, "eval_time_millis": 8345.006030984223}, "Epoch7": {"train_loss_means": 0.004538411740213633, "val_loss_mean": 0.04533085227012634, "val_f1_majority_bin": 0.33516483516483514, "val_f1_majority_macro": 0.6547890151717599, "val_acc_majority": 0.9507228670331908, "val_f1_individual_binary": 0.3083264633140973, "val_f1_individual_macro": 0.6417582282563922, "val_acc_individual": 0.9520982015415358, "train_time_millis": 2147.9336437769234, "eval_time_millis": 8103.449273388833}, "Epoch8": {"train_loss_means": 0.004171916749328375, "val_loss_mean": 0.050044476985931396, "val_f1_majority_bin": 0.33532934131736525, "val_f1_majority_macro": 0.6559656824630671, "val_acc_majority": 0.9547953573610263, "val_f1_individual_binary": 0.30894308943089427, "val_f1_individual_macro": 0.6431960089432572, "val_acc_individual": 0.9563231515843562, "train_time_millis": 2144.064978696406, "eval_time_millis": 7295.531149022281}, "Epoch9": {"train_loss_means": 0.003868822241201997, "val_loss_mean": 0.05149132013320923, "val_f1_majority_bin": 0.334855403348554, "val_f1_majority_macro": 0.6559198278658818, "val_acc_majority": 0.9555080431683974, "val_f1_individual_binary": 0.31152073732718893, "val_f1_individual_macro": 0.6447572754245313, "val_acc_individual": 0.9573508421353126, "train_time_millis": 2142.3319932073355, "eval_time_millis": 7458.492227829993}, "Test_results": {"test_f1_majority_binary": 0.3387622149837134, "test_f1_majority_macro": 0.6587137401770905, "test_acc_majority": 0.95866422317247, "test_f1_individual_binary": 0.3142292490118577, "test_f1_individual_macro": 0.6469141424082159, "test_acc_individual": 0.960376819868684, "test_time_millis": 8225.990997627378, "dataset_size": 21034, "number_of_annotations": 37316, "train_size": 2408, "val_size": 17515, "test_size": 17393}}