{"Epoch0": {"train_loss_means": 0.9293819069862366, "val_loss_mean": 0.6869576573371887, "val_f1_majority_bin": 0.36197441816329956, "val_f1_majority_macro": 0.671857291346539, "val_acc_majority": 0.9644964337348938, "val_f1_individual_binary": 0.3444180488586426, "val_f1_individual_macro": 0.6640736727120071, "val_acc_individual": 0.9682466387748718, "train_acc_means": 0.9462985992431641, "train_time_millis": 90417.6264659909, "eval_time_millis": 19636.178213986568}, "Epoch1": {"train_loss_means": 0.5926567912101746, "val_loss_mean": 0.5454455614089966, "val_f1_majority_bin": 0.3779527544975281, "val_f1_majority_macro": 0.6764353683221072, "val_acc_majority": 0.9517802596092224, "val_f1_individual_binary": 0.36449331045150757, "val_f1_individual_macro": 0.670170232111885, "val_acc_individual": 0.9534629583358765, "train_acc_means": 0.9560190439224243, "train_time_millis": 90342.69190800842, "eval_time_millis": 19647.309088992188}, "Epoch2": {"train_loss_means": 0.44283658266067505, "val_loss_mean": 0.5544039011001587, "val_f1_majority_bin": 0.37365591526031494, "val_f1_majority_macro": 0.6745103422715479, "val_acc_majority": 0.9525941014289856, "val_f1_individual_binary": 0.357963889837265, "val_f1_individual_macro": 0.667327690210675, "val_acc_individual": 0.9550161361694336, "train_acc_means": 0.9623144268989563, "train_time_millis": 90647.91253398289, "eval_time_millis": 19499.753954005428}, "Epoch3": {"train_loss_means": 0.3479069769382477, "val_loss_mean": 0.5661615133285522, "val_f1_majority_bin": 0.3687423765659332, "val_f1_majority_macro": 0.6706511058190905, "val_acc_majority": 0.9474058747291565, "val_f1_individual_binary": 0.35346755385398865, "val_f1_individual_macro": 0.6637652224095929, "val_acc_individual": 0.9501265287399292, "train_acc_means": 0.9666085243225098, "train_time_millis": 90474.1366340022, "eval_time_millis": 19662.387276999652}, "Test_results": {"test_f1_majority_binary": 0.4372294247150421, "test_f1_majority_macro": 0.7047094881087821, "test_acc_majority": 0.9469982385635376, "test_f1_individual_binary": 0.42356055974960327, "test_f1_individual_macro": 0.6986868652560437, "test_acc_individual": 0.9499022364616394, "test_time_millis": 19467.429498996353, "dataset_size": 40963, "number_of_annotations": 71758}}