{"Epoch0": {"train_loss_means": 0.33442506194114685, "val_loss_mean": 0.3918883502483368, "val_f1_majority_bin": 0.0, "val_f1_majority_macro": 0.41738754325259514, "val_acc_majority": 0.7164068299925761, "val_f1_individual_binary": 0.0, "val_f1_individual_macro": 0.42093168999373304, "val_acc_individual": 0.726911976911977, "train_time_millis": 1597158.574835863, "eval_time_millis": 29505.35877305083}, "Epoch1": {"train_loss_means": 0.3199370801448822, "val_loss_mean": 0.3846626579761505, "val_f1_majority_bin": 0.0, "val_f1_majority_macro": 0.41738754325259514, "val_acc_majority": 0.7164068299925761, "val_f1_individual_binary": 0.0, "val_f1_individual_macro": 0.42093168999373304, "val_acc_individual": 0.726911976911977, "train_time_millis": 1597586.148567032, "eval_time_millis": 29550.412090029567}, "Epoch2": {"train_loss_means": 0.31565093994140625, "val_loss_mean": 0.34152650833129883, "val_f1_majority_bin": 0.0, "val_f1_majority_macro": 0.41738754325259514, "val_acc_majority": 0.7164068299925761, "val_f1_individual_binary": 0.0, "val_f1_individual_macro": 0.42093168999373304, "val_acc_individual": 0.726911976911977, "train_time_millis": 1601230.5368599482, "eval_time_millis": 29541.677593952045}, "Epoch3": {"train_loss_means": 0.31373316049575806, "val_loss_mean": 0.3381612002849579, "val_f1_majority_bin": 0.0, "val_f1_majority_macro": 0.41738754325259514, "val_acc_majority": 0.7164068299925761, "val_f1_individual_binary": 0.0, "val_f1_individual_macro": 0.42093168999373304, "val_acc_individual": 0.726911976911977, "train_time_millis": 1618914.6946480032, "eval_time_millis": 31539.110553916544}, "Epoch4": {"train_loss_means": 0.3126886188983917, "val_loss_mean": 0.34596964716911316, "val_f1_majority_bin": 0.0, "val_f1_majority_macro": 0.41738754325259514, "val_acc_majority": 0.7164068299925761, "val_f1_individual_binary": 0.0, "val_f1_individual_macro": 0.42093168999373304, "val_acc_individual": 0.726911976911977, "train_time_millis": 1600314.8998119868, "eval_time_millis": 31554.450084920973}, "Epoch5": {"train_loss_means": 0.31214797496795654, "val_loss_mean": 0.3237382173538208, "val_f1_majority_bin": 0.0, "val_f1_majority_macro": 0.41738754325259514, "val_acc_majority": 0.7164068299925761, "val_f1_individual_binary": 0.0, "val_f1_individual_macro": 0.42093168999373304, "val_acc_individual": 0.726911976911977, "train_time_millis": 1601476.902222028, "eval_time_millis": 29490.93910609372}, "Epoch6": {"train_loss_means": 0.3117277920246124, "val_loss_mean": 0.3257869780063629, "val_f1_majority_bin": 0.0, "val_f1_majority_macro": 0.41738754325259514, "val_acc_majority": 0.7164068299925761, "val_f1_individual_binary": 0.0, "val_f1_individual_macro": 0.42093168999373304, "val_acc_individual": 0.726911976911977, "train_time_millis": 1614511.6319470108, "eval_time_millis": 29503.19134281017}, "Epoch7": {"train_loss_means": 0.3063288927078247, "val_loss_mean": 0.348990261554718, "val_f1_majority_bin": 0.0, "val_f1_majority_macro": 0.41738754325259514, "val_acc_majority": 0.7164068299925761, "val_f1_individual_binary": 0.0, "val_f1_individual_macro": 0.42093168999373304, "val_acc_individual": 0.726911976911977, "train_time_millis": 1602215.121599147, "eval_time_millis": 30523.37432000786}, "Epoch8": {"train_loss_means": 0.27828729152679443, "val_loss_mean": 0.41944360733032227, "val_f1_majority_bin": 0.1277533039647577, "val_f1_majority_macro": 0.47548379483952175, "val_acc_majority": 0.7060133630289532, "val_f1_individual_binary": 0.13649851632047477, "val_f1_individual_macro": 0.48472457388928447, "val_acc_individual": 0.7200577200577201, "train_time_millis": 1604587.971925037, "eval_time_millis": 31579.417002853006}, "Epoch9": {"train_loss_means": 0.24290984869003296, "val_loss_mean": 0.5359238386154175, "val_f1_majority_bin": 0.03717472118959108, "val_f1_majority_macro": 0.4337805498547824, "val_acc_majority": 0.7115812917594655, "val_f1_individual_binary": 0.053067993366500824, "val_f1_individual_macro": 0.44622457333585236, "val_acc_individual": 0.7253487253487253, "train_time_millis": 1615956.4361018129, "eval_time_millis": 29830.72832901962}, "Test_results": {"test_f1_majority_binary": 0.1277533039647577, "test_f1_majority_macro": 0.47548379483952175, "test_acc_majority": 0.7060133630289532, "test_f1_individual_binary": 0.13649851632047477, "test_f1_individual_macro": 0.48472457388928447, "test_acc_individual": 0.7200577200577201, "test_time_millis": 29947.23780103959, "dataset_size": 13768, "number_of_annotations": 41256, "train_size": 24292, "val_size": 8316, "test_size": 8648}}