{"Epoch0": {"train_loss_means": 0.568954348564148, "val_loss_mean": 0.5268633961677551, "val_f1_majority_bin": 0.6777777671813965, "val_f1_majority_macro": 0.7387353969472158, "val_acc_majority": 0.7529578804969788, "val_f1_individual_binary": 0.6415094137191772, "val_f1_individual_macro": 0.7146582776170538, "val_acc_individual": 0.7334103584289551, "train_acc_means": 0.7189078330993652, "train_time_millis": 28841.554497999823, "eval_time_millis": 4750.42341299968}, "Epoch1": {"train_loss_means": 0.4197436273097992, "val_loss_mean": 0.5327733755111694, "val_f1_majority_bin": 0.6829268336296082, "val_f1_majority_macro": 0.744965508277085, "val_acc_majority": 0.7600567936897278, "val_f1_individual_binary": 0.6455409526824951, "val_f1_individual_macro": 0.7210557532830866, "val_acc_individual": 0.7414988279342651, "train_acc_means": 0.8123421669006348, "train_time_millis": 28371.028449000278, "eval_time_millis": 4758.863306999956}, "Epoch2": {"train_loss_means": 0.2533304691314697, "val_loss_mean": 0.6679378747940063, "val_f1_majority_bin": 0.6815980672836304, "val_f1_majority_macro": 0.7386234293013954, "val_acc_majority": 0.7510648369789124, "val_f1_individual_binary": 0.6422746181488037, "val_f1_individual_macro": 0.7140651422967473, "val_acc_individual": 0.7320898175239563, "train_acc_means": 0.8936237096786499, "train_time_millis": 28374.285069000052, "eval_time_millis": 4752.2696380001435}, "Test_results": {"test_f1_majority_binary": 0.7001733183860779, "test_f1_majority_macro": 0.7462451184980058, "test_acc_majority": 0.7546099424362183, "test_f1_individual_binary": 0.6409332156181335, "test_f1_individual_macro": 0.7088058651960034, "test_acc_individual": 0.7246258854866028, "test_time_millis": 4858.571485000084, "dataset_size": 10550, "number_of_annotations": 10550}}