{"Epoch0": {"train_loss_means": 0.027874374762177467, "val_loss_mean": 0.017486585304141045, "val_f1_majority_bin": 0.3943661971830986, "val_f1_majority_macro": 0.6911925719824661, "val_acc_majority": 0.9765027322404372, "val_f1_individual_binary": 0.3379310344827586, "val_f1_individual_macro": 0.6615109435498123, "val_acc_individual": 0.9708383961117861, "train_time_millis": 17816.8285390002, "eval_time_millis": 4423.705658000472}, "Epoch1": {"train_loss_means": 0.016926877200603485, "val_loss_mean": 0.014843110926449299, "val_f1_majority_bin": 0.2, "val_f1_majority_macro": 0.582905982905983, "val_acc_majority": 0.9344262295081968, "val_f1_individual_binary": 0.2346938775510204, "val_f1_individual_macro": 0.5994614061840953, "val_acc_individual": 0.9316524908869988, "train_time_millis": 17781.130491999647, "eval_time_millis": 4492.792086000918}, "Epoch2": {"train_loss_means": 0.011858056299388409, "val_loss_mean": 0.015460229478776455, "val_f1_majority_bin": 0.15228426395939088, "val_f1_majority_macro": 0.5520300903972525, "val_acc_majority": 0.9087431693989071, "val_f1_individual_binary": 0.19286657859973583, "val_f1_individual_macro": 0.5718180286439981, "val_acc_individual": 0.9071992709599028, "train_time_millis": 17841.85448199969, "eval_time_millis": 4434.165811000639}, "Epoch3": {"train_loss_means": 0.008592801168560982, "val_loss_mean": 0.016701772809028625, "val_f1_majority_bin": 0.14778325123152708, "val_f1_majority_macro": 0.5488699305043953, "val_acc_majority": 0.905464480874317, "val_f1_individual_binary": 0.1799217731421121, "val_f1_individual_macro": 0.5646000285757331, "val_acc_individual": 0.9044653705953828, "train_time_millis": 17815.721906999897, "eval_time_millis": 4442.970644000525}, "Epoch4": {"train_loss_means": 0.006875100079923868, "val_loss_mean": 0.01743052341043949, "val_f1_majority_bin": 0.1935483870967742, "val_f1_majority_macro": 0.5789425245041646, "val_acc_majority": 0.9316939890710383, "val_f1_individual_binary": 0.22475570032573286, "val_f1_individual_macro": 0.5934197491592023, "val_acc_individual": 0.9277035236938032, "train_time_millis": 17822.77348900061, "eval_time_millis": 4435.621596998317}, "Epoch5": {"train_loss_means": 0.005421137902885675, "val_loss_mean": 0.01859750784933567, "val_f1_majority_bin": 0.23076923076923075, "val_f1_majority_macro": 0.6012203094356069, "val_acc_majority": 0.9453551912568307, "val_f1_individual_binary": 0.2529182879377432, "val_f1_individual_macro": 0.6112860761642249, "val_acc_individual": 0.9416767922235723, "train_time_millis": 17816.986660998737, "eval_time_millis": 4436.558118999528}, "Epoch6": {"train_loss_means": 0.005029297433793545, "val_loss_mean": 0.019368985667824745, "val_f1_majority_bin": 0.15789473684210525, "val_f1_majority_macro": 0.555892613377825, "val_acc_majority": 0.912568306010929, "val_f1_individual_binary": 0.19310344827586207, "val_f1_individual_macro": 0.5730445313387669, "val_acc_individual": 0.9111482381530984, "train_time_millis": 17838.104087999454, "eval_time_millis": 4509.301168000093}, "Epoch7": {"train_loss_means": 0.004671737086027861, "val_loss_mean": 0.02063634619116783, "val_f1_majority_bin": 0.24000000000000002, "val_f1_majority_macro": 0.6065629420084866, "val_acc_majority": 0.9480874316939891, "val_f1_individual_binary": 0.26530612244897955, "val_f1_individual_macro": 0.6184552382240165, "val_acc_individual": 0.945321992709599, "train_time_millis": 17796.96789799891, "eval_time_millis": 3420.522914000685}, "Epoch8": {"train_loss_means": 0.004455879330635071, "val_loss_mean": 0.020311623811721802, "val_f1_majority_bin": 0.2, "val_f1_majority_macro": 0.582905982905983, "val_acc_majority": 0.9344262295081968, "val_f1_individual_binary": 0.23143350604490504, "val_f1_individual_macro": 0.5980425930415167, "val_acc_individual": 0.932411907654921, "train_time_millis": 17818.1884250007, "eval_time_millis": 4436.266404998605}, "Epoch9": {"train_loss_means": 0.004386615008115768, "val_loss_mean": 0.020604504272341728, "val_f1_majority_bin": 0.21897810218978103, "val_f1_majority_macro": 0.5943031300049104, "val_acc_majority": 0.9415300546448088, "val_f1_individual_binary": 0.2462686567164179, "val_f1_individual_macro": 0.60714319472933, "val_acc_individual": 0.9386391251518833, "train_time_millis": 17793.00552099994, "eval_time_millis": 4436.997434000659}, "Test_results": {"test_f1_majority_binary": 0.3943661971830986, "test_f1_majority_macro": 0.6911925719824661, "test_acc_majority": 0.9765027322404372, "test_f1_individual_binary": 0.3379310344827586, "test_f1_individual_macro": 0.6615109435498123, "test_acc_individual": 0.9708383961117861, "test_time_millis": 4434.803378000652, "dataset_size": 9135, "number_of_annotations": 32792, "train_size": 19757, "val_size": 6584, "test_size": 6451}}