{"Epoch0": {"train_loss_means": 0.343482106924057, "val_loss_mean": 0.3311833143234253, "val_f1_majority_bin": 0.375, "val_f1_majority_macro": 0.5559210526315789, "val_acc_majority": 0.6296296296296297, "val_f1_individual_binary": 0.37237237237237236, "val_f1_individual_macro": 0.555724263589432, "val_acc_individual": 0.6313932980599647, "train_time_millis": 17304.85360300372, "eval_time_millis": 4021.8372800009092}, "Epoch1": {"train_loss_means": 0.33653104305267334, "val_loss_mean": 0.32789483666419983, "val_f1_majority_bin": 0.4848484848484849, "val_f1_majority_macro": 0.6042128603104213, "val_acc_majority": 0.6402116402116402, "val_f1_individual_binary": 0.47837150127226463, "val_f1_individual_macro": 0.6008591649411256, "val_acc_individual": 0.6384479717813051, "train_time_millis": 17450.550806002866, "eval_time_millis": 4063.8318880010047}, "Epoch2": {"train_loss_means": 0.3276422917842865, "val_loss_mean": 0.3226436376571655, "val_f1_majority_bin": 0.5616438356164384, "val_f1_majority_macro": 0.6428908833254605, "val_acc_majority": 0.6613756613756614, "val_f1_individual_binary": 0.5379310344827586, "val_f1_individual_macro": 0.6251886932070445, "val_acc_individual": 0.6455026455026455, "train_time_millis": 17309.703205995902, "eval_time_millis": 3173.3728280014475}, "Epoch3": {"train_loss_means": 0.3103753924369812, "val_loss_mean": 0.3310607969760895, "val_f1_majority_bin": 0.6210045662100456, "val_f1_majority_macro": 0.5494959937968467, "val_acc_majority": 0.5608465608465608, "val_f1_individual_binary": 0.6024464831804281, "val_f1_individual_macro": 0.5303899082568807, "val_acc_individual": 0.5414462081128748, "train_time_millis": 17326.82073899923, "eval_time_millis": 4073.36431099975}, "Epoch4": {"train_loss_means": 0.30550724267959595, "val_loss_mean": 0.32729172706604004, "val_f1_majority_bin": 0.5513513513513513, "val_f1_majority_macro": 0.5606497689399244, "val_acc_majority": 0.5608465608465608, "val_f1_individual_binary": 0.5326086956521738, "val_f1_individual_macro": 0.5446548632900045, "val_acc_individual": 0.544973544973545, "train_time_millis": 17317.50175000343, "eval_time_millis": 3648.9883589965757}, "Epoch5": {"train_loss_means": 0.27249646186828613, "val_loss_mean": 0.37266743183135986, "val_f1_majority_bin": 0.38596491228070173, "val_f1_majority_macro": 0.5604066985645932, "val_acc_majority": 0.6296296296296297, "val_f1_individual_binary": 0.359882005899705, "val_f1_individual_macro": 0.5434630155284689, "val_acc_individual": 0.6172839506172839, "train_time_millis": 17317.90678700054, "eval_time_millis": 4068.0893509997986}, "Epoch6": {"train_loss_means": 0.24711202085018158, "val_loss_mean": 0.36403170228004456, "val_f1_majority_bin": 0.5913978494623656, "val_f1_majority_macro": 0.5977822580645161, "val_acc_majority": 0.5978835978835979, "val_f1_individual_binary": 0.554954954954955, "val_f1_individual_macro": 0.5641786864584792, "val_acc_individual": 0.564373897707231, "train_time_millis": 17292.311198005336, "eval_time_millis": 3167.72967200086}, "Epoch7": {"train_loss_means": 0.23245154321193695, "val_loss_mean": 0.3857366740703583, "val_f1_majority_bin": 0.4409448818897638, "val_f1_majority_macro": 0.5790381779966747, "val_acc_majority": 0.6243386243386243, "val_f1_individual_binary": 0.4232804232804233, "val_f1_individual_macro": 0.5674603174603174, "val_acc_individual": 0.6155202821869489, "train_time_millis": 17399.884659003874, "eval_time_millis": 4113.048779996461}, "Epoch8": {"train_loss_means": 0.21815501153469086, "val_loss_mean": 0.38088852167129517, "val_f1_majority_bin": 0.5977011494252873, "val_f1_majority_macro": 0.6272819472616633, "val_acc_majority": 0.6296296296296297, "val_f1_individual_binary": 0.5587668593448939, "val_f1_individual_macro": 0.5932045678838291, "val_acc_individual": 0.5961199294532628, "train_time_millis": 17407.84591499687, "eval_time_millis": 4100.29805200611}, "Epoch9": {"train_loss_means": 0.20296606421470642, "val_loss_mean": 0.37877172231674194, "val_f1_majority_bin": 0.5714285714285715, "val_f1_majority_macro": 0.6267281105990783, "val_acc_majority": 0.6349206349206349, "val_f1_individual_binary": 0.5291666666666667, "val_f1_individual_macro": 0.5918004587155963, "val_acc_individual": 0.6014109347442681, "train_time_millis": 17403.247467002075, "eval_time_millis": 3172.328420994745}, "Test_results": {"test_f1_majority_binary": 0.5616438356164384, "test_f1_majority_macro": 0.6428908833254605, "test_acc_majority": 0.6613756613756614, "test_f1_individual_binary": 0.5379310344827586, "test_f1_individual_macro": 0.6251886932070445, "test_acc_individual": 0.6455026455026455, "test_time_millis": 4100.791441000183, "dataset_size": 943, "number_of_annotations": 2829, "train_size": 1695, "val_size": 567, "test_size": 567}}