{"Epoch0": {"train_loss_means": 0.16584135591983795, "val_loss_mean": 0.136712446808815, "val_f1_majority_bin": 0.5873015873015872, "val_f1_majority_macro": 0.7129054520358868, "val_acc_majority": 0.7678571428571429, "val_f1_individual_binary": 0.5873015873015872, "val_f1_individual_macro": 0.7129054520358868, "val_acc_individual": 0.7678571428571429, "train_time_millis": 1425.9488940006122, "eval_time_millis": 2174.048362998292}, "Epoch1": {"train_loss_means": 0.11386764794588089, "val_loss_mean": 0.11197305470705032, "val_f1_majority_bin": 0.6071428571428571, "val_f1_majority_macro": 0.7380952380952381, "val_acc_majority": 0.8035714285714286, "val_f1_individual_binary": 0.6071428571428571, "val_f1_individual_macro": 0.7380952380952381, "val_acc_individual": 0.8035714285714286, "train_time_millis": 774.5307229997707, "eval_time_millis": 2064.8565119990963}, "Epoch2": {"train_loss_means": 0.0660867765545845, "val_loss_mean": 0.11664166301488876, "val_f1_majority_bin": 0.6355140186915889, "val_f1_majority_macro": 0.7605722586126566, "val_acc_majority": 0.8258928571428571, "val_f1_individual_binary": 0.6355140186915889, "val_f1_individual_macro": 0.7605722586126566, "val_acc_individual": 0.8258928571428571, "train_time_millis": 774.9693229998229, "eval_time_millis": 2174.160424998263}, "Epoch3": {"train_loss_means": 0.025307059288024902, "val_loss_mean": 0.22555410861968994, "val_f1_majority_bin": 0.5168539325842697, "val_f1_majority_macro": 0.6985383869049482, "val_acc_majority": 0.8080357142857143, "val_f1_individual_binary": 0.5168539325842697, "val_f1_individual_macro": 0.6985383869049482, "val_acc_individual": 0.8080357142857143, "train_time_millis": 792.545019001409, "eval_time_millis": 2172.776656996575}, "Epoch4": {"train_loss_means": 0.008920373395085335, "val_loss_mean": 0.39929094910621643, "val_f1_majority_bin": 0.5, "val_f1_majority_macro": 0.7021276595744681, "val_acc_majority": 0.8392857142857143, "val_f1_individual_binary": 0.5, "val_f1_individual_macro": 0.7021276595744681, "val_acc_individual": 0.8392857142857143, "train_time_millis": 761.2671649985714, "eval_time_millis": 2173.0189510053606}, "Epoch5": {"train_loss_means": 0.00322750024497509, "val_loss_mean": 0.2419573813676834, "val_f1_majority_bin": 0.5961538461538461, "val_f1_majority_macro": 0.7370304114490162, "val_acc_majority": 0.8125, "val_f1_individual_binary": 0.5961538461538461, "val_f1_individual_macro": 0.7370304114490162, "val_acc_individual": 0.8125, "train_time_millis": 786.8068919997313, "eval_time_millis": 2187.534966004023}, "Epoch6": {"train_loss_means": 0.0037058282177895308, "val_loss_mean": 0.511315643787384, "val_f1_majority_bin": 0.463768115942029, "val_f1_majority_macro": 0.6830713930633628, "val_acc_majority": 0.8348214285714286, "val_f1_individual_binary": 0.463768115942029, "val_f1_individual_macro": 0.6830713930633628, "val_acc_individual": 0.8348214285714286, "train_time_millis": 773.017842999252, "eval_time_millis": 2179.8921810041065}, "Epoch7": {"train_loss_means": 0.0014118134276941419, "val_loss_mean": 0.46613505482673645, "val_f1_majority_bin": 0.45333333333333337, "val_f1_majority_macro": 0.6717068811438784, "val_acc_majority": 0.8169642857142857, "val_f1_individual_binary": 0.45333333333333337, "val_f1_individual_macro": 0.6717068811438784, "val_acc_individual": 0.8169642857142857, "train_time_millis": 781.9853640030487, "eval_time_millis": 2184.267730001011}, "Epoch8": {"train_loss_means": 0.001117548206821084, "val_loss_mean": 0.5264703631401062, "val_f1_majority_bin": 0.4594594594594595, "val_f1_majority_macro": 0.6762537939008527, "val_acc_majority": 0.8214285714285714, "val_f1_individual_binary": 0.4594594594594595, "val_f1_individual_macro": 0.6762537939008527, "val_acc_individual": 0.8214285714285714, "train_time_millis": 768.6251439954503, "eval_time_millis": 2179.4685919958283}, "Epoch9": {"train_loss_means": 0.0012061186134815216, "val_loss_mean": 0.5220763683319092, "val_f1_majority_bin": 0.4594594594594595, "val_f1_majority_macro": 0.6762537939008527, "val_acc_majority": 0.8214285714285714, "val_f1_individual_binary": 0.4594594594594595, "val_f1_individual_macro": 0.6762537939008527, "val_acc_individual": 0.8214285714285714, "train_time_millis": 781.8723429954844, "eval_time_millis": 2185.592326000915}, "Test_results": {"test_f1_majority_binary": 0.6355140186915889, "test_f1_majority_macro": 0.7605722586126566, "test_acc_majority": 0.8258928571428571, "test_f1_individual_binary": 0.6355140186915889, "test_f1_individual_macro": 0.7605722586126566, "test_acc_individual": 0.8258928571428571, "test_time_millis": 2182.1243559970753, "dataset_size": 1120, "number_of_annotations": 1120, "train_size": 672, "val_size": 224, "test_size": 224}}