{"Epoch0": {"train_loss_means": 1.7897210121154785, "val_loss_mean": 1.6832587718963623, "val_f1_majority_bin": 0.0, "val_f1_majority_macro": 0.4922178988326848, "val_acc_majority": 0.969348669052124, "val_f1_individual_binary": 0.04590163752436638, "val_f1_individual_macro": 0.5006177421587006, "val_acc_individual": 0.914662778377533, "train_acc_means": 0.6500888466835022, "train_time_millis": 20353.56752993539, "eval_time_millis": 3373.0279179289937}, "Epoch1": {"train_loss_means": 1.5859642028808594, "val_loss_mean": 1.5522898435592651, "val_f1_majority_bin": 0.0, "val_f1_majority_macro": 0.4922178988326848, "val_acc_majority": 0.969348669052124, "val_f1_individual_binary": 0.0, "val_f1_individual_macro": 0.49286139202855445, "val_acc_individual": 0.9718475341796875, "train_acc_means": 0.9473162889480591, "train_time_millis": 20461.442069849, "eval_time_millis": 3418.4123089071363}, "Epoch2": {"train_loss_means": 1.4127997159957886, "val_loss_mean": 1.4885677099227905, "val_f1_majority_bin": 0.0, "val_f1_majority_macro": 0.4922178988326848, "val_acc_majority": 0.969348669052124, "val_f1_individual_binary": 0.0, "val_f1_individual_macro": 0.49301219149568837, "val_acc_individual": 0.9724340438842773, "train_acc_means": 0.974983811378479, "train_time_millis": 20502.74601113051, "eval_time_millis": 3377.2080689668655}, "Epoch3": {"train_loss_means": 1.2882590293884277, "val_loss_mean": 1.4435935020446777, "val_f1_majority_bin": 0.0, "val_f1_majority_macro": 0.4922178988326848, "val_acc_majority": 0.969348669052124, "val_f1_individual_binary": 0.0, "val_f1_individual_macro": 0.49301219149568837, "val_acc_individual": 0.9724340438842773, "train_acc_means": 0.9759055972099304, "train_time_millis": 20390.34318504855, "eval_time_millis": 3372.346759075299}, "Epoch4": {"train_loss_means": 1.1921777725219727, "val_loss_mean": 1.4456381797790527, "val_f1_majority_bin": 0.0, "val_f1_majority_macro": 0.4922178988326848, "val_acc_majority": 0.969348669052124, "val_f1_individual_binary": 0.0, "val_f1_individual_macro": 0.49293680297397774, "val_acc_individual": 0.9721407890319824, "train_acc_means": 0.9766138195991516, "train_time_millis": 20438.6003871914, "eval_time_millis": 3391.561158001423}, "Epoch5": {"train_loss_means": 1.100129246711731, "val_loss_mean": 1.3857934474945068, "val_f1_majority_bin": 0.0, "val_f1_majority_macro": 0.4922178988326848, "val_acc_majority": 0.969348669052124, "val_f1_individual_binary": 0.0, "val_f1_individual_macro": 0.49301219149568837, "val_acc_individual": 0.9724340438842773, "train_acc_means": 0.9769442677497864, "train_time_millis": 20511.129944119602, "eval_time_millis": 3377.6041050441563}, "Epoch6": {"train_loss_means": 1.0329780578613281, "val_loss_mean": 1.3477662801742554, "val_f1_majority_bin": 0.0, "val_f1_majority_macro": 0.4922178988326848, "val_acc_majority": 0.969348669052124, "val_f1_individual_binary": 0.0, "val_f1_individual_macro": 0.49286139202855445, "val_acc_individual": 0.9718475341796875, "train_acc_means": 0.9773516654968262, "train_time_millis": 20405.419875169173, "eval_time_millis": 3389.117822982371}, "Epoch7": {"train_loss_means": 0.9686974883079529, "val_loss_mean": 1.3156262636184692, "val_f1_majority_bin": 0.04878048598766327, "val_f1_majority_macro": 0.5167997417615281, "val_acc_majority": 0.9701149463653564, "val_f1_individual_binary": 0.0, "val_f1_individual_macro": 0.49233288670537445, "val_acc_individual": 0.969794750213623, "train_acc_means": 0.9782924652099609, "train_time_millis": 20420.632696012035, "eval_time_millis": 3402.9376041144133}, "Epoch8": {"train_loss_means": 0.8988006711006165, "val_loss_mean": 1.29558527469635, "val_f1_majority_bin": 0.13636364042758942, "val_f1_majority_macro": 0.5607772975271027, "val_acc_majority": 0.9708812236785889, "val_f1_individual_binary": 0.14159291982650757, "val_f1_individual_macro": 0.5635652092451289, "val_acc_individual": 0.9715542793273926, "train_acc_means": 0.9789623022079468, "train_time_millis": 20549.773985985667, "eval_time_millis": 3381.6069839522243}, "Epoch9": {"train_loss_means": 0.8422936797142029, "val_loss_mean": 1.2706265449523926, "val_f1_majority_bin": 0.12765957415103912, "val_f1_majority_macro": 0.5558313479051311, "val_acc_majority": 0.9685823917388916, "val_f1_individual_binary": 0.1666666716337204, "val_f1_individual_macro": 0.5758706467661692, "val_acc_individual": 0.9706745147705078, "train_acc_means": 0.9796139597892761, "train_time_millis": 20528.508776100352, "eval_time_millis": 3394.705193815753}, "Test_results": {"test_f1_majority_binary": 0.1428571492433548, "test_f1_majority_macro": 0.5667374064559366, "test_acc_majority": 0.9814385175704956, "test_f1_individual_binary": 0.16326530277729034, "test_f1_individual_macro": 0.5755639733690989, "test_acc_individual": 0.976072371006012, "test_time_millis": 3362.6658979337662, "dataset_size": 6614, "number_of_annotations": 17374}}