{"Epoch0": {"train_loss_means": 2.094292163848877, "val_loss_mean": 2.073268413543701, "val_f1_majority_bin": 0.0, "val_f1_majority_macro": 0.41759864950411474, "val_acc_majority": 0.7170289754867554, "val_f1_individual_binary": 0.3212783932685852, "val_f1_individual_macro": 0.5276025951705338, "val_acc_individual": 0.6177167296409607, "train_acc_means": 0.5659184455871582, "train_time_millis": 734134.3822400086, "eval_time_millis": 216796.5926739853}, "Epoch1": {"train_loss_means": 2.0460572242736816, "val_loss_mean": 2.046588897705078, "val_f1_majority_bin": 0.0, "val_f1_majority_macro": 0.41759864950411474, "val_acc_majority": 0.7170289754867554, "val_f1_individual_binary": 0.29127612709999084, "val_f1_individual_macro": 0.5297820137138689, "val_acc_individual": 0.650757908821106, "train_acc_means": 0.6374589800834656, "train_time_millis": 733041.1238020752, "eval_time_millis": 215666.67673399206}, "Epoch2": {"train_loss_means": 2.0032246112823486, "val_loss_mean": 2.0390162467956543, "val_f1_majority_bin": 0.029484029859304428, "val_f1_majority_macro": 0.4308066131270551, "val_acc_majority": 0.7137681245803833, "val_f1_individual_binary": 0.3093577027320862, "val_f1_individual_macro": 0.5419225907065668, "val_acc_individual": 0.6599952578544617, "train_acc_means": 0.6628121733665466, "train_time_millis": 731325.9318729397, "eval_time_millis": 215774.93735903408}, "Epoch3": {"train_loss_means": 1.9439127445220947, "val_loss_mean": 2.055172920227051, "val_f1_majority_bin": 0.10089685767889023, "val_f1_majority_macro": 0.46380193092542565, "val_acc_majority": 0.7094202637672424, "val_f1_individual_binary": 0.24703344702720642, "val_f1_individual_macro": 0.5175986629409732, "val_acc_individual": 0.6693510413169861, "train_acc_means": 0.691632091999054, "train_time_millis": 733053.7478360347, "eval_time_millis": 216422.1169759985}, "Test_results": {"test_f1_majority_binary": 0.1059190034866333, "test_f1_majority_macro": 0.4580730126883355, "test_acc_majority": 0.6869090795516968, "test_f1_individual_binary": 0.2809523940086365, "test_f1_individual_macro": 0.5315295815295815, "test_acc_individual": 0.6655592322349548, "test_time_millis": 215313.65531601477, "dataset_size": 13768, "number_of_annotations": 41213}}