{"Epoch0": {"train_loss_means": 1.7406389713287354, "val_loss_mean": 1.3069136142730713, "val_f1_majority_bin": 0.3085324168205261, "val_f1_majority_macro": 0.6309627839528419, "val_acc_majority": 0.9126724004745483, "val_f1_individual_binary": 0.32513561844825745, "val_f1_individual_macro": 0.6381341337890317, "val_acc_individual": 0.9088644981384277, "train_acc_means": 0.9212129712104797, "train_time_millis": 209632.83021299867, "eval_time_millis": 39370.33790702117}, "Epoch1": {"train_loss_means": 1.1426191329956055, "val_loss_mean": 1.137817144393921, "val_f1_majority_bin": 0.3791554272174835, "val_f1_majority_macro": 0.6739350321368601, "val_acc_majority": 0.9404310584068298, "val_f1_individual_binary": 0.38553091883659363, "val_f1_individual_macro": 0.6758035334476767, "val_acc_individual": 0.9357020854949951, "train_acc_means": 0.9439894556999207, "train_time_millis": 210236.36889699264, "eval_time_millis": 39365.67706201458}, "Epoch2": {"train_loss_means": 0.9515149593353271, "val_loss_mean": 1.0808207988739014, "val_f1_majority_bin": 0.365609347820282, "val_f1_majority_macro": 0.6655335172898988, "val_acc_majority": 0.934482753276825, "val_f1_individual_binary": 0.37651199102401733, "val_f1_individual_macro": 0.6699309118407815, "val_acc_individual": 0.9307692050933838, "train_acc_means": 0.9498991966247559, "train_time_millis": 211024.10194298136, "eval_time_millis": 39417.06701298244}, "Epoch3": {"train_loss_means": 0.8066928386688232, "val_loss_mean": 1.1071548461914062, "val_f1_majority_bin": 0.4104234576225281, "val_f1_majority_macro": 0.693025362543977, "val_acc_majority": 0.9531896710395813, "val_f1_individual_binary": 0.42221593856811523, "val_f1_individual_macro": 0.6980993241962282, "val_acc_individual": 0.9502075910568237, "train_acc_means": 0.953393816947937, "train_time_millis": 211355.7244729891, "eval_time_millis": 39244.37667202437}, "Epoch4": {"train_loss_means": 0.7026932835578918, "val_loss_mean": 1.2165114879608154, "val_f1_majority_bin": 0.43091335892677307, "val_f1_majority_macro": 0.7045822450449823, "val_acc_majority": 0.9581034779548645, "val_f1_individual_binary": 0.43077874183654785, "val_f1_individual_macro": 0.7036813455912755, "val_acc_individual": 0.9550183415412903, "train_acc_means": 0.9559003114700317, "train_time_millis": 211348.27398500056, "eval_time_millis": 39409.17895702296}, "Test_results": {"test_f1_majority_binary": 0.4290998876094818, "test_f1_majority_macro": 0.7042109628664988, "test_acc_majority": 0.9600896239280701, "test_f1_individual_binary": 0.4168473184108734, "test_f1_individual_macro": 0.6964955208083845, "test_acc_individual": 0.95416259765625, "test_time_millis": 39285.390620003454, "dataset_size": 58004, "number_of_annotations": 204898}}