{"Epoch0": {"train_loss_means": 3.9451608657836914, "val_loss_mean": 3.9086380004882812, "val_f1_majority_bin": 0.0, "val_f1_majority_macro": 0.41620745542949755, "val_acc_majority": 0.7129372358322144, "val_f1_individual_binary": 0.31522077322006226, "val_f1_individual_macro": 0.554027174145986, "val_acc_individual": 0.6819015741348267, "train_acc_means": 0.6419085264205933, "train_time_millis": 1514626.9498341717, "eval_time_millis": 282212.0490591042}, "Epoch1": {"train_loss_means": 3.693988561630249, "val_loss_mean": 3.8565618991851807, "val_f1_majority_bin": 0.2528891861438751, "val_f1_majority_macro": 0.5305959996646604, "val_acc_majority": 0.6948917508125305, "val_f1_individual_binary": 0.4083370268344879, "val_f1_individual_macro": 0.5935933445135274, "val_acc_individual": 0.6780405640602112, "train_acc_means": 0.6996529698371887, "train_time_millis": 1527214.3686499912, "eval_time_millis": 280350.50212801434}, "Epoch2": {"train_loss_means": 3.2251012325286865, "val_loss_mean": 4.054405689239502, "val_f1_majority_bin": 0.38561439514160156, "val_f1_majority_macro": 0.5745834327149206, "val_acc_majority": 0.6585230231285095, "val_f1_individual_binary": 0.4274367094039917, "val_f1_individual_macro": 0.5758335569244122, "val_acc_individual": 0.6277509927749634, "train_acc_means": 0.7461137771606445, "train_time_millis": 1529840.1750461198, "eval_time_millis": 280400.51838289946}, "Test_results": {"test_f1_majority_binary": 0.35742971301078796, "test_f1_majority_macro": 0.5560625022127605, "test_acc_majority": 0.6449375748634338, "test_f1_individual_binary": 0.39132145047187805, "test_f1_individual_macro": 0.5617867947790025, "test_acc_individual": 0.6280980110168457, "test_time_millis": 279954.9881091807, "dataset_size": 18008, "number_of_annotations": 103380}}