{"Epoch0": {"train_loss_means": 1.2522642612457275, "val_loss_mean": 1.2216519117355347, "val_f1_majority_bin": 0.0, "val_f1_majority_macro": 0.4142964071856287, "val_acc_majority": 0.7073482275009155, "val_f1_individual_binary": 0.31474947929382324, "val_f1_individual_macro": 0.545120400096271, "val_acc_individual": 0.6617903113365173, "train_acc_means": 0.6062654256820679, "train_time_millis": 84560.65658002626, "eval_time_millis": 22195.964646991342}, "Epoch1": {"train_loss_means": 1.227702021598816, "val_loss_mean": 1.2099623680114746, "val_f1_majority_bin": 0.0, "val_f1_majority_macro": 0.4142964071856287, "val_acc_majority": 0.7073482275009155, "val_f1_individual_binary": 0.3078034818172455, "val_f1_individual_macro": 0.5439889300654964, "val_acc_individual": 0.6663183569908142, "train_acc_means": 0.6392927765846252, "train_time_millis": 84309.79785398813, "eval_time_millis": 22232.559597003274}, "Epoch2": {"train_loss_means": 1.1901038885116577, "val_loss_mean": 1.2033323049545288, "val_f1_majority_bin": 0.03781512752175331, "val_f1_majority_macro": 0.43262270997321306, "val_acc_majority": 0.7073482275009155, "val_f1_individual_binary": 0.32826748490333557, "val_f1_individual_macro": 0.5642693011865503, "val_acc_individual": 0.6920933723449707, "train_acc_means": 0.6593810319900513, "train_time_millis": 84148.16436398542, "eval_time_millis": 22258.14683700446}, "Epoch3": {"train_loss_means": 1.1168991327285767, "val_loss_mean": 1.2090001106262207, "val_f1_majority_bin": 0.18940609693527222, "val_f1_majority_macro": 0.4939850601301909, "val_acc_majority": 0.6773163080215454, "val_f1_individual_binary": 0.3397260308265686, "val_f1_individual_macro": 0.5572987913726143, "val_acc_individual": 0.6642284989356995, "train_acc_means": 0.699684202671051, "train_time_millis": 84507.98024400137, "eval_time_millis": 22202.770881005563}, "Epoch4": {"train_loss_means": 1.028630018234253, "val_loss_mean": 1.2096949815750122, "val_f1_majority_bin": 0.2650957405567169, "val_f1_majority_macro": 0.5307526788681125, "val_acc_majority": 0.6811501383781433, "val_f1_individual_binary": 0.37743452191352844, "val_f1_individual_macro": 0.5797353647731298, "val_acc_individual": 0.6771159768104553, "train_acc_means": 0.7385148406028748, "train_time_millis": 84297.28170699673, "eval_time_millis": 22112.893225974403}, "Test_results": {"test_f1_majority_binary": 0.3070301413536072, "test_f1_majority_macro": 0.5531827006238976, "test_acc_majority": 0.688788652420044, "test_f1_individual_binary": 0.3977344334125519, "test_f1_individual_macro": 0.576832016979781, "test_acc_individual": 0.6526315808296204, "test_time_millis": 21852.34619298717, "dataset_size": 8010, "number_of_annotations": 14477}}