{"Epoch0": {"train_loss_means": 0.9713677763938904, "val_loss_mean": 0.9584669470787048, "val_f1_majority_bin": 0.0, "val_f1_majority_macro": 0.43678160919540227, "val_acc_majority": 0.7755101919174194, "val_f1_individual_binary": 0.34893617033958435, "val_f1_individual_macro": 0.6200970829741868, "val_acc_individual": 0.8136419057846069, "train_acc_means": 0.7897095680236816, "train_time_millis": 1304.382632999932, "eval_time_millis": 1054.1571750000003}, "Epoch1": {"train_loss_means": 0.7638266682624817, "val_loss_mean": 0.8007769584655762, "val_f1_majority_bin": 0.3742690086364746, "val_f1_majority_macro": 0.628148835889798, "val_acc_majority": 0.801484227180481, "val_f1_individual_binary": 0.4051724076271057, "val_f1_individual_macro": 0.6536500366837857, "val_acc_individual": 0.8319122791290283, "train_acc_means": 0.8685020804405212, "train_time_millis": 1302.997391999952, "eval_time_millis": 1057.858441999997}, "Epoch2": {"train_loss_means": 0.5712329745292664, "val_loss_mean": 0.8163260221481323, "val_f1_majority_bin": 0.3375000059604645, "val_f1_majority_macro": 0.6110157952069717, "val_acc_majority": 0.8033395409584045, "val_f1_individual_binary": 0.42553192377090454, "val_f1_individual_macro": 0.664791543800753, "val_acc_individual": 0.8355664014816284, "train_acc_means": 0.8855932354927063, "train_time_millis": 1301.5369790000477, "eval_time_millis": 1053.640286000018}, "Epoch3": {"train_loss_means": 0.4218645989894867, "val_loss_mean": 1.0266355276107788, "val_f1_majority_bin": 0.3221476376056671, "val_f1_majority_macro": 0.6067142991309122, "val_acc_majority": 0.8126159310340881, "val_f1_individual_binary": 0.36734694242477417, "val_f1_individual_macro": 0.6407965675896915, "val_acc_individual": 0.8489646911621094, "train_acc_means": 0.9269922971725464, "train_time_millis": 1300.4398180000862, "eval_time_millis": 1056.809946000044}, "Test_results": {"test_f1_majority_binary": 0.24806201457977295, "test_f1_majority_macro": 0.5731390875001017, "test_acc_majority": 0.8207023739814758, "test_f1_individual_binary": 0.3040935695171356, "test_f1_individual_macro": 0.6098781089269358, "test_acc_individual": 0.8495575189590454, "test_time_millis": 1042.6768689999335, "dataset_size": 1382, "number_of_annotations": 2080}}