{"Epoch0": {"train_loss_means": 0.17142915725708008, "val_loss_mean": 0.13627217710018158, "val_f1_majority_bin": 0.4782608695652174, "val_f1_majority_macro": 0.7032022910700338, "val_acc_majority": 0.8736842105263158, "val_f1_individual_binary": 0.4691358024691358, "val_f1_individual_macro": 0.6956421317716831, "val_acc_individual": 0.8642105263157894, "train_time_millis": 605.8326240000156, "eval_time_millis": 2529.49932300001}, "Epoch1": {"train_loss_means": 0.11316408216953278, "val_loss_mean": 0.12153550982475281, "val_f1_majority_bin": 0.4935064935064935, "val_f1_majority_macro": 0.6823968111096824, "val_acc_majority": 0.7947368421052632, "val_f1_individual_binary": 0.4723618090452262, "val_f1_individual_macro": 0.666274113577207, "val_acc_individual": 0.7789473684210526, "train_time_millis": 602.454463000015, "eval_time_millis": 2514.953447000011}, "Epoch2": {"train_loss_means": 0.09653688222169876, "val_loss_mean": 0.1178656592965126, "val_f1_majority_bin": 0.5352112676056339, "val_f1_majority_macro": 0.7142075755503897, "val_acc_majority": 0.8263157894736842, "val_f1_individual_binary": 0.5, "val_f1_individual_macro": 0.6899477806788512, "val_acc_individual": 0.8063157894736842, "train_time_millis": 600.9484330000134, "eval_time_millis": 2501.9896670000035}, "Epoch3": {"train_loss_means": 0.09289512038230896, "val_loss_mean": 0.12687836587429047, "val_f1_majority_bin": 0.5161290322580645, "val_f1_majority_macro": 0.7108947048082774, "val_acc_majority": 0.8421052631578947, "val_f1_individual_binary": 0.4953560371517029, "val_f1_individual_macro": 0.6959976127419897, "val_acc_individual": 0.828421052631579, "train_time_millis": 597.760505999986, "eval_time_millis": 2165.736249999981}, "Epoch4": {"train_loss_means": 0.08503695577383041, "val_loss_mean": 0.11736631393432617, "val_f1_majority_bin": 0.5135135135135135, "val_f1_majority_macro": 0.6979332273449921, "val_acc_majority": 0.8105263157894737, "val_f1_individual_binary": 0.4908616187989556, "val_f1_individual_macro": 0.6811592207376452, "val_acc_individual": 0.7947368421052632, "train_time_millis": 592.5392489999979, "eval_time_millis": 1681.914202999991}, "Epoch5": {"train_loss_means": 0.07826986908912659, "val_loss_mean": 0.12917658686637878, "val_f1_majority_bin": 0.6, "val_f1_majority_macro": 0.7625, "val_acc_majority": 0.8736842105263158, "val_f1_individual_binary": 0.5111821086261981, "val_f1_individual_macro": 0.7073868955229289, "val_acc_individual": 0.8389473684210527, "train_time_millis": 606.4620530000013, "eval_time_millis": 1916.8582490000006}, "Epoch6": {"train_loss_means": 0.07476775348186493, "val_loss_mean": 0.12924370169639587, "val_f1_majority_bin": 0.5901639344262295, "val_f1_majority_macro": 0.7558970142350583, "val_acc_majority": 0.868421052631579, "val_f1_individual_binary": 0.509433962264151, "val_f1_individual_macro": 0.7054123035088138, "val_acc_individual": 0.8357894736842105, "train_time_millis": 594.0170140000021, "eval_time_millis": 2020.585954000012}, "Epoch7": {"train_loss_means": 0.07455211877822876, "val_loss_mean": 0.12535002827644348, "val_f1_majority_bin": 0.5454545454545455, "val_f1_majority_macro": 0.7249565720903302, "val_acc_majority": 0.8421052631578947, "val_f1_individual_binary": 0.5072886297376092, "val_f1_individual_macro": 0.6993732808289844, "val_acc_individual": 0.8221052631578948, "train_time_millis": 590.5554839999922, "eval_time_millis": 1948.3901570000057}, "Epoch8": {"train_loss_means": 0.07394319027662277, "val_loss_mean": 0.12716178596019745, "val_f1_majority_bin": 0.5538461538461539, "val_f1_majority_macro": 0.7308913308913308, "val_acc_majority": 0.8473684210526315, "val_f1_individual_binary": 0.5088757396449706, "val_f1_individual_macro": 0.7013008659812561, "val_acc_individual": 0.8252631578947368, "train_time_millis": 598.1997319999834, "eval_time_millis": 2515.335422000021}, "Epoch9": {"train_loss_means": 0.07195213437080383, "val_loss_mean": 0.1309320479631424, "val_f1_majority_bin": 0.5806451612903226, "val_f1_majority_macro": 0.7494420775005073, "val_acc_majority": 0.8631578947368421, "val_f1_individual_binary": 0.5139318885448916, "val_f1_individual_macro": 0.7071878846655973, "val_acc_individual": 0.8347368421052631, "train_time_millis": 596.2293879999834, "eval_time_millis": 2530.3050469999844}, "Test_results": {"test_f1_majority_binary": 0.4782608695652174, "test_f1_majority_macro": 0.7032022910700338, "test_acc_majority": 0.8736842105263158, "test_f1_individual_binary": 0.4691358024691358, "test_f1_individual_macro": 0.6956421317716831, "test_acc_individual": 0.8642105263157894, "test_time_millis": 2489.908966999991, "dataset_size": 495, "number_of_annotations": 2475, "train_size": 570, "val_size": 950, "test_size": 955}}