{"Epoch0": {"train_loss_means": 0.06690622121095657, "val_loss_mean": 0.06536704301834106, "val_f1_majority_bin": 0.20512820512820515, "val_f1_majority_macro": 0.5738781062655215, "val_acc_majority": 0.8929804372842347, "val_f1_individual_binary": 0.15853658536585366, "val_f1_individual_macro": 0.5507794404946527, "val_acc_individual": 0.8932714617169374, "train_time_millis": 3306.4258489903295, "eval_time_millis": 1908.1575330055784}, "Epoch1": {"train_loss_means": 0.0624697208404541, "val_loss_mean": 0.06185218691825867, "val_f1_majority_bin": 0.20967741935483875, "val_f1_majority_macro": 0.5390668975968825, "val_acc_majority": 0.7744533947065593, "val_f1_individual_binary": 0.1813031161473088, "val_f1_individual_macro": 0.525940407155607, "val_acc_individual": 0.7764887857695282, "train_time_millis": 3301.7473469953984, "eval_time_millis": 2535.5530910019297}, "Epoch2": {"train_loss_means": 0.0549110546708107, "val_loss_mean": 0.05336684733629227, "val_f1_majority_bin": 0.23826714801444046, "val_f1_majority_macro": 0.5469227594966111, "val_acc_majority": 0.757192174913694, "val_f1_individual_binary": 0.2148337595907928, "val_f1_individual_macro": 0.537485216925237, "val_acc_individual": 0.7625676720804331, "train_time_millis": 3292.676457989728, "eval_time_millis": 2531.833173998166}, "Epoch3": {"train_loss_means": 0.043695930391550064, "val_loss_mean": 0.05345061421394348, "val_f1_majority_bin": 0.2808988764044944, "val_f1_majority_macro": 0.5994237971766061, "val_acc_majority": 0.8527042577675489, "val_f1_individual_binary": 0.26459143968871596, "val_f1_individual_macro": 0.591720365615075, "val_acc_individual": 0.8538283062645011, "train_time_millis": 3284.7920269996393, "eval_time_millis": 2534.363533006399}, "Epoch4": {"train_loss_means": 0.03759150207042694, "val_loss_mean": 0.04982919245958328, "val_f1_majority_bin": 0.28205128205128205, "val_f1_majority_macro": 0.5851745771958538, "val_acc_majority": 0.806674338319908, "val_f1_individual_binary": 0.2545454545454546, "val_f1_individual_macro": 0.5727514506769826, "val_acc_individual": 0.8097447795823666, "train_time_millis": 3285.7587309990777, "eval_time_millis": 2534.8430299927713}, "Epoch5": {"train_loss_means": 0.03285401687026024, "val_loss_mean": 0.05688854679465294, "val_f1_majority_bin": 0.2962962962962963, "val_f1_majority_macro": 0.6119806354577928, "val_acc_majority": 0.8688147295742232, "val_f1_individual_binary": 0.2807017543859649, "val_f1_individual_macro": 0.6055756439444667, "val_acc_individual": 0.8731631863882444, "train_time_millis": 3272.483877997729, "eval_time_millis": 1269.153006011038}, "Epoch6": {"train_loss_means": 0.030460629612207413, "val_loss_mean": 0.056702811270952225, "val_f1_majority_bin": 0.2823529411764706, "val_f1_majority_macro": 0.6022734093637455, "val_acc_majority": 0.859608745684695, "val_f1_individual_binary": 0.27615062761506276, "val_f1_individual_macro": 0.6012197535177998, "val_acc_individual": 0.8662026295436969, "train_time_millis": 3284.4093210005667, "eval_time_millis": 2533.7061419995734}, "Epoch7": {"train_loss_means": 0.02694937400519848, "val_loss_mean": 0.061856385320425034, "val_f1_majority_bin": 0.28187919463087246, "val_f1_majority_macro": 0.6072706231178276, "val_acc_majority": 0.8768699654775605, "val_f1_individual_binary": 0.26540284360189575, "val_f1_individual_macro": 0.6000698428535794, "val_acc_individual": 0.880123743232792, "train_time_millis": 3268.8989629969, "eval_time_millis": 2538.132690009661}, "Epoch8": {"train_loss_means": 0.025332748889923096, "val_loss_mean": 0.06343527883291245, "val_f1_majority_bin": 0.28758169934640526, "val_f1_majority_macro": 0.6094059916290386, "val_acc_majority": 0.8745684695051784, "val_f1_individual_binary": 0.2697674418604651, "val_f1_individual_macro": 0.6017753278471453, "val_acc_individual": 0.8785769528228925, "train_time_millis": 3286.7499669955578, "eval_time_millis": 2537.834536007722}, "Epoch9": {"train_loss_means": 0.02417140267789364, "val_loss_mean": 0.06446360796689987, "val_f1_majority_bin": 0.2781456953642384, "val_f1_majority_macro": 0.6047313227923902, "val_acc_majority": 0.8745684695051784, "val_f1_individual_binary": 0.2641509433962264, "val_f1_individual_macro": 0.599219532355232, "val_acc_individual": 0.8793503480278422, "train_time_millis": 3283.5142580006504, "eval_time_millis": 2531.818443996599}, "Test_results": {"test_f1_majority_binary": 0.20512820512820515, "test_f1_majority_macro": 0.5738781062655215, "test_acc_majority": 0.8929804372842347, "test_f1_individual_binary": 0.15853658536585366, "test_f1_individual_macro": 0.5507794404946527, "test_acc_individual": 0.8932714617169374, "test_time_millis": 2533.8317540008575, "dataset_size": 3835, "number_of_annotations": 5852, "train_size": 3304, "val_size": 1293, "test_size": 1255}}