{"Epoch0": {"train_loss_means": 0.04369964450597763, "val_loss_mean": 0.04658506065607071, "val_f1_majority_bin": 0.10536649214659685, "val_f1_majority_macro": 0.4847611552455135, "val_acc_majority": 0.7641273401777241, "val_f1_individual_binary": 0.13132461625923822, "val_f1_individual_macro": 0.4983831229944443, "val_acc_individual": 0.7669784465229769, "train_time_millis": 2573.036649000642, "eval_time_millis": 16161.611736999475}, "Epoch1": {"train_loss_means": 0.03907162323594093, "val_loss_mean": 0.04398326203227043, "val_f1_majority_bin": 0.15436241610738255, "val_f1_majority_macro": 0.5353723343335548, "val_acc_majority": 0.8478129583297386, "val_f1_individual_binary": 0.1843040743779054, "val_f1_individual_macro": 0.5503581066260026, "val_acc_individual": 0.8483631557543717, "train_time_millis": 2580.2571500007616, "eval_time_millis": 16173.808621000717}, "Epoch2": {"train_loss_means": 0.03097398206591606, "val_loss_mean": 0.042256854474544525, "val_f1_majority_bin": 0.1657986111111111, "val_f1_majority_macro": 0.5368699924029547, "val_acc_majority": 0.8341816926926063, "val_f1_individual_binary": 0.20007437709185572, "val_f1_individual_macro": 0.5543496451806399, "val_acc_individual": 0.8359851565677104, "train_time_millis": 2561.595725999723, "eval_time_millis": 16162.759183998787}, "Epoch3": {"train_loss_means": 0.024990595877170563, "val_loss_mean": 0.03975170850753784, "val_f1_majority_bin": 0.14147104851330206, "val_f1_majority_macro": 0.5021159215148688, "val_acc_majority": 0.7633508756794064, "val_f1_individual_binary": 0.1811928681328627, "val_f1_individual_macro": 0.5237193365339428, "val_acc_individual": 0.770053883692558, "train_time_millis": 2565.8492949987703, "eval_time_millis": 16150.603591000618}, "Epoch4": {"train_loss_means": 0.01918112300336361, "val_loss_mean": 0.0479133278131485, "val_f1_majority_bin": 0.1880018894662258, "val_f1_majority_macro": 0.5531986660718264, "val_acc_majority": 0.8516952808213268, "val_f1_individual_binary": 0.21906802356722016, "val_f1_individual_macro": 0.5685904566024812, "val_acc_individual": 0.8517690117934119, "train_time_millis": 2570.2611970009457, "eval_time_millis": 16154.378019000433}, "Epoch5": {"train_loss_means": 0.01535133644938469, "val_loss_mean": 0.05508594587445259, "val_f1_majority_bin": 0.19958847736625512, "val_f1_majority_macro": 0.56316178741653, "val_acc_majority": 0.8657579156241911, "val_f1_individual_binary": 0.22554426705370104, "val_f1_individual_macro": 0.5756123240614058, "val_acc_individual": 0.8643757625050834, "train_time_millis": 2556.8999360002636, "eval_time_millis": 16150.569109999196}, "Epoch6": {"train_loss_means": 0.013623202219605446, "val_loss_mean": 0.05745266377925873, "val_f1_majority_bin": 0.20072426280393174, "val_f1_majority_macro": 0.5640074794183432, "val_acc_majority": 0.8667069277888017, "val_f1_individual_binary": 0.22863808690580345, "val_f1_individual_macro": 0.5774959890188213, "val_acc_individual": 0.8655449369662465, "train_time_millis": 2582.165024999995, "eval_time_millis": 16155.353751999428}, "Epoch7": {"train_loss_means": 0.012056264095008373, "val_loss_mean": 0.07126852124929428, "val_f1_majority_bin": 0.21649484536082475, "val_f1_majority_macro": 0.5801383149596542, "val_acc_majority": 0.8950910188939695, "val_f1_individual_binary": 0.2370025098601649, "val_f1_individual_macro": 0.5893944295983905, "val_acc_individual": 0.8918259455063033, "train_time_millis": 2567.7964799997426, "eval_time_millis": 16158.046874999854}, "Epoch8": {"train_loss_means": 0.011600020341575146, "val_loss_mean": 0.07202465832233429, "val_f1_majority_bin": 0.21078735275883448, "val_f1_majority_macro": 0.5758837315511915, "val_acc_majority": 0.8901734104046243, "val_f1_individual_binary": 0.23386957273828055, "val_f1_individual_macro": 0.5865604738888572, "val_acc_individual": 0.8874288328588857, "train_time_millis": 2561.9377340008214, "eval_time_millis": 16165.230212000097}, "Epoch9": {"train_loss_means": 0.010771322064101696, "val_loss_mean": 0.07131404429674149, "val_f1_majority_bin": 0.2087582483503299, "val_f1_majority_macro": 0.5737260914073286, "val_acc_majority": 0.8862048140798896, "val_f1_individual_binary": 0.234192037470726, "val_f1_individual_macro": 0.5856147919440001, "val_acc_individual": 0.8836417242781619, "train_time_millis": 2563.240446999771, "eval_time_millis": 16162.648158999218}, "Test_results": {"test_f1_majority_binary": 0.21649484536082475, "test_f1_majority_macro": 0.5801383149596542, "test_acc_majority": 0.8950910188939695, "test_f1_individual_binary": 0.2370025098601649, "test_f1_individual_macro": 0.5893944295983905, "test_acc_individual": 0.8918259455063033, "test_time_millis": 16165.785421999317, "dataset_size": 23965, "number_of_annotations": 81496, "train_size": 2800, "val_size": 39344, "test_size": 39352}}