{"Epoch0": {"train_loss_means": 0.27453118562698364, "val_loss_mean": 0.24414794147014618, "val_f1_majority_bin": 0.7060998151571164, "val_f1_majority_macro": 0.7578403267402347, "val_acc_majority": 0.7688953488372093, "val_f1_individual_binary": 0.6524034454015005, "val_f1_individual_macro": 0.7290291267709692, "val_acc_individual": 0.750697489039458, "train_time_millis": 7732.474472999456, "eval_time_millis": 5604.683397999906}, "Epoch1": {"train_loss_means": 0.2232276052236557, "val_loss_mean": 0.2421572208404541, "val_f1_majority_bin": 0.7194835680751174, "val_f1_majority_macro": 0.761144424301585, "val_acc_majority": 0.7684108527131783, "val_f1_individual_binary": 0.6636842105263158, "val_f1_individual_macro": 0.7293725735120353, "val_acc_individual": 0.7453168593064966, "train_time_millis": 7598.894715003553, "eval_time_millis": 5647.790643997723}, "Epoch2": {"train_loss_means": 0.18690837919712067, "val_loss_mean": 0.2387411743402481, "val_f1_majority_bin": 0.7337830825116761, "val_f1_majority_macro": 0.7503536039546113, "val_acc_majority": 0.751453488372093, "val_f1_individual_binary": 0.6773422562141491, "val_f1_individual_macro": 0.7233259469724197, "val_acc_individual": 0.730968513351933, "train_time_millis": 7628.246915999625, "eval_time_millis": 5626.637255998503}, "Epoch3": {"train_loss_means": 0.15706267952919006, "val_loss_mean": 0.2491092085838318, "val_f1_majority_bin": 0.7555797495917256, "val_f1_majority_macro": 0.7797977316269409, "val_acc_majority": 0.7824612403100775, "val_f1_individual_binary": 0.7015733814805262, "val_f1_individual_macro": 0.7568591050932425, "val_acc_individual": 0.7694300518134715, "train_time_millis": 7617.642558005173, "eval_time_millis": 4615.002020000247}, "Epoch4": {"train_loss_means": 0.1289951503276825, "val_loss_mean": 0.2848230004310608, "val_f1_majority_bin": 0.7420537897310514, "val_f1_majority_macro": 0.7863559478350282, "val_acc_majority": 0.7955426356589147, "val_f1_individual_binary": 0.6828271028037383, "val_f1_individual_macro": 0.7592901394236478, "val_acc_individual": 0.7835791151853329, "train_time_millis": 7648.409982997691, "eval_time_millis": 5626.792889001081}, "Epoch5": {"train_loss_means": 0.11680010706186295, "val_loss_mean": 0.289568156003952, "val_f1_majority_bin": 0.7433940105695831, "val_f1_majority_macro": 0.7815939125012863, "val_acc_majority": 0.7882751937984496, "val_f1_individual_binary": 0.68944099378882, "val_f1_individual_macro": 0.7600269336052199, "val_acc_individual": 0.780789159027501, "train_time_millis": 7648.9772429995355, "eval_time_millis": 5652.879042005225}, "Epoch6": {"train_loss_means": 0.10595443844795227, "val_loss_mean": 0.32455819845199585, "val_f1_majority_bin": 0.7475728155339806, "val_f1_majority_macro": 0.7708840330968056, "val_acc_majority": 0.7732558139534884, "val_f1_individual_binary": 0.6973958333333332, "val_f1_individual_macro": 0.7549277423606628, "val_acc_individual": 0.7684336388999602, "train_time_millis": 7686.959926002601, "eval_time_millis": 5639.194142000633}, "Epoch7": {"train_loss_means": 0.09452524781227112, "val_loss_mean": 0.367301881313324, "val_f1_majority_bin": 0.7518289251547552, "val_f1_majority_macro": 0.7821245859291428, "val_acc_majority": 0.7863372093023255, "val_f1_individual_binary": 0.6942553770759596, "val_f1_individual_macro": 0.7588831497983917, "val_acc_individual": 0.7762056596253487, "train_time_millis": 7606.092055000772, "eval_time_millis": 4624.989116004144}, "Epoch8": {"train_loss_means": 0.08581823110580444, "val_loss_mean": 0.39234548807144165, "val_f1_majority_bin": 0.7456445993031359, "val_f1_majority_macro": 0.7817998557612936, "val_acc_majority": 0.7877906976744186, "val_f1_individual_binary": 0.6929577464788733, "val_f1_individual_macro": 0.7624517378709508, "val_acc_individual": 0.7827819848545237, "train_time_millis": 7663.936349999858, "eval_time_millis": 5667.473184003029}, "Epoch9": {"train_loss_means": 0.08330117166042328, "val_loss_mean": 0.4020112454891205, "val_f1_majority_bin": 0.7454863133372162, "val_f1_majority_macro": 0.7821168605259287, "val_acc_majority": 0.7882751937984496, "val_f1_individual_binary": 0.6928067700987307, "val_f1_individual_macro": 0.7625180052927794, "val_acc_individual": 0.782981267437226, "train_time_millis": 7668.950879000477, "eval_time_millis": 5622.943893999036}, "Test_results": {"test_f1_majority_binary": 0.7454863133372162, "test_f1_majority_macro": 0.7821168605259287, "test_acc_majority": 0.7882751937984496, "test_f1_individual_binary": 0.6928067700987307, "test_f1_individual_macro": 0.7625180052927794, "test_acc_individual": 0.782981267437226, "test_time_millis": 5668.236817000434, "dataset_size": 5873, "number_of_annotations": 13981, "train_size": 3900, "val_size": 5018, "test_size": 5063}}