{"Epoch0": {"train_loss_means": 0.0230507031083107, "val_loss_mean": 0.023376233875751495, "val_f1_majority_bin": 0.15476190476190477, "val_f1_majority_macro": 0.5423365298735486, "val_acc_majority": 0.8705560619872379, "val_f1_individual_binary": 0.1414790996784566, "val_f1_individual_macro": 0.5366225040942756, "val_acc_individual": 0.8735795454545454, "train_time_millis": 6312.45356799991, "eval_time_millis": 2194.4075510000403}, "Epoch1": {"train_loss_means": 0.019187012687325478, "val_loss_mean": 0.019949709996581078, "val_f1_majority_bin": 0.3157894736842105, "val_f1_majority_macro": 0.64876979533532, "val_acc_majority": 0.9644484958979034, "val_f1_individual_binary": 0.2631578947368421, "val_f1_individual_macro": 0.6213599692662313, "val_acc_individual": 0.9602272727272727, "train_time_millis": 6297.4905939991, "eval_time_millis": 2856.4497429997573}, "Epoch2": {"train_loss_means": 0.014345441944897175, "val_loss_mean": 0.015665162354707718, "val_f1_majority_bin": 0.14150943396226415, "val_f1_majority_macro": 0.5248414980103955, "val_acc_majority": 0.8340929808568824, "val_f1_individual_binary": 0.14609571788413098, "val_f1_individual_macro": 0.528757291918287, "val_acc_individual": 0.8394886363636364, "train_time_millis": 6281.267724998543, "eval_time_millis": 2862.3564620011166}, "Epoch3": {"train_loss_means": 0.010801705531775951, "val_loss_mean": 0.020874109119176865, "val_f1_majority_bin": 0.28915662650602414, "val_f1_majority_macro": 0.6306038935467118, "val_acc_majority": 0.9462169553327257, "val_f1_individual_binary": 0.2682926829268293, "val_f1_individual_macro": 0.619368016340262, "val_acc_individual": 0.9431818181818182, "train_time_millis": 6266.807886999231, "eval_time_millis": 1838.0129689994646}, "Epoch4": {"train_loss_means": 0.008228645659983158, "val_loss_mean": 0.01703278347849846, "val_f1_majority_bin": 0.19108280254777069, "val_f1_majority_macro": 0.5643681072139934, "val_acc_majority": 0.8842297174111212, "val_f1_individual_binary": 0.17880794701986757, "val_f1_individual_macro": 0.557787451327374, "val_acc_individual": 0.8825757575757576, "train_time_millis": 6288.962274000369, "eval_time_millis": 2864.8967999997694}, "Epoch5": {"train_loss_means": 0.006809374783188105, "val_loss_mean": 0.02237851731479168, "val_f1_majority_bin": 0.26666666666666666, "val_f1_majority_macro": 0.6149034625817775, "val_acc_majority": 0.9298085688240656, "val_f1_individual_binary": 0.23923444976076555, "val_f1_individual_macro": 0.5998164776823753, "val_acc_individual": 0.9247159090909091, "train_time_millis": 6298.7615689999075, "eval_time_millis": 2850.0860380008817}, "Epoch6": {"train_loss_means": 0.005498232785612345, "val_loss_mean": 0.027237623929977417, "val_f1_majority_bin": 0.2962962962962963, "val_f1_majority_macro": 0.6346602162976985, "val_acc_majority": 0.9480401093892434, "val_f1_individual_binary": 0.2716049382716049, "val_f1_individual_macro": 0.6212776045370827, "val_acc_individual": 0.9441287878787878, "train_time_millis": 6311.726300000373, "eval_time_millis": 2851.7605970009754}, "Epoch7": {"train_loss_means": 0.004259577486664057, "val_loss_mean": 0.033462245017290115, "val_f1_majority_bin": 0.3384615384615385, "val_f1_majority_macro": 0.65913213137262, "val_acc_majority": 0.9608021877848678, "val_f1_individual_binary": 0.29411764705882354, "val_f1_individual_macro": 0.6353171405548521, "val_acc_individual": 0.9545454545454546, "train_time_millis": 6269.085502999587, "eval_time_millis": 2854.9961860007897}, "Epoch8": {"train_loss_means": 0.004494395572692156, "val_loss_mean": 0.03216879069805145, "val_f1_majority_bin": 0.3243243243243243, "val_f1_majority_macro": 0.6503697093319735, "val_acc_majority": 0.9544211485870556, "val_f1_individual_binary": 0.2781456953642384, "val_f1_individual_macro": 0.6256920472892884, "val_acc_individual": 0.9483901515151515, "train_time_millis": 6260.57939400016, "eval_time_millis": 2856.1881790010375}, "Epoch9": {"train_loss_means": 0.003665217198431492, "val_loss_mean": 0.03466304391622543, "val_f1_majority_bin": 0.3235294117647059, "val_f1_majority_macro": 0.6509462675004151, "val_acc_majority": 0.9580674567000912, "val_f1_individual_binary": 0.2857142857142857, "val_f1_individual_macro": 0.6306142437386315, "val_acc_individual": 0.9526515151515151, "train_time_millis": 6291.0122989997035, "eval_time_millis": 2856.3763719994313}, "Test_results": {"test_f1_majority_binary": 0.3157894736842105, "test_f1_majority_macro": 0.64876979533532, "test_acc_majority": 0.9644484958979034, "test_f1_individual_binary": 0.2631578947368421, "test_f1_individual_macro": 0.6213599692662313, "test_acc_individual": 0.9602272727272727, "test_time_millis": 2845.46406499976, "dataset_size": 5434, "number_of_annotations": 10438, "train_size": 6359, "val_size": 2112, "test_size": 1967}}