{"Epoch0": {"train_loss_means": 1.0749118328094482, "val_loss_mean": 1.1161384582519531, "val_f1_majority_bin": 0.0, "val_f1_majority_macro": 0.41181902123730385, "val_acc_majority": 0.7001569867134094, "val_f1_individual_binary": 0.2455696165561676, "val_f1_individual_macro": 0.533882662155222, "val_acc_individual": 0.712216317653656, "train_acc_means": 0.7147318124771118, "train_time_millis": 24970.54996700001, "eval_time_millis": 3674.70967700001}, "Epoch1": {"train_loss_means": 1.0612597465515137, "val_loss_mean": 1.116747498512268, "val_f1_majority_bin": 0.0, "val_f1_majority_macro": 0.41181902123730385, "val_acc_majority": 0.7001569867134094, "val_f1_individual_binary": 0.2518159747123718, "val_f1_individual_macro": 0.5327234306042754, "val_acc_individual": 0.7015934586524963, "train_acc_means": 0.7336870431900024, "train_time_millis": 24247.615635999977, "eval_time_millis": 3679.2970539999033}, "Epoch2": {"train_loss_means": 1.0443366765975952, "val_loss_mean": 1.1342272758483887, "val_f1_majority_bin": 0.015424164943397045, "val_f1_majority_macro": 0.41901361074762067, "val_acc_majority": 0.6993720531463623, "val_f1_individual_binary": 0.27928993105888367, "val_f1_individual_macro": 0.5472882825161121, "val_acc_individual": 0.7059391736984253, "train_acc_means": 0.733653724193573, "train_time_millis": 24655.830941999964, "eval_time_millis": 3677.0889240000315}, "Test_results": {"test_f1_majority_binary": 0.015463917516171932, "test_f1_majority_macro": 0.420036825613208, "test_acc_majority": 0.7022603154182434, "test_f1_individual_binary": 0.2770780920982361, "test_f1_individual_macro": 0.552301062051928, "test_acc_individual": 0.7214944362640381, "test_time_millis": 3707.660846000067, "dataset_size": 6614, "number_of_annotations": 10719}}