{"Epoch0": {"train_loss_means": 2.4036152362823486, "val_loss_mean": 2.143028974533081, "val_f1_majority_bin": 0.6194690465927124, "val_f1_majority_macro": 0.7455554087967244, "val_acc_majority": 0.8080357313156128, "val_f1_individual_binary": 0.5322997570037842, "val_f1_individual_macro": 0.7017370594131334, "val_acc_individual": 0.7979910969734192, "train_acc_means": 0.7987351417541504, "train_time_millis": 5075.370888999942, "eval_time_millis": 529.8543850001352}, "Epoch1": {"train_loss_means": 1.8854259252548218, "val_loss_mean": 1.967763066291809, "val_f1_majority_bin": 0.49438202381134033, "val_f1_majority_macro": 0.6845169165284343, "val_acc_majority": 0.7991071343421936, "val_f1_individual_binary": 0.42181816697120667, "val_f1_individual_macro": 0.6585030263079045, "val_acc_individual": 0.8225446343421936, "train_acc_means": 0.8418898582458496, "train_time_millis": 3006.712523999795, "eval_time_millis": 477.79805100003614}, "Epoch2": {"train_loss_means": 1.3723424673080444, "val_loss_mean": 1.837943196296692, "val_f1_majority_bin": 0.64462810754776, "val_f1_majority_macro": 0.7565648141127708, "val_acc_majority": 0.8080357313156128, "val_f1_individual_binary": 0.5693069100379944, "val_f1_individual_macro": 0.7219733500727594, "val_acc_individual": 0.8058035969734192, "train_acc_means": 0.8839285969734192, "train_time_millis": 3033.8563039999826, "eval_time_millis": 472.2959229998196}, "Epoch3": {"train_loss_means": 1.0155171155929565, "val_loss_mean": 1.8276416063308716, "val_f1_majority_bin": 0.6935483813285828, "val_f1_majority_macro": 0.788132218239745, "val_acc_majority": 0.8303571343421936, "val_f1_individual_binary": 0.6178010702133179, "val_f1_individual_macro": 0.7571274739148194, "val_acc_individual": 0.8370535969734192, "train_acc_means": 0.9155505895614624, "train_time_millis": 2970.5121710001094, "eval_time_millis": 473.5136209999382}, "Epoch4": {"train_loss_means": 0.832590639591217, "val_loss_mean": 2.296915054321289, "val_f1_majority_bin": 0.6153846383094788, "val_f1_majority_macro": 0.7495527728085867, "val_acc_majority": 0.8214285969734192, "val_f1_individual_binary": 0.5144694447517395, "val_f1_individual_macro": 0.7062556584909387, "val_acc_individual": 0.8314732313156128, "train_acc_means": 0.9252232313156128, "train_time_millis": 2967.7053210000395, "eval_time_millis": 473.48910999994587}, "Test_results": {"test_f1_majority_binary": 0.6262626051902771, "test_f1_majority_macro": 0.7601227171427745, "test_acc_majority": 0.8348214030265808, "test_f1_individual_binary": 0.5816993713378906, "test_f1_individual_macro": 0.7477810325565848, "test_acc_individual": 0.8571428656578064, "test_time_millis": 474.6668689999751, "dataset_size": 1120, "number_of_annotations": 4480}}