{"Epoch0": {"train_loss_means": 0.05842497572302818, "val_loss_mean": 0.053929444402456284, "val_f1_majority_bin": 0.5137085137085137, "val_f1_majority_macro": 0.7493690274108735, "val_acc_majority": 0.9709532839165661, "val_f1_individual_binary": 0.41083974573435933, "val_f1_individual_macro": 0.6945966702809199, "val_acc_individual": 0.9582414455431457, "train_time_millis": 115207.34543699655, "eval_time_millis": 17500.92461600434}, "Epoch1": {"train_loss_means": 0.048962704837322235, "val_loss_mean": 0.05424683541059494, "val_f1_majority_bin": 0.5134328358208955, "val_f1_majority_macro": 0.7494829041090809, "val_acc_majority": 0.9719013963109808, "val_f1_individual_binary": 0.40398488491927176, "val_f1_individual_macro": 0.6913392514144565, "val_acc_individual": 0.9588579829740818, "train_time_millis": 115135.19786999677, "eval_time_millis": 17467.17291999812}, "Epoch2": {"train_loss_means": 0.04332538694143295, "val_loss_mean": 0.057588569819927216, "val_f1_majority_bin": 0.5517241379310345, "val_f1_majority_macro": 0.7701159586401991, "val_acc_majority": 0.9775900706774694, "val_f1_individual_binary": 0.40046929996089164, "val_f1_individual_macro": 0.6908625157259982, "val_acc_individual": 0.9636480045528918, "train_time_millis": 115181.60217399418, "eval_time_millis": 17471.179547006614}, "Epoch3": {"train_loss_means": 0.0389476977288723, "val_loss_mean": 0.058966949582099915, "val_f1_majority_bin": 0.4850948509485095, "val_f1_majority_macro": 0.734090201224277, "val_acc_majority": 0.967247026374763, "val_f1_individual_binary": 0.3997493734335839, "val_f1_individual_macro": 0.6880693878874635, "val_acc_individual": 0.9545659339356429, "train_time_millis": 115172.596917997, "eval_time_millis": 17458.94087399938}, "Epoch4": {"train_loss_means": 0.03510276600718498, "val_loss_mean": 0.06782544404268265, "val_f1_majority_bin": 0.497005988023952, "val_f1_majority_macro": 0.7410482549278439, "val_acc_majority": 0.971039475952422, "val_f1_individual_binary": 0.39958734525447037, "val_f1_individual_macro": 0.6890733346848523, "val_acc_individual": 0.9585971402148395, "train_time_millis": 115443.01685399842, "eval_time_millis": 17459.057035004662}, "Epoch5": {"train_loss_means": 0.03265419229865074, "val_loss_mean": 0.07261570543050766, "val_f1_majority_bin": 0.4867132867132866, "val_f1_majority_macro": 0.735197098690362, "val_acc_majority": 0.9683675228408894, "val_f1_individual_binary": 0.3941653160453808, "val_f1_individual_macro": 0.6855821103775644, "val_acc_individual": 0.9556804439069503, "train_time_millis": 115202.12825400085, "eval_time_millis": 17456.185271999857}, "Epoch6": {"train_loss_means": 0.030642936006188393, "val_loss_mean": 0.07652557641267776, "val_f1_majority_bin": 0.4748010610079576, "val_f1_majority_macro": 0.7285809313948475, "val_acc_majority": 0.9658679538010688, "val_f1_individual_binary": 0.39258114374034003, "val_f1_individual_macro": 0.6841769441931507, "val_acc_individual": 0.9534039980081098, "train_time_millis": 115168.40881900134, "eval_time_millis": 17489.395014003094}, "Epoch7": {"train_loss_means": 0.029484190046787262, "val_loss_mean": 0.08345571160316467, "val_f1_majority_bin": 0.4845070422535211, "val_f1_majority_macro": 0.7341180183260136, "val_acc_majority": 0.9684537148767454, "val_f1_individual_binary": 0.39281045751633986, "val_f1_individual_macro": 0.6849758840077946, "val_acc_individual": 0.9559412866661924, "train_time_millis": 115109.09777900088, "eval_time_millis": 17488.802040003065}, "Epoch8": {"train_loss_means": 0.028362544253468513, "val_loss_mean": 0.08694389462471008, "val_f1_majority_bin": 0.46341463414634143, "val_f1_majority_macro": 0.7228939991705624, "val_acc_majority": 0.9658679538010688, "val_f1_individual_binary": 0.3848101265822785, "val_f1_individual_macro": 0.6804319658064751, "val_acc_individual": 0.9539019705484811, "train_time_millis": 115046.50073799712, "eval_time_millis": 17449.19018699875}, "Epoch9": {"train_loss_means": 0.02772682160139084, "val_loss_mean": 0.09188804775476456, "val_f1_majority_bin": 0.4720670391061453, "val_f1_majority_macro": 0.7276290371624643, "val_acc_majority": 0.9674194104464747, "val_f1_individual_binary": 0.3855890944498539, "val_f1_individual_macro": 0.6811468933688336, "val_acc_individual": 0.9551113324322401, "train_time_millis": 115171.26611599815, "eval_time_millis": 17449.494110005617}, "Test_results": {"test_f1_majority_binary": 0.5517241379310345, "test_f1_majority_macro": 0.7701159586401991, "test_acc_majority": 0.9775900706774694, "test_f1_individual_binary": 0.40046929996089164, "test_f1_individual_macro": 0.6908625157259982, "test_acc_individual": 0.9636480045528918, "test_time_millis": 17439.464923998457, "dataset_size": 58011, "number_of_annotations": 211096, "train_size": 126639, "val_size": 42171, "test_size": 42286}}