{"Epoch0": {"train_loss_means": 0.26331672072410583, "val_loss_mean": 0.24059876799583435, "val_f1_majority_bin": 0.6848874598070739, "val_f1_majority_macro": 0.7429513441167349, "val_acc_majority": 0.7560672059738643, "val_f1_individual_binary": 0.6802421574023115, "val_f1_individual_macro": 0.7506538782083932, "val_acc_individual": 0.7705371248025277, "train_time_millis": 13325.327861006372, "eval_time_millis": 3841.408484033309}, "Epoch1": {"train_loss_means": 0.21170395612716675, "val_loss_mean": 0.253283828496933, "val_f1_majority_bin": 0.6812652068126521, "val_f1_majority_macro": 0.7414402762988046, "val_acc_majority": 0.7554449284380834, "val_f1_individual_binary": 0.6833056017748197, "val_f1_individual_macro": 0.75410296954733, "val_acc_individual": 0.7744865718799369, "train_time_millis": 13377.50262604095, "eval_time_millis": 3842.090317979455}, "Epoch2": {"train_loss_means": 0.17566229403018951, "val_loss_mean": 0.23841717839241028, "val_f1_majority_bin": 0.7253957329662767, "val_f1_majority_macro": 0.7494099618834791, "val_acc_majority": 0.7517112632233977, "val_f1_individual_binary": 0.7064910630291628, "val_f1_individual_macro": 0.7470508412490946, "val_acc_individual": 0.7535545023696683, "train_time_millis": 13343.56565203052, "eval_time_millis": 3842.5313860643655}, "Epoch3": {"train_loss_means": 0.14756037294864655, "val_loss_mean": 0.2690175175666809, "val_f1_majority_bin": 0.7381275440976933, "val_f1_majority_macro": 0.7581442318189616, "val_acc_majority": 0.7598008711885501, "val_f1_individual_binary": 0.7160722556739231, "val_f1_individual_macro": 0.7525283825701802, "val_acc_individual": 0.7578988941548184, "train_time_millis": 13324.962754035369, "eval_time_millis": 3841.5412560570985}, "Epoch4": {"train_loss_means": 0.12804348766803741, "val_loss_mean": 0.31472858786582947, "val_f1_majority_bin": 0.7098181818181819, "val_f1_majority_macro": 0.7464262197834792, "val_acc_majority": 0.7517112632233977, "val_f1_individual_binary": 0.6976744186046512, "val_f1_individual_macro": 0.7484428616191183, "val_acc_individual": 0.7586887835703001, "train_time_millis": 13318.20834998507, "eval_time_millis": 3827.209701994434}, "Epoch5": {"train_loss_means": 0.11195583641529083, "val_loss_mean": 0.3459155261516571, "val_f1_majority_bin": 0.7110789283128168, "val_f1_majority_macro": 0.7467014936163102, "val_acc_majority": 0.7517112632233977, "val_f1_individual_binary": 0.6992110453648915, "val_f1_individual_macro": 0.7491443896126171, "val_acc_individual": 0.759083728278041, "train_time_millis": 13324.53808595892, "eval_time_millis": 3834.7030710428953}, "Epoch6": {"train_loss_means": 0.10264600813388824, "val_loss_mean": 0.35779985785484314, "val_f1_majority_bin": 0.7127583749109051, "val_f1_majority_macro": 0.7451146927011731, "val_acc_majority": 0.7492221530802738, "val_f1_individual_binary": 0.6967491508976226, "val_f1_individual_macro": 0.7443119713862072, "val_acc_individual": 0.7531595576619273, "train_time_millis": 13289.093032013625, "eval_time_millis": 3814.132211962715}, "Epoch7": {"train_loss_means": 0.09523182362318039, "val_loss_mean": 0.39438775181770325, "val_f1_majority_bin": 0.7116382505559673, "val_f1_majority_macro": 0.7515295810420588, "val_acc_majority": 0.7579340385812072, "val_f1_individual_binary": 0.6977215189873418, "val_f1_individual_macro": 0.7522275448611038, "val_acc_individual": 0.764218009478673, "train_time_millis": 13284.947389969602, "eval_time_millis": 2795.588208013214}, "Epoch8": {"train_loss_means": 0.08748749643564224, "val_loss_mean": 0.4767034649848938, "val_f1_majority_bin": 0.7071320182094081, "val_f1_majority_macro": 0.7517727601595564, "val_acc_majority": 0.7598008711885501, "val_f1_individual_binary": 0.700518134715026, "val_f1_individual_macro": 0.7580446448942073, "val_acc_individual": 0.7717219589257504, "train_time_millis": 13361.709502991289, "eval_time_millis": 3830.522640957497}, "Epoch9": {"train_loss_means": 0.0825628936290741, "val_loss_mean": 0.4984475076198578, "val_f1_majority_bin": 0.6975308641975309, "val_f1_majority_macro": 0.7465756510768676, "val_acc_majority": 0.7560672059738643, "val_f1_individual_binary": 0.6944151738672285, "val_f1_individual_macro": 0.7556093557270445, "val_acc_individual": 0.7709320695102686, "train_time_millis": 13240.015115006827, "eval_time_millis": 3807.5972989900038}, "Test_results": {"test_f1_majority_binary": 0.7071320182094081, "test_f1_majority_macro": 0.7517727601595564, "test_acc_majority": 0.7598008711885501, "test_f1_individual_binary": 0.700518134715026, "test_f1_individual_macro": 0.7580446448942073, "test_acc_individual": 0.7717219589257504, "test_time_millis": 2910.0532649317756, "dataset_size": 8054, "number_of_annotations": 12708, "train_size": 7603, "val_size": 2532, "test_size": 2573}}