{"Epoch0": {"train_loss_means": 2.5221939086914062, "val_loss_mean": 2.375720977783203, "val_f1_majority_bin": 0.0, "val_f1_majority_macro": 0.4960434782608696, "val_acc_majority": 0.9842981696128845, "val_f1_individual_binary": 0.046892039477825165, "val_f1_individual_macro": 0.3789784339239131, "val_acc_individual": 0.5565590262413025, "train_acc_means": 0.5179538726806641, "train_time_millis": 4779.510637978092, "eval_time_millis": 36796.694190008566}, "Epoch1": {"train_loss_means": 2.4033727645874023, "val_loss_mean": 2.316934823989868, "val_f1_majority_bin": 0.0, "val_f1_majority_macro": 0.49643757059692417, "val_acc_majority": 0.9858511090278625, "val_f1_individual_binary": 0.04864297807216644, "val_f1_individual_macro": 0.4102047305123264, "val_acc_individual": 0.6318526864051819, "train_acc_means": 0.606508195400238, "train_time_millis": 4771.235960070044, "eval_time_millis": 36883.3316671662}, "Epoch2": {"train_loss_means": 2.3237102031707764, "val_loss_mean": 2.2694714069366455, "val_f1_majority_bin": 0.0, "val_f1_majority_macro": 0.49643757059692417, "val_acc_majority": 0.9858511090278625, "val_f1_individual_binary": 0.050426628440618515, "val_f1_individual_macro": 0.43138688477822773, "val_acc_individual": 0.686623215675354, "train_acc_means": 0.6674699187278748, "train_time_millis": 4827.687935903668, "eval_time_millis": 36809.14598796517}, "Epoch3": {"train_loss_means": 2.3055896759033203, "val_loss_mean": 2.2345473766326904, "val_f1_majority_bin": 0.0, "val_f1_majority_macro": 0.49643757059692417, "val_acc_majority": 0.9858511090278625, "val_f1_individual_binary": 0.051392264664173126, "val_f1_individual_macro": 0.4511980688660604, "val_acc_individual": 0.742459237575531, "train_acc_means": 0.7383309602737427, "train_time_millis": 4765.350976027548, "eval_time_millis": 36839.62118299678}, "Epoch4": {"train_loss_means": 2.1575677394866943, "val_loss_mean": 2.1978445053100586, "val_f1_majority_bin": 0.0, "val_f1_majority_macro": 0.49643757059692417, "val_acc_majority": 0.9858511090278625, "val_f1_individual_binary": 0.050165317952632904, "val_f1_individual_macro": 0.4656324182777206, "val_acc_individual": 0.7886552214622498, "train_acc_means": 0.7976736426353455, "train_time_millis": 4789.946787059307, "eval_time_millis": 36986.05038411915}, "Epoch5": {"train_loss_means": 2.0769946575164795, "val_loss_mean": 2.1686227321624756, "val_f1_majority_bin": 0.0, "val_f1_majority_macro": 0.49643757059692417, "val_acc_majority": 0.9858511090278625, "val_f1_individual_binary": 0.05425814539194107, "val_f1_individual_macro": 0.47995873513880727, "val_acc_individual": 0.8284329771995544, "train_acc_means": 0.832217276096344, "train_time_millis": 4780.358361080289, "eval_time_millis": 36987.96091112308}, "Epoch6": {"train_loss_means": 2.0160624980926514, "val_loss_mean": 2.1424007415771484, "val_f1_majority_bin": 0.0, "val_f1_majority_macro": 0.49643757059692417, "val_acc_majority": 0.9858511090278625, "val_f1_individual_binary": 0.05296506732702255, "val_f1_individual_macro": 0.4863837493893254, "val_acc_individual": 0.8521271347999573, "train_acc_means": 0.8682302832603455, "train_time_millis": 4820.3495210036635, "eval_time_millis": 36897.24960597232}, "Epoch7": {"train_loss_means": 1.9758726358413696, "val_loss_mean": 2.119720935821533, "val_f1_majority_bin": 0.0, "val_f1_majority_macro": 0.49643757059692417, "val_acc_majority": 0.9858511090278625, "val_f1_individual_binary": 0.04982724040746689, "val_f1_individual_macro": 0.4892913732865075, "val_acc_individual": 0.8674497008323669, "train_acc_means": 0.8697421550750732, "train_time_millis": 4783.965081907809, "eval_time_millis": 36877.16521904804}, "Epoch8": {"train_loss_means": 1.9039498567581177, "val_loss_mean": 2.099534511566162, "val_f1_majority_bin": 0.0, "val_f1_majority_macro": 0.49643757059692417, "val_acc_majority": 0.9858511090278625, "val_f1_individual_binary": 0.05266307666897774, "val_f1_individual_macro": 0.49416763688368925, "val_acc_individual": 0.8795251250267029, "train_acc_means": 0.8893517851829529, "train_time_millis": 4803.36016905494, "eval_time_millis": 37048.49632596597}, "Epoch9": {"train_loss_means": 1.8747817277908325, "val_loss_mean": 2.081969738006592, "val_f1_majority_bin": 0.0, "val_f1_majority_macro": 0.49643757059692417, "val_acc_majority": 0.9858511090278625, "val_f1_individual_binary": 0.050359711050987244, "val_f1_individual_macro": 0.49490135870578156, "val_acc_individual": 0.8861462473869324, "train_acc_means": 0.9039088487625122, "train_time_millis": 4804.88064000383, "eval_time_millis": 36908.040209906176}, "Test_results": {"test_f1_majority_binary": 0.0, "test_f1_majority_macro": 0.49624092825170574, "test_acc_majority": 0.9850758910179138, "test_f1_individual_binary": 0.04798255115747452, "test_f1_individual_macro": 0.494623046067203, "test_acc_individual": 0.8893536329269409, "test_time_millis": 36834.776683943346, "dataset_size": 24003, "number_of_annotations": 81719}}