{"Epoch0": {"train_loss_means": 0.01946447044610977, "val_loss_mean": 0.015115797519683838, "val_f1_majority_bin": 0.19506462984723852, "val_f1_majority_macro": 0.5700421471733985, "val_acc_majority": 0.8970698722764838, "val_f1_individual_binary": 0.16802168021680217, "val_f1_individual_macro": 0.5573815681486486, "val_acc_individual": 0.899891304347826, "train_time_millis": 28565.794301001006, "eval_time_millis": 5891.342182003427}, "Epoch1": {"train_loss_means": 0.010139002464711666, "val_loss_mean": 0.01440147403627634, "val_f1_majority_bin": 0.2633333333333333, "val_f1_majority_macro": 0.6142787831104117, "val_acc_majority": 0.9335837716003005, "val_f1_individual_binary": 0.24021592442645076, "val_f1_individual_macro": 0.6041670822086951, "val_acc_individual": 0.9388043478260869, "train_time_millis": 28580.627588002244, "eval_time_millis": 5891.479765006807}, "Epoch2": {"train_loss_means": 0.00575979333370924, "val_loss_mean": 0.019515695050358772, "val_f1_majority_bin": 0.3875968992248062, "val_f1_majority_macro": 0.684628752173728, "val_acc_majority": 0.9643876784372652, "val_f1_individual_binary": 0.35775862068965514, "val_f1_individual_macro": 0.6705719954474145, "val_acc_individual": 0.9676086956521739, "train_time_millis": 28598.741801004508, "eval_time_millis": 5892.968647007365}, "Epoch3": {"train_loss_means": 0.0036747229751199484, "val_loss_mean": 0.027579791843891144, "val_f1_majority_bin": 0.414985590778098, "val_f1_majority_macro": 0.6996628177604137, "val_acc_majority": 0.9694966190833959, "val_f1_individual_binary": 0.3864734299516908, "val_f1_individual_macro": 0.686175667494471, "val_acc_individual": 0.9723913043478261, "train_time_millis": 28629.80862200493, "eval_time_millis": 5894.0137260069605}, "Epoch4": {"train_loss_means": 0.0033709967974573374, "val_loss_mean": 0.03322223946452141, "val_f1_majority_bin": 0.4492753623188406, "val_f1_majority_macro": 0.7188067773693327, "val_acc_majority": 0.977160030052592, "val_f1_individual_binary": 0.425925925925926, "val_f1_individual_macro": 0.7078180193913763, "val_acc_individual": 0.9797826086956521, "train_time_millis": 28616.78695300361, "eval_time_millis": 5331.240390994935}, "Epoch5": {"train_loss_means": 0.002315166871994734, "val_loss_mean": 0.03362056240439415, "val_f1_majority_bin": 0.43558282208588955, "val_f1_majority_macro": 0.710705767173567, "val_acc_majority": 0.9723516153268219, "val_f1_individual_binary": 0.3928571428571429, "val_f1_individual_macro": 0.6898203972837469, "val_acc_individual": 0.9741304347826087, "train_time_millis": 28649.65132100042, "eval_time_millis": 3847.820615003002}, "Epoch6": {"train_loss_means": 0.0019440344767645001, "val_loss_mean": 0.03935376927256584, "val_f1_majority_bin": 0.4505119453924914, "val_f1_majority_macro": 0.7190717520616909, "val_acc_majority": 0.9758076634109693, "val_f1_individual_binary": 0.4219653179190751, "val_f1_individual_macro": 0.7054437202202, "val_acc_individual": 0.9782608695652174, "train_time_millis": 28540.174952009693, "eval_time_millis": 5891.122137996717}, "Epoch7": {"train_loss_means": 0.0015036207623779774, "val_loss_mean": 0.046967871487140656, "val_f1_majority_bin": 0.48221343873517786, "val_f1_majority_macro": 0.7360902531042819, "val_acc_majority": 0.9803155522163787, "val_f1_individual_binary": 0.4657534246575343, "val_f1_individual_macro": 0.7285692239258513, "val_acc_individual": 0.9830434782608696, "train_time_millis": 28619.46153899771, "eval_time_millis": 5889.816399998381}, "Epoch8": {"train_loss_means": 0.0014041916001588106, "val_loss_mean": 0.05071578547358513, "val_f1_majority_bin": 0.48132780082987553, "val_f1_majority_macro": 0.7358815911334319, "val_acc_majority": 0.9812171299774606, "val_f1_individual_binary": 0.46043165467625896, "val_f1_individual_macro": 0.7260772112913355, "val_acc_individual": 0.9836956521739131, "train_time_millis": 28581.227770002442, "eval_time_millis": 3848.314044007566}, "Epoch9": {"train_loss_means": 0.001297342823818326, "val_loss_mean": 0.04909549653530121, "val_f1_majority_bin": 0.4715447154471545, "val_f1_majority_macro": 0.7307968525184333, "val_acc_majority": 0.980465815176559, "val_f1_individual_binary": 0.45454545454545453, "val_f1_individual_macro": 0.7229666656629227, "val_acc_individual": 0.9830434782608696, "train_time_millis": 28620.914949002326, "eval_time_millis": 5892.235709994566}, "Test_results": {"test_f1_majority_binary": 0.48132780082987553, "test_f1_majority_macro": 0.7358815911334319, "test_acc_majority": 0.9812171299774606, "test_f1_individual_binary": 0.46043165467625896, "test_f1_individual_macro": 0.7260772112913355, "test_acc_individual": 0.9836956521739131, "test_time_millis": 5841.177565001999, "dataset_size": 33234, "number_of_annotations": 46168, "train_size": 27632, "val_size": 9200, "test_size": 9336}}