{"Epoch0": {"train_loss_means": 0.048673778772354126, "val_loss_mean": 0.05096689239144325, "val_f1_majority_bin": 0.07407407407407407, "val_f1_majority_macro": 0.5030696457326892, "val_acc_majority": 0.8734177215189873, "val_f1_individual_binary": 0.09271523178807947, "val_f1_individual_macro": 0.5106544990379989, "val_acc_individual": 0.8676072671047546, "train_time_millis": 4097.232313011773, "eval_time_millis": 4223.475428007077}, "Epoch1": {"train_loss_means": 0.04554213210940361, "val_loss_mean": 0.04842802509665489, "val_f1_majority_bin": 0.18775510204081633, "val_f1_majority_macro": 0.5597437602828438, "val_acc_majority": 0.8740506329113924, "val_f1_individual_binary": 0.19212962962962965, "val_f1_individual_macro": 0.5592659957511286, "val_acc_individual": 0.8650947042906841, "train_time_millis": 4103.644603979774, "eval_time_millis": 4191.0584879806265}, "Epoch2": {"train_loss_means": 0.03925439715385437, "val_loss_mean": 0.04398992285132408, "val_f1_majority_bin": 0.23188405797101452, "val_f1_majority_macro": 0.5791875213572132, "val_acc_majority": 0.8658227848101265, "val_f1_individual_binary": 0.22199592668024437, "val_f1_individual_macro": 0.5702121422852429, "val_acc_individual": 0.8523386161577117, "train_time_millis": 4073.6067830002867, "eval_time_millis": 4220.8843150001485}, "Epoch3": {"train_loss_means": 0.032317038625478745, "val_loss_mean": 0.04057582840323448, "val_f1_majority_bin": 0.21383647798742136, "val_f1_majority_macro": 0.5629351285081372, "val_acc_majority": 0.8417721518987342, "val_f1_individual_binary": 0.21568627450980393, "val_f1_individual_macro": 0.5601518300795281, "val_acc_individual": 0.8299188248936993, "train_time_millis": 4108.880870975554, "eval_time_millis": 4212.073545990279}, "Epoch4": {"train_loss_means": 0.026041006669402122, "val_loss_mean": 0.041463032364845276, "val_f1_majority_bin": 0.25, "val_f1_majority_macro": 0.5885416666666666, "val_acc_majority": 0.8670886075949367, "val_f1_individual_binary": 0.23823823823823823, "val_f1_individual_macro": 0.578419579061359, "val_acc_individual": 0.852918438345574, "train_time_millis": 4085.6793679995462, "eval_time_millis": 4223.614651011303}, "Epoch5": {"train_loss_means": 0.02241513878107071, "val_loss_mean": 0.042021654546260834, "val_f1_majority_bin": 0.21884498480243159, "val_f1_majority_macro": 0.5640321709600289, "val_acc_majority": 0.8373417721518988, "val_f1_individual_binary": 0.2204995693367786, "val_f1_individual_macro": 0.5609954034775761, "val_acc_individual": 0.8250869733281794, "train_time_millis": 4100.855958007742, "eval_time_millis": 4197.716513997875}, "Epoch6": {"train_loss_means": 0.0197910126298666, "val_loss_mean": 0.048106737434864044, "val_f1_majority_bin": 0.25423728813559326, "val_f1_majority_macro": 0.5970228848338706, "val_acc_majority": 0.8886075949367088, "val_f1_individual_binary": 0.2473246135552913, "val_f1_individual_macro": 0.5903710477053831, "val_acc_individual": 0.877657518361036, "train_time_millis": 4106.320519000292, "eval_time_millis": 4199.027559981914}, "Epoch7": {"train_loss_means": 0.01779700443148613, "val_loss_mean": 0.04843025282025337, "val_f1_majority_bin": 0.24242424242424243, "val_f1_majority_macro": 0.5866817344717897, "val_acc_majority": 0.8734177215189873, "val_f1_individual_binary": 0.2351694915254237, "val_f1_individual_macro": 0.5791968257286838, "val_acc_individual": 0.860456126787785, "train_time_millis": 4095.9148069960065, "eval_time_millis": 4209.486273990478}, "Epoch8": {"train_loss_means": 0.016432588919997215, "val_loss_mean": 0.05453582480549812, "val_f1_majority_bin": 0.2748815165876777, "val_f1_majority_macro": 0.6114997613457208, "val_acc_majority": 0.9031645569620254, "val_f1_individual_binary": 0.2596026490066225, "val_f1_individual_macro": 0.6006654962952429, "val_acc_individual": 0.8919597989949749, "train_time_millis": 4099.976658995729, "eval_time_millis": 4189.386832993478}, "Epoch9": {"train_loss_means": 0.015755105763673782, "val_loss_mean": 0.05623798444867134, "val_f1_majority_bin": 0.27586206896551724, "val_f1_majority_macro": 0.6130747612328431, "val_acc_majority": 0.9069620253164556, "val_f1_individual_binary": 0.26337448559670784, "val_f1_individual_macro": 0.6037737382760544, "val_acc_individual": 0.8962118283726324, "train_time_millis": 4130.162154993741, "eval_time_millis": 4217.94274498825}, "Test_results": {"test_f1_majority_binary": 0.27586206896551724, "test_f1_majority_macro": 0.6130747612328431, "test_acc_majority": 0.9069620253164556, "test_f1_individual_binary": 0.26337448559670784, "test_f1_individual_macro": 0.6037737382760544, "test_acc_individual": 0.8962118283726324, "test_time_millis": 4169.906175986398, "dataset_size": 4384, "number_of_annotations": 14616, "train_size": 4400, "val_size": 5174, "test_size": 5042}}