{"Epoch0": {"train_loss_means": 0.051629237830638885, "val_loss_mean": 0.053719256073236465, "val_f1_majority_bin": 0.2337662337662338, "val_f1_majority_macro": 0.5977148257850012, "val_acc_majority": 0.926980198019802, "val_f1_individual_binary": 0.24742268041237114, "val_f1_individual_macro": 0.6065024764626683, "val_acc_individual": 0.9341749323715058, "train_time_millis": 3528.588271001354, "eval_time_millis": 2503.902232987457}, "Epoch1": {"train_loss_means": 0.0452275350689888, "val_loss_mean": 0.04041317477822304, "val_f1_majority_bin": 0.3522012578616352, "val_f1_majority_macro": 0.6407540263227187, "val_acc_majority": 0.8725247524752475, "val_f1_individual_binary": 0.30917874396135264, "val_f1_individual_macro": 0.619034921458548, "val_acc_individual": 0.8710550045085663, "train_time_millis": 3516.1905010027112, "eval_time_millis": 2491.5367450012127}, "Epoch2": {"train_loss_means": 0.03230299428105354, "val_loss_mean": 0.0337592251598835, "val_f1_majority_bin": 0.3402061855670104, "val_f1_majority_macro": 0.6250960604347007, "val_acc_majority": 0.8415841584158416, "val_f1_individual_binary": 0.29365079365079366, "val_f1_individual_macro": 0.6015558139159359, "val_acc_individual": 0.8394950405770965, "train_time_millis": 3512.717938996502, "eval_time_millis": 2483.054832002381}, "Epoch3": {"train_loss_means": 0.023292725905776024, "val_loss_mean": 0.038405127823352814, "val_f1_majority_bin": 0.4, "val_f1_majority_macro": 0.6670329670329671, "val_acc_majority": 0.8811881188118812, "val_f1_individual_binary": 0.3564356435643565, "val_f1_individual_macro": 0.6459757582901148, "val_acc_individual": 0.8827772768259693, "train_time_millis": 3521.3950730103534, "eval_time_millis": 2488.220915009151}, "Epoch4": {"train_loss_means": 0.017232485115528107, "val_loss_mean": 0.03725861385464668, "val_f1_majority_bin": 0.3272727272727273, "val_f1_majority_macro": 0.610627767647825, "val_acc_majority": 0.8168316831683168, "val_f1_individual_binary": 0.2846975088967972, "val_f1_individual_macro": 0.5904643971949138, "val_acc_individual": 0.8187556357078449, "train_time_millis": 3513.0639229901135, "eval_time_millis": 2488.7060500041116}, "Epoch5": {"train_loss_means": 0.01323184184730053, "val_loss_mean": 0.04987513646483421, "val_f1_majority_bin": 0.4137931034482758, "val_f1_majority_macro": 0.6780046414590122, "val_acc_majority": 0.8948019801980198, "val_f1_individual_binary": 0.36666666666666664, "val_f1_individual_macro": 0.6553647366699378, "val_acc_individual": 0.8972046889089269, "train_time_millis": 3505.067196994787, "eval_time_millis": 2493.1092530023307}, "Epoch6": {"train_loss_means": 0.01080162264406681, "val_loss_mean": 0.058812059462070465, "val_f1_majority_bin": 0.421875, "val_f1_majority_macro": 0.6860719086021505, "val_acc_majority": 0.9084158415841584, "val_f1_individual_binary": 0.3821656050955414, "val_f1_individual_macro": 0.6675505366574263, "val_acc_individual": 0.9125338142470695, "train_time_millis": 3510.2024779916974, "eval_time_millis": 2503.9582750032423}, "Epoch7": {"train_loss_means": 0.00923805870115757, "val_loss_mean": 0.07102568447589874, "val_f1_majority_bin": 0.5046728971962617, "val_f1_majority_macro": 0.7347751497247048, "val_acc_majority": 0.9344059405940595, "val_f1_individual_binary": 0.4651162790697674, "val_f1_individual_macro": 0.7160430605497232, "val_acc_individual": 0.9377817853922452, "train_time_millis": 3514.8665650049224, "eval_time_millis": 2491.411433002213}, "Epoch8": {"train_loss_means": 0.007578753400593996, "val_loss_mean": 0.07554808259010315, "val_f1_majority_bin": 0.4814814814814815, "val_f1_majority_macro": 0.7221731014834463, "val_acc_majority": 0.9306930693069307, "val_f1_individual_binary": 0.4496124031007752, "val_f1_individual_macro": 0.7078124246236284, "val_acc_individual": 0.9359783588818755, "train_time_millis": 3507.611078006448, "eval_time_millis": 2489.116644996102}, "Epoch9": {"train_loss_means": 0.007483753375709057, "val_loss_mean": 0.07711426168680191, "val_f1_majority_bin": 0.4814814814814815, "val_f1_majority_macro": 0.7221731014834463, "val_acc_majority": 0.9306930693069307, "val_f1_individual_binary": 0.4496124031007752, "val_f1_individual_macro": 0.7078124246236284, "val_acc_individual": 0.9359783588818755, "train_time_millis": 3496.6562149929814, "eval_time_millis": 2494.9892059958074}, "Test_results": {"test_f1_majority_binary": 0.5046728971962617, "test_f1_majority_macro": 0.7347751497247048, "test_acc_majority": 0.9344059405940595, "test_f1_individual_binary": 0.4651162790697674, "test_f1_individual_macro": 0.7160430605497232, "test_acc_individual": 0.9377817853922452, "test_time_millis": 2490.478510997491, "dataset_size": 3993, "number_of_annotations": 5599, "train_size": 3469, "val_size": 1109, "test_size": 1021}}