{"Epoch0": {"train_loss_means": 0.023312576115131378, "val_loss_mean": 0.024678628891706467, "val_f1_majority_bin": 0.0, "val_f1_majority_macro": 0.4942369755647764, "val_acc_majority": 0.9772105742935278, "val_f1_individual_binary": 0.0, "val_f1_individual_macro": 0.4940105414470532, "val_acc_individual": 0.9763257575757576, "train_time_millis": 5691.577386000063, "eval_time_millis": 1573.3756469999207}, "Epoch1": {"train_loss_means": 0.020746665075421333, "val_loss_mean": 0.022166462615132332, "val_f1_majority_bin": 0.24137931034482757, "val_f1_majority_macro": 0.610390029704249, "val_acc_majority": 0.959890610756609, "val_f1_individual_binary": 0.21428571428571427, "val_f1_individual_macro": 0.5964424680377988, "val_acc_individual": 0.9583333333333334, "train_time_millis": 5668.595037999694, "eval_time_millis": 807.6568569995288}, "Epoch2": {"train_loss_means": 0.016474993899464607, "val_loss_mean": 0.018456049263477325, "val_f1_majority_bin": 0.2619047619047619, "val_f1_majority_macro": 0.6162604378244189, "val_acc_majority": 0.9434822242479489, "val_f1_individual_binary": 0.24096385542168672, "val_f1_individual_macro": 0.6049570386029084, "val_acc_individual": 0.9403409090909091, "train_time_millis": 5674.768109998695, "eval_time_millis": 2842.003644000215}, "Epoch3": {"train_loss_means": 0.011965951882302761, "val_loss_mean": 0.01697937585413456, "val_f1_majority_bin": 0.23300970873786406, "val_f1_majority_macro": 0.5976143713464548, "val_acc_majority": 0.9279854147675478, "val_f1_individual_binary": 0.208955223880597, "val_f1_individual_macro": 0.584716239829933, "val_acc_individual": 0.9247159090909091, "train_time_millis": 5671.71427500034, "eval_time_millis": 2841.619819000698}, "Epoch4": {"train_loss_means": 0.00893480610102415, "val_loss_mean": 0.017585016787052155, "val_f1_majority_bin": 0.21782178217821782, "val_f1_majority_macro": 0.5900384591731987, "val_acc_majority": 0.9279854147675478, "val_f1_individual_binary": 0.20618556701030927, "val_f1_individual_macro": 0.5839860837532936, "val_acc_individual": 0.9270833333333334, "train_time_millis": 5663.082613998995, "eval_time_millis": 2840.6066179995832}, "Epoch5": {"train_loss_means": 0.0064277914352715015, "val_loss_mean": 0.022621676325798035, "val_f1_majority_bin": 0.3055555555555555, "val_f1_majority_macro": 0.64099643941774, "val_acc_majority": 0.9544211485870556, "val_f1_individual_binary": 0.2777777777777778, "val_f1_individual_macro": 0.6261437908496732, "val_acc_individual": 0.9507575757575758, "train_time_millis": 5712.731822999558, "eval_time_millis": 2881.740026999978}, "Epoch6": {"train_loss_means": 0.00578079791739583, "val_loss_mean": 0.02608642913401127, "val_f1_majority_bin": 0.3283582089552239, "val_f1_majority_macro": 0.6536008252110393, "val_acc_majority": 0.95897903372835, "val_f1_individual_binary": 0.29411764705882354, "val_f1_individual_macro": 0.6353171405548521, "val_acc_individual": 0.9545454545454546, "train_time_millis": 5704.60176800043, "eval_time_millis": 2848.4411089993955}, "Epoch7": {"train_loss_means": 0.004486312624067068, "val_loss_mean": 0.025177938863635063, "val_f1_majority_bin": 0.28947368421052627, "val_f1_majority_macro": 0.6319889667511555, "val_acc_majority": 0.95077484047402, "val_f1_individual_binary": 0.2631578947368421, "val_f1_individual_macro": 0.6178264915727433, "val_acc_individual": 0.946969696969697, "train_time_millis": 5687.258726000437, "eval_time_millis": 2837.4280099997122}, "Epoch8": {"train_loss_means": 0.0040511623956263065, "val_loss_mean": 0.029425490647554398, "val_f1_majority_bin": 0.3384615384615385, "val_f1_majority_macro": 0.65913213137262, "val_acc_majority": 0.9608021877848678, "val_f1_individual_binary": 0.30075187969924816, "val_f1_individual_macro": 0.639009525769937, "val_acc_individual": 0.9559659090909091, "train_time_millis": 5671.6639539990865, "eval_time_millis": 2846.5697379997437}, "Epoch9": {"train_loss_means": 0.003915962763130665, "val_loss_mean": 0.029301775619387627, "val_f1_majority_bin": 0.33333333333333337, "val_f1_majority_macro": 0.656328320802005, "val_acc_majority": 0.959890610756609, "val_f1_individual_binary": 0.2962962962962963, "val_f1_individual_macro": 0.636531615988696, "val_acc_individual": 0.9550189393939394, "train_time_millis": 5693.889403999492, "eval_time_millis": 807.5602760000038}, "Test_results": {"test_f1_majority_binary": 0.0, "test_f1_majority_macro": 0.4942369755647764, "test_acc_majority": 0.9772105742935278, "test_f1_individual_binary": 0.0, "test_f1_individual_macro": 0.4940105414470532, "test_acc_individual": 0.9763257575757576, "test_time_millis": 808.5227979991032, "dataset_size": 5434, "number_of_annotations": 10438, "train_size": 6359, "val_size": 2112, "test_size": 1967}}