{"Epoch0": {"train_loss_means": 1.3245526552200317, "val_loss_mean": 2.9640142917633057, "val_f1_majority_bin": 0.0, "val_f1_majority_macro": 1.0, "val_acc_majority": 1.0, "val_f1_individual_binary": 0.0, "val_f1_individual_macro": 0.4185135372200456, "val_acc_individual": 0.7197304964065552, "train_acc_means": 0.5763051509857178, "train_time_millis": 20977.84966600011, "eval_time_millis": 40735.39700800029}, "Epoch1": {"train_loss_means": 1.1340768337249756, "val_loss_mean": 2.52254319190979, "val_f1_majority_bin": 0.0, "val_f1_majority_macro": 1.0, "val_acc_majority": 1.0, "val_f1_individual_binary": 0.0, "val_f1_individual_macro": 0.47800524934383204, "val_acc_individual": 0.9157280921936035, "train_acc_means": 0.839054524898529, "train_time_millis": 21045.795809000083, "eval_time_millis": 40419.558786999914}, "Epoch2": {"train_loss_means": 0.9433116912841797, "val_loss_mean": 2.1312713623046875, "val_f1_majority_bin": 0.0, "val_f1_majority_macro": 1.0, "val_acc_majority": 1.0, "val_f1_individual_binary": 0.0, "val_f1_individual_macro": 0.4967865998684277, "val_acc_individual": 0.9872284531593323, "train_acc_means": 0.9627572298049927, "train_time_millis": 20899.67789899947, "eval_time_millis": 40597.81576899968}, "Epoch3": {"train_loss_means": 0.7937719821929932, "val_loss_mean": 1.8598459959030151, "val_f1_majority_bin": 0.0, "val_f1_majority_macro": 1.0, "val_acc_majority": 1.0, "val_f1_individual_binary": 0.0, "val_f1_individual_macro": 0.4988408426569902, "val_acc_individual": 0.9953740835189819, "train_acc_means": 0.9910206198692322, "train_time_millis": 20964.773057000457, "eval_time_millis": 40365.52367799959}, "Epoch4": {"train_loss_means": 0.6761176586151123, "val_loss_mean": 1.6378211975097656, "val_f1_majority_bin": 0.0, "val_f1_majority_macro": 1.0, "val_acc_majority": 1.0, "val_f1_individual_binary": 0.0, "val_f1_individual_macro": 0.4996981283960556, "val_acc_individual": 0.9987932443618774, "train_acc_means": 0.9962279200553894, "train_time_millis": 20996.063672000673, "eval_time_millis": 40337.184369999704}, "Epoch5": {"train_loss_means": 0.582004189491272, "val_loss_mean": 1.465890884399414, "val_f1_majority_bin": 0.0, "val_f1_majority_macro": 1.0, "val_acc_majority": 1.0, "val_f1_individual_binary": 0.0, "val_f1_individual_macro": 0.49987426444701505, "val_acc_individual": 0.9994971752166748, "train_acc_means": 0.9994505643844604, "train_time_millis": 21029.631440999765, "eval_time_millis": 40276.22058799989}, "Epoch6": {"train_loss_means": 0.5183972120285034, "val_loss_mean": 1.3300831317901611, "val_f1_majority_bin": 0.0, "val_f1_majority_macro": 1.0, "val_acc_majority": 1.0, "val_f1_individual_binary": 0.0, "val_f1_individual_macro": 0.49994971336618726, "val_acc_individual": 0.9997988939285278, "train_acc_means": 0.9987049698829651, "train_time_millis": 20679.009188000236, "eval_time_millis": 40429.99269499978}, "Epoch7": {"train_loss_means": 0.4633072316646576, "val_loss_mean": 1.2189583778381348, "val_f1_majority_bin": 0.0, "val_f1_majority_macro": 1.0, "val_acc_majority": 1.0, "val_f1_individual_binary": 0.0, "val_f1_individual_macro": 0.4999748579474028, "val_acc_individual": 0.9998994469642639, "train_acc_means": 1.0, "train_time_millis": 20605.208074000075, "eval_time_millis": 40253.53957700008}, "Epoch8": {"train_loss_means": 0.4221486449241638, "val_loss_mean": 1.1257684230804443, "val_f1_majority_bin": 0.0, "val_f1_majority_macro": 1.0, "val_acc_majority": 1.0, "val_f1_individual_binary": 0.0, "val_f1_individual_macro": 0.4999748579474028, "val_acc_individual": 0.9998994469642639, "train_acc_means": 1.0, "train_time_millis": 20817.93486300012, "eval_time_millis": 40256.537874999594}, "Epoch9": {"train_loss_means": 0.38741376996040344, "val_loss_mean": 1.050046682357788, "val_f1_majority_bin": 0.0, "val_f1_majority_macro": 1.0, "val_acc_majority": 1.0, "val_f1_individual_binary": 0.0, "val_f1_individual_macro": 0.4999748579474028, "val_acc_individual": 0.9998994469642639, "train_acc_means": 1.0, "train_time_millis": 20742.35745399983, "eval_time_millis": 40089.50781600015}, "Test_results": {"test_f1_majority_binary": 0.0, "test_f1_majority_macro": 1.0, "test_acc_majority": 1.0, "test_f1_individual_binary": 0.0, "test_f1_individual_macro": 0.4999749987499375, "test_acc_individual": 0.9998999834060669, "test_time_millis": 40619.9486710002, "dataset_size": 5134, "number_of_annotations": 21544}}