{"Epoch0": {"train_loss_means": 1.3705323934555054, "val_loss_mean": 1.2916735410690308, "val_f1_majority_bin": 0.06332294642925262, "val_f1_majority_macro": 0.05125112193228873, "val_acc_majority": 0.05140472203493118, "val_f1_individual_binary": 0.043085210025310516, "val_f1_individual_macro": 0.3176992871299121, "val_acc_individual": 0.42822664976119995, "train_acc_means": 0.37336182594299316, "train_time_millis": 3868.0081961210817, "eval_time_millis": 19543.236521072686}, "Epoch1": {"train_loss_means": 1.2810486555099487, "val_loss_mean": 1.2547532320022583, "val_f1_majority_bin": 0.03120124712586403, "val_f1_majority_macro": 0.4992645373200628, "val_acc_majority": 0.936787486076355, "val_f1_individual_binary": 0.05008717626333237, "val_f1_individual_macro": 0.41988478873489354, "val_acc_individual": 0.6556143164634705, "train_acc_means": 0.5500960946083069, "train_time_millis": 3864.849873119965, "eval_time_millis": 19536.725820973516}, "Epoch2": {"train_loss_means": 1.2140275239944458, "val_loss_mean": 1.228576421737671, "val_f1_majority_bin": 0.005934718064963818, "val_f1_majority_macro": 0.49429354619766686, "val_acc_majority": 0.9658998250961304, "val_f1_individual_binary": 0.05503292754292488, "val_f1_individual_macro": 0.4617597202382404, "val_acc_individual": 0.7691069841384888, "train_acc_means": 0.7092384099960327, "train_time_millis": 3863.3656720630825, "eval_time_millis": 19539.883403806016}, "Epoch3": {"train_loss_means": 1.1445879936218262, "val_loss_mean": 1.2024738788604736, "val_f1_majority_bin": 0.0, "val_f1_majority_macro": 0.4915903327640636, "val_acc_majority": 0.9669177532196045, "val_f1_individual_binary": 0.05244578793644905, "val_f1_individual_macro": 0.49759792888097004, "val_acc_individual": 0.8920239210128784, "train_acc_means": 0.8176535964012146, "train_time_millis": 3868.558363057673, "eval_time_millis": 19697.369844885543}, "Epoch4": {"train_loss_means": 1.0868898630142212, "val_loss_mean": 1.184010624885559, "val_f1_majority_bin": 0.0, "val_f1_majority_macro": 0.49161664251707715, "val_acc_majority": 0.9670195579528809, "val_f1_individual_binary": 0.05179283022880554, "val_f1_individual_macro": 0.5044536850495788, "val_acc_individual": 0.9179404377937317, "train_acc_means": 0.9034945368766785, "train_time_millis": 3872.1579131670296, "eval_time_millis": 19559.84758096747}, "Epoch5": {"train_loss_means": 1.0232938528060913, "val_loss_mean": 1.164218783378601, "val_f1_majority_bin": 0.0, "val_f1_majority_macro": 0.4916955554405753, "val_acc_majority": 0.9673249125480652, "val_f1_individual_binary": 0.03617570921778679, "val_f1_individual_macro": 0.5071269384590736, "val_acc_individual": 0.9571313858032227, "train_acc_means": 0.9458805322647095, "train_time_millis": 3868.014356121421, "eval_time_millis": 19545.627373969182}, "Epoch6": {"train_loss_means": 0.9648396968841553, "val_loss_mean": 1.1490596532821655, "val_f1_majority_bin": 0.0, "val_f1_majority_macro": 0.4916429495472186, "val_acc_majority": 0.9671213626861572, "val_f1_individual_binary": 0.04184100404381752, "val_f1_individual_macro": 0.510843346578218, "val_acc_individual": 0.9605217576026917, "train_acc_means": 0.9695630073547363, "train_time_millis": 3882.277322933078, "eval_time_millis": 19764.609893085435}, "Epoch7": {"train_loss_means": 0.9004616737365723, "val_loss_mean": 1.1447629928588867, "val_f1_majority_bin": 0.0, "val_f1_majority_macro": 0.49174815044751413, "val_acc_majority": 0.9675285220146179, "val_f1_individual_binary": 0.013400334864854813, "val_f1_individual_macro": 0.4980908185405252, "val_acc_individual": 0.9661533236503601, "train_acc_means": 0.9744618535041809, "train_time_millis": 3873.32803895697, "eval_time_millis": 19562.691228929907}, "Epoch8": {"train_loss_means": 0.8773145079612732, "val_loss_mean": 1.1312041282653809, "val_f1_majority_bin": 0.0, "val_f1_majority_macro": 0.4916955554405753, "val_acc_majority": 0.9673249125480652, "val_f1_individual_binary": 0.020797226577997208, "val_f1_individual_macro": 0.5021448956930887, "val_acc_individual": 0.9675324559211731, "train_acc_means": 0.9751951694488525, "train_time_millis": 3873.450290877372, "eval_time_millis": 19562.04174994491}, "Epoch9": {"train_loss_means": 0.8315609693527222, "val_loss_mean": 1.1212849617004395, "val_f1_majority_bin": 0.0, "val_f1_majority_macro": 0.4917218543046357, "val_acc_majority": 0.9674267172813416, "val_f1_individual_binary": 0.018148820847272873, "val_f1_individual_macro": 0.5011772916627701, "val_acc_individual": 0.9689116477966309, "train_acc_means": 0.9793100357055664, "train_time_millis": 3875.2562960144132, "eval_time_millis": 19787.647230084985}, "Test_results": {"test_f1_majority_binary": 0.0, "test_f1_majority_macro": 0.49126082672060584, "test_acc_majority": 0.9656438231468201, "test_f1_individual_binary": 0.02985074557363987, "test_f1_individual_macro": 0.5072724620847021, "test_acc_individual": 0.9698638319969177, "test_time_millis": 19541.032230015844, "dataset_size": 20541, "number_of_annotations": 36281}}