{"Epoch0": {"train_loss_means": 0.05243489891290665, "val_loss_mean": 0.042919185012578964, "val_f1_majority_bin": 0.4298160696999032, "val_f1_majority_macro": 0.7013559663763425, "val_acc_majority": 0.9482516253733966, "val_f1_individual_binary": 0.3954372623574144, "val_f1_individual_macro": 0.68421837645692, "val_acc_individual": 0.9483076256186107, "train_time_millis": 75426.34975700639, "eval_time_millis": 12471.703580988105}, "Epoch1": {"train_loss_means": 0.0419163815677166, "val_loss_mean": 0.04175027087330818, "val_f1_majority_bin": 0.46204620462046203, "val_f1_majority_macro": 0.7198357309993182, "val_acc_majority": 0.9570374275171323, "val_f1_individual_binary": 0.42074927953890484, "val_f1_individual_macro": 0.6990579218053357, "val_acc_individual": 0.9564353574395839, "train_time_millis": 75634.64857399231, "eval_time_millis": 12462.9988319939}, "Epoch2": {"train_loss_means": 0.036192089319229126, "val_loss_mean": 0.042551591992378235, "val_f1_majority_bin": 0.4702258726899383, "val_f1_majority_macro": 0.7232726426322569, "val_acc_majority": 0.9546652609383237, "val_f1_individual_binary": 0.4230254350736279, "val_f1_individual_macro": 0.6993433057721081, "val_acc_individual": 0.9532926344688075, "train_time_millis": 75548.22315502679, "eval_time_millis": 12471.283967024647}, "Epoch3": {"train_loss_means": 0.03132418170571327, "val_loss_mean": 0.04714759811758995, "val_f1_majority_bin": 0.4683544303797468, "val_f1_majority_macro": 0.7226260600743619, "val_acc_majority": 0.955719557195572, "val_f1_individual_binary": 0.42265193370165743, "val_f1_individual_macro": 0.6995389231992891, "val_acc_individual": 0.9547014413177762, "train_time_millis": 75558.97420702968, "eval_time_millis": 12459.806130966172}, "Epoch4": {"train_loss_means": 0.027518469840288162, "val_loss_mean": 0.04929333180189133, "val_f1_majority_bin": 0.43796992481203, "val_f1_majority_macro": 0.7052061605626969, "val_acc_majority": 0.9474609031804604, "val_f1_individual_binary": 0.3996757194973652, "val_f1_individual_macro": 0.6858394854882995, "val_acc_individual": 0.9465014629917278, "train_time_millis": 75537.14624996064, "eval_time_millis": 12451.3650140143}, "Epoch5": {"train_loss_means": 0.024455655366182327, "val_loss_mean": 0.05724335461854935, "val_f1_majority_bin": 0.4532760472610097, "val_f1_majority_macro": 0.7149813571165122, "val_acc_majority": 0.9552802670883852, "val_f1_individual_binary": 0.4158139534883721, "val_f1_individual_macro": 0.6961060146275294, "val_acc_individual": 0.9546291948127009, "train_time_millis": 75463.54087500367, "eval_time_millis": 12478.85342896916}, "Epoch6": {"train_loss_means": 0.022394709289073944, "val_loss_mean": 0.060056354850530624, "val_f1_majority_bin": 0.42953020134228187, "val_f1_majority_macro": 0.7010686778545118, "val_acc_majority": 0.9477244772447725, "val_f1_individual_binary": 0.3944954128440367, "val_f1_individual_macro": 0.6835413176589916, "val_acc_individual": 0.9475490373153199, "train_time_millis": 75511.93189102923, "eval_time_millis": 11717.495007964317}, "Epoch7": {"train_loss_means": 0.021051086485385895, "val_loss_mean": 0.06037548556923866, "val_f1_majority_bin": 0.4128113879003559, "val_f1_majority_macro": 0.6911561560573868, "val_acc_majority": 0.9420137058513443, "val_f1_individual_binary": 0.377023901310717, "val_f1_individual_macro": 0.6732008008031641, "val_acc_individual": 0.9416248238991439, "train_time_millis": 75613.13084099675, "eval_time_millis": 12454.580955964047}, "Epoch8": {"train_loss_means": 0.020351015031337738, "val_loss_mean": 0.06199042126536369, "val_f1_majority_bin": 0.4136690647482015, "val_f1_majority_macro": 0.6917781865399977, "val_acc_majority": 0.942716570022843, "val_f1_individual_binary": 0.378716744913928, "val_f1_individual_macro": 0.6743233412128815, "val_acc_individual": 0.9426362749701983, "train_time_millis": 75637.86329701543, "eval_time_millis": 12473.470923025161}, "Epoch9": {"train_loss_means": 0.01983468234539032, "val_loss_mean": 0.06554494053125381, "val_f1_majority_bin": 0.4269449715370019, "val_f1_majority_macro": 0.6995618455105553, "val_acc_majority": 0.9469337550518362, "val_f1_individual_binary": 0.39173553719008264, "val_f1_individual_macro": 0.6819668129043376, "val_acc_individual": 0.9468265722645667, "train_time_millis": 75601.63259395631, "eval_time_millis": 12265.499643981457}, "Test_results": {"test_f1_majority_binary": 0.46204620462046203, "test_f1_majority_macro": 0.7198357309993182, "test_acc_majority": 0.9570374275171323, "test_f1_individual_binary": 0.42074927953890484, "test_f1_individual_macro": 0.6990579218053357, "test_acc_individual": 0.9564353574395839, "test_time_millis": 12550.66467198776, "dataset_size": 56941, "number_of_annotations": 137775, "train_size": 82372, "val_size": 27683, "test_size": 27720}}