{"Epoch0": {"train_loss_means": 0.566480815410614, "val_loss_mean": 0.5227322578430176, "val_f1_majority_bin": 0.0, "val_f1_majority_macro": 0.49518749183397937, "val_acc_majority": 0.9809334874153137, "val_f1_individual_binary": 0.0, "val_f1_individual_macro": 0.4935265501531492, "val_acc_individual": 0.9744371771812439, "train_acc_means": 0.9128485918045044, "train_time_millis": 16935.381904710084, "eval_time_millis": 22443.616156931967}, "Epoch1": {"train_loss_means": 0.44712650775909424, "val_loss_mean": 0.4358147978782654, "val_f1_majority_bin": 0.0939597338438034, "val_f1_majority_macro": 0.5410805474708158, "val_acc_majority": 0.9767060875892639, "val_f1_individual_binary": 0.1015625, "val_f1_individual_macro": 0.5433549959317043, "val_acc_individual": 0.9707780480384827, "train_acc_means": 0.9816733002662659, "train_time_millis": 17044.687260873616, "eval_time_millis": 22484.43566588685}, "Epoch2": {"train_loss_means": 0.28487977385520935, "val_loss_mean": 0.31674087047576904, "val_f1_majority_bin": 0.3679417073726654, "val_f1_majority_macro": 0.6763050583730239, "val_acc_majority": 0.9700629711151123, "val_f1_individual_binary": 0.3166276216506958, "val_f1_individual_macro": 0.6487869606052555, "val_acc_individual": 0.9629262685775757, "train_acc_means": 0.9795816540718079, "train_time_millis": 17208.69205193594, "eval_time_millis": 22489.580194931477}, "Epoch3": {"train_loss_means": 0.16122962534427643, "val_loss_mean": 0.34992578625679016, "val_f1_majority_bin": 0.426716148853302, "val_f1_majority_macro": 0.7065347697015636, "val_acc_majority": 0.9733414053916931, "val_f1_individual_binary": 0.3475756049156189, "val_f1_individual_macro": 0.6649199430799629, "val_acc_individual": 0.9654672741889954, "train_acc_means": 0.9770916104316711, "train_time_millis": 17082.53065403551, "eval_time_millis": 22640.97138401121}, "Epoch4": {"train_loss_means": 0.10368795692920685, "val_loss_mean": 0.3991788327693939, "val_f1_majority_bin": 0.41448691487312317, "val_f1_majority_macro": 0.7008295308549556, "val_acc_majority": 0.9748942852020264, "val_f1_individual_binary": 0.3386680483818054, "val_f1_individual_macro": 0.6609910275836806, "val_acc_individual": 0.9674493074417114, "train_acc_means": 0.9845617413520813, "train_time_millis": 17087.83797500655, "eval_time_millis": 22661.398414056748}, "Test_results": {"test_f1_majority_binary": 0.4312896430492401, "test_f1_majority_macro": 0.7097225799719111, "test_acc_majority": 0.9767943620681763, "test_f1_individual_binary": 0.34309622645378113, "test_f1_individual_macro": 0.6634015833233464, "test_acc_individual": 0.968202531337738, "test_time_millis": 22680.23483362049, "dataset_size": 27193, "number_of_annotations": 27193}}