{"Epoch0": {"train_loss_means": 0.2833983898162842, "val_loss_mean": 0.2815258204936981, "val_f1_majority_bin": 0.44617380025940334, "val_f1_majority_macro": 0.5968302472615763, "val_acc_majority": 0.6531275385865151, "val_f1_individual_binary": 0.46261682242990654, "val_f1_individual_macro": 0.6054878422871633, "val_acc_individual": 0.6572280178837556, "train_time_millis": 68871.52650999997, "eval_time_millis": 7301.711574999899}, "Epoch1": {"train_loss_means": 0.25397223234176636, "val_loss_mean": 0.2991930842399597, "val_f1_majority_bin": 0.5009074410163339, "val_f1_majority_macro": 0.5482478381552258, "val_acc_majority": 0.553208773354996, "val_f1_individual_binary": 0.5041276829939461, "val_f1_individual_macro": 0.5481254078165747, "val_acc_individual": 0.5524093392945852, "train_time_millis": 69337.62609899987, "eval_time_millis": 9051.643882999997}, "Epoch2": {"train_loss_means": 0.2108844518661499, "val_loss_mean": 0.35297754406929016, "val_f1_majority_bin": 0.4544138929088278, "val_f1_majority_macro": 0.6207699052347639, "val_acc_majority": 0.69374492282697, "val_f1_individual_binary": 0.47079037800687284, "val_f1_individual_macro": 0.627778137990159, "val_acc_individual": 0.6939890710382514, "train_time_millis": 69406.5919220002, "eval_time_millis": 7852.28060999998}, "Epoch3": {"train_loss_means": 0.1556134819984436, "val_loss_mean": 0.3657646179199219, "val_f1_majority_bin": 0.4636942675159236, "val_f1_majority_macro": 0.606325368701313, "val_acc_majority": 0.6580016246953696, "val_f1_individual_binary": 0.45771916214119474, "val_f1_individual_macro": 0.6011650249872944, "val_acc_individual": 0.6527570789865872, "train_time_millis": 69449.58801299981, "eval_time_millis": 9365.524365000056}, "Epoch4": {"train_loss_means": 0.11757064610719681, "val_loss_mean": 0.4710107445716858, "val_f1_majority_bin": 0.46726572528883187, "val_f1_majority_macro": 0.6103411217056162, "val_acc_majority": 0.6628757108042242, "val_f1_individual_binary": 0.4782264449722881, "val_f1_individual_macro": 0.6198587888994629, "val_acc_individual": 0.6726279185295578, "train_time_millis": 69448.66558199965, "eval_time_millis": 9362.929312000233}, "Epoch5": {"train_loss_means": 0.09613258391618729, "val_loss_mean": 0.5912730097770691, "val_f1_majority_bin": 0.4421364985163204, "val_f1_majority_macro": 0.6159228353879141, "val_acc_majority": 0.6945572705117791, "val_f1_individual_binary": 0.44363636363636366, "val_f1_individual_macro": 0.6172385509227615, "val_acc_individual": 0.6959761549925484, "train_time_millis": 69473.6979749996, "eval_time_millis": 9364.953774000242}, "Epoch6": {"train_loss_means": 0.08335329592227936, "val_loss_mean": 0.5533786416053772, "val_f1_majority_bin": 0.4760705289672544, "val_f1_majority_macro": 0.6133350246754737, "val_acc_majority": 0.6620633631194152, "val_f1_individual_binary": 0.48179705654531374, "val_f1_individual_macro": 0.6185950547808836, "val_acc_individual": 0.6676602086438153, "train_time_millis": 69467.05076699982, "eval_time_millis": 8512.545917000352}, "Epoch7": {"train_loss_means": 0.07333601266145706, "val_loss_mean": 0.6122795343399048, "val_f1_majority_bin": 0.48825065274151436, "val_f1_majority_macro": 0.6285592886349081, "val_acc_majority": 0.6815597075548334, "val_f1_individual_binary": 0.48674698795180726, "val_f1_individual_macro": 0.6284867625843178, "val_acc_individual": 0.6825633383010432, "train_time_millis": 69473.63046700048, "eval_time_millis": 9385.457406999194}, "Epoch8": {"train_loss_means": 0.06644929945468903, "val_loss_mean": 0.6567439436912537, "val_f1_majority_bin": 0.4804318488529015, "val_f1_majority_macro": 0.6283623509226739, "val_acc_majority": 0.6872461413484972, "val_f1_individual_binary": 0.4832775919732441, "val_f1_individual_macro": 0.6324515168346786, "val_acc_individual": 0.6929955290611028, "train_time_millis": 69494.4529000004, "eval_time_millis": 9365.665635000369}, "Epoch9": {"train_loss_means": 0.06156720593571663, "val_loss_mean": 0.6981719136238098, "val_f1_majority_bin": 0.47752808988764045, "val_f1_majority_macro": 0.6324783306581059, "val_acc_majority": 0.6978066612510154, "val_f1_individual_binary": 0.4784110535405872, "val_f1_individual_macro": 0.6339056662403075, "val_acc_individual": 0.6999503229011426, "train_time_millis": 69483.46381600003, "eval_time_millis": 9115.254946999812}, "Test_results": {"test_f1_majority_binary": 0.47752808988764045, "test_f1_majority_macro": 0.6324783306581059, "test_acc_majority": 0.6978066612510154, "test_f1_individual_binary": 0.4784110535405872, "test_f1_individual_macro": 0.6339056662403075, "test_acc_individual": 0.6999503229011426, "test_time_millis": 9355.822100000296, "dataset_size": 6614, "number_of_annotations": 10724, "train_size": 6407, "val_size": 2013, "test_size": 2304}}