{"Epoch0": {"train_loss_means": 0.185102641582489, "val_loss_mean": 0.1368313878774643, "val_f1_majority_bin": 0.6904761904761905, "val_f1_majority_macro": 0.8013191763191763, "val_acc_majority": 0.8631578947368421, "val_f1_individual_binary": 0.6808510638297873, "val_f1_individual_macro": 0.8040765819956691, "val_acc_individual": 0.881578947368421, "train_time_millis": 1161.3694900000269, "eval_time_millis": 2210.9103640000285}, "Epoch1": {"train_loss_means": 0.12732481956481934, "val_loss_mean": 0.12652480602264404, "val_f1_majority_bin": 0.673469387755102, "val_f1_majority_macro": 0.7799971052250687, "val_acc_majority": 0.8315789473684211, "val_f1_individual_binary": 0.6272189349112427, "val_f1_individual_macro": 0.7603099750698346, "val_acc_individual": 0.8342105263157895, "train_time_millis": 1162.8671920000215, "eval_time_millis": 1113.783742999999}, "Epoch2": {"train_loss_means": 0.08466345816850662, "val_loss_mean": 0.13947777450084686, "val_f1_majority_bin": 0.7526881720430109, "val_f1_majority_macro": 0.8362743996103555, "val_acc_majority": 0.8789473684210526, "val_f1_individual_binary": 0.6918238993710691, "val_f1_individual_macro": 0.8051465586705595, "val_acc_individual": 0.8710526315789474, "train_time_millis": 1174.2607759999828, "eval_time_millis": 2180.235133999986}, "Epoch3": {"train_loss_means": 0.073614202439785, "val_loss_mean": 0.12509126961231232, "val_f1_majority_bin": 0.7572815533980581, "val_f1_majority_macro": 0.8335144229084154, "val_acc_majority": 0.868421052631579, "val_f1_individual_binary": 0.659217877094972, "val_f1_individual_macro": 0.7771132414734757, "val_acc_individual": 0.8394736842105263, "train_time_millis": 1166.0746769999832, "eval_time_millis": 2177.947496999991}, "Epoch4": {"train_loss_means": 0.06286271661520004, "val_loss_mean": 0.20250272750854492, "val_f1_majority_bin": 0.6835443037974684, "val_f1_majority_macro": 0.8002439126960764, "val_acc_majority": 0.868421052631579, "val_f1_individual_binary": 0.6717557251908397, "val_f1_individual_macro": 0.8016966225318268, "val_acc_individual": 0.8868421052631579, "train_time_millis": 1155.543721000015, "eval_time_millis": 2170.291858999974}, "Epoch5": {"train_loss_means": 0.05674789845943451, "val_loss_mean": 0.15758782625198364, "val_f1_majority_bin": 0.7252747252747254, "val_f1_majority_macro": 0.8193847674816535, "val_acc_majority": 0.868421052631579, "val_f1_individual_binary": 0.6838709677419355, "val_f1_individual_macro": 0.8014396161023727, "val_acc_individual": 0.8710526315789474, "train_time_millis": 1152.072510000039, "eval_time_millis": 2181.451878999951}, "Epoch6": {"train_loss_means": 0.05510896071791649, "val_loss_mean": 0.1565660536289215, "val_f1_majority_bin": 0.7021276595744681, "val_f1_majority_macro": 0.8021127808361851, "val_acc_majority": 0.8526315789473684, "val_f1_individual_binary": 0.6583850931677019, "val_f1_individual_macro": 0.7832826968342683, "val_acc_individual": 0.8552631578947368, "train_time_millis": 1179.6019350000506, "eval_time_millis": 2177.6097800000116}, "Epoch7": {"train_loss_means": 0.052741773426532745, "val_loss_mean": 0.16295506060123444, "val_f1_majority_bin": 0.7157894736842105, "val_f1_majority_macro": 0.8105263157894738, "val_acc_majority": 0.8578947368421053, "val_f1_individual_binary": 0.6625766871165644, "val_f1_individual_macro": 0.7852246919669924, "val_acc_individual": 0.8552631578947368, "train_time_millis": 1149.756883000009, "eval_time_millis": 2183.8069719999567}, "Epoch8": {"train_loss_means": 0.0486094206571579, "val_loss_mean": 0.1725485771894455, "val_f1_majority_bin": 0.7415730337078651, "val_f1_majority_macro": 0.8312676165102899, "val_acc_majority": 0.8789473684210526, "val_f1_individual_binary": 0.7019867549668874, "val_f1_individual_macro": 0.8140475646755619, "val_acc_individual": 0.881578947368421, "train_time_millis": 1158.5125789999893, "eval_time_millis": 202.4103709999281}, "Epoch9": {"train_loss_means": 0.05007976293563843, "val_loss_mean": 0.1719227284193039, "val_f1_majority_bin": 0.7252747252747254, "val_f1_majority_macro": 0.8193847674816535, "val_acc_majority": 0.868421052631579, "val_f1_individual_binary": 0.6838709677419355, "val_f1_individual_macro": 0.8014396161023727, "val_acc_individual": 0.8710526315789474, "train_time_millis": 1161.3321029999497, "eval_time_millis": 2186.2105100000235}, "Test_results": {"test_f1_majority_binary": 0.7415730337078651, "test_f1_majority_macro": 0.8312676165102899, "test_acc_majority": 0.8789473684210526, "test_f1_individual_binary": 0.7019867549668874, "test_f1_individual_macro": 0.8140475646755619, "test_acc_individual": 0.881578947368421, "test_time_millis": 2186.406236000039, "dataset_size": 951, "number_of_annotations": 1902, "train_size": 1140, "val_size": 380, "test_size": 382}}