{"Epoch0": {"train_loss_means": 0.038709260523319244, "val_loss_mean": 0.030214255675673485, "val_f1_majority_bin": 0.30612244897959184, "val_f1_majority_macro": 0.6366043029021871, "val_acc_majority": 0.9371534195933456, "val_f1_individual_binary": 0.26993865030674846, "val_f1_individual_macro": 0.6201940582052738, "val_acc_individual": 0.9431980906921241, "train_time_millis": 5680.771060011466, "eval_time_millis": 2810.096335990238}, "Epoch1": {"train_loss_means": 0.028126485645771027, "val_loss_mean": 0.023008398711681366, "val_f1_majority_bin": 0.2732919254658385, "val_f1_majority_macro": 0.6074397720189901, "val_acc_majority": 0.8918669131238447, "val_f1_individual_binary": 0.2285714285714286, "val_f1_individual_macro": 0.5866642309097553, "val_acc_individual": 0.8968973747016706, "train_time_millis": 5676.607253000839, "eval_time_millis": 2803.5744090011576}, "Epoch2": {"train_loss_means": 0.018244871869683266, "val_loss_mean": 0.024079790338873863, "val_f1_majority_bin": 0.3055555555555555, "val_f1_majority_macro": 0.628025302530253, "val_acc_majority": 0.9075785582255084, "val_f1_individual_binary": 0.2570281124497992, "val_f1_individual_macro": 0.6050428560219054, "val_acc_individual": 0.9116945107398569, "train_time_millis": 5663.9817410032265, "eval_time_millis": 2804.2809250036953}, "Epoch3": {"train_loss_means": 0.011218991130590439, "val_loss_mean": 0.03171258419752121, "val_f1_majority_bin": 0.2814814814814815, "val_f1_majority_macro": 0.6168373400507456, "val_acc_majority": 0.910351201478743, "val_f1_individual_binary": 0.25217391304347825, "val_f1_individual_macro": 0.6043697848045674, "val_acc_individual": 0.9178997613365155, "train_time_millis": 5672.50296700513, "eval_time_millis": 2803.5922790004406}, "Epoch4": {"train_loss_means": 0.008641804568469524, "val_loss_mean": 0.039286911487579346, "val_f1_majority_bin": 0.28571428571428575, "val_f1_majority_macro": 0.6233639654692287, "val_acc_majority": 0.9260628465804066, "val_f1_individual_binary": 0.253968253968254, "val_f1_individual_macro": 0.6093635321328399, "val_acc_individual": 0.9326968973747016, "train_time_millis": 5663.670259003993, "eval_time_millis": 2801.7984030011576}, "Epoch5": {"train_loss_means": 0.007102984469383955, "val_loss_mean": 0.04969698190689087, "val_f1_majority_bin": 0.3092783505154639, "val_f1_majority_macro": 0.6384321118808572, "val_acc_majority": 0.9380776340110906, "val_f1_individual_binary": 0.27710843373493976, "val_f1_individual_macro": 0.6236436800881459, "val_acc_individual": 0.9427207637231504, "train_time_millis": 5817.461992992321, "eval_time_millis": 2809.3160889984574}, "Epoch6": {"train_loss_means": 0.007311688736081123, "val_loss_mean": 0.04949371516704559, "val_f1_majority_bin": 0.326530612244898, "val_f1_majority_macro": 0.647292411640358, "val_acc_majority": 0.9390018484288355, "val_f1_individual_binary": 0.2891566265060241, "val_f1_individual_macro": 0.6299162854200101, "val_acc_individual": 0.9436754176610979, "train_time_millis": 5683.4175230033, "eval_time_millis": 2805.6718070001807}, "Epoch7": {"train_loss_means": 0.005919676274061203, "val_loss_mean": 0.05486038699746132, "val_f1_majority_bin": 0.30769230769230765, "val_f1_majority_macro": 0.6386507848157631, "val_acc_majority": 0.9417744916820703, "val_f1_individual_binary": 0.2692307692307692, "val_f1_individual_macro": 0.6204854887304069, "val_acc_individual": 0.9455847255369928, "train_time_millis": 5640.934226990794, "eval_time_millis": 2810.674172011204}, "Epoch8": {"train_loss_means": 0.005482477601617575, "val_loss_mean": 0.0608617328107357, "val_f1_majority_bin": 0.3170731707317073, "val_f1_majority_macro": 0.6450879782573041, "val_acc_majority": 0.9482439926062847, "val_f1_individual_binary": 0.26573426573426573, "val_f1_individual_macro": 0.619894560591373, "val_acc_individual": 0.9498806682577565, "train_time_millis": 5677.531890993123, "eval_time_millis": 2816.211580997333}, "Epoch9": {"train_loss_means": 0.0053481487557291985, "val_loss_mean": 0.06367801129817963, "val_f1_majority_bin": 0.325, "val_f1_majority_macro": 0.6495441458733205, "val_acc_majority": 0.9500924214417745, "val_f1_individual_binary": 0.2714285714285714, "val_f1_individual_macro": 0.6231216931216931, "val_acc_individual": 0.9513126491646778, "train_time_millis": 5673.764057995868, "eval_time_millis": 2807.742135002627}, "Test_results": {"test_f1_majority_binary": 0.325, "test_f1_majority_macro": 0.6495441458733205, "test_acc_majority": 0.9500924214417745, "test_f1_individual_binary": 0.2714285714285714, "test_f1_individual_macro": 0.6231216931216931, "test_acc_individual": 0.9513126491646778, "test_time_millis": 2804.289344989229, "dataset_size": 5434, "number_of_annotations": 10438, "train_size": 6334, "val_size": 2095, "test_size": 2009}}