{"Epoch0": {"train_loss_means": 0.2790824770927429, "val_loss_mean": 0.2667997181415558, "val_f1_majority_bin": 0.3935389133627019, "val_f1_majority_macro": 0.48497458488647915, "val_acc_majority": 0.501207729468599, "val_f1_individual_binary": 0.3902439024390244, "val_f1_individual_macro": 0.47481543780955054, "val_acc_individual": 0.4884341637010676, "train_time_millis": 1035.7393608428538, "eval_time_millis": 425.06378097459674}, "Epoch1": {"train_loss_means": 0.22691795229911804, "val_loss_mean": 0.3258610963821411, "val_f1_majority_bin": 0.28795811518324604, "val_f1_majority_macro": 0.5372286651269449, "val_acc_majority": 0.6714975845410628, "val_f1_individual_binary": 0.3135755258126195, "val_f1_individual_macro": 0.552729791891817, "val_acc_individual": 0.6806049822064056, "train_time_millis": 919.4121980108321, "eval_time_millis": 411.8329272605479}, "Epoch2": {"train_loss_means": 0.1492922008037567, "val_loss_mean": 0.3610262870788574, "val_f1_majority_bin": 0.3911671924290221, "val_f1_majority_macro": 0.5067381950403428, "val_acc_majority": 0.533816425120773, "val_f1_individual_binary": 0.3847926267281106, "val_f1_individual_macro": 0.49891805249449006, "val_acc_individual": 0.5249110320284698, "train_time_millis": 917.001074180007, "eval_time_millis": 435.0711149163544}, "Epoch3": {"train_loss_means": 0.0917869359254837, "val_loss_mean": 0.46966552734375, "val_f1_majority_bin": 0.3208791208791209, "val_f1_majority_macro": 0.531796762770951, "val_acc_majority": 0.6268115942028986, "val_f1_individual_binary": 0.33653846153846156, "val_f1_individual_macro": 0.5408061765820387, "val_acc_individual": 0.6316725978647687, "train_time_millis": 914.1000197269022, "eval_time_millis": 412.25242521613836}, "Epoch4": {"train_loss_means": 0.05484525114297867, "val_loss_mean": 0.79526287317276, "val_f1_majority_bin": 0.24022346368715083, "val_f1_majority_macro": 0.5153351524907248, "val_acc_majority": 0.6714975845410628, "val_f1_individual_binary": 0.26033057851239666, "val_f1_individual_macro": 0.5286913663537041, "val_acc_individual": 0.6814946619217082, "train_time_millis": 918.1388546712697, "eval_time_millis": 413.7762729078531}, "Epoch5": {"train_loss_means": 0.04485142230987549, "val_loss_mean": 0.8037329912185669, "val_f1_majority_bin": 0.2532299741602067, "val_f1_majority_macro": 0.5127457987428299, "val_acc_majority": 0.6509661835748792, "val_f1_individual_binary": 0.27599243856332706, "val_f1_individual_macro": 0.5265942413875391, "val_acc_individual": 0.6592526690391459, "train_time_millis": 914.4765669479966, "eval_time_millis": 404.7309160232544}, "Epoch6": {"train_loss_means": 0.038475558161735535, "val_loss_mean": 0.9304602146148682, "val_f1_majority_bin": 0.25, "val_f1_majority_macro": 0.5178571428571428, "val_acc_majority": 0.6666666666666666, "val_f1_individual_binary": 0.2777777777777778, "val_f1_individual_macro": 0.5345310907237513, "val_acc_individual": 0.6761565836298933, "train_time_millis": 930.8749698102474, "eval_time_millis": 2559.8479192703962}, "Epoch7": {"train_loss_means": 0.03697803243994713, "val_loss_mean": 0.9534167051315308, "val_f1_majority_bin": 0.26130653266331655, "val_f1_majority_macro": 0.5138011200677474, "val_acc_majority": 0.644927536231884, "val_f1_individual_binary": 0.27037037037037037, "val_f1_individual_macro": 0.5198456067308526, "val_acc_individual": 0.6494661921708185, "train_time_millis": 905.0229834392667, "eval_time_millis": 2523.4857690520585}, "Epoch8": {"train_loss_means": 0.03387172520160675, "val_loss_mean": 0.9916127324104309, "val_f1_majority_bin": 0.25520833333333337, "val_f1_majority_macro": 0.5151827830188679, "val_acc_majority": 0.6545893719806763, "val_f1_individual_binary": 0.260536398467433, "val_f1_individual_macro": 0.5184489640077605, "val_acc_individual": 0.6565836298932385, "train_time_millis": 915.9451038576663, "eval_time_millis": 2505.9892567805946}, "Epoch9": {"train_loss_means": 0.031383611261844635, "val_loss_mean": 1.0210636854171753, "val_f1_majority_bin": 0.24274406332453824, "val_f1_majority_macro": 0.5089992830326685, "val_acc_majority": 0.6533816425120773, "val_f1_individual_binary": 0.25242718446601947, "val_f1_individual_macro": 0.5151345385688435, "val_acc_individual": 0.6574733096085409, "train_time_millis": 916.6356469504535, "eval_time_millis": 2531.679050065577}, "Test_results": {"test_f1_majority_binary": 0.28795811518324604, "test_f1_majority_macro": 0.5372286651269449, "test_acc_majority": 0.6714975845410628, "test_f1_individual_binary": 0.3135755258126195, "test_f1_individual_macro": 0.552729791891817, "test_acc_individual": 0.6806049822064056, "test_time_millis": 413.4578472003341, "dataset_size": 4427, "number_of_annotations": 6065, "train_size": 981, "val_size": 1124, "test_size": 1382}}