{"Epoch0": {"train_loss_means": 1.5205491781234741, "val_loss_mean": 1.4914724826812744, "val_f1_majority_bin": 0.0, "val_f1_majority_macro": 0.49565217391304345, "val_acc_majority": 0.982758641242981, "val_f1_individual_binary": 0.0, "val_f1_individual_macro": 0.49530844479936115, "val_acc_individual": 0.9814082384109497, "train_acc_means": 0.7984309792518616, "train_time_millis": 8471.181593000096, "eval_time_millis": 1857.0147059999726}, "Epoch1": {"train_loss_means": 1.471125602722168, "val_loss_mean": 1.4463350772857666, "val_f1_majority_bin": 0.0, "val_f1_majority_macro": 0.49565217391304345, "val_acc_majority": 0.982758641242981, "val_f1_individual_binary": 0.0, "val_f1_individual_macro": 0.49581172716394095, "val_acc_individual": 0.9833860993385315, "train_acc_means": 0.9804814457893372, "train_time_millis": 8511.544374999972, "eval_time_millis": 1861.455331000002}, "Epoch2": {"train_loss_means": 1.4142383337020874, "val_loss_mean": 1.4089802503585815, "val_f1_majority_bin": 0.0, "val_f1_majority_macro": 0.49565217391304345, "val_acc_majority": 0.982758641242981, "val_f1_individual_binary": 0.0, "val_f1_individual_macro": 0.49581172716394095, "val_acc_individual": 0.9833860993385315, "train_acc_means": 0.9835947155952454, "train_time_millis": 8533.573157999966, "eval_time_millis": 1874.8189279999679}, "Epoch3": {"train_loss_means": 1.3775286674499512, "val_loss_mean": 1.3868454694747925, "val_f1_majority_bin": 0.0, "val_f1_majority_macro": 0.49565217391304345, "val_acc_majority": 0.982758641242981, "val_f1_individual_binary": 0.0, "val_f1_individual_macro": 0.49581172716394095, "val_acc_individual": 0.9833860993385315, "train_acc_means": 0.9833352565765381, "train_time_millis": 8535.758179999902, "eval_time_millis": 1961.6299010000375}, "Epoch4": {"train_loss_means": 1.3453510999679565, "val_loss_mean": 1.3644965887069702, "val_f1_majority_bin": 0.0, "val_f1_majority_macro": 0.49565217391304345, "val_acc_majority": 0.982758641242981, "val_f1_individual_binary": 0.0, "val_f1_individual_macro": 0.49581172716394095, "val_acc_individual": 0.9833860993385315, "train_acc_means": 0.9835763573646545, "train_time_millis": 8535.229793000099, "eval_time_millis": 1859.4127609999305}, "Epoch5": {"train_loss_means": 1.319774866104126, "val_loss_mean": 1.3483589887619019, "val_f1_majority_bin": 0.0, "val_f1_majority_macro": 0.49565217391304345, "val_acc_majority": 0.982758641242981, "val_f1_individual_binary": 0.0, "val_f1_individual_macro": 0.49581172716394095, "val_acc_individual": 0.9833860993385315, "train_acc_means": 0.9835376739501953, "train_time_millis": 8549.6363069999, "eval_time_millis": 1854.6485980000398}, "Epoch6": {"train_loss_means": 1.294334888458252, "val_loss_mean": 1.3343479633331299, "val_f1_majority_bin": 0.0, "val_f1_majority_macro": 0.49565217391304345, "val_acc_majority": 0.982758641242981, "val_f1_individual_binary": 0.0, "val_f1_individual_macro": 0.49581172716394095, "val_acc_individual": 0.9833860993385315, "train_acc_means": 0.9834681153297424, "train_time_millis": 8547.822692999944, "eval_time_millis": 1879.769493999902}, "Epoch7": {"train_loss_means": 1.2724578380584717, "val_loss_mean": 1.3236210346221924, "val_f1_majority_bin": 0.0, "val_f1_majority_macro": 0.49565217391304345, "val_acc_majority": 0.982758641242981, "val_f1_individual_binary": 0.0, "val_f1_individual_macro": 0.49581172716394095, "val_acc_individual": 0.9833860993385315, "train_acc_means": 0.9835430979728699, "train_time_millis": 8579.819421000026, "eval_time_millis": 1844.5696599999337}, "Epoch8": {"train_loss_means": 1.2492122650146484, "val_loss_mean": 1.3100998401641846, "val_f1_majority_bin": 0.0, "val_f1_majority_macro": 0.49565217391304345, "val_acc_majority": 0.982758641242981, "val_f1_individual_binary": 0.0, "val_f1_individual_macro": 0.49581172716394095, "val_acc_individual": 0.9833860993385315, "train_acc_means": 0.9836652874946594, "train_time_millis": 8564.689269999917, "eval_time_millis": 1858.7973879999709}, "Epoch9": {"train_loss_means": 1.2268505096435547, "val_loss_mean": 1.360101342201233, "val_f1_majority_bin": 0.095238097012043, "val_f1_majority_macro": 0.5434868162140889, "val_acc_majority": 0.9836207032203674, "val_f1_individual_binary": 0.04651162773370743, "val_f1_individual_macro": 0.5191664463093631, "val_acc_individual": 0.983781635761261, "train_acc_means": 0.9843695759773254, "train_time_millis": 8579.518315999961, "eval_time_millis": 1890.8995470000036}, "Test_results": {"test_f1_majority_binary": 0.0, "test_f1_majority_macro": 0.4968805704099822, "test_acc_majority": 0.9875996708869934, "test_f1_individual_binary": 0.0, "test_f1_individual_macro": 0.49711221122112215, "test_acc_individual": 0.9885151982307434, "test_time_millis": 1833.5215690000268, "dataset_size": 5785, "number_of_annotations": 12563}}