{"Epoch0": {"train_loss_means": 0.26596149802207947, "val_loss_mean": 0.2598944306373596, "val_f1_majority_bin": 0.13414634146341461, "val_f1_majority_macro": 0.48354375896700147, "val_acc_majority": 0.7199211045364892, "val_f1_individual_binary": 0.11827956989247312, "val_f1_individual_macro": 0.47921775765578817, "val_acc_individual": 0.7293729372937293, "train_time_millis": 20494.65234996751, "eval_time_millis": 2172.896136995405}, "Epoch1": {"train_loss_means": 0.2655929923057556, "val_loss_mean": 0.2591186463832855, "val_f1_majority_bin": 0.015625, "val_f1_majority_macro": 0.4367064051918736, "val_acc_majority": 0.7514792899408284, "val_f1_individual_binary": 0.013513513513513513, "val_f1_individual_macro": 0.4381477342003658, "val_acc_individual": 0.759075907590759, "train_time_millis": 19977.847977075726, "eval_time_millis": 2169.7993450798094}, "Epoch2": {"train_loss_means": 0.26127851009368896, "val_loss_mean": 0.25442439317703247, "val_f1_majority_bin": 0.3832752613240418, "val_f1_majority_macro": 0.5699044807307967, "val_acc_majority": 0.650887573964497, "val_f1_individual_binary": 0.3826086956521739, "val_f1_individual_macro": 0.5684669775838724, "val_acc_individual": 0.6485148514851485, "train_time_millis": 20007.662068121135, "eval_time_millis": 2171.313182916492}, "Epoch3": {"train_loss_means": 0.25325366854667664, "val_loss_mean": 0.25801554322242737, "val_f1_majority_bin": 0.4067796610169492, "val_f1_majority_macro": 0.49956287543359945, "val_acc_majority": 0.5167652859960552, "val_f1_individual_binary": 0.3917525773195877, "val_f1_individual_macro": 0.49298770544108683, "val_acc_individual": 0.5132013201320133, "train_time_millis": 20104.861872736365, "eval_time_millis": 4193.273316137493}, "Epoch4": {"train_loss_means": 0.22641995549201965, "val_loss_mean": 0.26623958349227905, "val_f1_majority_bin": 0.40226628895184136, "val_f1_majority_macro": 0.5415264878949826, "val_acc_majority": 0.5838264299802761, "val_f1_individual_binary": 0.3836930455635491, "val_f1_individual_macro": 0.5302113026559884, "val_acc_individual": 0.5759075907590759, "train_time_millis": 20028.59449200332, "eval_time_millis": 2173.494014889002}, "Epoch5": {"train_loss_means": 0.1692938357591629, "val_loss_mean": 0.35264572501182556, "val_f1_majority_bin": 0.391025641025641, "val_f1_majority_macro": 0.5601851851851851, "val_acc_majority": 0.6252465483234714, "val_f1_individual_binary": 0.36657681940700804, "val_f1_individual_macro": 0.5435737842576063, "val_acc_individual": 0.6122112211221122, "train_time_millis": 20064.39787428826, "eval_time_millis": 2172.1605509519577}, "Epoch6": {"train_loss_means": 0.11521042883396149, "val_loss_mean": 0.45340800285339355, "val_f1_majority_bin": 0.3772241992882563, "val_f1_majority_macro": 0.5692396576250286, "val_acc_majority": 0.6548323471400395, "val_f1_individual_binary": 0.36024844720496896, "val_f1_individual_macro": 0.5643938865238327, "val_acc_individual": 0.6600660066006601, "train_time_millis": 20087.724699173123, "eval_time_millis": 2173.134050797671}, "Epoch7": {"train_loss_means": 0.06394945085048676, "val_loss_mean": 0.7516257762908936, "val_f1_majority_bin": 0.3829787234042554, "val_f1_majority_macro": 0.5726369026857342, "val_acc_majority": 0.6568047337278107, "val_f1_individual_binary": 0.35757575757575755, "val_f1_individual_macro": 0.5586064728921871, "val_acc_individual": 0.6501650165016502, "train_time_millis": 20076.897529885173, "eval_time_millis": 4194.060844834894}, "Epoch8": {"train_loss_means": 0.04207301512360573, "val_loss_mean": 0.7970383167266846, "val_f1_majority_bin": 0.3686274509803922, "val_f1_majority_macro": 0.57825311942959, "val_acc_majority": 0.6824457593688363, "val_f1_individual_binary": 0.34782608695652173, "val_f1_individual_macro": 0.567122243916377, "val_acc_individual": 0.6782178217821783, "train_time_millis": 20075.436484999955, "eval_time_millis": 3488.4773776866496}, "Epoch9": {"train_loss_means": 0.03085983172059059, "val_loss_mean": 0.8439084887504578, "val_f1_majority_bin": 0.35059760956175295, "val_f1_majority_macro": 0.5684836016353981, "val_acc_majority": 0.6785009861932939, "val_f1_individual_binary": 0.326530612244898, "val_f1_individual_macro": 0.5554221688675469, "val_acc_individual": 0.6732673267326733, "train_time_millis": 20067.92974891141, "eval_time_millis": 2172.8850193321705}, "Test_results": {"test_f1_majority_binary": 0.3686274509803922, "test_f1_majority_macro": 0.57825311942959, "test_acc_majority": 0.6824457593688363, "test_f1_individual_binary": 0.34782608695652173, "test_f1_individual_macro": 0.567122243916377, "test_acc_individual": 0.6782178217821783, "test_time_millis": 2172.6699569262564, "dataset_size": 2787, "number_of_annotations": 3265, "train_size": 1878, "val_size": 606, "test_size": 781}}