{"Epoch0": {"train_loss_means": 1.7972586154937744, "val_loss_mean": 1.6190094947814941, "val_f1_majority_bin": 0.0, "val_f1_majority_macro": 0.4899146625290923, "val_acc_majority": 0.9604562520980835, "val_f1_individual_binary": 0.03614457696676254, "val_f1_individual_macro": 0.4937487865722543, "val_acc_individual": 0.9073805809020996, "train_acc_means": 0.7397175431251526, "train_time_millis": 83545.67199596204, "eval_time_millis": 17343.931887007784}, "Epoch1": {"train_loss_means": 1.5804349184036255, "val_loss_mean": 1.500775933265686, "val_f1_majority_bin": 0.0, "val_f1_majority_macro": 0.4899146625290923, "val_acc_majority": 0.9604562520980835, "val_f1_individual_binary": 0.01123595517128706, "val_f1_individual_macro": 0.4925460821032533, "val_acc_individual": 0.9490593075752258, "train_acc_means": 0.9310863018035889, "train_time_millis": 79991.96925997967, "eval_time_millis": 20947.719705989584}, "Epoch2": {"train_loss_means": 1.412826418876648, "val_loss_mean": 1.381728172302246, "val_f1_majority_bin": 0.06779661029577255, "val_f1_majority_macro": 0.5232020779357764, "val_acc_majority": 0.9581748843193054, "val_f1_individual_binary": 0.11764705926179886, "val_f1_individual_macro": 0.5488338890388181, "val_acc_individual": 0.9609261751174927, "train_acc_means": 0.9541170597076416, "train_time_millis": 79647.32687000651, "eval_time_millis": 21857.051486964338}, "Epoch3": {"train_loss_means": 1.2493213415145874, "val_loss_mean": 1.2656320333480835, "val_f1_majority_bin": 0.3300970792770386, "val_f1_majority_macro": 0.6513959912556045, "val_acc_majority": 0.9475285410881042, "val_f1_individual_binary": 0.30452674627304077, "val_f1_individual_macro": 0.6395890082039108, "val_acc_individual": 0.9510853886604309, "train_acc_means": 0.9587590098381042, "train_time_millis": 79451.24136999948, "eval_time_millis": 21697.764079028275}, "Epoch4": {"train_loss_means": 1.114067554473877, "val_loss_mean": 1.1992692947387695, "val_f1_majority_bin": 0.3589743673801422, "val_f1_majority_macro": 0.6645647759853888, "val_acc_majority": 0.9429658055305481, "val_f1_individual_binary": 0.3285714387893677, "val_f1_individual_macro": 0.650107735401853, "val_acc_individual": 0.945586085319519, "train_acc_means": 0.9543816447257996, "train_time_millis": 80069.27702698158, "eval_time_millis": 21471.394524967764}, "Epoch5": {"train_loss_means": 1.009598970413208, "val_loss_mean": 1.1970525979995728, "val_f1_majority_bin": 0.33043476939201355, "val_f1_majority_macro": 0.6499092402109085, "val_acc_majority": 0.9414448738098145, "val_f1_individual_binary": 0.3025830388069153, "val_f1_individual_macro": 0.6370574415188345, "val_acc_individual": 0.9452966451644897, "train_acc_means": 0.9570993781089783, "train_time_millis": 80741.21965200175, "eval_time_millis": 21509.902146994136}, "Epoch6": {"train_loss_means": 0.9314654469490051, "val_loss_mean": 1.1294292211532593, "val_f1_majority_bin": 0.3404255211353302, "val_f1_majority_macro": 0.6515305642700221, "val_acc_majority": 0.9292775392532349, "val_f1_individual_binary": 0.3343108594417572, "val_f1_individual_macro": 0.6498773006956606, "val_acc_individual": 0.9342980980873108, "train_acc_means": 0.9538825154304504, "train_time_millis": 79025.11104702717, "eval_time_millis": 21781.107646995224}, "Epoch7": {"train_loss_means": 0.8648379445075989, "val_loss_mean": 1.1625597476959229, "val_f1_majority_bin": 0.2857142984867096, "val_f1_majority_macro": 0.6259316151789269, "val_acc_majority": 0.9353612065315247, "val_f1_individual_binary": 0.3219178020954132, "val_f1_individual_macro": 0.6459997019337052, "val_acc_individual": 0.9426917433738708, "train_acc_means": 0.9561407566070557, "train_time_millis": 80186.39025097946, "eval_time_millis": 18010.890361038037}, "Epoch8": {"train_loss_means": 0.8150666356086731, "val_loss_mean": 1.1545876264572144, "val_f1_majority_bin": 0.3193277418613434, "val_f1_majority_macro": 0.6435348332881539, "val_acc_majority": 0.9384030699729919, "val_f1_individual_binary": 0.3287671208381653, "val_f1_individual_macro": 0.6495754625202333, "val_acc_individual": 0.9432706236839294, "train_acc_means": 0.9592748880386353, "train_time_millis": 82289.88955402747, "eval_time_millis": 14939.717687026132}, "Test_results": {"test_f1_majority_binary": 0.5090909004211426, "test_f1_majority_macro": 0.7436933645133003, "test_acc_majority": 0.9584295749664307, "test_f1_individual_binary": 0.43870967626571655, "test_f1_individual_macro": 0.7059619815668202, "test_acc_individual": 0.9488686323165894, "test_time_millis": 16951.20609900914, "dataset_size": 6614, "number_of_annotations": 17374}}