{"Epoch0": {"train_loss_means": 0.27620166540145874, "val_loss_mean": 0.23987595736980438, "val_f1_majority_bin": 0.7245283018867925, "val_f1_majority_macro": 0.7462438076503257, "val_acc_majority": 0.7481021394064873, "val_f1_individual_binary": 0.6981132075471698, "val_f1_individual_macro": 0.735177600214866, "val_acc_individual": 0.7403651115618661, "train_time_millis": 10693.454921005468, "eval_time_millis": 2632.380101000308}, "Epoch1": {"train_loss_means": 0.21689702570438385, "val_loss_mean": 0.22876812517642975, "val_f1_majority_bin": 0.7233009708737865, "val_f1_majority_macro": 0.758762398794294, "val_acc_majority": 0.7639751552795031, "val_f1_individual_binary": 0.7068527918781726, "val_f1_individual_macro": 0.7558757202634107, "val_acc_individual": 0.7657200811359026, "train_time_millis": 10714.60317799938, "eval_time_millis": 3317.215151997516}, "Epoch2": {"train_loss_means": 0.1728748232126236, "val_loss_mean": 0.25168508291244507, "val_f1_majority_bin": 0.6989966555183946, "val_f1_majority_macro": 0.743740395914309, "val_acc_majority": 0.7515527950310559, "val_f1_individual_binary": 0.6845549738219895, "val_f1_individual_macro": 0.7425258312818557, "val_acc_individual": 0.755578093306288, "train_time_millis": 10642.512929000077, "eval_time_millis": 3319.613079998817}, "Epoch3": {"train_loss_means": 0.1369025707244873, "val_loss_mean": 0.28933265805244446, "val_f1_majority_bin": 0.6841628959276018, "val_f1_majority_macro": 0.7447585254875042, "val_acc_majority": 0.759144237405107, "val_f1_individual_binary": 0.6785206258890469, "val_f1_individual_macro": 0.750213819642711, "val_acc_individual": 0.77079107505071, "train_time_millis": 10854.552317003254, "eval_time_millis": 3322.994469999685}, "Epoch4": {"train_loss_means": 0.11242136359214783, "val_loss_mean": 0.27794596552848816, "val_f1_majority_bin": 0.7067424857839155, "val_f1_majority_macro": 0.7450928985608241, "val_acc_majority": 0.7508626639061422, "val_f1_individual_binary": 0.6874602164226608, "val_f1_individual_macro": 0.7402745667026915, "val_acc_individual": 0.7510141987829615, "train_time_millis": 10749.65451600292, "eval_time_millis": 3314.503481000429}, "Epoch5": {"train_loss_means": 0.09728257358074188, "val_loss_mean": 0.2894035577774048, "val_f1_majority_bin": 0.7257575757575757, "val_f1_majority_macro": 0.7481766332526789, "val_acc_majority": 0.7501725327812284, "val_f1_individual_binary": 0.7057430432208408, "val_f1_individual_macro": 0.7426719650694005, "val_acc_individual": 0.7479716024340771, "train_time_millis": 10738.010929999291, "eval_time_millis": 3318.9208719995804}, "Epoch6": {"train_loss_means": 0.08841188251972198, "val_loss_mean": 0.35009244084358215, "val_f1_majority_bin": 0.6943972835314092, "val_f1_majority_macro": 0.7425474789750068, "val_acc_majority": 0.7515527950310559, "val_f1_individual_binary": 0.6822429906542057, "val_f1_individual_macro": 0.7438197782379777, "val_acc_individual": 0.7586206896551724, "train_time_millis": 10700.25618100044, "eval_time_millis": 3130.7543420043658}, "Epoch7": {"train_loss_means": 0.07753150910139084, "val_loss_mean": 0.4240579307079315, "val_f1_majority_bin": 0.6773905272564791, "val_f1_majority_macro": 0.7372337684062047, "val_acc_majority": 0.7508626639061422, "val_f1_individual_binary": 0.6708771929824562, "val_f1_individual_macro": 0.7423460994686001, "val_acc_individual": 0.7621703853955375, "train_time_millis": 10801.991615000588, "eval_time_millis": 3321.540144002938}, "Epoch8": {"train_loss_means": 0.07087711989879608, "val_loss_mean": 0.43232402205467224, "val_f1_majority_bin": 0.676056338028169, "val_f1_majority_macro": 0.7336013812728814, "val_acc_majority": 0.746031746031746, "val_f1_individual_binary": 0.6698961937716263, "val_f1_individual_macro": 0.7395099216157051, "val_acc_individual": 0.7581135902636917, "train_time_millis": 10779.256510999403, "eval_time_millis": 3223.0260569995153}, "Epoch9": {"train_loss_means": 0.06522905081510544, "val_loss_mean": 0.4746569097042084, "val_f1_majority_bin": 0.675, "val_f1_majority_macro": 0.7351377952755905, "val_acc_majority": 0.748792270531401, "val_f1_individual_binary": 0.6704067321178121, "val_f1_individual_macro": 0.7418753279334096, "val_acc_individual": 0.7616632860040567, "train_time_millis": 10683.972257000278, "eval_time_millis": 2610.291254000913}, "Test_results": {"test_f1_majority_binary": 0.6841628959276018, "test_f1_majority_macro": 0.7447585254875042, "test_acc_majority": 0.759144237405107, "test_f1_individual_binary": 0.6785206258890469, "test_f1_individual_macro": 0.750213819642711, "test_acc_individual": 0.77079107505071, "test_time_millis": 3325.049447004858, "dataset_size": 7310, "number_of_annotations": 10013, "train_size": 6005, "val_size": 1972, "test_size": 2036}}