{"Epoch0": {"train_loss_means": 1.733015775680542, "val_loss_mean": 1.2244305610656738, "val_f1_majority_bin": 0.2731376886367798, "val_f1_majority_macro": 0.6221384463205336, "val_acc_majority": 0.9444827437400818, "val_f1_individual_binary": 0.2623438537120819, "val_f1_individual_macro": 0.6153833859893055, "val_acc_individual": 0.9394383430480957, "train_acc_means": 0.9345078468322754, "train_time_millis": 214965.22596897557, "eval_time_millis": 40437.06087395549}, "Epoch1": {"train_loss_means": 1.0059397220611572, "val_loss_mean": 0.9585102200508118, "val_f1_majority_bin": 0.48245614767074585, "val_f1_majority_macro": 0.7360398886770214, "val_acc_majority": 0.9796551465988159, "val_f1_individual_binary": 0.43008357286453247, "val_f1_individual_macro": 0.7086564135268838, "val_acc_individual": 0.975018322467804, "train_acc_means": 0.9706689119338989, "train_time_millis": 216445.77534496784, "eval_time_millis": 40347.689792048186}, "Epoch2": {"train_loss_means": 0.7934514284133911, "val_loss_mean": 0.8586507439613342, "val_f1_majority_bin": 0.4084506928920746, "val_f1_majority_macro": 0.6968022344032381, "val_acc_majority": 0.9710344672203064, "val_f1_individual_binary": 0.38069215416908264, "val_f1_individual_macro": 0.6818145169915573, "val_acc_individual": 0.9667887687683105, "train_acc_means": 0.9731674194335938, "train_time_millis": 217246.84210505802, "eval_time_millis": 40411.33059805725}, "Epoch3": {"train_loss_means": 0.6712744832038879, "val_loss_mean": 0.8826587796211243, "val_f1_majority_bin": 0.46887966990470886, "val_f1_majority_macro": 0.7288055352309883, "val_acc_majority": 0.977931022644043, "val_f1_individual_binary": 0.4174653887748718, "val_f1_individual_macro": 0.7018970741512538, "val_acc_individual": 0.9732844829559326, "train_acc_means": 0.9753471612930298, "train_time_millis": 217716.61246207077, "eval_time_millis": 40296.16139491554}, "Epoch4": {"train_loss_means": 0.580217719078064, "val_loss_mean": 0.885403573513031, "val_f1_majority_bin": 0.4753747284412384, "val_f1_majority_macro": 0.7322987241048232, "val_acc_majority": 0.9788793325424194, "val_f1_individual_binary": 0.42367255687713623, "val_f1_individual_macro": 0.7053312639579528, "val_acc_individual": 0.9745543599128723, "train_acc_means": 0.9772997498512268, "train_time_millis": 217455.65656595863, "eval_time_millis": 40210.8101019403}, "Test_results": {"test_f1_majority_binary": 0.44668006896972656, "test_f1_majority_macro": 0.7172841054253289, "test_acc_majority": 0.9762951731681824, "test_f1_individual_binary": 0.41432225704193115, "test_f1_individual_macro": 0.7000231663395796, "test_acc_individual": 0.9721275568008423, "test_time_millis": 40355.95458489843, "dataset_size": 58004, "number_of_annotations": 204898}}