{"Epoch0": {"train_loss_means": 0.32197725772857666, "val_loss_mean": 0.2409723699092865, "val_f1_majority_bin": 0.35357916355133057, "val_f1_majority_macro": 0.6633722082937372, "val_acc_majority": 0.9484696388244629, "val_f1_individual_binary": 0.3207054138183594, "val_f1_individual_macro": 0.6454581185293126, "val_acc_individual": 0.9429245591163635, "train_acc_means": 0.9659274220466614, "train_time_millis": 145658.1209479773, "eval_time_millis": 22748.924855986843}, "Epoch1": {"train_loss_means": 0.17194469273090363, "val_loss_mean": 0.2314298003911972, "val_f1_majority_bin": 0.4264507293701172, "val_f1_majority_macro": 0.7037349508619686, "val_acc_majority": 0.9632543921470642, "val_f1_individual_binary": 0.3660498857498169, "val_f1_individual_macro": 0.671831757843926, "val_acc_individual": 0.9567543864250183, "train_acc_means": 0.9691532254219055, "train_time_millis": 146143.75387498876, "eval_time_millis": 22767.510548001155}, "Epoch2": {"train_loss_means": 0.12207406759262085, "val_loss_mean": 0.23899942636489868, "val_f1_majority_bin": 0.4152866303920746, "val_f1_majority_macro": 0.6973734772247461, "val_acc_majority": 0.9603146910667419, "val_f1_individual_binary": 0.35494881868362427, "val_f1_individual_macro": 0.6653674688238429, "val_acc_individual": 0.9533243775367737, "train_acc_means": 0.972523033618927, "train_time_millis": 146886.20568200713, "eval_time_millis": 22711.873632011702}, "Epoch3": {"train_loss_means": 0.09231656789779663, "val_loss_mean": 0.27714642882347107, "val_f1_majority_bin": 0.4257555902004242, "val_f1_majority_macro": 0.7031106831745694, "val_acc_majority": 0.962216854095459, "val_f1_individual_binary": 0.37068966031074524, "val_f1_individual_macro": 0.6739278741924002, "val_acc_individual": 0.9559311866760254, "train_acc_means": 0.9784274101257324, "train_time_millis": 146918.1427010044, "eval_time_millis": 22929.341283015674}, "Test_results": {"test_f1_majority_binary": 0.4759615361690521, "test_f1_majority_macro": 0.7282058611507765, "test_acc_majority": 0.962306559085846, "test_f1_individual_binary": 0.4112491011619568, "test_f1_individual_macro": 0.6940832180714654, "test_acc_individual": 0.9555763602256775, "test_time_millis": 22605.29054599465, "dataset_size": 57853, "number_of_annotations": 57853}}