{"Epoch0": {"train_loss_means": 0.6705232262611389, "val_loss_mean": 0.6519765257835388, "val_f1_majority_bin": 0.2529585659503937, "val_f1_majority_macro": 0.5322628720303806, "val_acc_majority": 0.6990464925765991, "val_f1_individual_binary": 0.2472783774137497, "val_f1_individual_macro": 0.5200876294594164, "val_acc_individual": 0.6751677989959717, "train_acc_means": 0.685453474521637, "train_time_millis": 87050.91105611064, "eval_time_millis": 21526.9691508729}, "Epoch1": {"train_loss_means": 0.6315355896949768, "val_loss_mean": 0.6481949090957642, "val_f1_majority_bin": 0.288617879152298, "val_f1_majority_macro": 0.5440415634102865, "val_acc_majority": 0.6871275305747986, "val_f1_individual_binary": 0.29490020871162415, "val_f1_individual_macro": 0.5348039897170298, "val_acc_individual": 0.6585234999656677, "train_acc_means": 0.6882624626159668, "train_time_millis": 86421.81959399022, "eval_time_millis": 21576.19975414127}, "Epoch2": {"train_loss_means": 0.5098729729652405, "val_loss_mean": 0.7642220854759216, "val_f1_majority_bin": 0.3560209572315216, "val_f1_majority_macro": 0.5671552739280018, "val_acc_majority": 0.6701430082321167, "val_f1_individual_binary": 0.35131776332855225, "val_f1_individual_macro": 0.5557379348314917, "val_acc_individual": 0.6497986316680908, "train_acc_means": 0.7725655436515808, "train_time_millis": 86576.50806917809, "eval_time_millis": 21439.96785604395}, "Test_results": {"test_f1_majority_binary": 0.3409363627433777, "test_f1_majority_macro": 0.5610620493713627, "test_acc_majority": 0.6714541912078857, "test_f1_individual_binary": 0.3344753086566925, "test_f1_individual_macro": 0.5444786843961276, "test_acc_individual": 0.6412939429283142, "test_time_millis": 21445.108360843733, "dataset_size": 16665, "number_of_annotations": 16665}}