{"Epoch0": {"train_loss_means": 0.27560362219810486, "val_loss_mean": 0.26487791538238525, "val_f1_majority_bin": 0.26112759643916916, "val_f1_majority_macro": 0.5361741090611313, "val_acc_majority": 0.6992753623188406, "val_f1_individual_binary": 0.2522935779816514, "val_f1_individual_macro": 0.536190939101201, "val_acc_individual": 0.7099644128113879, "train_time_millis": 15787.270837001415, "eval_time_millis": 6095.086107998213}, "Epoch1": {"train_loss_means": 0.26486191153526306, "val_loss_mean": 0.2670806050300598, "val_f1_majority_bin": 0.42686567164179107, "val_f1_majority_macro": 0.5187066694922952, "val_acc_majority": 0.5362318840579711, "val_f1_individual_binary": 0.40352811466372657, "val_f1_individual_macro": 0.5000489193751145, "val_acc_individual": 0.5186832740213523, "train_time_millis": 15794.908037001733, "eval_time_millis": 6095.446666000498}, "Epoch2": {"train_loss_means": 0.23239518702030182, "val_loss_mean": 0.29134443402290344, "val_f1_majority_bin": 0.3341176470588235, "val_f1_majority_macro": 0.5521116261289243, "val_acc_majority": 0.6582125603864735, "val_f1_individual_binary": 0.32798573975044565, "val_f1_individual_macro": 0.5522560589682874, "val_acc_individual": 0.6645907473309609, "train_time_millis": 15806.559036998806, "eval_time_millis": 6097.815306002303}, "Epoch3": {"train_loss_means": 0.18342091143131256, "val_loss_mean": 0.3040721118450165, "val_f1_majority_bin": 0.3862068965517241, "val_f1_majority_macro": 0.5837668389392527, "val_acc_majority": 0.677536231884058, "val_f1_individual_binary": 0.3796610169491525, "val_f1_individual_macro": 0.5794565639631167, "val_acc_individual": 0.6743772241992882, "train_time_millis": 15808.267855001759, "eval_time_millis": 6088.453391999792}, "Epoch4": {"train_loss_means": 0.13686536252498627, "val_loss_mean": 0.39012613892555237, "val_f1_majority_bin": 0.3972911963882618, "val_f1_majority_macro": 0.5885878900325481, "val_acc_majority": 0.677536231884058, "val_f1_individual_binary": 0.39065108514190316, "val_f1_individual_macro": 0.5846524073374768, "val_acc_individual": 0.6752669039145908, "train_time_millis": 15802.450243001658, "eval_time_millis": 6093.925096000021}, "Epoch5": {"train_loss_means": 0.09947462379932404, "val_loss_mean": 0.41777709126472473, "val_f1_majority_bin": 0.3975659229208925, "val_f1_majority_macro": 0.5710959451233869, "val_acc_majority": 0.6413043478260869, "val_f1_individual_binary": 0.38601823708206684, "val_f1_individual_macro": 0.5659650933838007, "val_acc_individual": 0.6405693950177936, "train_time_millis": 15800.452061001124, "eval_time_millis": 6090.6070950004505}, "Epoch6": {"train_loss_means": 0.08631155639886856, "val_loss_mean": 0.6047241687774658, "val_f1_majority_bin": 0.28994082840236685, "val_f1_majority_macro": 0.5539233732300151, "val_acc_majority": 0.7101449275362319, "val_f1_individual_binary": 0.27293064876957496, "val_f1_individual_macro": 0.5462376730799569, "val_acc_individual": 0.7108540925266904, "train_time_millis": 15808.925654997438, "eval_time_millis": 6095.154134996847}, "Epoch7": {"train_loss_means": 0.0707051232457161, "val_loss_mean": 0.6754749417304993, "val_f1_majority_bin": 0.2917933130699088, "val_f1_majority_macro": 0.5581046444776824, "val_acc_majority": 0.7185990338164251, "val_f1_individual_binary": 0.2706422018348624, "val_f1_individual_macro": 0.5475727565465703, "val_acc_individual": 0.7170818505338078, "train_time_millis": 15804.139380001288, "eval_time_millis": 6091.045353001391}, "Epoch8": {"train_loss_means": 0.05952833965420723, "val_loss_mean": 0.6770316958427429, "val_f1_majority_bin": 0.2956521739130435, "val_f1_majority_macro": 0.5551487414187644, "val_acc_majority": 0.7065217391304348, "val_f1_individual_binary": 0.27765726681127983, "val_f1_individual_macro": 0.5456557179048005, "val_acc_individual": 0.7037366548042705, "train_time_millis": 15804.746248999436, "eval_time_millis": 6094.830928999727}, "Epoch9": {"train_loss_means": 0.05731765553355217, "val_loss_mean": 0.6785302758216858, "val_f1_majority_bin": 0.28895184135977336, "val_f1_majority_macro": 0.5481597272800403, "val_acc_majority": 0.6968599033816425, "val_f1_individual_binary": 0.2760084925690021, "val_f1_individual_macro": 0.5420560189350357, "val_acc_individual": 0.6966192170818505, "train_time_millis": 15802.327440997033, "eval_time_millis": 6093.136695002613}, "Test_results": {"test_f1_majority_binary": 0.2917933130699088, "test_f1_majority_macro": 0.5581046444776824, "test_acc_majority": 0.7185990338164251, "test_f1_individual_binary": 0.2706422018348624, "test_f1_individual_macro": 0.5475727565465703, "test_acc_individual": 0.7170818505338078, "test_time_millis": 6098.345966001943, "dataset_size": 4427, "number_of_annotations": 6065, "train_size": 1470, "val_size": 1124, "test_size": 1382}}