{"Epoch0": {"train_loss_means": 0.04401010647416115, "val_loss_mean": 0.038037728518247604, "val_f1_majority_bin": 0.3237518910741301, "val_f1_majority_macro": 0.6374843707253222, "val_acc_majority": 0.9089983713355049, "val_f1_individual_binary": 0.29869502174963747, "val_f1_individual_macro": 0.6271846882079484, "val_acc_individual": 0.9166187794506379, "train_time_millis": 53702.47677701991, "eval_time_millis": 8651.032987982035}, "Epoch1": {"train_loss_means": 0.03176010027527809, "val_loss_mean": 0.037023525685071945, "val_f1_majority_bin": 0.3620836891545688, "val_f1_majority_macro": 0.6608275240707087, "val_acc_majority": 0.9239617263843648, "val_f1_individual_binary": 0.3379966424174594, "val_f1_individual_macro": 0.6510833077308245, "val_acc_individual": 0.9320193081255028, "train_time_millis": 53753.36828501895, "eval_time_millis": 8656.15707798861}, "Epoch2": {"train_loss_means": 0.024186905473470688, "val_loss_mean": 0.05079539492726326, "val_f1_majority_bin": 0.35608308605341243, "val_f1_majority_macro": 0.6605762857428086, "val_acc_majority": 0.9337337133550488, "val_f1_individual_binary": 0.3354591836734694, "val_f1_individual_macro": 0.6520538185788216, "val_acc_individual": 0.9401218250775772, "train_time_millis": 53806.898861017544, "eval_time_millis": 8630.402176000644}, "Epoch3": {"train_loss_means": 0.018337082117795944, "val_loss_mean": 0.060979343950748444, "val_f1_majority_bin": 0.3720452209660842, "val_f1_majority_macro": 0.6696638420760809, "val_acc_majority": 0.9378053745928339, "val_f1_individual_binary": 0.35911230665770005, "val_f1_individual_macro": 0.6652541453449379, "val_acc_individual": 0.9452361797494541, "train_time_millis": 53774.88665597048, "eval_time_millis": 6612.239215988666}, "Epoch4": {"train_loss_means": 0.014718742109835148, "val_loss_mean": 0.07024320960044861, "val_f1_majority_bin": 0.3631010794896957, "val_f1_majority_macro": 0.6641314619628951, "val_acc_majority": 0.9339372964169381, "val_f1_individual_binary": 0.34815756035578144, "val_f1_individual_macro": 0.6586409228200815, "val_acc_individual": 0.9410412596253305, "train_time_millis": 53782.4264249648, "eval_time_millis": 8655.751143989619}, "Epoch5": {"train_loss_means": 0.012485909275710583, "val_loss_mean": 0.09013140946626663, "val_f1_majority_bin": 0.3787528868360277, "val_f1_majority_macro": 0.6750542200126257, "val_acc_majority": 0.9452361563517915, "val_f1_individual_binary": 0.3670982482863671, "val_f1_individual_macro": 0.671142806027869, "val_acc_individual": 0.9522468681760717, "train_time_millis": 53744.13703603204, "eval_time_millis": 6635.9421540400945}, "Epoch6": {"train_loss_means": 0.01076124794781208, "val_loss_mean": 0.10362955182790756, "val_f1_majority_bin": 0.4016973125884017, "val_f1_majority_macro": 0.6896824031924639, "val_acc_majority": 0.9569421824104235, "val_f1_individual_binary": 0.3969896519285042, "val_f1_individual_macro": 0.6889959966468046, "val_acc_individual": 0.9631651534306401, "train_time_millis": 53698.896225949284, "eval_time_millis": 8639.346950978506}, "Epoch7": {"train_loss_means": 0.010001028887927532, "val_loss_mean": 0.10097195953130722, "val_f1_majority_bin": 0.38173302107728335, "val_f1_majority_macro": 0.6768194742504645, "val_acc_majority": 0.9462540716612378, "val_f1_individual_binary": 0.3731459797033568, "val_f1_individual_macro": 0.6745961381379296, "val_acc_individual": 0.9538558786346397, "train_time_millis": 53779.87398498226, "eval_time_millis": 6624.178925994784}, "Epoch8": {"train_loss_means": 0.009427017532289028, "val_loss_mean": 0.12055067718029022, "val_f1_majority_bin": 0.3872832369942196, "val_f1_majority_macro": 0.6824578244477324, "val_acc_majority": 0.9568403908794788, "val_f1_individual_binary": 0.3800383877159309, "val_f1_individual_macro": 0.6804522250764952, "val_acc_individual": 0.9628778301344673, "train_time_millis": 53787.75472799316, "eval_time_millis": 8647.86050101975}, "Epoch9": {"train_loss_means": 0.008759962394833565, "val_loss_mean": 0.11586534231901169, "val_f1_majority_bin": 0.3926218708827404, "val_f1_majority_macro": 0.6841080660464843, "val_acc_majority": 0.9530741042345277, "val_f1_individual_binary": 0.3884514435695538, "val_f1_individual_macro": 0.6838427860431173, "val_acc_individual": 0.959832203195035, "train_time_millis": 53797.7977739647, "eval_time_millis": 8663.65040600067}, "Test_results": {"test_f1_majority_binary": 0.4016973125884017, "test_f1_majority_macro": 0.6896824031924639, "test_acc_majority": 0.9569421824104235, "test_f1_individual_binary": 0.3969896519285042, "test_f1_individual_macro": 0.6889959966468046, "test_acc_individual": 0.9631651534306401, "test_time_millis": 8636.347116029356, "dataset_size": 49294, "number_of_annotations": 87322, "train_size": 52665, "val_size": 17402, "test_size": 17255}}