{"Epoch0": {"train_loss_means": 0.02778434567153454, "val_loss_mean": 0.0250343456864357, "val_f1_majority_bin": 0.4801864801864802, "val_f1_majority_macro": 0.7351975211031194, "val_acc_majority": 0.9807791760041372, "val_f1_individual_binary": 0.43626062322946174, "val_f1_individual_macro": 0.7121101516418367, "val_acc_individual": 0.9764229183451021, "train_time_millis": 122448.05747899227, "eval_time_millis": 17993.215858004987}, "Epoch1": {"train_loss_means": 0.02041412703692913, "val_loss_mean": 0.025069667026400566, "val_f1_majority_bin": 0.4029850746268656, "val_f1_majority_macro": 0.694434128984511, "val_acc_majority": 0.9724185485261162, "val_f1_individual_binary": 0.3870967741935483, "val_f1_individual_macro": 0.6854617076211315, "val_acc_individual": 0.968484905928629, "train_time_millis": 122612.80878499383, "eval_time_millis": 18019.77662096033}, "Epoch2": {"train_loss_means": 0.015328807756304741, "val_loss_mean": 0.0338924415409565, "val_f1_majority_bin": 0.46588235294117647, "val_f1_majority_macro": 0.7279585170035352, "val_acc_majority": 0.9804344078607137, "val_f1_individual_binary": 0.4305949008498583, "val_f1_individual_macro": 0.7092167863317045, "val_acc_individual": 0.9761859627505806, "train_time_millis": 122747.63597600395, "eval_time_millis": 18023.62210804131}, "Epoch3": {"train_loss_means": 0.012306677177548409, "val_loss_mean": 0.03729899972677231, "val_f1_majority_bin": 0.4117647058823529, "val_f1_majority_macro": 0.6992726763746832, "val_acc_majority": 0.9741423892432339, "val_f1_individual_binary": 0.39634439634439633, "val_f1_individual_macro": 0.6905499692016546, "val_acc_individual": 0.9702620728875408, "train_time_millis": 122688.21118003689, "eval_time_millis": 18042.239722970407}, "Epoch4": {"train_loss_means": 0.010895337909460068, "val_loss_mean": 0.0456746481359005, "val_f1_majority_bin": 0.4306418219461698, "val_f1_majority_macro": 0.7092692407120929, "val_acc_majority": 0.9762971901396311, "val_f1_individual_binary": 0.40824534942182, "val_f1_individual_macro": 0.6969819843026106, "val_acc_individual": 0.9721103265248092, "train_time_millis": 122636.55547099188, "eval_time_millis": 17825.899882998783}, "Epoch5": {"train_loss_means": 0.010205634869635105, "val_loss_mean": 0.04270046204328537, "val_f1_majority_bin": 0.35333333333333333, "val_f1_majority_macro": 0.6680841149059163, "val_acc_majority": 0.9665574900879159, "val_f1_individual_binary": 0.34742951907131014, "val_f1_individual_macro": 0.6641162621212732, "val_acc_individual": 0.9627031894223023, "train_time_millis": 122825.86699799867, "eval_time_millis": 18025.684910011478}, "Epoch6": {"train_loss_means": 0.009703417308628559, "val_loss_mean": 0.05121048539876938, "val_f1_majority_bin": 0.40236686390532544, "val_f1_majority_macro": 0.694508540997911, "val_acc_majority": 0.9738838131356663, "val_f1_individual_binary": 0.3930968360498562, "val_f1_individual_macro": 0.6888587268273771, "val_acc_individual": 0.9700014217335672, "train_time_millis": 122712.39595999941, "eval_time_millis": 17996.76065298263}, "Epoch7": {"train_loss_means": 0.009378318674862385, "val_loss_mean": 0.05702875182032585, "val_f1_majority_bin": 0.4149377593360996, "val_f1_majority_macro": 0.7012634400060482, "val_acc_majority": 0.9756938458886399, "val_f1_individual_binary": 0.39678553490708185, "val_f1_individual_macro": 0.6911062956590425, "val_acc_individual": 0.9715416330979575, "train_time_millis": 122843.16060395213, "eval_time_millis": 17906.02651401423}, "Epoch8": {"train_loss_means": 0.008982478640973568, "val_loss_mean": 0.059860482811927795, "val_f1_majority_bin": 0.4391304347826087, "val_f1_majority_macro": 0.7138933918548992, "val_acc_majority": 0.9777624547491812, "val_f1_individual_binary": 0.4073490813648294, "val_f1_individual_macro": 0.6968320335005095, "val_acc_individual": 0.9732477133785129, "train_time_millis": 122707.22326502437, "eval_time_millis": 17616.195145994425}, "Epoch9": {"train_loss_means": 0.008839389309287071, "val_loss_mean": 0.060982733964920044, "val_f1_majority_bin": 0.43722943722943725, "val_f1_majority_macro": 0.7128984227744231, "val_acc_majority": 0.9775900706774694, "val_f1_individual_binary": 0.4088050314465409, "val_f1_individual_macro": 0.6975658206107802, "val_acc_individual": 0.973271408937965, "train_time_millis": 122949.03378596064, "eval_time_millis": 17461.97740896605}, "Test_results": {"test_f1_majority_binary": 0.4801864801864802, "test_f1_majority_macro": 0.7351975211031194, "test_acc_majority": 0.9807791760041372, "test_f1_individual_binary": 0.43626062322946174, "test_f1_individual_macro": 0.7121101516418367, "test_acc_individual": 0.9764229183451021, "test_time_millis": 17989.422305021435, "dataset_size": 58011, "number_of_annotations": 211096, "train_size": 126559, "val_size": 42202, "test_size": 42335}}