{"Epoch0": {"train_loss_means": 1.169376254081726, "val_loss_mean": 1.142194151878357, "val_f1_majority_bin": 0.0, "val_f1_majority_macro": 0.41074188562596603, "val_acc_majority": 0.6970492005348206, "val_f1_individual_binary": 0.3341858386993408, "val_f1_individual_macro": 0.5714524636804215, "val_acc_individual": 0.70281583070755, "train_acc_means": 0.7061046957969666, "train_time_millis": 28327.99416600028, "eval_time_millis": 4202.126370000769}, "Epoch1": {"train_loss_means": 1.112288475036621, "val_loss_mean": 1.1322344541549683, "val_f1_majority_bin": 0.30849674344062805, "val_f1_majority_macro": 0.5384934425995052, "val_acc_majority": 0.6531147360801697, "val_f1_individual_binary": 0.42699724435806274, "val_f1_individual_macro": 0.6041400526631384, "val_acc_individual": 0.6834094524383545, "train_acc_means": 0.7185363173484802, "train_time_millis": 27575.49392800138, "eval_time_millis": 4324.760509000043}, "Epoch2": {"train_loss_means": 0.9833272695541382, "val_loss_mean": 1.1848466396331787, "val_f1_majority_bin": 0.3969956934452057, "val_f1_majority_macro": 0.565825521688207, "val_acc_majority": 0.6314753890037537, "val_f1_individual_binary": 0.4595392942428589, "val_f1_individual_macro": 0.6013666085393307, "val_acc_individual": 0.6518265008926392, "train_acc_means": 0.7612555027008057, "train_time_millis": 27584.224501999415, "eval_time_millis": 4240.764018999471}, "Test_results": {"test_f1_majority_binary": 0.39400428533554077, "test_f1_majority_macro": 0.5631326995111615, "test_acc_majority": 0.6286089420318604, "test_f1_individual_binary": 0.4615384638309479, "test_f1_individual_macro": 0.5986204245504634, "test_acc_individual": 0.6454375982284546, "test_time_millis": 4239.533555999515, "dataset_size": 7871, "number_of_annotations": 13770}}