{"Epoch0": {"train_loss_means": 2.74112868309021, "val_loss_mean": 2.7076451778411865, "val_f1_majority_bin": 0.21574802696704865, "val_f1_majority_macro": 0.5119941543695178, "val_acc_majority": 0.6918317079544067, "val_f1_individual_binary": 0.3667454421520233, "val_f1_individual_macro": 0.5630419790420013, "val_acc_individual": 0.6512250900268555, "train_acc_means": 0.6460506916046143, "train_time_millis": 389493.3238369995, "eval_time_millis": 73359.67536100361}, "Epoch1": {"train_loss_means": 2.5694849491119385, "val_loss_mean": 2.688199758529663, "val_f1_majority_bin": 0.12177121639251709, "val_f1_majority_macro": 0.4724097724248618, "val_acc_majority": 0.7054455280303955, "val_f1_individual_binary": 0.30414581298828125, "val_f1_individual_macro": 0.5572083603999795, "val_acc_individual": 0.7018376588821411, "train_acc_means": 0.6962099671363831, "train_time_millis": 389884.7702399944, "eval_time_millis": 72961.5985279961}, "Epoch2": {"train_loss_means": 2.2724123001098633, "val_loss_mean": 2.801347494125366, "val_f1_majority_bin": 0.2586843967437744, "val_f1_majority_macro": 0.5312205042151452, "val_acc_majority": 0.6896658539772034, "val_f1_individual_binary": 0.34528422355651855, "val_f1_individual_macro": 0.5709259406213791, "val_acc_individual": 0.6895865201950073, "train_acc_means": 0.7433415055274963, "train_time_millis": 389794.46626199933, "eval_time_millis": 73330.68347600056}, "Test_results": {"test_f1_majority_binary": 0.2624166011810303, "test_f1_majority_macro": 0.5330627115999356, "test_acc_majority": 0.6899345517158508, "test_f1_individual_binary": 0.3614943325519562, "test_f1_individual_macro": 0.5787159596857268, "test_acc_individual": 0.6907193064689636, "test_time_millis": 72413.3468900036, "dataset_size": 16044, "number_of_annotations": 64732}}