{"Epoch0": {"train_loss_means": 0.01862502470612526, "val_loss_mean": 0.026868360117077827, "val_f1_majority_bin": 0.053440213760855046, "val_f1_majority_macro": 0.38659880686065035, "val_acc_majority": 0.5675483214649033, "val_f1_individual_binary": 0.043167305236270756, "val_f1_individual_macro": 0.38252358876781245, "val_acc_individual": 0.5690289921767142, "train_time_millis": 805.3068379958859, "eval_time_millis": 8876.446494992706}, "Epoch1": {"train_loss_means": 0.019835172221064568, "val_loss_mean": 0.02717115357518196, "val_f1_majority_bin": 0.05526116578349735, "val_f1_majority_macro": 0.45429646607426133, "val_acc_majority": 0.7460834181078332, "val_f1_individual_binary": 0.04936095196121639, "val_f1_individual_macro": 0.4533275153454775, "val_acc_individual": 0.7518407731247124, "train_time_millis": 799.6092690009391, "eval_time_millis": 8844.172040000558}, "Epoch2": {"train_loss_means": 0.01797829009592533, "val_loss_mean": 0.02659398317337036, "val_f1_majority_bin": 0.06458847275173805, "val_f1_majority_macro": 0.3950993149891181, "val_acc_majority": 0.5756866734486267, "val_f1_individual_binary": 0.05346635968278332, "val_f1_individual_macro": 0.3894418996929687, "val_acc_individual": 0.5743212149102623, "train_time_millis": 803.3295000059297, "eval_time_millis": 8853.436700010207}, "Epoch3": {"train_loss_means": 0.016260512173175812, "val_loss_mean": 0.027359530329704285, "val_f1_majority_bin": 0.06675335934113567, "val_f1_majority_macro": 0.4713412967396625, "val_acc_majority": 0.7809766022380468, "val_f1_individual_binary": 0.05990435439214698, "val_f1_individual_macro": 0.46930921567634626, "val_acc_individual": 0.785147261849977, "train_time_millis": 808.610834996216, "eval_time_millis": 8844.736434999504}, "Epoch4": {"train_loss_means": 0.014766431413590908, "val_loss_mean": 0.027520611882209778, "val_f1_majority_bin": 0.06923409779316314, "val_f1_majority_macro": 0.4726250032455354, "val_acc_majority": 0.7811800610376399, "val_f1_individual_binary": 0.06170052671181339, "val_f1_individual_macro": 0.47008225711829255, "val_acc_individual": 0.7848021168890934, "train_time_millis": 803.9791670016712, "eval_time_millis": 8868.858260990237}, "Epoch5": {"train_loss_means": 0.01371052861213684, "val_loss_mean": 0.0290408656001091, "val_f1_majority_bin": 0.07957957957957959, "val_f1_majority_macro": 0.5063436963807981, "val_acc_majority": 0.8752797558494405, "val_f1_individual_binary": 0.06838365896980461, "val_f1_individual_macro": 0.5019307887664868, "val_acc_individual": 0.8793143120110446, "train_time_millis": 798.7416320102056, "eval_time_millis": 8823.926118013333}, "Epoch6": {"train_loss_means": 0.012430956587195396, "val_loss_mean": 0.030567221343517303, "val_f1_majority_bin": 0.07669021190716449, "val_f1_majority_macro": 0.5138392406153209, "val_acc_majority": 0.9069175991861648, "val_f1_individual_binary": 0.06703229737964655, "val_f1_individual_macro": 0.5104081099298994, "val_acc_individual": 0.9119305108145421, "train_time_millis": 802.0827500004089, "eval_time_millis": 8860.607781010913}, "Epoch7": {"train_loss_means": 0.012823836877942085, "val_loss_mean": 0.03173033148050308, "val_f1_majority_bin": 0.07337278106508877, "val_f1_majority_macro": 0.515878524468234, "val_acc_majority": 0.9203458799593083, "val_f1_individual_binary": 0.06847360912981454, "val_f1_individual_macro": 0.5146659839690911, "val_acc_individual": 0.924873446847676, "train_time_millis": 800.3226250002626, "eval_time_millis": 8868.454067007406}, "Epoch8": {"train_loss_means": 0.01090798620134592, "val_loss_mean": 0.03259968012571335, "val_f1_majority_bin": 0.07571801566579635, "val_f1_majority_macro": 0.5191229011323583, "val_acc_majority": 0.9279755849440489, "val_f1_individual_binary": 0.07042253521126761, "val_f1_individual_macro": 0.5174746298033047, "val_acc_individual": 0.9316612977450529, "train_time_millis": 799.1826150100678, "eval_time_millis": 6814.421021001181}, "Epoch9": {"train_loss_means": 0.010733842849731445, "val_loss_mean": 0.03253999352455139, "val_f1_majority_bin": 0.0728643216080402, "val_f1_majority_macro": 0.51687109210173, "val_acc_majority": 0.9249237029501526, "val_f1_individual_binary": 0.06912096168294514, "val_f1_individual_macro": 0.516033100992802, "val_acc_individual": 0.9287275655775425, "train_time_millis": 809.3219110014616, "eval_time_millis": 8877.15142199886}, "Test_results": {"test_f1_majority_binary": 0.07571801566579635, "test_f1_majority_macro": 0.5191229011323583, "test_acc_majority": 0.9279755849440489, "test_f1_individual_binary": 0.07042253521126761, "test_f1_individual_macro": 0.5174746298033047, "test_acc_individual": 0.9316612977450529, "test_time_millis": 8860.515370004578, "dataset_size": 20052, "number_of_annotations": 35582, "train_size": 812, "val_size": 17384, "test_size": 17386}}