{"Epoch0": {"train_loss_means": 2.4442172050476074, "val_loss_mean": 2.2121970653533936, "val_f1_majority_bin": 0.0, "val_f1_majority_macro": 0.49518749183397937, "val_acc_majority": 0.9809334874153137, "val_f1_individual_binary": 0.0668998658657074, "val_f1_individual_macro": 0.5046642220531915, "val_acc_individual": 0.8915485143661499, "train_acc_means": 0.6760239601135254, "train_time_millis": 27269.008804112673, "eval_time_millis": 43367.86656267941}, "Epoch1": {"train_loss_means": 2.185120105743408, "val_loss_mean": 2.0630228519439697, "val_f1_majority_bin": 0.0, "val_f1_majority_macro": 0.49518749183397937, "val_acc_majority": 0.9809334874153137, "val_f1_individual_binary": 0.013320647180080414, "val_f1_individual_macro": 0.49998352681857827, "val_acc_individual": 0.9736494421958923, "train_acc_means": 0.9273017644882202, "train_time_millis": 27526.974210049957, "eval_time_millis": 43143.861579243094}, "Epoch2": {"train_loss_means": 2.0042059421539307, "val_loss_mean": 1.9601532220840454, "val_f1_majority_bin": 0.0, "val_f1_majority_macro": 0.49518749183397937, "val_acc_majority": 0.9809334874153137, "val_f1_individual_binary": 0.07226891070604324, "val_f1_individual_macro": 0.5290135270290164, "val_acc_individual": 0.9719469547271729, "train_acc_means": 0.9684517979621887, "train_time_millis": 27612.380026839674, "eval_time_millis": 43764.259460847825}, "Epoch3": {"train_loss_means": 1.8530714511871338, "val_loss_mean": 1.8944127559661865, "val_f1_majority_bin": 0.0, "val_f1_majority_macro": 0.49518749183397937, "val_acc_majority": 0.9809334874153137, "val_f1_individual_binary": 0.0779896005988121, "val_f1_individual_macro": 0.5321350642515358, "val_acc_individual": 0.9729633331298828, "train_acc_means": 0.9709460139274597, "train_time_millis": 27453.644146211445, "eval_time_millis": 43535.58985516429}, "Epoch4": {"train_loss_means": 1.7328100204467773, "val_loss_mean": 1.8321013450622559, "val_f1_majority_bin": 0.07999999821186066, "val_f1_majority_macro": 0.5349851735566021, "val_acc_majority": 0.9801570177078247, "val_f1_individual_binary": 0.1366366297006607, "val_f1_individual_macro": 0.5608870734878799, "val_acc_individual": 0.9707780480384827, "train_acc_means": 0.9701666831970215, "train_time_millis": 27643.23040563613, "eval_time_millis": 43407.27717569098}, "Epoch5": {"train_loss_means": 1.6397842168807983, "val_loss_mean": 1.7882835865020752, "val_f1_majority_bin": 0.08208955079317093, "val_f1_majority_macro": 0.5356768787640743, "val_acc_majority": 0.9787766337394714, "val_f1_individual_binary": 0.15279878675937653, "val_f1_individual_macro": 0.569162943818623, "val_acc_individual": 0.9715403914451599, "train_acc_means": 0.9696130752563477, "train_time_millis": 27527.38788817078, "eval_time_millis": 43847.70788857713}, "Epoch6": {"train_loss_means": 1.5363004207611084, "val_loss_mean": 1.6948704719543457, "val_f1_majority_bin": 0.27319586277008057, "val_f1_majority_macro": 0.6304120997658093, "val_acc_majority": 0.9756707549095154, "val_f1_individual_binary": 0.22555488348007202, "val_f1_individual_macro": 0.6043987889900116, "val_acc_individual": 0.9671952128410339, "train_acc_means": 0.9707478284835815, "train_time_millis": 27541.40791995451, "eval_time_millis": 43240.544942673296}, "Epoch7": {"train_loss_means": 1.4384340047836304, "val_loss_mean": 1.6463156938552856, "val_f1_majority_bin": 0.31828978657722473, "val_f1_majority_macro": 0.652840249203199, "val_acc_majority": 0.9752393960952759, "val_f1_individual_binary": 0.24606741964817047, "val_f1_individual_macro": 0.6143112661014414, "val_acc_individual": 0.9658992886543274, "train_acc_means": 0.9695841073989868, "train_time_millis": 27595.670871902257, "eval_time_millis": 43289.521949365735}, "Epoch8": {"train_loss_means": 1.3650468587875366, "val_loss_mean": 1.5954805612564087, "val_f1_majority_bin": 0.3461538553237915, "val_f1_majority_macro": 0.667103102467242, "val_acc_majority": 0.9765335321426392, "val_f1_individual_binary": 0.2691415250301361, "val_f1_individual_macro": 0.6263872470080263, "val_acc_individual": 0.9679829478263855, "train_acc_means": 0.9695794582366943, "train_time_millis": 27523.30584311858, "eval_time_millis": 43501.648985780776}, "Epoch9": {"train_loss_means": 1.2924493551254272, "val_loss_mean": 1.5582964420318604, "val_f1_majority_bin": 0.337028831243515, "val_f1_majority_macro": 0.6619374910319586, "val_acc_majority": 0.9742041230201721, "val_f1_individual_binary": 0.2888047695159912, "val_f1_individual_macro": 0.6358477536612227, "val_acc_individual": 0.9665853381156921, "train_acc_means": 0.970615029335022, "train_time_millis": 27515.47910599038, "eval_time_millis": 43404.20441608876}, "Test_results": {"test_f1_majority_binary": 0.3185840845108032, "test_f1_majority_macro": 0.6525174445131342, "test_acc_majority": 0.9734299778938293, "test_f1_individual_binary": 0.2854144871234894, "test_f1_individual_macro": 0.6338738680469416, "test_acc_individual": 0.9655190110206604, "test_time_millis": 43304.86205825582, "dataset_size": 27193, "number_of_annotations": 93104}}