{"Epoch0": {"train_loss_means": 0.12533937394618988, "val_loss_mean": 0.09411273151636124, "val_f1_majority_bin": 0.7076923076923076, "val_f1_majority_macro": 0.8165180595435998, "val_acc_majority": 0.8810641627543035, "val_f1_individual_binary": 0.6795774647887325, "val_f1_individual_macro": 0.8017770364879334, "val_acc_individual": 0.8771100607697502, "train_time_millis": 10443.094276008196, "eval_time_millis": 2638.7842600233853}, "Epoch1": {"train_loss_means": 0.0797944962978363, "val_loss_mean": 0.07622325420379639, "val_f1_majority_bin": 0.7527675276752768, "val_f1_majority_macro": 0.8431166337482641, "val_acc_majority": 0.8951486697965572, "val_f1_individual_binary": 0.7184801381692574, "val_f1_individual_macro": 0.8250394815898742, "val_acc_individual": 0.8899392302498312, "train_time_millis": 10436.205810983665, "eval_time_millis": 3145.8646019455045}, "Epoch2": {"train_loss_means": 0.062078807502985, "val_loss_mean": 0.08675866574048996, "val_f1_majority_bin": 0.7916666666666666, "val_f1_majority_macro": 0.8717485549132948, "val_acc_majority": 0.9217527386541471, "val_f1_individual_binary": 0.7514231499051234, "val_f1_individual_macro": 0.8488121909689887, "val_acc_individual": 0.9115462525320729, "train_time_millis": 10295.267379027791, "eval_time_millis": 3147.0479540294036}, "Epoch3": {"train_loss_means": 0.042911235243082047, "val_loss_mean": 0.12208494544029236, "val_f1_majority_bin": 0.8105726872246696, "val_f1_majority_macro": 0.8848296357150941, "val_acc_majority": 0.9327073552425665, "val_f1_individual_binary": 0.7809917355371901, "val_f1_individual_macro": 0.8691076514651245, "val_acc_individual": 0.9284267386900743, "train_time_millis": 10588.933894992806, "eval_time_millis": 3135.7580450130627}, "Epoch4": {"train_loss_means": 0.03691038861870766, "val_loss_mean": 0.10875304043292999, "val_f1_majority_bin": 0.7967479674796748, "val_f1_majority_macro": 0.874149177538287, "val_acc_majority": 0.9217527386541471, "val_f1_individual_binary": 0.7600767754318617, "val_f1_individual_macro": 0.8544341271669755, "val_acc_individual": 0.9155975692099932, "train_time_millis": 10497.576809022576, "eval_time_millis": 3151.7213580664247}, "Epoch5": {"train_loss_means": 0.03170538693666458, "val_loss_mean": 0.11416547745466232, "val_f1_majority_bin": 0.796875, "val_f1_majority_macro": 0.8729971868884541, "val_acc_majority": 0.918622848200313, "val_f1_individual_binary": 0.7504621072088724, "val_f1_individual_macro": 0.8473500127122429, "val_acc_individual": 0.9088453747467927, "train_time_millis": 10548.045761999674, "eval_time_millis": 2429.6652750344947}, "Epoch6": {"train_loss_means": 0.02394290454685688, "val_loss_mean": 0.12836632132530212, "val_f1_majority_bin": 0.8278688524590163, "val_f1_majority_macro": 0.8936249484732219, "val_acc_majority": 0.9342723004694836, "val_f1_individual_binary": 0.7912524850894633, "val_f1_individual_macro": 0.8742761002104494, "val_acc_individual": 0.9291019581363943, "train_time_millis": 10538.98848593235, "eval_time_millis": 3143.359857960604}, "Epoch7": {"train_loss_means": 0.01766381599009037, "val_loss_mean": 0.15583258867263794, "val_f1_majority_bin": 0.8235294117647058, "val_f1_majority_macro": 0.8915723981900452, "val_acc_majority": 0.9342723004694836, "val_f1_individual_binary": 0.7926829268292682, "val_f1_individual_macro": 0.8756936901352819, "val_acc_individual": 0.9311276164753545, "train_time_millis": 10535.566553007811, "eval_time_millis": 3148.4245269093663}, "Epoch8": {"train_loss_means": 0.01922418922185898, "val_loss_mean": 0.15721751749515533, "val_f1_majority_bin": 0.8376068376068375, "val_f1_majority_macro": 0.9006041850869437, "val_acc_majority": 0.9405320813771518, "val_f1_individual_binary": 0.8025210084033613, "val_f1_individual_macro": 0.8823546313135069, "val_acc_individual": 0.9365293720459149, "train_time_millis": 10484.635764034465, "eval_time_millis": 2687.6340579474345}, "Epoch9": {"train_loss_means": 0.015378610230982304, "val_loss_mean": 0.15711982548236847, "val_f1_majority_bin": 0.829059829059829, "val_f1_majority_macro": 0.8953728264073091, "val_acc_majority": 0.9374021909233177, "val_f1_individual_binary": 0.7916666666666666, "val_f1_individual_macro": 0.8756882890142359, "val_acc_individual": 0.9324780553679946, "train_time_millis": 10457.935928017832, "eval_time_millis": 3140.110236010514}, "Test_results": {"test_f1_majority_binary": 0.8376068376068375, "test_f1_majority_macro": 0.9006041850869437, "test_acc_majority": 0.9405320813771518, "test_f1_individual_binary": 0.8025210084033613, "test_f1_individual_macro": 0.8823546313135069, "test_acc_individual": 0.9365293720459149, "test_time_millis": 3140.748043078929, "dataset_size": 2860, "number_of_annotations": 6915, "train_size": 3906, "val_size": 1481, "test_size": 1528}}