{"Epoch0": {"train_loss_means": 2.0578746795654297, "val_loss_mean": 2.048610210418701, "val_f1_majority_bin": 0.0, "val_f1_majority_macro": 0.41759864950411474, "val_acc_majority": 0.7170289754867554, "val_f1_individual_binary": 0.23621590435504913, "val_f1_individual_macro": 0.5202058533457257, "val_acc_individual": 0.6882993578910828, "train_acc_means": 0.6291881203651428, "train_time_millis": 125149.46117199725, "eval_time_millis": 28148.229425001773}, "Epoch1": {"train_loss_means": 2.022459030151367, "val_loss_mean": 2.0240962505340576, "val_f1_majority_bin": 0.0, "val_f1_majority_macro": 0.41759864950411474, "val_acc_majority": 0.7170289754867554, "val_f1_individual_binary": 0.2133592665195465, "val_f1_individual_macro": 0.5188065565686895, "val_acc_individual": 0.7126954197883606, "train_acc_means": 0.6984054446220398, "train_time_millis": 125297.26852000749, "eval_time_millis": 28185.68437799695}, "Epoch2": {"train_loss_means": 2.0064008235931396, "val_loss_mean": 2.016774892807007, "val_f1_majority_bin": 0.0, "val_f1_majority_macro": 0.41759864950411474, "val_acc_majority": 0.7170289754867554, "val_f1_individual_binary": 0.22156862914562225, "val_f1_individual_macro": 0.5246547215935838, "val_acc_individual": 0.7179061770439148, "train_acc_means": 0.712031900882721, "train_time_millis": 125651.29424299812, "eval_time_millis": 28000.469754988444}, "Epoch3": {"train_loss_means": 1.9826622009277344, "val_loss_mean": 1.9991564750671387, "val_f1_majority_bin": 0.010152284055948257, "val_f1_majority_macro": 0.4226585597143973, "val_acc_majority": 0.717391312122345, "val_f1_individual_binary": 0.24850204586982727, "val_f1_individual_macro": 0.537388008218664, "val_acc_individual": 0.7177878022193909, "train_acc_means": 0.71527498960495, "train_time_millis": 125433.41377998877, "eval_time_millis": 28058.825764994253}, "Epoch4": {"train_loss_means": 1.9465880393981934, "val_loss_mean": 1.9892853498458862, "val_f1_majority_bin": 0.13260869681835175, "val_f1_majority_macro": 0.47956521739130437, "val_acc_majority": 0.710869550704956, "val_f1_individual_binary": 0.2842136025428772, "val_f1_individual_macro": 0.550991725775163, "val_acc_individual": 0.70949786901474, "train_acc_means": 0.7232087254524231, "train_time_millis": 125779.87514299457, "eval_time_millis": 27925.440388004063}, "Epoch5": {"train_loss_means": 1.8855682611465454, "val_loss_mean": 2.003650426864624, "val_f1_majority_bin": 0.1860465109348297, "val_f1_majority_macro": 0.49944036811341874, "val_acc_majority": 0.695652186870575, "val_f1_individual_binary": 0.3119415044784546, "val_f1_individual_macro": 0.5596842833348057, "val_acc_individual": 0.6990762948989868, "train_acc_means": 0.7336639165878296, "train_time_millis": 125331.7285390076, "eval_time_millis": 28026.594830997055}, "Test_results": {"test_f1_majority_binary": 0.1875, "test_f1_majority_macro": 0.4898687214611872, "test_acc_majority": 0.6690909266471863, "test_f1_individual_binary": 0.28859952092170715, "test_f1_individual_macro": 0.5371426076788575, "test_acc_individual": 0.6706041693687439, "test_time_millis": 27787.182444997597, "dataset_size": 13768, "number_of_annotations": 41213}}