{"Epoch0": {"train_loss_means": 0.8458146452903748, "val_loss_mean": 0.8294559717178345, "val_f1_majority_bin": 0.0, "val_f1_majority_macro": 0.42584167424931757, "val_acc_majority": 0.741679847240448, "val_f1_individual_binary": 0.0, "val_f1_individual_macro": 0.42951059167275385, "val_acc_individual": 0.7528809309005737, "train_acc_means": 0.7032715082168579, "train_time_millis": 10007.554806999991, "eval_time_millis": 1160.6749329999957}, "Epoch1": {"train_loss_means": 0.8041570782661438, "val_loss_mean": 0.8193889856338501, "val_f1_majority_bin": 0.0, "val_f1_majority_macro": 0.42584167424931757, "val_acc_majority": 0.741679847240448, "val_f1_individual_binary": 0.039024390280246735, "val_f1_individual_macro": 0.44692560706004997, "val_acc_individual": 0.7477592825889587, "train_acc_means": 0.7547785043716431, "train_time_millis": 9403.220583000006, "eval_time_millis": 1171.2488539999981}, "Epoch2": {"train_loss_means": 0.7340444922447205, "val_loss_mean": 0.8255133628845215, "val_f1_majority_bin": 0.3602484464645386, "val_f1_majority_macro": 0.5705497555173782, "val_acc_majority": 0.673534095287323, "val_f1_individual_binary": 0.33933162689208984, "val_f1_individual_macro": 0.5601176426757135, "val_acc_individual": 0.6709346771240234, "train_acc_means": 0.7867777347564697, "train_time_millis": 9470.83001499999, "eval_time_millis": 1225.14922000002}, "Epoch3": {"train_loss_means": 0.600172221660614, "val_loss_mean": 0.8675408363342285, "val_f1_majority_bin": 0.26724138855934143, "val_f1_majority_macro": 0.5510964178105122, "val_acc_majority": 0.7305863499641418, "val_f1_individual_binary": 0.21960784494876862, "val_f1_individual_macro": 0.533675382930525, "val_acc_individual": 0.7451984882354736, "train_acc_means": 0.8470384478569031, "train_time_millis": 9417.567050000001, "eval_time_millis": 1157.0490059999656}, "Test_results": {"test_f1_majority_binary": 0.20000000298023224, "test_f1_majority_macro": 0.5163636363636364, "test_acc_majority": 0.723308265209198, "test_f1_individual_binary": 0.23076923191547394, "test_f1_individual_macro": 0.5448627536074644, "test_acc_individual": 0.7616209983825684, "test_time_millis": 1226.9687600000339, "dataset_size": 3284, "number_of_annotations": 4128}}