{"Epoch0": {"train_loss_means": 0.23049132525920868, "val_loss_mean": 0.20264442265033722, "val_f1_majority_bin": 0.5176470588235293, "val_f1_majority_macro": 0.6893320039880358, "val_acc_majority": 0.7842105263157895, "val_f1_individual_binary": 0.5352112676056338, "val_f1_individual_macro": 0.7142075755503897, "val_acc_individual": 0.8263157894736842, "train_time_millis": 269.9383929999897, "eval_time_millis": 2292.3654500000057}, "Epoch1": {"train_loss_means": 0.1967715322971344, "val_loss_mean": 0.16782186925411224, "val_f1_majority_bin": 0.5473684210526316, "val_f1_majority_macro": 0.6982456140350877, "val_acc_majority": 0.7736842105263158, "val_f1_individual_binary": 0.5283018867924528, "val_f1_individual_macro": 0.7017549367406524, "val_acc_individual": 0.8026315789473685, "train_time_millis": 269.13607099999126, "eval_time_millis": 1632.351385000021}, "Epoch2": {"train_loss_means": 0.13999411463737488, "val_loss_mean": 0.1600370854139328, "val_f1_majority_bin": 0.5714285714285715, "val_f1_majority_macro": 0.7112462006079028, "val_acc_majority": 0.7789473684210526, "val_f1_individual_binary": 0.5207100591715977, "val_f1_individual_macro": 0.691827110804073, "val_acc_individual": 0.7868421052631579, "train_time_millis": 286.707229000001, "eval_time_millis": 2284.1263309999817}, "Epoch3": {"train_loss_means": 0.11017298698425293, "val_loss_mean": 0.16636960208415985, "val_f1_majority_bin": 0.6017699115044248, "val_f1_majority_macro": 0.7166152928308641, "val_acc_majority": 0.7631578947368421, "val_f1_individual_binary": 0.5279187817258885, "val_f1_individual_macro": 0.6813661404188944, "val_acc_individual": 0.7552631578947369, "train_time_millis": 268.57432700001027, "eval_time_millis": 2218.791476999996}, "Epoch4": {"train_loss_means": 0.08183909952640533, "val_loss_mean": 0.25327345728874207, "val_f1_majority_bin": 0.5365853658536586, "val_f1_majority_macro": 0.7045342936650842, "val_acc_majority": 0.8, "val_f1_individual_binary": 0.510948905109489, "val_f1_individual_macro": 0.7017023819287413, "val_acc_individual": 0.8236842105263158, "train_time_millis": 274.7879290000128, "eval_time_millis": 2287.1199189999916}, "Epoch5": {"train_loss_means": 0.0678718090057373, "val_loss_mean": 0.28341737389564514, "val_f1_majority_bin": 0.5249999999999999, "val_f1_majority_macro": 0.6991666666666666, "val_acc_majority": 0.8, "val_f1_individual_binary": 0.5, "val_f1_individual_macro": 0.697452229299363, "val_acc_individual": 0.8263157894736842, "train_time_millis": 293.54826899998443, "eval_time_millis": 2186.58489500001}, "Epoch6": {"train_loss_means": 0.06014060974121094, "val_loss_mean": 0.2342875450849533, "val_f1_majority_bin": 0.608695652173913, "val_f1_majority_macro": 0.7418478260869564, "val_acc_majority": 0.8105263157894737, "val_f1_individual_binary": 0.5384615384615384, "val_f1_individual_macro": 0.7096281202241467, "val_acc_individual": 0.8105263157894737, "train_time_millis": 270.9450809999794, "eval_time_millis": 2084.8562740000034}, "Epoch7": {"train_loss_means": 0.052389957010746, "val_loss_mean": 0.2649116814136505, "val_f1_majority_bin": 0.5647058823529411, "val_f1_majority_macro": 0.7196410767696908, "val_acc_majority": 0.8052631578947368, "val_f1_individual_binary": 0.5174825174825174, "val_f1_individual_macro": 0.7028255375094921, "val_acc_individual": 0.8184210526315789, "train_time_millis": 268.95649599998706, "eval_time_millis": 2264.1975859999948}, "Epoch8": {"train_loss_means": 0.04542550444602966, "val_loss_mean": 0.3091115653514862, "val_f1_majority_bin": 0.5316455696202532, "val_f1_majority_macro": 0.7043609907901931, "val_acc_majority": 0.8052631578947368, "val_f1_individual_binary": 0.5116279069767442, "val_f1_individual_macro": 0.7058931927910663, "val_acc_individual": 0.8342105263157895, "train_time_millis": 283.5403450000058, "eval_time_millis": 2269.757706000007}, "Epoch9": {"train_loss_means": 0.050249312072992325, "val_loss_mean": 0.31891530752182007, "val_f1_majority_bin": 0.5454545454545453, "val_f1_majority_macro": 0.714971497149715, "val_acc_majority": 0.8157894736842105, "val_f1_individual_binary": 0.5238095238095237, "val_f1_individual_macro": 0.7145861499173802, "val_acc_individual": 0.8421052631578947, "train_time_millis": 326.8150250000019, "eval_time_millis": 2273.4473049999906}, "Test_results": {"test_f1_majority_binary": 0.5454545454545453, "test_f1_majority_macro": 0.714971497149715, "test_acc_majority": 0.8157894736842105, "test_f1_individual_binary": 0.5238095238095237, "test_f1_individual_macro": 0.7145861499173802, "test_acc_individual": 0.8421052631578947, "test_time_millis": 2277.270958999992, "dataset_size": 495, "number_of_annotations": 990, "train_size": 228, "val_size": 380, "test_size": 382}}