{"Epoch0": {"train_loss_means": 0.5702863335609436, "val_loss_mean": 0.4569569528102875, "val_f1_majority_bin": 0.42352941632270813, "val_f1_majority_macro": 0.6698843640020111, "val_acc_majority": 0.8537313342094421, "val_f1_individual_binary": 0.40522876381874084, "val_f1_individual_macro": 0.6522639548872543, "val_acc_individual": 0.8277602791786194, "train_acc_means": 0.9075549840927124, "train_time_millis": 12628.299078000055, "eval_time_millis": 1946.5020160005224}, "Epoch1": {"train_loss_means": 0.3824365735054016, "val_loss_mean": 0.41703155636787415, "val_f1_majority_bin": 0.5310734510421753, "val_f1_majority_macro": 0.7428962430765532, "val_acc_majority": 0.9174129366874695, "val_f1_individual_binary": 0.40597015619277954, "val_f1_individual_macro": 0.6678880728631973, "val_acc_individual": 0.8744479417800903, "train_acc_means": 0.9041895866394043, "train_time_millis": 12079.902976000085, "eval_time_millis": 1943.9041790001284}, "Epoch2": {"train_loss_means": 0.21943561732769012, "val_loss_mean": 0.4755452275276184, "val_f1_majority_bin": 0.4026845693588257, "val_f1_majority_macro": 0.6493563005707834, "val_acc_majority": 0.8228855729103088, "val_f1_individual_binary": 0.4177693724632263, "val_f1_individual_macro": 0.6505734423504873, "val_acc_individual": 0.8056782484054565, "train_acc_means": 0.9440247416496277, "train_time_millis": 12049.159776999659, "eval_time_millis": 1921.259665999969}, "Test_results": {"test_f1_majority_binary": 0.4271186292171478, "test_f1_majority_macro": 0.6627475361048544, "test_acc_majority": 0.8273748755455017, "test_f1_individual_binary": 0.44026342034339905, "test_f1_individual_macro": 0.6629311643701199, "test_acc_individual": 0.8100255131721497, "test_time_millis": 1869.3493959999614, "dataset_size": 4890, "number_of_annotations": 4890}}