{"Epoch0": {"train_loss_means": 0.33997488021850586, "val_loss_mean": 0.332201212644577, "val_f1_majority_bin": 0.3454545454545454, "val_f1_majority_macro": 0.5383989145183175, "val_acc_majority": 0.6190476190476191, "val_f1_individual_binary": 0.3312883435582822, "val_f1_individual_macro": 0.5307431816801311, "val_acc_individual": 0.6155202821869489, "train_time_millis": 12458.743919967674, "eval_time_millis": 4124.961265013553}, "Epoch1": {"train_loss_means": 0.3277360498905182, "val_loss_mean": 0.3418177664279938, "val_f1_majority_bin": 0.23655913978494622, "val_f1_majority_macro": 0.4937181663837012, "val_acc_majority": 0.6243386243386243, "val_f1_individual_binary": 0.20363636363636364, "val_f1_individual_macro": 0.4743443750661445, "val_acc_individual": 0.6137566137566137, "train_time_millis": 12336.385314993095, "eval_time_millis": 4118.503146979492}, "Epoch2": {"train_loss_means": 0.3287958800792694, "val_loss_mean": 0.3266187608242035, "val_f1_majority_bin": 0.48920863309352514, "val_f1_majority_macro": 0.5960687516932062, "val_acc_majority": 0.6243386243386243, "val_f1_individual_binary": 0.4794188861985472, "val_f1_individual_macro": 0.5906109687580807, "val_acc_individual": 0.6208112874779541, "train_time_millis": 12426.161181996576, "eval_time_millis": 4114.824835036416}, "Epoch3": {"train_loss_means": 0.31704258918762207, "val_loss_mean": 0.33099988102912903, "val_f1_majority_bin": 0.5925925925925926, "val_f1_majority_macro": 0.5246913580246912, "val_acc_majority": 0.5343915343915344, "val_f1_individual_binary": 0.5741029641185648, "val_f1_individual_macro": 0.5101752143108037, "val_acc_individual": 0.5185185185185185, "train_time_millis": 12319.165757973678, "eval_time_millis": 4114.379029953852}, "Epoch4": {"train_loss_means": 0.31163546442985535, "val_loss_mean": 0.33072221279144287, "val_f1_majority_bin": 0.5112781954887218, "val_f1_majority_macro": 0.6229860365198712, "val_acc_majority": 0.656084656084656, "val_f1_individual_binary": 0.48969072164948446, "val_f1_individual_macro": 0.6121375860258147, "val_acc_individual": 0.6507936507936508, "train_time_millis": 12383.063977991696, "eval_time_millis": 4120.430092967581}, "Epoch5": {"train_loss_means": 0.2888668477535248, "val_loss_mean": 0.3373372256755829, "val_f1_majority_bin": 0.4923076923076924, "val_f1_majority_macro": 0.6130893300248139, "val_acc_majority": 0.6507936507936508, "val_f1_individual_binary": 0.46965699208443273, "val_f1_individual_macro": 0.6017159132607595, "val_acc_individual": 0.6455026455026455, "train_time_millis": 12310.87937502889, "eval_time_millis": 3163.5751880239695}, "Epoch6": {"train_loss_means": 0.27671098709106445, "val_loss_mean": 0.34913933277130127, "val_f1_majority_bin": 0.4964539007092199, "val_f1_majority_macro": 0.5984379208187449, "val_acc_majority": 0.6243386243386243, "val_f1_individual_binary": 0.47088607594936704, "val_f1_individual_macro": 0.5940357308028297, "val_acc_individual": 0.6313932980599647, "train_time_millis": 12344.41527700983, "eval_time_millis": 4112.115039024502}, "Epoch7": {"train_loss_means": 0.2495310753583908, "val_loss_mean": 0.36609241366386414, "val_f1_majority_bin": 0.4931506849315069, "val_f1_majority_macro": 0.5870925838450638, "val_acc_majority": 0.6084656084656085, "val_f1_individual_binary": 0.4757281553398058, "val_f1_individual_macro": 0.5882795901352769, "val_acc_individual": 0.6190476190476191, "train_time_millis": 12402.485406026244, "eval_time_millis": 4115.570502995979}, "Epoch8": {"train_loss_means": 0.23463912308216095, "val_loss_mean": 0.36818939447402954, "val_f1_majority_bin": 0.584795321637427, "val_f1_majority_macro": 0.6209000762776506, "val_acc_majority": 0.6243386243386243, "val_f1_individual_binary": 0.5450819672131147, "val_f1_individual_macro": 0.6007143582195604, "val_acc_individual": 0.6084656084656085, "train_time_millis": 12333.290801034309, "eval_time_millis": 3104.338730976451}, "Epoch9": {"train_loss_means": 0.22027136385440826, "val_loss_mean": 0.37293222546577454, "val_f1_majority_bin": 0.5649717514124294, "val_f1_majority_macro": 0.5909435871490007, "val_acc_majority": 0.5925925925925926, "val_f1_individual_binary": 0.5555555555555556, "val_f1_individual_macro": 0.6, "val_acc_individual": 0.6049382716049383, "train_time_millis": 12366.439809964504, "eval_time_millis": 4128.216472978238}, "Test_results": {"test_f1_majority_binary": 0.5112781954887218, "test_f1_majority_macro": 0.6229860365198712, "test_acc_majority": 0.656084656084656, "test_f1_individual_binary": 0.48969072164948446, "test_f1_individual_macro": 0.6121375860258147, "test_acc_individual": 0.6507936507936508, "test_time_millis": 4105.639743967913, "dataset_size": 773, "number_of_annotations": 2319, "train_size": 1185, "val_size": 567, "test_size": 567}}