{"Epoch0": {"train_loss_means": 0.14502115547657013, "val_loss_mean": 0.13913077116012573, "val_f1_majority_bin": 0.3818479149632052, "val_f1_majority_macro": 0.6032209412403033, "val_acc_majority": 0.7267305259352973, "val_f1_individual_binary": 0.41651659377411887, "val_f1_individual_macro": 0.6161679931677155, "val_acc_individual": 0.7200172828837726, "train_time_millis": 24753.90485097887, "eval_time_millis": 12279.260597017128}, "Epoch1": {"train_loss_means": 0.11755353957414627, "val_loss_mean": 0.13834317028522491, "val_f1_majority_bin": 0.41202872531418305, "val_f1_majority_macro": 0.6319025726593545, "val_acc_majority": 0.7632387493222483, "val_f1_individual_binary": 0.43708795062421096, "val_f1_individual_macro": 0.6391509471793155, "val_acc_individual": 0.7522992407876057, "train_time_millis": 24635.742750018835, "eval_time_millis": 12753.785152046476}, "Epoch2": {"train_loss_means": 0.103421650826931, "val_loss_mean": 0.13978637754917145, "val_f1_majority_bin": 0.462800875273523, "val_f1_majority_macro": 0.6782504051621999, "val_acc_majority": 0.822519428881258, "val_f1_individual_binary": 0.46081399260006733, "val_f1_individual_macro": 0.6698158260550987, "val_acc_individual": 0.8021109808036541, "train_time_millis": 24819.240170007106, "eval_time_millis": 12357.258574978914}, "Epoch3": {"train_loss_means": 0.0902010053396225, "val_loss_mean": 0.16045676171779633, "val_f1_majority_bin": 0.46454494695700715, "val_f1_majority_macro": 0.6805743602709564, "val_acc_majority": 0.8266763058015543, "val_f1_individual_binary": 0.4595103578154425, "val_f1_individual_macro": 0.6703259405507317, "val_acc_individual": 0.8051354854638603, "train_time_millis": 24754.37066401355, "eval_time_millis": 13264.727364003193}, "Epoch4": {"train_loss_means": 0.08079313486814499, "val_loss_mean": 0.16636988520622253, "val_f1_majority_bin": 0.4386579869804708, "val_f1_majority_macro": 0.6575250459767278, "val_acc_majority": 0.7973974335803362, "val_f1_individual_binary": 0.4449968924798011, "val_f1_individual_macro": 0.6537161925235022, "val_acc_individual": 0.7795197827294611, "train_time_millis": 24542.231150029693, "eval_time_millis": 12104.104480997194}, "Epoch5": {"train_loss_means": 0.07449221611022949, "val_loss_mean": 0.18627150356769562, "val_f1_majority_bin": 0.4350877192982456, "val_f1_majority_macro": 0.6554228145603784, "val_acc_majority": 0.7963130309054762, "val_f1_individual_binary": 0.4468217054263565, "val_f1_individual_macro": 0.65466855924832, "val_acc_individual": 0.7797666810690698, "train_time_millis": 24761.200320965145, "eval_time_millis": 13145.119594002608}, "Epoch6": {"train_loss_means": 0.07096009701490402, "val_loss_mean": 0.19305287301540375, "val_f1_majority_bin": 0.43703334992533605, "val_f1_majority_macro": 0.6560787816205018, "val_acc_majority": 0.7955900957889029, "val_f1_individual_binary": 0.44406727356889364, "val_f1_individual_macro": 0.652534003282653, "val_acc_individual": 0.777606320597494, "train_time_millis": 24609.967903990764, "eval_time_millis": 13415.478634997271}, "Epoch7": {"train_loss_means": 0.06707325577735901, "val_loss_mean": 0.21806542575359344, "val_f1_majority_bin": 0.4488484199250134, "val_f1_majority_macro": 0.6684942175720295, "val_acc_majority": 0.8140249412615218, "val_f1_individual_binary": 0.44730331519049976, "val_f1_individual_macro": 0.6600387641672533, "val_acc_individual": 0.79316091599284, "train_time_millis": 24776.80341497762, "eval_time_millis": 13151.266772998497}, "Epoch8": {"train_loss_means": 0.06542360037565231, "val_loss_mean": 0.2225959599018097, "val_f1_majority_bin": 0.44871794871794873, "val_f1_majority_macro": 0.6682354155162509, "val_acc_majority": 0.8134827399240918, "val_f1_individual_binary": 0.44703947368421054, "val_f1_individual_macro": 0.6596568084931956, "val_acc_individual": 0.7924819455589162, "train_time_millis": 24705.296281026676, "eval_time_millis": 13136.346473009326}, "Epoch9": {"train_loss_means": 0.06396926194429398, "val_loss_mean": 0.235634446144104, "val_f1_majority_bin": 0.46524663677130046, "val_f1_majority_macro": 0.6812335317017458, "val_acc_majority": 0.827579974697271, "val_f1_individual_binary": 0.4549828178694158, "val_f1_individual_macro": 0.6678269743549171, "val_acc_individual": 0.8042096166903278, "train_time_millis": 24572.812252037693, "eval_time_millis": 11108.761256036814}, "Test_results": {"test_f1_majority_binary": 0.46454494695700715, "test_f1_majority_macro": 0.6805743602709564, "test_acc_majority": 0.8266763058015543, "test_f1_individual_binary": 0.4595103578154425, "test_f1_individual_macro": 0.6703259405507317, "test_acc_individual": 0.8051354854638603, "test_time_millis": 11272.969743993599, "dataset_size": 15214, "number_of_annotations": 43910, "train_size": 11480, "val_size": 16201, "test_size": 16229}}