{"Epoch0": {"train_loss_means": 0.027679260820150375, "val_loss_mean": 0.038742795586586, "val_f1_majority_bin": 0.06416131989000917, "val_f1_majority_macro": 0.2853431055709108, "val_acc_majority": 0.3537974683544304, "val_f1_individual_binary": 0.07234279354479689, "val_f1_individual_macro": 0.28935469555830307, "val_acc_individual": 0.3556242752222652, "train_time_millis": 403.01941399957286, "eval_time_millis": 4277.23663100187}, "Epoch1": {"train_loss_means": 0.026997722685337067, "val_loss_mean": 0.039143916219472885, "val_f1_majority_bin": 0.06605019815059446, "val_f1_majority_macro": 0.3859173171360546, "val_acc_majority": 0.5525316455696202, "val_f1_individual_binary": 0.0694888178913738, "val_f1_individual_macro": 0.3862232462735809, "val_acc_individual": 0.5496714340935447, "train_time_millis": 396.9994580002094, "eval_time_millis": 4179.949175002548}, "Epoch2": {"train_loss_means": 0.027176737785339355, "val_loss_mean": 0.03918344900012016, "val_f1_majority_bin": 0.06695778748180495, "val_f1_majority_macro": 0.4038792172346348, "val_acc_majority": 0.5943037974683544, "val_f1_individual_binary": 0.07239424334932404, "val_f1_individual_macro": 0.4041673265163753, "val_acc_individual": 0.5889060688055663, "train_time_millis": 407.21074500106624, "eval_time_millis": 4183.1804670000565}, "Epoch3": {"train_loss_means": 0.02799150161445141, "val_loss_mean": 0.03953061252832413, "val_f1_majority_bin": 0.06479481641468682, "val_f1_majority_macro": 0.4521230292677809, "val_acc_majority": 0.7259493670886076, "val_f1_individual_binary": 0.07133757961783439, "val_f1_individual_macro": 0.45262025939196576, "val_acc_individual": 0.718206416698879, "train_time_millis": 398.6599710005976, "eval_time_millis": 4223.479290998512}, "Epoch4": {"train_loss_means": 0.026360971853137016, "val_loss_mean": 0.03962332010269165, "val_f1_majority_bin": 0.05714285714285714, "val_f1_majority_macro": 0.45630865484880084, "val_acc_majority": 0.7493670886075949, "val_f1_individual_binary": 0.06474313863476425, "val_f1_individual_macro": 0.4579344683876185, "val_acc_individual": 0.7431387707769618, "train_time_millis": 406.37067799980287, "eval_time_millis": 4199.9953699996695}, "Epoch5": {"train_loss_means": 0.026967085897922516, "val_loss_mean": 0.03959530219435692, "val_f1_majority_bin": 0.061320754716981125, "val_f1_majority_macro": 0.4579264592298356, "val_acc_majority": 0.7481012658227848, "val_f1_individual_binary": 0.06834030683403068, "val_f1_individual_macro": 0.45923185411255046, "val_acc_individual": 0.7417858523386162, "train_time_millis": 398.28190299886046, "eval_time_millis": 4198.906468998757}, "Epoch6": {"train_loss_means": 0.026355326175689697, "val_loss_mean": 0.039614733308553696, "val_f1_majority_bin": 0.0541871921182266, "val_f1_majority_macro": 0.4573768204599848, "val_acc_majority": 0.7569620253164557, "val_f1_individual_binary": 0.06395348837209301, "val_f1_individual_macro": 0.4601978765979947, "val_acc_individual": 0.7510630073444143, "train_time_millis": 406.05843200319214, "eval_time_millis": 4208.236187998409}, "Epoch7": {"train_loss_means": 0.025187980383634567, "val_loss_mean": 0.03976006805896759, "val_f1_majority_bin": 0.04558404558404558, "val_f1_majority_macro": 0.46316226131106875, "val_acc_majority": 0.7879746835443038, "val_f1_individual_binary": 0.05927180355630822, "val_f1_individual_macro": 0.46903810533438844, "val_acc_individual": 0.7852725164282953, "train_time_millis": 405.3920099977404, "eval_time_millis": 4221.353130000352}, "Epoch8": {"train_loss_means": 0.025358203798532486, "val_loss_mean": 0.039731308817863464, "val_f1_majority_bin": 0.04456824512534818, "val_f1_majority_macro": 0.4610559897529633, "val_acc_majority": 0.7829113924050632, "val_f1_individual_binary": 0.06090534979423868, "val_f1_individual_macro": 0.4679868914743667, "val_acc_individual": 0.7794742945496714, "train_time_millis": 407.33875700243516, "eval_time_millis": 4272.8143370004545}, "Epoch9": {"train_loss_means": 0.026067513972520828, "val_loss_mean": 0.03976751118898392, "val_f1_majority_bin": 0.046511627906976744, "val_f1_majority_macro": 0.46501717758985206, "val_acc_majority": 0.7924050632911392, "val_f1_individual_binary": 0.06164383561643835, "val_f1_individual_macro": 0.47112692870146533, "val_acc_individual": 0.7881716273676073, "train_time_millis": 405.43256999808364, "eval_time_millis": 4252.752092001174}, "Test_results": {"test_f1_majority_binary": 0.046511627906976744, "test_f1_majority_macro": 0.46501717758985206, "test_acc_majority": 0.7924050632911392, "test_f1_individual_binary": 0.06164383561643835, "test_f1_individual_macro": 0.47112692870146533, "test_acc_individual": 0.7881716273676073, "test_time_millis": 4182.21025800085, "dataset_size": 3248, "number_of_annotations": 10616, "train_size": 400, "val_size": 5174, "test_size": 5042}}