{"Epoch0": {"train_loss_means": 0.04817069694399834, "val_loss_mean": 0.04060531035065651, "val_f1_majority_bin": 0.39393939393939387, "val_f1_majority_macro": 0.6879994780963564, "val_acc_majority": 0.9651507231224952, "val_f1_individual_binary": 0.359591100420926, "val_f1_individual_macro": 0.6707797535187947, "val_acc_individual": 0.9649244145835392, "train_time_millis": 90827.4810630246, "eval_time_millis": 13482.68158902647}, "Epoch1": {"train_loss_means": 0.03632339462637901, "val_loss_mean": 0.041224852204322815, "val_f1_majority_bin": 0.38874680306905374, "val_f1_majority_macro": 0.6835950124301704, "val_acc_majority": 0.9583551141313817, "val_f1_individual_binary": 0.371557336004006, "val_f1_individual_macro": 0.6750939977368869, "val_acc_individual": 0.9586667984059546, "train_time_millis": 90839.86490697134, "eval_time_millis": 11360.08935800055}, "Epoch2": {"train_loss_means": 0.029660509899258614, "val_loss_mean": 0.04609518498182297, "val_f1_majority_bin": 0.37053571428571436, "val_f1_majority_macro": 0.6724845389198291, "val_acc_majority": 0.9508625196027183, "val_f1_individual_binary": 0.3552158273381295, "val_f1_individual_macro": 0.6653519224209024, "val_acc_individual": 0.9527714652702303, "train_time_millis": 90761.42885198351, "eval_time_millis": 12378.92385799205}, "Epoch3": {"train_loss_means": 0.02420518547296524, "val_loss_mean": 0.05681925266981125, "val_f1_majority_bin": 0.3273092369477911, "val_f1_majority_macro": 0.6483996093664275, "val_acc_majority": 0.9416274612301795, "val_f1_individual_binary": 0.33240111865761085, "val_f1_individual_macro": 0.6518505601875726, "val_acc_individual": 0.9449659124592431, "train_time_millis": 90832.81493402319, "eval_time_millis": 11383.452240028419}, "Epoch4": {"train_loss_means": 0.02047920972108841, "val_loss_mean": 0.0710434764623642, "val_f1_majority_bin": 0.33373063170441003, "val_f1_majority_macro": 0.6542279780577482, "val_acc_majority": 0.951298135563687, "val_f1_individual_binary": 0.3468910705937354, "val_f1_individual_macro": 0.6615230951650979, "val_acc_individual": 0.9539900536837599, "train_time_millis": 90776.61879902007, "eval_time_millis": 13378.362272982486}, "Epoch5": {"train_loss_means": 0.017850562930107117, "val_loss_mean": 0.07525186985731125, "val_f1_majority_bin": 0.3527885862516213, "val_f1_majority_macro": 0.6651479555103047, "val_acc_majority": 0.9565255270953128, "val_f1_individual_binary": 0.36243654822335025, "val_f1_individual_macro": 0.6705300039775611, "val_acc_individual": 0.9586338635839673, "train_time_millis": 90827.14072999079, "eval_time_millis": 13373.908140987623}, "Epoch6": {"train_loss_means": 0.01642443612217903, "val_loss_mean": 0.09287871420383453, "val_f1_majority_bin": 0.36788321167883214, "val_f1_majority_macro": 0.6742204437901144, "val_acc_majority": 0.962275657780101, "val_f1_individual_binary": 0.36516853932584264, "val_f1_individual_macro": 0.6729992257244013, "val_acc_individual": 0.9627836511543655, "train_time_millis": 90734.82643597526, "eval_time_millis": 13412.462898006197}, "Epoch7": {"train_loss_means": 0.014878945425152779, "val_loss_mean": 0.1044202670454979, "val_f1_majority_bin": 0.3698630136986301, "val_f1_majority_macro": 0.6745832660502509, "val_acc_majority": 0.9599233315908695, "val_f1_individual_binary": 0.35737009544008486, "val_f1_individual_macro": 0.6683859314725917, "val_acc_individual": 0.960082995751408, "train_time_millis": 90715.43876902433, "eval_time_millis": 13480.008634971455}, "Epoch8": {"train_loss_means": 0.013896692544221878, "val_loss_mean": 0.10713385045528412, "val_f1_majority_bin": 0.3879310344827587, "val_f1_majority_macro": 0.6843967840877405, "val_acc_majority": 0.9628855201254574, "val_f1_individual_binary": 0.3724291272929406, "val_f1_individual_macro": 0.6766349142497591, "val_acc_individual": 0.9628165859763528, "train_time_millis": 90711.99801901821, "eval_time_millis": 11359.775939956307}, "Epoch9": {"train_loss_means": 0.013161644339561462, "val_loss_mean": 0.11498240381479263, "val_f1_majority_bin": 0.38988095238095233, "val_f1_majority_macro": 0.6857410505936354, "val_acc_majority": 0.9642794912005576, "val_f1_individual_binary": 0.3760782058654399, "val_f1_individual_macro": 0.6788421612337014, "val_acc_individual": 0.9642657181437935, "train_time_millis": 90772.16009999393, "eval_time_millis": 13452.543065010104}, "Test_results": {"test_f1_majority_binary": 0.38988095238095233, "test_f1_majority_macro": 0.6857410505936354, "test_acc_majority": 0.9642794912005576, "test_f1_individual_binary": 0.3760782058654399, "test_f1_individual_macro": 0.6788421612337014, "test_acc_individual": 0.9642657181437935, "test_time_millis": 13385.102858999744, "dataset_size": 57414, "number_of_annotations": 151257, "train_size": 90618, "val_size": 30363, "test_size": 30276}}