{"Epoch0": {"train_loss_means": 0.03544836863875389, "val_loss_mean": 0.027081862092018127, "val_f1_majority_bin": 0.3807860262008734, "val_f1_majority_macro": 0.6712298150897335, "val_acc_majority": 0.9278151089391162, "val_f1_individual_binary": 0.3241590214067278, "val_f1_individual_macro": 0.6420299159289597, "val_acc_individual": 0.9242934627462175, "train_time_millis": 33494.21855295077, "eval_time_millis": 9737.01552581042}, "Epoch1": {"train_loss_means": 0.022847194224596024, "val_loss_mean": 0.028836211189627647, "val_f1_majority_bin": 0.44175824175824174, "val_f1_majority_macro": 0.7073208845174255, "val_acc_majority": 0.9482793728364896, "val_f1_individual_binary": 0.38151041666666663, "val_f1_individual_macro": 0.6765735638596962, "val_acc_individual": 0.9457607764773052, "train_time_millis": 33719.03500892222, "eval_time_millis": 7678.6752650514245}, "Epoch2": {"train_loss_means": 0.016938474029302597, "val_loss_mean": 0.034568704664707184, "val_f1_majority_bin": 0.4354485776805252, "val_f1_majority_macro": 0.7039495958343897, "val_acc_majority": 0.9474648747709224, "val_f1_individual_binary": 0.375968992248062, "val_f1_individual_macro": 0.6735588345745417, "val_acc_individual": 0.9448472737653439, "train_time_millis": 33644.37491400167, "eval_time_millis": 9816.21459685266}, "Epoch3": {"train_loss_means": 0.012838692404329777, "val_loss_mean": 0.03828322887420654, "val_f1_majority_bin": 0.4279569892473119, "val_f1_majority_macro": 0.6997645371586565, "val_acc_majority": 0.9458358786397882, "val_f1_individual_binary": 0.37046467218332274, "val_f1_individual_macro": 0.6704530539852027, "val_acc_individual": 0.9435341136168998, "train_time_millis": 33673.494410701096, "eval_time_millis": 9835.673089139163}, "Epoch4": {"train_loss_means": 0.01023486815392971, "val_loss_mean": 0.05026077479124069, "val_f1_majority_bin": 0.43431053203040176, "val_f1_majority_macro": 0.7032418974311064, "val_acc_majority": 0.946955813479943, "val_f1_individual_binary": 0.3747560182173064, "val_f1_individual_macro": 0.6730317277961402, "val_acc_individual": 0.9451327433628318, "train_time_millis": 33744.815356098115, "eval_time_millis": 9792.382608167827}, "Epoch5": {"train_loss_means": 0.008769693784415722, "val_loss_mean": 0.05521789565682411, "val_f1_majority_bin": 0.4311632870864461, "val_f1_majority_macro": 0.7013356393736608, "val_acc_majority": 0.9457340663815923, "val_f1_individual_binary": 0.37046467218332274, "val_f1_individual_macro": 0.6704530539852027, "val_acc_individual": 0.9435341136168998, "train_time_millis": 33758.111104834825, "eval_time_millis": 9836.132687982172}, "Epoch6": {"train_loss_means": 0.00850274134427309, "val_loss_mean": 0.0514327771961689, "val_f1_majority_bin": 0.39923591212989495, "val_f1_majority_macro": 0.6827066262805737, "val_acc_majority": 0.9359600895947872, "val_f1_individual_binary": 0.3455674760022586, "val_f1_individual_macro": 0.6553598828040398, "val_acc_individual": 0.9338281473023123, "train_time_millis": 33753.47867188975, "eval_time_millis": 9776.83084225282}, "Epoch7": {"train_loss_means": 0.007394362706691027, "val_loss_mean": 0.05778861045837402, "val_f1_majority_bin": 0.43841807909604524, "val_f1_majority_macro": 0.7059620647625864, "val_acc_majority": 0.9493993076766443, "val_f1_individual_binary": 0.3783783783783784, "val_f1_individual_macro": 0.6754783099045394, "val_acc_individual": 0.9474735940622324, "train_time_millis": 33799.82512630522, "eval_time_millis": 9825.922782998532}, "Epoch8": {"train_loss_means": 0.006680939346551895, "val_loss_mean": 0.07105112075805664, "val_f1_majority_bin": 0.48633879781420764, "val_f1_majority_macro": 0.7332286205653102, "val_acc_majority": 0.9617185909183465, "val_f1_individual_binary": 0.4257425742574258, "val_f1_individual_macro": 0.7025809092234554, "val_acc_individual": 0.9602626320296889, "train_time_millis": 33779.06094677746, "eval_time_millis": 9956.187606789172}, "Epoch9": {"train_loss_means": 0.00676247663795948, "val_loss_mean": 0.07193458080291748, "val_f1_majority_bin": 0.483695652173913, "val_f1_majority_macro": 0.7317991694336881, "val_acc_majority": 0.961311341885563, "val_f1_individual_binary": 0.42105263157894735, "val_f1_individual_macro": 0.7001164263945485, "val_acc_individual": 0.9598058806737082, "train_time_millis": 33773.07249698788, "eval_time_millis": 7718.454713001847}, "Test_results": {"test_f1_majority_binary": 0.48633879781420764, "test_f1_majority_macro": 0.7332286205653102, "test_acc_majority": 0.9617185909183465, "test_f1_individual_binary": 0.4257425742574258, "test_f1_individual_macro": 0.7025809092234554, "test_acc_individual": 0.9602626320296889, "test_time_millis": 9779.447935987264, "dataset_size": 38692, "number_of_annotations": 67066, "train_size": 32158, "val_size": 17515, "test_size": 17393}}