{"Epoch0": {"train_loss_means": 0.2645612359046936, "val_loss_mean": 0.2553563416004181, "val_f1_majority_bin": 0.22826086956521738, "val_f1_majority_macro": 0.5285882661079099, "val_acc_majority": 0.7199211045364892, "val_f1_individual_binary": 0.21904761904761905, "val_f1_individual_macro": 0.5276874821785, "val_acc_individual": 0.7293729372937293, "train_time_millis": 22989.07131800661, "eval_time_millis": 3364.9596340110293}, "Epoch1": {"train_loss_means": 0.2530636787414551, "val_loss_mean": 0.2555330693721771, "val_f1_majority_bin": 0.4475138121546961, "val_f1_majority_macro": 0.5703826729485137, "val_acc_majority": 0.6055226824457594, "val_f1_individual_binary": 0.45011600928074247, "val_f1_individual_macro": 0.5733294515033673, "val_acc_individual": 0.6089108910891089, "train_time_millis": 22485.81274600292, "eval_time_millis": 2593.5179910011357}, "Epoch2": {"train_loss_means": 0.21417416632175446, "val_loss_mean": 0.27671441435813904, "val_f1_majority_bin": 0.35000000000000003, "val_f1_majority_macro": 0.5510217983651227, "val_acc_majority": 0.6410256410256411, "val_f1_individual_binary": 0.3343465045592705, "val_f1_individual_macro": 0.5431641922569852, "val_acc_individual": 0.6386138613861386, "train_time_millis": 22454.536574005033, "eval_time_millis": 2592.024337995099}, "Epoch3": {"train_loss_means": 0.14279599487781525, "val_loss_mean": 0.4042096436023712, "val_f1_majority_bin": 0.36474164133738607, "val_f1_majority_macro": 0.5298160761431455, "val_acc_majority": 0.5877712031558185, "val_f1_individual_binary": 0.3359580052493439, "val_f1_individual_macro": 0.5157527691710017, "val_acc_individual": 0.5825082508250825, "train_time_millis": 22494.729981001, "eval_time_millis": 2754.873782003415}, "Epoch4": {"train_loss_means": 0.07732006907463074, "val_loss_mean": 0.5940316915512085, "val_f1_majority_bin": 0.3719298245614035, "val_f1_majority_macro": 0.5631939932134864, "val_acc_majority": 0.6469428007889546, "val_f1_individual_binary": 0.3536585365853658, "val_f1_individual_macro": 0.5569197660302395, "val_acc_individual": 0.6501650165016502, "train_time_millis": 22585.45353100635, "eval_time_millis": 4628.635077999206}, "Epoch5": {"train_loss_means": 0.04717697575688362, "val_loss_mean": 0.6156128644943237, "val_f1_majority_bin": 0.4220183486238532, "val_f1_majority_macro": 0.5734545891590882, "val_acc_majority": 0.6272189349112426, "val_f1_individual_binary": 0.418848167539267, "val_f1_individual_macro": 0.5756891440105973, "val_acc_individual": 0.6336633663366337, "train_time_millis": 22543.216948994086, "eval_time_millis": 2603.659811997204}, "Epoch6": {"train_loss_means": 0.0349031500518322, "val_loss_mean": 0.8641536831855774, "val_f1_majority_bin": 0.3781512605042017, "val_f1_majority_macro": 0.5937148055098329, "val_acc_majority": 0.7080867850098619, "val_f1_individual_binary": 0.3584229390681004, "val_f1_individual_macro": 0.5832843527066118, "val_acc_individual": 0.7046204620462047, "train_time_millis": 22552.250685999752, "eval_time_millis": 3405.4909389960812}, "Epoch7": {"train_loss_means": 0.025670696049928665, "val_loss_mean": 0.8755374550819397, "val_f1_majority_bin": 0.3846153846153846, "val_f1_majority_macro": 0.6, "val_acc_majority": 0.7159763313609467, "val_f1_individual_binary": 0.36496350364963503, "val_f1_individual_macro": 0.589731218775777, "val_acc_individual": 0.7128712871287128, "train_time_millis": 22539.738293009577, "eval_time_millis": 2604.1048920014873}, "Epoch8": {"train_loss_means": 0.02019844762980938, "val_loss_mean": 1.0101938247680664, "val_f1_majority_bin": 0.3502304147465438, "val_f1_majority_macro": 0.58665849470075, "val_acc_majority": 0.7218934911242604, "val_f1_individual_binary": 0.33201581027667987, "val_f1_individual_macro": 0.5778952878286423, "val_acc_individual": 0.7211221122112211, "train_time_millis": 22563.051181001356, "eval_time_millis": 2601.220390002709}, "Epoch9": {"train_loss_means": 0.018258018419146538, "val_loss_mean": 0.9786036610603333, "val_f1_majority_bin": 0.3793103448275862, "val_f1_majority_macro": 0.5975835611605962, "val_acc_majority": 0.7159763313609467, "val_f1_individual_binary": 0.36162361623616235, "val_f1_individual_macro": 0.5888883224645212, "val_acc_individual": 0.7145214521452146, "train_time_millis": 22565.12652800302, "eval_time_millis": 2600.8508109953254}, "Test_results": {"test_f1_majority_binary": 0.3793103448275862, "test_f1_majority_macro": 0.5975835611605962, "test_acc_majority": 0.7159763313609467, "test_f1_individual_binary": 0.36162361623616235, "test_f1_individual_macro": 0.5888883224645212, "test_acc_individual": 0.7145214521452146, "test_time_millis": 4123.754440995981, "dataset_size": 2787, "number_of_annotations": 3265, "train_size": 1878, "val_size": 606, "test_size": 781}}