{"Epoch0": {"train_loss_means": 0.28356799483299255, "val_loss_mean": 0.28997987508773804, "val_f1_majority_bin": 0.4692251991310644, "val_f1_majority_macro": 0.5676422123217963, "val_acc_majority": 0.5900447427293065, "val_f1_individual_binary": 0.47368421052631576, "val_f1_individual_macro": 0.5700209745866055, "val_acc_individual": 0.5916052183777651, "train_time_millis": 110787.62665900103, "eval_time_millis": 14509.35636199938}, "Epoch1": {"train_loss_means": 0.23863431811332703, "val_loss_mean": 0.3059695363044739, "val_f1_majority_bin": 0.48275862068965514, "val_f1_majority_macro": 0.5649917280306225, "val_acc_majority": 0.5805369127516778, "val_f1_individual_binary": 0.4860917941585536, "val_f1_individual_macro": 0.5660822955467097, "val_acc_individual": 0.580828133862734, "train_time_millis": 111242.92298200089, "eval_time_millis": 12540.16774000047}, "Epoch2": {"train_loss_means": 0.17971841990947723, "val_loss_mean": 0.3633754253387451, "val_f1_majority_bin": 0.4444444444444445, "val_f1_majority_macro": 0.5760421112533789, "val_acc_majority": 0.6168903803131991, "val_f1_individual_binary": 0.43492586490939045, "val_f1_individual_macro": 0.5691065310706122, "val_acc_individual": 0.6108905275099262, "train_time_millis": 111250.32218800152, "eval_time_millis": 14526.626053000655}, "Epoch3": {"train_loss_means": 0.14027583599090576, "val_loss_mean": 0.4364846646785736, "val_f1_majority_bin": 0.42686292548298066, "val_f1_majority_macro": 0.5882807998246562, "val_acc_majority": 0.651565995525727, "val_f1_individual_binary": 0.4127579737335835, "val_f1_individual_macro": 0.5791432145090682, "val_acc_individual": 0.6449234259784459, "train_time_millis": 111202.64882400079, "eval_time_millis": 12472.009478000473}, "Epoch4": {"train_loss_means": 0.1140739917755127, "val_loss_mean": 0.5140875577926636, "val_f1_majority_bin": 0.41697416974169743, "val_f1_majority_macro": 0.581681306379677, "val_acc_majority": 0.6465324384787472, "val_f1_individual_binary": 0.41732650209594785, "val_f1_individual_macro": 0.5811403152681575, "val_acc_individual": 0.6452070334656835, "train_time_millis": 111225.05017399999, "eval_time_millis": 14490.582094000274}, "Epoch5": {"train_loss_means": 0.09843123704195023, "val_loss_mean": 0.6387873888015747, "val_f1_majority_bin": 0.40711462450592883, "val_f1_majority_macro": 0.5865526320657569, "val_acc_majority": 0.6644295302013423, "val_f1_individual_binary": 0.408708560118753, "val_f1_individual_macro": 0.5855906147840834, "val_acc_individual": 0.6610890527509926, "train_time_millis": 111193.30444600018, "eval_time_millis": 14592.489377000675}, "Epoch6": {"train_loss_means": 0.08822138607501984, "val_loss_mean": 0.6222453117370605, "val_f1_majority_bin": 0.4285714285714286, "val_f1_majority_macro": 0.5909870753745854, "val_acc_majority": 0.6554809843400448, "val_f1_individual_binary": 0.41877934272300466, "val_f1_individual_macro": 0.5836277859490684, "val_acc_individual": 0.6488939307997731, "train_time_millis": 111366.46624499917, "eval_time_millis": 14537.409408001622}, "Epoch7": {"train_loss_means": 0.08265018463134766, "val_loss_mean": 0.7422674894332886, "val_f1_majority_bin": 0.41882804995196926, "val_f1_majority_macro": 0.5900846364158269, "val_acc_majority": 0.6616331096196868, "val_f1_individual_binary": 0.40814348036839554, "val_f1_individual_macro": 0.5817025279172103, "val_acc_individual": 0.6537152580828134, "train_time_millis": 111188.12225500005, "eval_time_millis": 14468.33681499993}, "Epoch8": {"train_loss_means": 0.07465625554323196, "val_loss_mean": 0.8050061464309692, "val_f1_majority_bin": 0.3975659229208925, "val_f1_majority_macro": 0.5841111467886315, "val_acc_majority": 0.6677852348993288, "val_f1_individual_binary": 0.3806584362139917, "val_f1_individual_macro": 0.5724748719832684, "val_acc_individual": 0.6585365853658537, "train_time_millis": 111197.30381699992, "eval_time_millis": 14484.849220998512}, "Epoch9": {"train_loss_means": 0.07002323865890503, "val_loss_mean": 0.7983717918395996, "val_f1_majority_bin": 0.4, "val_f1_majority_macro": 0.581917381137958, "val_acc_majority": 0.6610738255033557, "val_f1_individual_binary": 0.38919459729864936, "val_f1_individual_macro": 0.5737779833910622, "val_acc_individual": 0.6537152580828134, "train_time_millis": 111244.531757, "eval_time_millis": 14478.169052001249}, "Test_results": {"test_f1_majority_binary": 0.40711462450592883, "test_f1_majority_macro": 0.5865526320657569, "test_acc_majority": 0.6644295302013423, "test_f1_individual_binary": 0.408708560118753, "test_f1_individual_macro": 0.5855906147840834, "test_acc_individual": 0.6610890527509926, "test_time_millis": 12452.82300800136, "dataset_size": 9352, "number_of_annotations": 17830, "train_size": 10463, "val_size": 3526, "test_size": 3841}}