{"Epoch0": {"train_loss_means": 1.058564305305481, "val_loss_mean": 0.988621711730957, "val_f1_majority_bin": 0.0, "val_f1_majority_macro": 0.49607309686361073, "val_acc_majority": 0.98441481590271, "val_f1_individual_binary": 0.0, "val_f1_individual_macro": 0.4965851957336743, "val_acc_individual": 0.9864334464073181, "train_acc_means": 0.9630590081214905, "train_time_millis": 77094.89237004891, "eval_time_millis": 14528.867815970443}, "Epoch1": {"train_loss_means": 0.9215410947799683, "val_loss_mean": 0.9361331462860107, "val_f1_majority_bin": 0.0, "val_f1_majority_macro": 0.49607309686361073, "val_acc_majority": 0.98441481590271, "val_f1_individual_binary": 0.0, "val_f1_individual_macro": 0.4965851957336743, "val_acc_individual": 0.9864334464073181, "train_acc_means": 0.9865832924842834, "train_time_millis": 77143.28052202472, "eval_time_millis": 14446.890768012963}, "Epoch2": {"train_loss_means": 0.8801940679550171, "val_loss_mean": 0.8765010237693787, "val_f1_majority_bin": 0.1770833283662796, "val_f1_majority_macro": 0.584478298700408, "val_acc_majority": 0.9839054942131042, "val_f1_individual_binary": 0.19594594836235046, "val_f1_individual_macro": 0.5945084335529194, "val_acc_individual": 0.9862602353096008, "train_acc_means": 0.9866753816604614, "train_time_millis": 77690.93030097429, "eval_time_millis": 14482.077372027561}, "Epoch3": {"train_loss_means": 0.8111493587493896, "val_loss_mean": 0.8089408278465271, "val_f1_majority_bin": 0.25589224696159363, "val_f1_majority_macro": 0.6222316944766135, "val_acc_majority": 0.9774880409240723, "val_f1_individual_binary": 0.2566191554069519, "val_f1_individual_macro": 0.6229659714464495, "val_acc_individual": 0.9789285063743591, "train_acc_means": 0.982626736164093, "train_time_millis": 77345.33711301629, "eval_time_millis": 14594.705341965891}, "Epoch4": {"train_loss_means": 0.7495691776275635, "val_loss_mean": 0.7724655866622925, "val_f1_majority_bin": 0.28373703360557556, "val_f1_majority_macro": 0.636518292415715, "val_acc_majority": 0.9789141416549683, "val_f1_individual_binary": 0.2946058213710785, "val_f1_individual_macro": 0.6423266151199034, "val_acc_individual": 0.9803717732429504, "train_acc_means": 0.9769565463066101, "train_time_millis": 77391.80217299145, "eval_time_millis": 14466.928362031467}, "Epoch5": {"train_loss_means": 0.6869833469390869, "val_loss_mean": 0.7271271347999573, "val_f1_majority_bin": 0.3076923191547394, "val_f1_majority_macro": 0.6468309802855635, "val_acc_majority": 0.9724966883659363, "val_f1_individual_binary": 0.2956259548664093, "val_f1_individual_macro": 0.6409414843349377, "val_acc_individual": 0.9730400443077087, "train_acc_means": 0.9791547060012817, "train_time_millis": 77067.53717397805, "eval_time_millis": 14611.92552401917}, "Epoch6": {"train_loss_means": 0.6213662624359131, "val_loss_mean": 0.7032009363174438, "val_f1_majority_bin": 0.3589743673801422, "val_f1_majority_macro": 0.6729916484125589, "val_acc_majority": 0.9745339751243591, "val_f1_individual_binary": 0.3272727131843567, "val_f1_individual_macro": 0.6571038777606574, "val_acc_individual": 0.9743678569793701, "train_acc_means": 0.9727598428726196, "train_time_millis": 77097.53011103021, "eval_time_millis": 14646.180204988923}, "Epoch7": {"train_loss_means": 0.5928285121917725, "val_loss_mean": 0.7114667892456055, "val_f1_majority_bin": 0.23426061868667603, "val_f1_majority_macro": 0.6033315633374597, "val_acc_majority": 0.946725070476532, "val_f1_individual_binary": 0.20893007516860962, "val_f1_individual_macro": 0.5904321001099401, "val_acc_individual": 0.945791482925415, "train_acc_means": 0.9733970761299133, "train_time_millis": 77117.0877420227, "eval_time_millis": 14662.298245995771}, "Epoch8": {"train_loss_means": 0.5313417911529541, "val_loss_mean": 0.7018734216690063, "val_f1_majority_bin": 0.302325576543808, "val_f1_majority_macro": 0.6417475799015661, "val_acc_majority": 0.9633288979530334, "val_f1_individual_binary": 0.27562642097473145, "val_f1_individual_macro": 0.6283954543375505, "val_acc_individual": 0.9632836580276489, "train_acc_means": 0.9731854200363159, "train_time_millis": 77130.01916802023, "eval_time_millis": 14464.725547994021}, "Epoch9": {"train_loss_means": 0.509698212146759, "val_loss_mean": 0.7031081914901733, "val_f1_majority_bin": 0.31622177362442017, "val_f1_majority_macro": 0.6494150037068658, "val_acc_majority": 0.9660792350769043, "val_f1_individual_binary": 0.2832929790019989, "val_f1_individual_macro": 0.632893753874357, "val_acc_individual": 0.9658238291740417, "train_acc_means": 0.9724210500717163, "train_time_millis": 77413.28054998303, "eval_time_millis": 14452.422247966751}, "Test_results": {"test_f1_majority_binary": 0.2975206673145294, "test_f1_majority_macro": 0.6398784079034863, "test_acc_majority": 0.9653485417366028, "test_f1_individual_binary": 0.2588522732257843, "test_f1_individual_macro": 0.6205573061889359, "test_acc_individual": 0.9653539061546326, "test_time_millis": 14691.639399039559, "dataset_size": 49294, "number_of_annotations": 87322}}