{"Epoch0": {"train_loss_means": 0.09581167250871658, "val_loss_mean": 0.06665835529565811, "val_f1_majority_bin": 0.5125, "val_f1_majority_macro": 0.6985576923076923, "val_acc_majority": 0.8133971291866029, "val_f1_individual_binary": 0.4787234042553192, "val_f1_individual_macro": 0.6823849579416131, "val_acc_individual": 0.8129770992366412, "train_time_millis": 3878.491538999924, "eval_time_millis": 2607.277730000078}, "Epoch1": {"train_loss_means": 0.04317310452461243, "val_loss_mean": 0.06471600383520126, "val_f1_majority_bin": 0.6947368421052632, "val_f1_majority_macro": 0.8278002699055331, "val_acc_majority": 0.930622009569378, "val_f1_individual_binary": 0.6428571428571429, "val_f1_individual_macro": 0.8000610500610501, "val_acc_individual": 0.9236641221374046, "train_time_millis": 4015.6782040000962, "eval_time_millis": 2605.9092400000736}, "Epoch2": {"train_loss_means": 0.028285805135965347, "val_loss_mean": 0.05566111579537392, "val_f1_majority_bin": 0.6029411764705883, "val_f1_majority_macro": 0.7628991596638656, "val_acc_majority": 0.8708133971291866, "val_f1_individual_binary": 0.5625, "val_f1_individual_macro": 0.7418355855855856, "val_acc_individual": 0.8664122137404581, "train_time_millis": 3961.234934999993, "eval_time_millis": 2571.8863619999865}, "Epoch3": {"train_loss_means": 0.021445568650960922, "val_loss_mean": 0.06954801827669144, "val_f1_majority_bin": 0.6201550387596899, "val_f1_majority_macro": 0.7754240540333103, "val_acc_majority": 0.8827751196172249, "val_f1_individual_binary": 0.5751633986928105, "val_f1_individual_macro": 0.751268850184394, "val_acc_individual": 0.8759541984732825, "train_time_millis": 3934.923549999894, "eval_time_millis": 2578.2376129998283}, "Epoch4": {"train_loss_means": 0.018891043961048126, "val_loss_mean": 0.09284166991710663, "val_f1_majority_bin": 0.6956521739130435, "val_f1_majority_macro": 0.8290088826554465, "val_acc_majority": 0.9330143540669856, "val_f1_individual_binary": 0.6363636363636364, "val_f1_individual_macro": 0.7968598565613492, "val_acc_individual": 0.9236641221374046, "train_time_millis": 4005.303571000013, "eval_time_millis": 2590.486585000008}, "Epoch5": {"train_loss_means": 0.01496480219066143, "val_loss_mean": 0.08585518598556519, "val_f1_majority_bin": 0.6666666666666667, "val_f1_majority_macro": 0.810172570390554, "val_acc_majority": 0.9186602870813397, "val_f1_individual_binary": 0.6115702479338844, "val_f1_individual_macro": 0.7804345306551839, "val_acc_individual": 0.9103053435114504, "train_time_millis": 3994.6503429998756, "eval_time_millis": 2625.9147450000455}, "Epoch6": {"train_loss_means": 0.015304329805076122, "val_loss_mean": 0.09438976645469666, "val_f1_majority_bin": 0.7021276595744682, "val_f1_majority_macro": 0.8321959052589323, "val_acc_majority": 0.9330143540669856, "val_f1_individual_binary": 0.6428571428571429, "val_f1_individual_macro": 0.8000610500610501, "val_acc_individual": 0.9236641221374046, "train_time_millis": 3897.6318709999305, "eval_time_millis": 2626.404460999993}, "Epoch7": {"train_loss_means": 0.01051559578627348, "val_loss_mean": 0.10385974496603012, "val_f1_majority_bin": 0.7555555555555555, "val_f1_majority_macro": 0.8630324694667858, "val_acc_majority": 0.9473684210526315, "val_f1_individual_binary": 0.6981132075471698, "val_f1_individual_macro": 0.8320714657693387, "val_acc_individual": 0.9389312977099237, "train_time_millis": 3955.761283000129, "eval_time_millis": 1946.5794899999764}, "Epoch8": {"train_loss_means": 0.008524087257683277, "val_loss_mean": 0.11861872673034668, "val_f1_majority_bin": 0.7640449438202247, "val_f1_majority_macro": 0.8679662470105141, "val_acc_majority": 0.9497607655502392, "val_f1_individual_binary": 0.7115384615384615, "val_f1_individual_macro": 0.8398794002607561, "val_acc_individual": 0.9427480916030534, "train_time_millis": 4018.85276400003, "eval_time_millis": 2579.390885000066}, "Epoch9": {"train_loss_means": 0.006835719104856253, "val_loss_mean": 0.12599506974220276, "val_f1_majority_bin": 0.7586206896551724, "val_f1_majority_macro": 0.8652916532388011, "val_acc_majority": 0.9497607655502392, "val_f1_individual_binary": 0.72, "val_f1_individual_macro": 0.8452320675105485, "val_acc_individual": 0.9465648854961832, "train_time_millis": 3966.540329999816, "eval_time_millis": 872.8319670001383}, "Test_results": {"test_f1_majority_binary": 0.7586206896551724, "test_f1_majority_macro": 0.8652916532388011, "test_acc_majority": 0.9497607655502392, "test_f1_individual_binary": 0.72, "test_f1_individual_macro": 0.8452320675105485, "test_acc_individual": 0.9465648854961832, "test_time_millis": 2149.0070909999304, "dataset_size": 2002, "number_of_annotations": 2493, "train_size": 1440, "val_size": 524, "test_size": 529}}