{"Epoch0": {"train_loss_means": 0.026744719594717026, "val_loss_mean": 0.019352491945028305, "val_f1_majority_bin": 0.22222222222222224, "val_f1_majority_macro": 0.601123341033655, "val_acc_majority": 0.9610492845786963, "val_f1_individual_binary": 0.2602739726027397, "val_f1_individual_macro": 0.6211668866335958, "val_acc_individual": 0.9649691858579306, "train_time_millis": 10755.940762001046, "eval_time_millis": 2255.6121530014934}, "Epoch1": {"train_loss_means": 0.017631884664297104, "val_loss_mean": 0.012322209775447845, "val_f1_majority_bin": 0.11981566820276497, "val_f1_majority_macro": 0.5183680341883768, "val_acc_majority": 0.8481717011128775, "val_f1_individual_binary": 0.1317829457364341, "val_f1_individual_macro": 0.5262454551691019, "val_acc_individual": 0.8546869931884528, "train_time_millis": 10753.851716999634, "eval_time_millis": 3273.3997859995725}, "Epoch2": {"train_loss_means": 0.011938431300222874, "val_loss_mean": 0.009910942055284977, "val_f1_majority_bin": 0.2184873949579832, "val_f1_majority_macro": 0.5898444484176648, "val_acc_majority": 0.9260731319554849, "val_f1_individual_binary": 0.2332155477031802, "val_f1_individual_macro": 0.5981648025784302, "val_acc_individual": 0.9296140123256569, "train_time_millis": 10754.737716000818, "eval_time_millis": 3311.676706000071}, "Epoch3": {"train_loss_means": 0.00871171336621046, "val_loss_mean": 0.010853457264602184, "val_f1_majority_bin": 0.1780821917808219, "val_f1_majority_macro": 0.5637246401942084, "val_acc_majority": 0.904610492845787, "val_f1_individual_binary": 0.1981981981981982, "val_f1_individual_macro": 0.5762120769835496, "val_acc_individual": 0.9133960428154395, "train_time_millis": 10763.755083999058, "eval_time_millis": 3270.0570130000415}, "Epoch4": {"train_loss_means": 0.006610778160393238, "val_loss_mean": 0.012230442836880684, "val_f1_majority_bin": 0.19512195121951217, "val_f1_majority_macro": 0.5768756433907841, "val_acc_majority": 0.9213036565977742, "val_f1_individual_binary": 0.22939068100358423, "val_f1_individual_macro": 0.5964347663553677, "val_acc_individual": 0.9302627311060655, "train_time_millis": 10783.18618999947, "eval_time_millis": 3277.5534779993905}, "Epoch5": {"train_loss_means": 0.005297073628753424, "val_loss_mean": 0.013216376304626465, "val_f1_majority_bin": 0.2181818181818182, "val_f1_majority_macro": 0.5912189223909922, "val_acc_majority": 0.931637519872814, "val_f1_individual_binary": 0.25806451612903225, "val_f1_individual_macro": 0.6134864655670507, "val_acc_individual": 0.9403178722024003, "train_time_millis": 10767.600958000912, "eval_time_millis": 2247.505834999174}, "Epoch6": {"train_loss_means": 0.0044227782636880875, "val_loss_mean": 0.01806827448308468, "val_f1_majority_bin": 0.29411764705882354, "val_f1_majority_macro": 0.6372549019607843, "val_acc_majority": 0.9618441971383148, "val_f1_individual_binary": 0.35220125786163525, "val_f1_individual_macro": 0.667527297817117, "val_acc_individual": 0.9665909828089523, "train_time_millis": 10791.04528300013, "eval_time_millis": 2284.3493630007288}, "Epoch7": {"train_loss_means": 0.004231179133057594, "val_loss_mean": 0.01564173772931099, "val_f1_majority_bin": 0.23655913978494622, "val_f1_majority_macro": 0.6036283111223535, "val_acc_majority": 0.9435612082670907, "val_f1_individual_binary": 0.27522935779816515, "val_f1_individual_macro": 0.6243329035123979, "val_acc_individual": 0.9487512163477133, "train_time_millis": 10831.118281999807, "eval_time_millis": 2274.354924000363}, "Epoch8": {"train_loss_means": 0.0037744876462966204, "val_loss_mean": 0.01780388318002224, "val_f1_majority_bin": 0.275, "val_f1_majority_macro": 0.6255952380952381, "val_acc_majority": 0.9538950715421304, "val_f1_individual_binary": 0.31868131868131866, "val_f1_individual_macro": 0.6489796967738144, "val_acc_individual": 0.9597794356146611, "train_time_millis": 10829.780092000874, "eval_time_millis": 3292.4636640000244}, "Epoch9": {"train_loss_means": 0.0037419022992253304, "val_loss_mean": 0.019262999296188354, "val_f1_majority_bin": 0.26865671641791045, "val_f1_majority_macro": 0.6243242749096494, "val_acc_majority": 0.9610492845786963, "val_f1_individual_binary": 0.33749999999999997, "val_f1_individual_macro": 0.6599254911754912, "val_acc_individual": 0.9656179046383393, "train_time_millis": 10834.406074000071, "eval_time_millis": 3271.643296999173}, "Test_results": {"test_f1_majority_binary": 0.29411764705882354, "test_f1_majority_macro": 0.6372549019607843, "test_acc_majority": 0.9618441971383148, "test_f1_individual_binary": 0.35220125786163525, "test_f1_individual_macro": 0.667527297817117, "test_acc_individual": 0.9665909828089523, "test_time_millis": 3294.2133329997887, "dataset_size": 6218, "number_of_annotations": 15170, "train_size": 9158, "val_size": 3083, "test_size": 2929}}