{"Epoch0": {"train_loss_means": 3.681577682495117, "val_loss_mean": 3.8517422676086426, "val_f1_majority_bin": 0.0, "val_f1_majority_macro": 0.4576271186440678, "val_acc_majority": 0.84375, "val_f1_individual_binary": 0.0, "val_f1_individual_macro": 0.4615384615384615, "val_acc_individual": 0.8571428656578064, "train_acc_means": 0.8272058963775635, "train_time_millis": 1320.065316000182, "eval_time_millis": 553.8757690001148}, "Epoch1": {"train_loss_means": 3.4314234256744385, "val_loss_mean": 3.672023296356201, "val_f1_majority_bin": 0.0, "val_f1_majority_macro": 0.4576271186440678, "val_acc_majority": 0.84375, "val_f1_individual_binary": 0.010362694039940834, "val_f1_individual_macro": 0.4669047940440466, "val_acc_individual": 0.8578869104385376, "train_acc_means": 0.8782680034637451, "train_time_millis": 1318.4055239998997, "eval_time_millis": 555.0981379997211}, "Epoch2": {"train_loss_means": 3.065298080444336, "val_loss_mean": 3.6369400024414062, "val_f1_majority_bin": 0.10526315867900848, "val_f1_majority_macro": 0.5111681643132221, "val_acc_majority": 0.8482142686843872, "val_f1_individual_binary": 0.04830917716026306, "val_f1_individual_macro": 0.4844528561998727, "val_acc_individual": 0.8534226417541504, "train_acc_means": 0.8776552081108093, "train_time_millis": 1324.032533999798, "eval_time_millis": 551.7577949999577}, "Epoch3": {"train_loss_means": 2.4754574298858643, "val_loss_mean": 3.654442310333252, "val_f1_majority_bin": 0.21276596188545227, "val_f1_majority_macro": 0.5602483153817583, "val_acc_majority": 0.8348214030265808, "val_f1_individual_binary": 0.21292775869369507, "val_f1_individual_macro": 0.5637834659558622, "val_acc_individual": 0.8459821343421936, "train_acc_means": 0.9007352590560913, "train_time_millis": 1319.125940000049, "eval_time_millis": 552.242307999677}, "Epoch4": {"train_loss_means": 2.077040433883667, "val_loss_mean": 3.6144821643829346, "val_f1_majority_bin": 0.1463414579629898, "val_f1_majority_macro": 0.530173188709774, "val_acc_majority": 0.84375, "val_f1_individual_binary": 0.18930041790008545, "val_f1_individual_macro": 0.5543639071928097, "val_acc_individual": 0.8534226417541504, "train_acc_means": 0.8966503143310547, "train_time_millis": 1318.7855570004103, "eval_time_millis": 553.3091560000685}, "Epoch5": {"train_loss_means": 1.838841438293457, "val_loss_mean": 3.518228769302368, "val_f1_majority_bin": 0.30188679695129395, "val_f1_majority_macro": 0.6041079531884403, "val_acc_majority": 0.8348214030265808, "val_f1_individual_binary": 0.37662336230278015, "val_f1_individual_macro": 0.6479755538579068, "val_acc_individual": 0.8571428656578064, "train_acc_means": 0.9164624214172363, "train_time_millis": 1319.475701999636, "eval_time_millis": 552.1181679996516}, "Epoch6": {"train_loss_means": 1.5956542491912842, "val_loss_mean": 3.2858951091766357, "val_f1_majority_bin": 0.4571428596973419, "val_f1_majority_macro": 0.6783068783068783, "val_acc_majority": 0.8303571343421936, "val_f1_individual_binary": 0.4863387942314148, "val_f1_individual_macro": 0.7026870560991796, "val_acc_individual": 0.8601190447807312, "train_acc_means": 0.9148284792900085, "train_time_millis": 1321.5196270002707, "eval_time_millis": 551.7433939999137}, "Epoch7": {"train_loss_means": 1.4680242538452148, "val_loss_mean": 4.130581378936768, "val_f1_majority_bin": 0.2666666805744171, "val_f1_majority_macro": 0.5923904052936311, "val_acc_majority": 0.8526785969734192, "val_f1_individual_binary": 0.23140496015548706, "val_f1_individual_macro": 0.5776812201401512, "val_acc_individual": 0.8616071343421936, "train_acc_means": 0.9281045794487, "train_time_millis": 1320.8416209999996, "eval_time_millis": 556.9043699997565}, "Test_results": {"test_f1_majority_binary": 0.3636363744735718, "test_f1_majority_macro": 0.6471647164716472, "test_acc_majority": 0.875, "test_f1_individual_binary": 0.27234041690826416, "test_f1_individual_macro": 0.6013149335160595, "test_acc_individual": 0.8727678656578064, "test_time_millis": 552.755912000066, "dataset_size": 716, "number_of_annotations": 4296}}