{"Epoch0": {"train_loss_means": 3.6469268798828125, "val_loss_mean": 3.828433036804199, "val_f1_majority_bin": 0.45535317063331604, "val_f1_majority_macro": 0.22767658818302977, "val_acc_majority": 0.29479435086250305, "val_f1_individual_binary": 0.47804170846939087, "val_f1_individual_macro": 0.25814868132662777, "val_acc_individual": 0.3233274221420288, "train_acc_means": 0.2937779724597931, "train_time_millis": 1146103.866633959, "eval_time_millis": 215958.7733320659}, "Epoch1": {"train_loss_means": 3.6030735969543457, "val_loss_mean": 3.8149027824401855, "val_f1_majority_bin": 0.45535317063331604, "val_f1_majority_macro": 0.22767658818302977, "val_acc_majority": 0.29479435086250305, "val_f1_individual_binary": 0.478363037109375, "val_f1_individual_macro": 0.25854701559611376, "val_acc_individual": 0.32371512055397034, "train_acc_means": 0.29735898971557617, "train_time_millis": 1128743.4643619927, "eval_time_millis": 212580.14746604022}, "Epoch2": {"train_loss_means": 3.571418285369873, "val_loss_mean": 3.7946765422821045, "val_f1_majority_bin": 0.45535317063331604, "val_f1_majority_macro": 0.22767658818302977, "val_acc_majority": 0.29479435086250305, "val_f1_individual_binary": 0.4783741235733032, "val_f1_individual_macro": 0.2578617056806437, "val_acc_individual": 0.32338279485702515, "train_acc_means": 0.2957649230957031, "train_time_millis": 1126618.378159008, "eval_time_millis": 213293.92167995684}, "Epoch3": {"train_loss_means": 3.5425994396209717, "val_loss_mean": 3.790083408355713, "val_f1_majority_bin": 0.45535317063331604, "val_f1_majority_macro": 0.22767658818302977, "val_acc_majority": 0.29479435086250305, "val_f1_individual_binary": 0.47846686840057373, "val_f1_individual_macro": 0.257525630817165, "val_acc_individual": 0.32327204942703247, "train_acc_means": 0.2965153157711029, "train_time_millis": 1127686.319370987, "eval_time_millis": 213422.779114102}, "Epoch4": {"train_loss_means": 3.518209934234619, "val_loss_mean": 3.8231372833251953, "val_f1_majority_bin": 0.45535317063331604, "val_f1_majority_macro": 0.22767658818302977, "val_acc_majority": 0.29479435086250305, "val_f1_individual_binary": 0.4785930812358856, "val_f1_individual_macro": 0.2578223560775908, "val_acc_individual": 0.3234935700893402, "train_acc_means": 0.2984505891799927, "train_time_millis": 1125130.3531349404, "eval_time_millis": 213785.0969940191}, "Test_results": {"test_f1_majority_binary": 0.4445936977863312, "test_f1_majority_macro": 0.22229684351914036, "test_acc_majority": 0.28583765029907227, "test_f1_individual_binary": 0.447145015001297, "test_f1_individual_macro": 0.2441087814509523, "test_acc_individual": 0.29864534735679626, "test_time_millis": 212731.861693901, "dataset_size": 17343, "number_of_annotations": 87221}}