{"Epoch0": {"train_loss_means": 2.414422035217285, "val_loss_mean": 2.2490322589874268, "val_f1_majority_bin": 0.0, "val_f1_majority_macro": 0.49308510638297876, "val_acc_majority": 0.9727177619934082, "val_f1_individual_binary": 0.035087719559669495, "val_f1_individual_macro": 0.5031556393038055, "val_acc_individual": 0.9441137909889221, "train_acc_means": 0.8041306138038635, "train_time_millis": 41888.37165999939, "eval_time_millis": 8150.5095649990835}, "Epoch1": {"train_loss_means": 2.180661201477051, "val_loss_mean": 2.059356689453125, "val_f1_majority_bin": 0.0, "val_f1_majority_macro": 0.49308510638297876, "val_acc_majority": 0.9727177619934082, "val_f1_individual_binary": 0.05298013240098953, "val_f1_individual_macro": 0.5158786088194072, "val_acc_individual": 0.9584845304489136, "train_acc_means": 0.9460903406143188, "train_time_millis": 41879.05036200027, "eval_time_millis": 7777.700776998245}, "Epoch2": {"train_loss_means": 1.9221887588500977, "val_loss_mean": 1.8911280632019043, "val_f1_majority_bin": 0.31168830394744873, "val_f1_majority_macro": 0.6336436531912656, "val_acc_majority": 0.9165792465209961, "val_f1_individual_binary": 0.24060150980949402, "val_f1_individual_macro": 0.5969571463327039, "val_acc_individual": 0.9120336771011353, "train_acc_means": 0.95261150598526, "train_time_millis": 41960.44868199897, "eval_time_millis": 8108.935544001724}, "Epoch3": {"train_loss_means": 1.684791088104248, "val_loss_mean": 1.777245283126831, "val_f1_majority_bin": 0.4071856141090393, "val_f1_majority_macro": 0.6900125674576773, "val_acc_majority": 0.9480587840080261, "val_f1_individual_binary": 0.32626426219940186, "val_f1_individual_macro": 0.6474466072170947, "val_acc_individual": 0.9400493502616882, "train_acc_means": 0.952326774597168, "train_time_millis": 42022.44816000166, "eval_time_millis": 8158.3468860008}, "Epoch4": {"train_loss_means": 1.529099941253662, "val_loss_mean": 1.6854150295257568, "val_f1_majority_bin": 0.469696968793869, "val_f1_majority_macro": 0.7253376152832675, "val_acc_majority": 0.9632738828659058, "val_f1_individual_binary": 0.383301705121994, "val_f1_individual_macro": 0.6793876284729935, "val_acc_individual": 0.9528233408927917, "train_acc_means": 0.9482593536376953, "train_time_millis": 41885.8620409992, "eval_time_millis": 8120.136254001409}, "Epoch5": {"train_loss_means": 1.3991498947143555, "val_loss_mean": 1.6531727313995361, "val_f1_majority_bin": 0.45255473256111145, "val_f1_majority_macro": 0.7160732906301206, "val_acc_majority": 0.9606505632400513, "val_f1_individual_binary": 0.3777777850627899, "val_f1_individual_macro": 0.6761981501065955, "val_acc_individual": 0.9512265920639038, "train_acc_means": 0.9496029615402222, "train_time_millis": 41969.05039200283, "eval_time_millis": 8010.43870599824}, "Epoch6": {"train_loss_means": 1.3153390884399414, "val_loss_mean": 1.5919829607009888, "val_f1_majority_bin": 0.42500001192092896, "val_f1_majority_macro": 0.6999041621029574, "val_acc_majority": 0.9517313838005066, "val_f1_individual_binary": 0.35782748460769653, "val_f1_individual_macro": 0.6636308913038408, "val_acc_individual": 0.9416460990905762, "train_acc_means": 0.9518910050392151, "train_time_millis": 41711.347794000176, "eval_time_millis": 8168.796256002679}, "Epoch7": {"train_loss_means": 1.2454031705856323, "val_loss_mean": 1.5679841041564941, "val_f1_majority_bin": 0.40963855385780334, "val_f1_majority_macro": 0.6913798914803482, "val_acc_majority": 0.9485834240913391, "val_f1_individual_binary": 0.3748079836368561, "val_f1_individual_macro": 0.6719015942212653, "val_acc_individual": 0.9409202933311462, "train_acc_means": 0.9514849781990051, "train_time_millis": 42003.169825999066, "eval_time_millis": 8160.498271001416}, "Epoch8": {"train_loss_means": 1.176310658454895, "val_loss_mean": 1.565073847770691, "val_f1_majority_bin": 0.3571428656578064, "val_f1_majority_macro": 0.6611488621997472, "val_acc_majority": 0.9338929653167725, "val_f1_individual_binary": 0.34701988101005554, "val_f1_individual_macro": 0.6545818834024164, "val_acc_individual": 0.9284366369247437, "train_acc_means": 0.952201247215271, "train_time_millis": 41918.5136169981, "eval_time_millis": 8168.460172997584}, "Epoch9": {"train_loss_means": 1.1194154024124146, "val_loss_mean": 1.5794118642807007, "val_f1_majority_bin": 0.40236687660217285, "val_f1_majority_macro": 0.6873212304703679, "val_acc_majority": 0.9470094442367554, "val_f1_individual_binary": 0.3644716739654541, "val_f1_individual_macro": 0.6664263107999708, "val_acc_individual": 0.9397590160369873, "train_acc_means": 0.9511140584945679, "train_time_millis": 41653.50889600086, "eval_time_millis": 8173.371689001215}, "Test_results": {"test_f1_majority_binary": 0.39024388790130615, "test_f1_majority_macro": 0.6848055825812729, "test_acc_majority": 0.9600851535797119, "test_f1_individual_binary": 0.31985294818878174, "test_f1_individual_macro": 0.6457437045655429, "test_acc_individual": 0.945540189743042, "test_time_millis": 8054.004088997317, "dataset_size": 9583, "number_of_annotations": 34586}}