{"Epoch0": {"train_loss_means": 0.05798714980483055, "val_loss_mean": 0.053495071828365326, "val_f1_majority_bin": 0.5202492211838007, "val_f1_majority_macro": 0.7532989745667253, "val_acc_majority": 0.9734528529563868, "val_f1_individual_binary": 0.41517537580529706, "val_f1_individual_macro": 0.6975498463457388, "val_acc_individual": 0.9611811940227591, "train_time_millis": 126690.7887950074, "eval_time_millis": 17825.60265000211}, "Epoch1": {"train_loss_means": 0.04733090102672577, "val_loss_mean": 0.05485813692212105, "val_f1_majority_bin": 0.5142857142857143, "val_f1_majority_macro": 0.7499774993186413, "val_acc_majority": 0.9721599724185486, "val_f1_individual_binary": 0.43511450381679395, "val_f1_individual_macro": 0.7075454443712523, "val_acc_individual": 0.9613237355379755, "train_time_millis": 126769.09129298292, "eval_time_millis": 17842.842469981406}, "Epoch2": {"train_loss_means": 0.04165949672460556, "val_loss_mean": 0.05691638961434364, "val_f1_majority_bin": 0.5658914728682171, "val_f1_majority_macro": 0.7780092061097079, "val_acc_majority": 0.9806929839682813, "val_f1_individual_binary": 0.4203079483978361, "val_f1_individual_macro": 0.701637534352006, "val_acc_individual": 0.9669066115506141, "train_time_millis": 126799.51366299065, "eval_time_millis": 17827.964388998225}, "Epoch3": {"train_loss_means": 0.036881741136312485, "val_loss_mean": 0.056312501430511475, "val_f1_majority_bin": 0.5000000000000001, "val_f1_majority_macro": 0.7419483985765125, "val_acc_majority": 0.9687984830201689, "val_f1_individual_binary": 0.4357188093730209, "val_f1_individual_macro": 0.7068632058416666, "val_acc_individual": 0.9576651699807569, "train_time_millis": 126890.3195480234, "eval_time_millis": 17832.937769999262}, "Epoch4": {"train_loss_means": 0.0334777906537056, "val_loss_mean": 0.0649213194847107, "val_f1_majority_bin": 0.47409326424870474, "val_f1_majority_macro": 0.7279970600844095, "val_acc_majority": 0.9650060334425099, "val_f1_individual_binary": 0.4363095238095238, "val_f1_individual_macro": 0.7064382350445931, "val_acc_individual": 0.9550043950300525, "train_time_millis": 126869.54570497619, "eval_time_millis": 17879.591547010932}, "Epoch5": {"train_loss_means": 0.030774904415011406, "val_loss_mean": 0.07814894616603851, "val_f1_majority_bin": 0.5200594353640416, "val_f1_majority_macro": 0.7528618156803342, "val_acc_majority": 0.9721599724185486, "val_f1_individual_binary": 0.43725231175693524, "val_f1_individual_macro": 0.7081281150198955, "val_acc_individual": 0.9595182096785689, "train_time_millis": 126781.8178429734, "eval_time_millis": 17817.87383800838}, "Epoch6": {"train_loss_means": 0.028863413259387016, "val_loss_mean": 0.0772789940237999, "val_f1_majority_bin": 0.45783132530120485, "val_f1_majority_macro": 0.7188593472845526, "val_acc_majority": 0.9612135838648509, "val_f1_individual_binary": 0.42661448140900193, "val_f1_individual_macro": 0.7005853362025223, "val_acc_individual": 0.9512745587152258, "train_time_millis": 126837.91452995501, "eval_time_millis": 17830.259116948582}, "Epoch7": {"train_loss_means": 0.0273540411144495, "val_loss_mean": 0.08117596060037613, "val_f1_majority_bin": 0.4723618090452261, "val_f1_majority_macro": 0.7268092515415349, "val_acc_majority": 0.9637993449405275, "val_f1_individual_binary": 0.42865395725014444, "val_f1_individual_macro": 0.7020753558115347, "val_acc_individual": 0.9530088138170242, "train_time_millis": 126710.51646198612, "eval_time_millis": 17809.397389995866}, "Epoch8": {"train_loss_means": 0.026492120698094368, "val_loss_mean": 0.08936645835638046, "val_f1_majority_bin": 0.5006877579092159, "val_f1_majority_macro": 0.7422689579242213, "val_acc_majority": 0.968712290984313, "val_f1_individual_binary": 0.4345127250155183, "val_f1_individual_macro": 0.706004448076654, "val_acc_individual": 0.9567148932126481, "train_time_millis": 126837.2075209627, "eval_time_millis": 17957.344980968628}, "Epoch9": {"train_loss_means": 0.025418169796466827, "val_loss_mean": 0.09149288386106491, "val_f1_majority_bin": 0.4931506849315068, "val_f1_majority_macro": 0.7383436080170571, "val_acc_majority": 0.9681089467333218, "val_f1_individual_binary": 0.4327160493827161, "val_f1_individual_macro": 0.7050047768471162, "val_acc_individual": 0.9563347825054047, "train_time_millis": 126752.8621610254, "eval_time_millis": 17793.6221039854}, "Test_results": {"test_f1_majority_binary": 0.5658914728682171, "test_f1_majority_macro": 0.7780092061097079, "test_acc_majority": 0.9806929839682813, "test_f1_individual_binary": 0.4203079483978361, "test_f1_individual_macro": 0.701637534352006, "test_acc_individual": 0.9669066115506141, "test_time_millis": 17795.2869849978, "dataset_size": 58011, "number_of_annotations": 210717, "train_size": 126397, "val_size": 42093, "test_size": 42227}}