{"Epoch0": {"train_loss_means": 0.26790061593055725, "val_loss_mean": 0.21073150634765625, "val_f1_majority_bin": 0.7462932454695222, "val_f1_majority_macro": 0.7816976916183715, "val_acc_majority": 0.7874396135265701, "val_f1_individual_binary": 0.7340425531914894, "val_f1_individual_macro": 0.7850540634809906, "val_acc_individual": 0.7971602434077079, "train_time_millis": 12012.263387441635, "eval_time_millis": 3393.1040139868855}, "Epoch1": {"train_loss_means": 0.19446927309036255, "val_loss_mean": 0.21914424002170563, "val_f1_majority_bin": 0.7559808612440192, "val_f1_majority_macro": 0.7849247371913526, "val_acc_majority": 0.7888198757763976, "val_f1_individual_binary": 0.7431906614785992, "val_f1_individual_macro": 0.7891640234953363, "val_acc_individual": 0.7991886409736308, "train_time_millis": 11406.446983106434, "eval_time_millis": 3394.1655587404966}, "Epoch2": {"train_loss_means": 0.15189383924007416, "val_loss_mean": 0.23270004987716675, "val_f1_majority_bin": 0.751937984496124, "val_f1_majority_macro": 0.776466504685873, "val_acc_majority": 0.7791580400276052, "val_f1_individual_binary": 0.7368421052631579, "val_f1_individual_macro": 0.7789832332107953, "val_acc_individual": 0.7870182555780934, "train_time_millis": 11384.416182525456, "eval_time_millis": 3382.161500863731}, "Epoch3": {"train_loss_means": 0.10668692737817764, "val_loss_mean": 0.2879374623298645, "val_f1_majority_bin": 0.762214983713355, "val_f1_majority_macro": 0.7936823421560788, "val_acc_majority": 0.7984817115251898, "val_f1_individual_binary": 0.7410358565737052, "val_f1_individual_macro": 0.7905343351777467, "val_acc_individual": 0.8022312373225152, "train_time_millis": 11339.80873785913, "eval_time_millis": 3404.278263449669}, "Epoch4": {"train_loss_means": 0.08512675762176514, "val_loss_mean": 0.2623264491558075, "val_f1_majority_bin": 0.7434471803018269, "val_f1_majority_macro": 0.7731878976554893, "val_acc_majority": 0.777087646652864, "val_f1_individual_binary": 0.7283311772315652, "val_f1_individual_macro": 0.7765926111345482, "val_acc_individual": 0.7870182555780934, "train_time_millis": 11412.198881618679, "eval_time_millis": 3409.9867902696133}, "Epoch5": {"train_loss_means": 0.06253083050251007, "val_loss_mean": 0.33490002155303955, "val_f1_majority_bin": 0.7406225059856345, "val_f1_majority_macro": 0.771527058463942, "val_acc_majority": 0.7757073844030365, "val_f1_individual_binary": 0.7315175097276264, "val_f1_individual_macro": 0.7795805700178515, "val_acc_individual": 0.7900608519269777, "train_time_millis": 11490.2014574036, "eval_time_millis": 3395.1456118375063}, "Epoch6": {"train_loss_means": 0.04582497850060463, "val_loss_mean": 0.4130728244781494, "val_f1_majority_bin": 0.7397034596375618, "val_f1_majority_macro": 0.7760275017902774, "val_acc_majority": 0.7819185645272602, "val_f1_individual_binary": 0.7273945077026122, "val_f1_individual_macro": 0.7806699180699923, "val_acc_individual": 0.7936105476673428, "train_time_millis": 11352.216026745737, "eval_time_millis": 3382.622990757227}, "Epoch7": {"train_loss_means": 0.038788046687841415, "val_loss_mean": 0.49696800112724304, "val_f1_majority_bin": 0.7323943661971831, "val_f1_majority_macro": 0.7706915651210635, "val_acc_majority": 0.777087646652864, "val_f1_individual_binary": 0.7202178352620832, "val_f1_individual_macro": 0.7770786146007386, "val_acc_individual": 0.7915821501014199, "train_time_millis": 11393.366817384958, "eval_time_millis": 3394.6965718641877}, "Epoch8": {"train_loss_means": 0.030043896287679672, "val_loss_mean": 0.5154938101768494, "val_f1_majority_bin": 0.7426294820717132, "val_f1_majority_macro": 0.7730189406706709, "val_acc_majority": 0.777087646652864, "val_f1_individual_binary": 0.7276315789473684, "val_f1_individual_macro": 0.7784197498697238, "val_acc_individual": 0.7900608519269777, "train_time_millis": 11440.732628107071, "eval_time_millis": 2985.615734010935}, "Epoch9": {"train_loss_means": 0.026965217664837837, "val_loss_mean": 0.5345286726951599, "val_f1_majority_bin": 0.7328881469115192, "val_f1_majority_macro": 0.772326426396936, "val_acc_majority": 0.7791580400276052, "val_f1_individual_binary": 0.7225274725274725, "val_f1_individual_macro": 0.7800740256528038, "val_acc_individual": 0.795131845841785, "train_time_millis": 11408.518912270665, "eval_time_millis": 2982.704204507172}, "Test_results": {"test_f1_majority_binary": 0.762214983713355, "test_f1_majority_macro": 0.7936823421560788, "test_acc_majority": 0.7984817115251898, "test_f1_individual_binary": 0.7410358565737052, "test_f1_individual_macro": 0.7905343351777467, "test_acc_individual": 0.8022312373225152, "test_time_millis": 2834.295840933919, "dataset_size": 7310, "number_of_annotations": 10013, "train_size": 6005, "val_size": 1972, "test_size": 2036}}