{"Epoch0": {"train_loss_means": 0.2560074031352997, "val_loss_mean": 0.23305822908878326, "val_f1_majority_bin": 0.7059516794342958, "val_f1_majority_macro": 0.7571984884695471, "val_acc_majority": 0.7680148768014877, "val_f1_individual_binary": 0.702919020715631, "val_f1_individual_macro": 0.7528965612794025, "val_acc_individual": 0.7630046948356808, "train_time_millis": 61005.55883499328, "eval_time_millis": 8764.461172977462}, "Epoch1": {"train_loss_means": 0.20450828969478607, "val_loss_mean": 0.22943085432052612, "val_f1_majority_bin": 0.7525925925925925, "val_f1_majority_macro": 0.8197244805781391, "val_acc_majority": 0.8447233844723384, "val_f1_individual_binary": 0.7031787532681987, "val_f1_individual_macro": 0.7747348195187285, "val_acc_individual": 0.7974647887323943, "train_time_millis": 60598.949139006436, "eval_time_millis": 8767.647165979724}, "Epoch2": {"train_loss_means": 0.1806851029396057, "val_loss_mean": 0.22588707506656647, "val_f1_majority_bin": 0.736842105263158, "val_f1_majority_macro": 0.8095381454983352, "val_acc_majority": 0.8372849837284984, "val_f1_individual_binary": 0.6975650249031544, "val_f1_individual_macro": 0.7711105397398091, "val_acc_individual": 0.7947417840375587, "train_time_millis": 60597.29734598659, "eval_time_millis": 7732.755514967721}, "Epoch3": {"train_loss_means": 0.1619015634059906, "val_loss_mean": 0.25191834568977356, "val_f1_majority_bin": 0.7417417417417418, "val_f1_majority_macro": 0.812958412958413, "val_acc_majority": 0.8400743840074384, "val_f1_individual_binary": 0.7031613521280964, "val_f1_individual_macro": 0.774077638831146, "val_acc_individual": 0.7963380281690141, "train_time_millis": 60574.19411098817, "eval_time_millis": 8781.143561005592}, "Epoch4": {"train_loss_means": 0.14871899783611298, "val_loss_mean": 0.2807334363460541, "val_f1_majority_bin": 0.7291960507757405, "val_f1_majority_macro": 0.7980238228913377, "val_acc_majority": 0.8214783821478382, "val_f1_individual_binary": 0.7075471698113208, "val_f1_individual_macro": 0.7721230142296288, "val_acc_individual": 0.7904225352112676, "train_time_millis": 60605.58655898785, "eval_time_millis": 8747.813906986266}, "Epoch5": {"train_loss_means": 0.13709911704063416, "val_loss_mean": 0.26698803901672363, "val_f1_majority_bin": 0.7290274684484038, "val_f1_majority_macro": 0.8027540049517823, "val_acc_majority": 0.8303114830311483, "val_f1_individual_binary": 0.703506617546732, "val_f1_individual_macro": 0.7739850745739529, "val_acc_individual": 0.795962441314554, "train_time_millis": 60499.52117400244, "eval_time_millis": 8714.591353957076}, "Epoch6": {"train_loss_means": 0.12833459675312042, "val_loss_mean": 0.3074473738670349, "val_f1_majority_bin": 0.7360226468506722, "val_f1_majority_macro": 0.8034561140103136, "val_acc_majority": 0.8265922826592282, "val_f1_individual_binary": 0.7082340481863911, "val_f1_individual_macro": 0.7739482477218875, "val_acc_individual": 0.7930516431924882, "train_time_millis": 60516.11987000797, "eval_time_millis": 8750.795787025709}, "Epoch7": {"train_loss_means": 0.11842741817235947, "val_loss_mean": 0.33700278401374817, "val_f1_majority_bin": 0.732802317161477, "val_f1_majority_macro": 0.8032378583410946, "val_acc_majority": 0.8284518828451883, "val_f1_individual_binary": 0.7046744123209943, "val_f1_individual_macro": 0.7736927968929765, "val_acc_individual": 0.7947417840375587, "train_time_millis": 60211.33053000085, "eval_time_millis": 8845.530357037205}, "Epoch8": {"train_loss_means": 0.1121310293674469, "val_loss_mean": 0.37240585684776306, "val_f1_majority_bin": 0.7352517985611511, "val_f1_majority_macro": 0.8044390860937624, "val_acc_majority": 0.8289167828916782, "val_f1_individual_binary": 0.7074829931972789, "val_f1_individual_macro": 0.774302244262191, "val_acc_individual": 0.7940845070422535, "train_time_millis": 60536.31856304128, "eval_time_millis": 8760.040917026345}, "Epoch9": {"train_loss_means": 0.10566817969083786, "val_loss_mean": 0.39851999282836914, "val_f1_majority_bin": 0.7347826086956522, "val_f1_majority_macro": 0.8047629675921792, "val_acc_majority": 0.8298465829846583, "val_f1_individual_binary": 0.7059930126310132, "val_f1_individual_macro": 0.7740529358147128, "val_acc_individual": 0.7945539906103286, "train_time_millis": 60714.13187502185, "eval_time_millis": 8759.48209996568}, "Test_results": {"test_f1_majority_binary": 0.7525925925925925, "test_f1_majority_macro": 0.8197244805781391, "test_acc_majority": 0.8447233844723384, "test_f1_individual_binary": 0.7031787532681987, "test_f1_individual_macro": 0.7747348195187285, "test_acc_individual": 0.7974647887323943, "test_time_millis": 8754.797388974112, "dataset_size": 10753, "number_of_annotations": 53228, "train_size": 31925, "val_size": 10650, "test_size": 10653}}