{"Epoch0": {"train_loss_means": 0.04512621462345123, "val_loss_mean": 0.03995787724852562, "val_f1_majority_bin": 0.15303430079155672, "val_f1_majority_macro": 0.5622021307739445, "val_acc_majority": 0.9446121991200069, "val_f1_individual_binary": 0.15693299892511645, "val_f1_individual_macro": 0.5629693117443922, "val_acc_individual": 0.9402093815114093, "train_time_millis": 5082.04647898674, "eval_time_millis": 18432.788345962763}, "Epoch1": {"train_loss_means": 0.03915441036224365, "val_loss_mean": 0.032043080776929855, "val_f1_majority_bin": 0.1366322008862629, "val_f1_majority_macro": 0.5112192947383352, "val_acc_majority": 0.7982917781037011, "val_f1_individual_binary": 0.15556263946445648, "val_f1_individual_macro": 0.5204411751372241, "val_acc_individual": 0.7980637292270163, "train_time_millis": 5059.703609906137, "eval_time_millis": 18515.129473991692}, "Epoch2": {"train_loss_means": 0.028121337294578552, "val_loss_mean": 0.02884354628622532, "val_f1_majority_bin": 0.19194430631526604, "val_f1_majority_macro": 0.5575941832931959, "val_acc_majority": 0.8598050211370891, "val_f1_individual_binary": 0.20863712843522156, "val_f1_individual_macro": 0.5648919407684099, "val_acc_individual": 0.8565838288356965, "train_time_millis": 5070.933625102043, "eval_time_millis": 18449.20528586954}, "Epoch3": {"train_loss_means": 0.021690700203180313, "val_loss_mean": 0.029661506414413452, "val_f1_majority_bin": 0.17105263157894737, "val_f1_majority_macro": 0.5403153311946981, "val_acc_majority": 0.8369424553532914, "val_f1_individual_binary": 0.18795301174706322, "val_f1_individual_macro": 0.5480256671894029, "val_acc_individual": 0.8348833663668243, "train_time_millis": 5047.472998034209, "eval_time_millis": 17376.095147337765}, "Epoch4": {"train_loss_means": 0.01601141318678856, "val_loss_mean": 0.052771132439374924, "val_f1_majority_bin": 0.3200962695547533, "val_f1_majority_macro": 0.6474088792630819, "val_acc_majority": 0.9512552842722802, "val_f1_individual_binary": 0.3015107682417229, "val_f1_individual_macro": 0.6363831206712537, "val_acc_individual": 0.9447832494790872, "train_time_millis": 5065.80500677228, "eval_time_millis": 18480.530729983002}, "Epoch5": {"train_loss_means": 0.013930645771324635, "val_loss_mean": 0.04300300031900406, "val_f1_majority_bin": 0.2485632183908046, "val_f1_majority_macro": 0.6002797734909507, "val_acc_majority": 0.9097575705288586, "val_f1_individual_binary": 0.25501202886928626, "val_f1_individual_macro": 0.6023025418356198, "val_acc_individual": 0.9055750368450475, "train_time_millis": 5074.0939429961145, "eval_time_millis": 18458.222792018205}, "Epoch6": {"train_loss_means": 0.01266679260879755, "val_loss_mean": 0.04915923625230789, "val_f1_majority_bin": 0.266560255387071, "val_f1_majority_macro": 0.6123261398235915, "val_acc_majority": 0.9207143473384523, "val_f1_individual_binary": 0.26784530386740335, "val_f1_individual_macro": 0.6115927380720352, "val_acc_individual": 0.9158154190171266, "train_time_millis": 5044.592630118132, "eval_time_millis": 18527.655913028866}, "Epoch7": {"train_loss_means": 0.011682791635394096, "val_loss_mean": 0.05371159315109253, "val_f1_majority_bin": 0.27830596369922217, "val_f1_majority_macro": 0.6201972497270231, "val_acc_majority": 0.9279613493227504, "val_f1_individual_binary": 0.2778306374881066, "val_f1_individual_macro": 0.618540573763918, "val_acc_individual": 0.922854093611831, "train_time_millis": 5090.5666230246425, "eval_time_millis": 18497.374355793}, "Epoch8": {"train_loss_means": 0.011059769429266453, "val_loss_mean": 0.054866500198841095, "val_f1_majority_bin": 0.27927146574154377, "val_f1_majority_macro": 0.6207742321217592, "val_acc_majority": 0.9283064446553361, "val_f1_individual_binary": 0.2786689011252095, "val_f1_individual_macro": 0.6191213848584012, "val_acc_individual": 0.9234385322965899, "train_time_millis": 5053.304102271795, "eval_time_millis": 18511.563572101295}, "Epoch9": {"train_loss_means": 0.011064632795751095, "val_loss_mean": 0.061269111931324005, "val_f1_majority_bin": 0.2948207171314741, "val_f1_majority_macro": 0.6314485946555558, "val_acc_majority": 0.938918126132344, "val_f1_individual_binary": 0.28827848789774274, "val_f1_individual_macro": 0.6266997855916591, "val_acc_individual": 0.9335010418254815, "train_time_millis": 5025.805079378188, "eval_time_millis": 18567.86764599383}, "Test_results": {"test_f1_majority_binary": 0.3200962695547533, "test_f1_majority_macro": 0.6474088792630819, "test_acc_majority": 0.9512552842722802, "test_f1_individual_binary": 0.3015107682417229, "test_f1_individual_macro": 0.6363831206712537, "test_acc_individual": 0.9447832494790872, "test_time_millis": 18539.26128288731, "dataset_size": 24530, "number_of_annotations": 83604, "train_size": 4750, "val_size": 39354, "test_size": 39500}}