{"Epoch0": {"train_loss_means": 0.27762842178344727, "val_loss_mean": 0.26690512895584106, "val_f1_majority_bin": 0.39077340569877883, "val_f1_majority_macro": 0.4510994340789868, "val_acc_majority": 0.4577294685990338, "val_f1_individual_binary": 0.3743743743743743, "val_f1_individual_macro": 0.43698702705908465, "val_acc_individual": 0.44395017793594305, "train_time_millis": 2531.037003001984, "eval_time_millis": 6000.771997998527}, "Epoch1": {"train_loss_means": 0.27201175689697266, "val_loss_mean": 0.2639733552932739, "val_f1_majority_bin": 0.33480176211453744, "val_f1_majority_macro": 0.541776920990713, "val_acc_majority": 0.6352657004830918, "val_f1_individual_binary": 0.31879194630872487, "val_f1_individual_macro": 0.5365146172221591, "val_acc_individual": 0.6387900355871886, "train_time_millis": 2527.93040799952, "eval_time_millis": 5647.609386000113}, "Epoch2": {"train_loss_means": 0.2581857144832611, "val_loss_mean": 0.2649032771587372, "val_f1_majority_bin": 0.362657091561939, "val_f1_majority_macro": 0.5198180817227347, "val_acc_majority": 0.571256038647343, "val_f1_individual_binary": 0.34805890227576974, "val_f1_individual_macro": 0.5118042679266923, "val_acc_individual": 0.5667259786476868, "train_time_millis": 2541.578443000617, "eval_time_millis": 6025.111274000665}, "Epoch3": {"train_loss_means": 0.2374880015850067, "val_loss_mean": 0.26358625292778015, "val_f1_majority_bin": 0.31435079726651477, "val_f1_majority_macro": 0.533510649249527, "val_acc_majority": 0.6364734299516909, "val_f1_individual_binary": 0.2998296422487223, "val_f1_individual_macro": 0.5261941709136447, "val_acc_individual": 0.6343416370106761, "train_time_millis": 2540.1032449990453, "eval_time_millis": 5998.593503001757}, "Epoch4": {"train_loss_means": 0.22883296012878418, "val_loss_mean": 0.26650604605674744, "val_f1_majority_bin": 0.35181644359464626, "val_f1_majority_macro": 0.5263053974372172, "val_acc_majority": 0.5905797101449275, "val_f1_individual_binary": 0.329004329004329, "val_f1_individual_macro": 0.5149844796147047, "val_acc_individual": 0.5862989323843416, "train_time_millis": 2532.0345439977245, "eval_time_millis": 6013.143477997801}, "Epoch5": {"train_loss_means": 0.2189665585756302, "val_loss_mean": 0.2712174654006958, "val_f1_majority_bin": 0.38791732909379967, "val_f1_majority_macro": 0.5065195214115541, "val_acc_majority": 0.535024154589372, "val_f1_individual_binary": 0.3707201889020071, "val_f1_individual_macro": 0.4951388239299471, "val_acc_individual": 0.5258007117437722, "train_time_millis": 2531.3981469989812, "eval_time_millis": 4637.0251510015805}, "Epoch6": {"train_loss_means": 0.2010565847158432, "val_loss_mean": 0.27166447043418884, "val_f1_majority_bin": 0.34024896265560167, "val_f1_majority_macro": 0.5346900690620427, "val_acc_majority": 0.6159420289855072, "val_f1_individual_binary": 0.3207547169811321, "val_f1_individual_macro": 0.5263823212697225, "val_acc_individual": 0.6156583629893239, "train_time_millis": 2540.014615002292, "eval_time_millis": 6028.8283260015305}, "Epoch7": {"train_loss_means": 0.18932679295539856, "val_loss_mean": 0.27617982029914856, "val_f1_majority_bin": 0.3654485049833887, "val_f1_majority_macro": 0.5015098312393225, "val_acc_majority": 0.538647342995169, "val_f1_individual_binary": 0.349009900990099, "val_f1_individual_macro": 0.49186606160616064, "val_acc_individual": 0.5320284697508897, "train_time_millis": 2531.331787002273, "eval_time_millis": 6006.668345002254}, "Epoch8": {"train_loss_means": 0.17794375121593475, "val_loss_mean": 0.278780072927475, "val_f1_majority_bin": 0.3411764705882353, "val_f1_majority_macro": 0.5239913766553742, "val_acc_majority": 0.5942028985507246, "val_f1_individual_binary": 0.3259259259259259, "val_f1_individual_macro": 0.5183348637894092, "val_acc_individual": 0.5951957295373665, "train_time_millis": 2532.8211230007582, "eval_time_millis": 6005.195478999667}, "Epoch9": {"train_loss_means": 0.16695904731750488, "val_loss_mean": 0.2796791195869446, "val_f1_majority_bin": 0.3428571428571428, "val_f1_majority_macro": 0.5189086775293672, "val_acc_majority": 0.5833333333333334, "val_f1_individual_binary": 0.3314121037463977, "val_f1_individual_macro": 0.5164139025810496, "val_acc_individual": 0.5871886120996441, "train_time_millis": 2536.953539998649, "eval_time_millis": 6039.603697001439}, "Test_results": {"test_f1_majority_binary": 0.33480176211453744, "test_f1_majority_macro": 0.541776920990713, "test_acc_majority": 0.6352657004830918, "test_f1_individual_binary": 0.31879194630872487, "test_f1_individual_macro": 0.5365146172221591, "test_acc_individual": 0.6387900355871886, "test_time_millis": 6045.072287997755, "dataset_size": 4427, "number_of_annotations": 6065, "train_size": 238, "val_size": 1124, "test_size": 1382}}