{"Epoch0": {"train_loss_means": 0.8986002206802368, "val_loss_mean": 0.7948960661888123, "val_f1_majority_bin": 0.0, "val_f1_majority_macro": 0.4923717059639389, "val_acc_majority": 0.9699453711509705, "val_f1_individual_binary": 0.0, "val_f1_individual_macro": 0.4872204472843451, "val_acc_individual": 0.9501557350158691, "train_acc_means": 0.773217499256134, "train_time_millis": 9549.209627322853, "eval_time_millis": 1503.1936499290168}, "Epoch1": {"train_loss_means": 0.7842421531677246, "val_loss_mean": 0.7492135167121887, "val_f1_majority_bin": 0.0, "val_f1_majority_macro": 0.4923717059639389, "val_acc_majority": 0.9699453711509705, "val_f1_individual_binary": 0.0714285746216774, "val_f1_individual_macro": 0.5288649706457925, "val_acc_individual": 0.9730010628700256, "train_acc_means": 0.9586290717124939, "train_time_millis": 9590.658554807305, "eval_time_millis": 1492.1052353456616}, "Epoch2": {"train_loss_means": 0.7141209840774536, "val_loss_mean": 0.7218250632286072, "val_f1_majority_bin": 0.0, "val_f1_majority_macro": 0.4923717059639389, "val_acc_majority": 0.9699453711509705, "val_f1_individual_binary": 0.06666667014360428, "val_f1_individual_macro": 0.5259493670886076, "val_acc_individual": 0.9709241986274719, "train_acc_means": 0.9776087403297424, "train_time_millis": 9538.090682122856, "eval_time_millis": 1506.3606640323997}, "Epoch3": {"train_loss_means": 0.645180881023407, "val_loss_mean": 0.6900128722190857, "val_f1_majority_bin": 0.07999999821186066, "val_f1_majority_macro": 0.5320083391243919, "val_acc_majority": 0.9685792326927185, "val_f1_individual_binary": 0.06451612710952759, "val_f1_individual_macro": 0.5246063494765512, "val_acc_individual": 0.9698857665061951, "train_acc_means": 0.9791717529296875, "train_time_millis": 9624.194154050201, "eval_time_millis": 1511.3194440491498}, "Epoch4": {"train_loss_means": 0.6034755110740662, "val_loss_mean": 0.6511097550392151, "val_f1_majority_bin": 0.0, "val_f1_majority_macro": 0.4923717059639389, "val_acc_majority": 0.9699453711509705, "val_f1_individual_binary": 0.0, "val_f1_individual_macro": 0.49395691014188126, "val_acc_individual": 0.9761162996292114, "train_acc_means": 0.9797290563583374, "train_time_millis": 9626.427978742868, "eval_time_millis": 1503.4847259521484}, "Epoch5": {"train_loss_means": 0.5432916879653931, "val_loss_mean": 0.6347741484642029, "val_f1_majority_bin": 0.08695652335882187, "val_f1_majority_macro": 0.5361916543463174, "val_acc_majority": 0.9713114500045776, "val_f1_individual_binary": 0.07999999821186066, "val_f1_individual_macro": 0.5339505523408733, "val_acc_individual": 0.9761162996292114, "train_acc_means": 0.9838281869888306, "train_time_millis": 9615.716472733766, "eval_time_millis": 1505.7163308374584}, "Epoch6": {"train_loss_means": 0.5059471726417542, "val_loss_mean": 0.6198850870132446, "val_f1_majority_bin": 0.08695652335882187, "val_f1_majority_macro": 0.5361916543463174, "val_acc_majority": 0.9713114500045776, "val_f1_individual_binary": 0.1599999964237213, "val_f1_individual_macro": 0.5744765912677539, "val_acc_individual": 0.9781931638717651, "train_acc_means": 0.98291015625, "train_time_millis": 9587.196985259652, "eval_time_millis": 1490.0917341001332}, "Epoch7": {"train_loss_means": 0.4600324332714081, "val_loss_mean": 0.5956847071647644, "val_f1_majority_bin": 0.08695652335882187, "val_f1_majority_macro": 0.5361916543463174, "val_acc_majority": 0.9713114500045776, "val_f1_individual_binary": 0.1599999964237213, "val_f1_individual_macro": 0.5744765912677539, "val_acc_individual": 0.9781931638717651, "train_acc_means": 0.9872430562973022, "train_time_millis": 9595.115146134049, "eval_time_millis": 1504.0056859143078}, "Epoch8": {"train_loss_means": 0.44703757762908936, "val_loss_mean": 0.5955398678779602, "val_f1_majority_bin": 0.1599999964237213, "val_f1_majority_macro": 0.5727032661570535, "val_acc_majority": 0.9713114500045776, "val_f1_individual_binary": 0.2142857164144516, "val_f1_individual_macro": 0.6013472828541321, "val_acc_individual": 0.9771547317504883, "train_acc_means": 0.9861985445022583, "train_time_millis": 9626.907678786665, "eval_time_millis": 1486.4040999673307}, "Epoch9": {"train_loss_means": 0.4171643555164337, "val_loss_mean": 0.5938023328781128, "val_f1_majority_bin": 0.23076923191547394, "val_f1_majority_macro": 0.6084305124638922, "val_acc_majority": 0.9726775884628296, "val_f1_individual_binary": 0.2068965584039688, "val_f1_individual_macro": 0.5973860723828913, "val_acc_individual": 0.9761162996292114, "train_acc_means": 0.9883719086647034, "train_time_millis": 9638.96544277668, "eval_time_millis": 1516.4739480242133}, "Test_results": {"test_f1_majority_binary": 0.0, "test_f1_majority_macro": 0.49209932279909707, "test_acc_majority": 0.9688888788223267, "test_f1_individual_binary": 0.06666667014360428, "test_f1_individual_macro": 0.5253968253968254, "test_acc_individual": 0.9687848091125488, "test_time_millis": 1427.8366956859827, "dataset_size": 3551, "number_of_annotations": 4678}}