{"Epoch0": {"train_loss_means": 2.065490961074829, "val_loss_mean": 1.907525897026062, "val_f1_majority_bin": 0.0, "val_f1_majority_macro": 0.49311234530108894, "val_acc_majority": 0.9728237390518188, "val_f1_individual_binary": 0.0, "val_f1_individual_macro": 0.4901042609887978, "val_acc_individual": 0.9611852169036865, "train_acc_means": 0.9396477937698364, "train_time_millis": 136529.6534250083, "eval_time_millis": 30680.95815301058}, "Epoch1": {"train_loss_means": 1.8174641132354736, "val_loss_mean": 1.7498990297317505, "val_f1_majority_bin": 0.2395833283662796, "val_f1_majority_macro": 0.6101039731339762, "val_acc_majority": 0.962212085723877, "val_f1_individual_binary": 0.21904373168945312, "val_f1_individual_macro": 0.5970135180639277, "val_acc_individual": 0.9515196084976196, "train_acc_means": 0.9596430659294128, "train_time_millis": 136737.47314800858, "eval_time_millis": 30718.34681101609}, "Epoch2": {"train_loss_means": 1.6723312139511108, "val_loss_mean": 1.7090275287628174, "val_f1_majority_bin": 0.24539877474308014, "val_f1_majority_macro": 0.6117806115363564, "val_acc_majority": 0.9575532674789429, "val_f1_individual_binary": 0.23438647389411926, "val_f1_individual_macro": 0.603503248935715, "val_acc_individual": 0.9471307396888733, "train_acc_means": 0.9463070034980774, "train_time_millis": 137856.1058359919, "eval_time_millis": 30751.933402003488}, "Epoch3": {"train_loss_means": 1.5996687412261963, "val_loss_mean": 1.6878411769866943, "val_f1_majority_bin": 0.25777778029441833, "val_f1_majority_macro": 0.6177590181819977, "val_acc_majority": 0.9567767977714539, "val_f1_individual_binary": 0.24181360006332397, "val_f1_individual_macro": 0.6070553474924298, "val_acc_individual": 0.946547269821167, "train_acc_means": 0.9424599409103394, "train_time_millis": 138217.29559099185, "eval_time_millis": 30808.1084540172}, "Epoch4": {"train_loss_means": 1.5305014848709106, "val_loss_mean": 1.6011747121810913, "val_f1_majority_bin": 0.2935010492801666, "val_f1_majority_macro": 0.6315894659841271, "val_acc_majority": 0.9418514370918274, "val_f1_individual_binary": 0.26890307664871216, "val_f1_individual_macro": 0.616164383833673, "val_acc_individual": 0.9303364157676697, "train_acc_means": 0.9398053884506226, "train_time_millis": 138005.42062500608, "eval_time_millis": 30965.807030996075}, "Epoch5": {"train_loss_means": 1.454096794128418, "val_loss_mean": 1.567093014717102, "val_f1_majority_bin": 0.30583059787750244, "val_f1_majority_macro": 0.6387501588573081, "val_acc_majority": 0.9455612301826477, "val_f1_individual_binary": 0.2878619134426117, "val_f1_individual_macro": 0.6269329246179822, "val_acc_individual": 0.9351058006286621, "train_acc_means": 0.9356946349143982, "train_time_millis": 138054.9516880128, "eval_time_millis": 31025.63214302063}, "Epoch6": {"train_loss_means": 1.411784052848816, "val_loss_mean": 1.543437123298645, "val_f1_majority_bin": 0.31938326358795166, "val_f1_majority_macro": 0.6458189532925729, "val_acc_majority": 0.9466827511787415, "val_f1_individual_binary": 0.2981778085231781, "val_f1_individual_macro": 0.6321904514028861, "val_acc_individual": 0.9355117082595825, "train_acc_means": 0.9358231425285339, "train_time_millis": 138032.8201870143, "eval_time_millis": 31001.524877006887}, "Epoch7": {"train_loss_means": 1.3638674020767212, "val_loss_mean": 1.5469032526016235, "val_f1_majority_bin": 0.2970297038555145, "val_f1_majority_macro": 0.6308219512993845, "val_acc_majority": 0.932620108127594, "val_f1_individual_binary": 0.29235416650772095, "val_f1_individual_macro": 0.6257498924303624, "val_acc_individual": 0.9227510094642639, "train_acc_means": 0.9353060722351074, "train_time_millis": 138196.67774101254, "eval_time_millis": 30846.480431006057}, "Epoch8": {"train_loss_means": 1.3234630823135376, "val_loss_mean": 1.5359859466552734, "val_f1_majority_bin": 0.28122544288635254, "val_f1_majority_macro": 0.6197308964592778, "val_acc_majority": 0.9210594296455383, "val_f1_individual_binary": 0.27555376291275024, "val_f1_individual_macro": 0.6136613365008712, "val_acc_individual": 0.9095590710639954, "train_acc_means": 0.9341727495193481, "train_time_millis": 138202.9192780028, "eval_time_millis": 30818.83103400469}, "Epoch9": {"train_loss_means": 1.283565640449524, "val_loss_mean": 1.5279650688171387, "val_f1_majority_bin": 0.31515151262283325, "val_f1_majority_macro": 0.6422999825216841, "val_acc_majority": 0.9415063261985779, "val_f1_individual_binary": 0.30266159772872925, "val_f1_individual_macro": 0.6329641055520334, "val_acc_individual": 0.9302095770835876, "train_acc_means": 0.9335873126983643, "train_time_millis": 138078.71411499218, "eval_time_millis": 30789.16565698455}, "Test_results": {"test_f1_majority_binary": 0.32924336194992065, "test_f1_majority_macro": 0.6498522244420478, "test_acc_majority": 0.9434141516685486, "test_f1_individual_binary": 0.3124357759952545, "test_f1_individual_macro": 0.6383435641446995, "test_acc_individual": 0.9320363402366638, "test_time_millis": 30815.51164301345, "dataset_size": 57970, "number_of_annotations": 196766}}