{"Epoch0": {"train_loss_means": 0.7305196523666382, "val_loss_mean": 0.680742084980011, "val_f1_majority_bin": 0.0294736847281456, "val_f1_majority_macro": 0.425222278998467, "val_acc_majority": 0.6977049112319946, "val_f1_individual_binary": 0.025284450501203537, "val_f1_individual_macro": 0.426304039141348, "val_acc_individual": 0.706620991230011, "train_acc_means": 0.5097221732139587, "train_time_millis": 1173.0448110029101, "eval_time_millis": 3100.237386999652}, "Epoch1": {"train_loss_means": 0.6918345093727112, "val_loss_mean": 0.6871288418769836, "val_f1_majority_bin": 0.3673076927661896, "val_f1_majority_macro": 0.5199722541140452, "val_acc_majority": 0.5685245990753174, "val_f1_individual_binary": 0.3460879623889923, "val_f1_individual_macro": 0.5097058864264236, "val_acc_individual": 0.564307451248169, "train_acc_means": 0.6583333611488342, "train_time_millis": 1088.1649249931797, "eval_time_millis": 3084.1115199727938}, "Epoch2": {"train_loss_means": 0.6464287638664246, "val_loss_mean": 0.679304838180542, "val_f1_majority_bin": 0.3171912729740143, "val_f1_majority_macro": 0.53179708049541, "val_acc_majority": 0.6301639080047607, "val_f1_individual_binary": 0.29133284091949463, "val_f1_individual_macro": 0.5203766994494273, "val_acc_individual": 0.6297564506530762, "train_acc_means": 0.7458333373069763, "train_time_millis": 1110.7136090286076, "eval_time_millis": 3101.8032719148323}, "Epoch3": {"train_loss_means": 0.5468187928199768, "val_loss_mean": 0.684962809085846, "val_f1_majority_bin": 0.35457706451416016, "val_f1_majority_macro": 0.5499451356138481, "val_acc_majority": 0.6347541213035583, "val_f1_individual_binary": 0.32478633522987366, "val_f1_individual_macro": 0.5393402028916047, "val_acc_individual": 0.6392694115638733, "train_acc_means": 0.8902777433395386, "train_time_millis": 1096.0584570420906, "eval_time_millis": 3088.1652290700004}, "Epoch4": {"train_loss_means": 0.43776461482048035, "val_loss_mean": 0.6973826289176941, "val_f1_majority_bin": 0.2619718313217163, "val_f1_majority_macro": 0.5190201035271458, "val_acc_majority": 0.6563934683799744, "val_f1_individual_binary": 0.23650385439395905, "val_f1_individual_macro": 0.5093010842934929, "val_acc_individual": 0.6609588861465454, "train_acc_means": 0.949999988079071, "train_time_millis": 1097.9144470766187, "eval_time_millis": 3091.91765205469}, "Test_results": {"test_f1_majority_binary": 0.25475841760635376, "test_f1_majority_macro": 0.5197682157129193, "test_acc_majority": 0.6660104990005493, "test_f1_individual_binary": 0.24899598956108093, "test_f1_individual_macro": 0.5111646586345382, "test_acc_individual": 0.6517691016197205, "test_time_millis": 3092.098099994473, "dataset_size": 3285, "number_of_annotations": 3285}}