{"Epoch0": {"train_loss_means": 1.0400854349136353, "val_loss_mean": 0.973447322845459, "val_f1_majority_bin": 0.0, "val_f1_majority_macro": 0.48728260301874965, "val_acc_majority": 0.9503921866416931, "val_f1_individual_binary": 0.0, "val_f1_individual_macro": 0.48965882976842856, "val_acc_individual": 0.9594734907150269, "train_acc_means": 0.9538232684135437, "train_time_millis": 58770.27102801367, "eval_time_millis": 12474.999813974136}, "Epoch1": {"train_loss_means": 0.9395710229873657, "val_loss_mean": 0.8954026699066162, "val_f1_majority_bin": 0.23255814611911774, "val_f1_majority_macro": 0.6014401553094193, "val_acc_majority": 0.9428542256355286, "val_f1_individual_binary": 0.22182786464691162, "val_f1_individual_macro": 0.5978310176411556, "val_acc_individual": 0.9493707418441772, "train_acc_means": 0.9589803218841553, "train_time_millis": 58938.48648000858, "eval_time_millis": 12446.4484359778}, "Epoch2": {"train_loss_means": 0.8636168837547302, "val_loss_mean": 0.8623957633972168, "val_f1_majority_bin": 0.2519893944263458, "val_f1_majority_macro": 0.611058254282246, "val_acc_majority": 0.9425486326217651, "val_f1_individual_binary": 0.24659864604473114, "val_f1_individual_macro": 0.6100627952866339, "val_acc_individual": 0.9488511681556702, "train_acc_means": 0.9473922252655029, "train_time_millis": 58957.67885900568, "eval_time_millis": 12602.274308999768}, "Epoch3": {"train_loss_means": 0.8060625195503235, "val_loss_mean": 0.8350697159767151, "val_f1_majority_bin": 0.3206278085708618, "val_f1_majority_macro": 0.6441470034688642, "val_acc_majority": 0.9382703304290771, "val_f1_individual_binary": 0.2844950258731842, "val_f1_individual_macro": 0.6271142294843765, "val_acc_individual": 0.9419235587120056, "train_acc_means": 0.9409202933311462, "train_time_millis": 59085.16464699642, "eval_time_millis": 12632.67262899899}, "Epoch4": {"train_loss_means": 0.7622631788253784, "val_loss_mean": 0.8223360180854797, "val_f1_majority_bin": 0.3236514627933502, "val_f1_majority_macro": 0.6443645584924447, "val_acc_majority": 0.9335845708847046, "val_f1_individual_binary": 0.2909567356109619, "val_f1_individual_macro": 0.6291428473284733, "val_acc_individual": 0.9375360608100891, "train_acc_means": 0.9370325207710266, "train_time_millis": 59085.267745977035, "eval_time_millis": 12476.4740029932}, "Epoch5": {"train_loss_means": 0.7240958213806152, "val_loss_mean": 0.8283222317695618, "val_f1_majority_bin": 0.3113994300365448, "val_f1_majority_macro": 0.6356781644331195, "val_acc_majority": 0.9243149757385254, "val_f1_individual_binary": 0.27602338790893555, "val_f1_individual_macro": 0.6192165298166774, "val_acc_individual": 0.928530216217041, "train_acc_means": 0.9375126361846924, "train_time_millis": 59110.59725499945, "eval_time_millis": 12481.680935976328}, "Epoch6": {"train_loss_means": 0.6964657306671143, "val_loss_mean": 0.7997270226478577, "val_f1_majority_bin": 0.31028667092323303, "val_f1_majority_macro": 0.6329729139761513, "val_acc_majority": 0.9166751503944397, "val_f1_individual_binary": 0.27589744329452515, "val_f1_individual_macro": 0.6163545416472559, "val_acc_individual": 0.918485164642334, "train_acc_means": 0.9356836676597595, "train_time_millis": 59036.355770978844, "eval_time_millis": 12511.672542983433}, "Epoch7": {"train_loss_means": 0.6682662963867188, "val_loss_mean": 0.8117852210998535, "val_f1_majority_bin": 0.3250230848789215, "val_f1_majority_macro": 0.6428091000960492, "val_acc_majority": 0.9255373477935791, "val_f1_individual_binary": 0.29405033588409424, "val_f1_individual_macro": 0.628269091858177, "val_acc_individual": 0.9287611246109009, "train_acc_means": 0.9367526769638062, "train_time_millis": 59045.06674502045, "eval_time_millis": 12485.2141670126}, "Epoch8": {"train_loss_means": 0.6543030142784119, "val_loss_mean": 0.7957003116607666, "val_f1_majority_bin": 0.31740307807922363, "val_f1_majority_macro": 0.6382696840596322, "val_acc_majority": 0.9228888750076294, "val_f1_individual_binary": 0.2913472056388855, "val_f1_individual_macro": 0.6259588128412685, "val_acc_individual": 0.9252973198890686, "train_acc_means": 0.9363348484039307, "train_time_millis": 59330.72060099221, "eval_time_millis": 12468.93549602828}, "Epoch9": {"train_loss_means": 0.6197978854179382, "val_loss_mean": 0.8354913592338562, "val_f1_majority_bin": 0.3360323905944824, "val_f1_majority_macro": 0.6504252901166024, "val_acc_majority": 0.93317711353302, "val_f1_individual_binary": 0.30012452602386475, "val_f1_individual_macro": 0.6330515515663047, "val_acc_individual": 0.935111403465271, "train_acc_means": 0.9387357234954834, "train_time_millis": 59129.36302300659, "eval_time_millis": 12689.373332977993}, "Test_results": {"test_f1_majority_binary": 0.302734375, "test_f1_majority_macro": 0.6321736391129031, "test_acc_majority": 0.9272319674491882, "test_f1_individual_binary": 0.29481130838394165, "test_f1_individual_macro": 0.6294713993408901, "test_acc_individual": 0.9317351579666138, "test_time_millis": 12747.353726008441, "dataset_size": 49294, "number_of_annotations": 87322}}