{"Epoch0": {"train_loss_means": 0.5402476191520691, "val_loss_mean": 0.5221272706985474, "val_f1_majority_bin": 0.0, "val_f1_majority_macro": 0.492566590956019, "val_acc_majority": 0.9707019329071045, "val_f1_individual_binary": 0.0, "val_f1_individual_macro": 0.4936649870387091, "val_acc_individual": 0.9749770164489746, "train_acc_means": 0.9701704382896423, "train_time_millis": 5343.831994992797, "eval_time_millis": 16337.213766993955}, "Epoch1": {"train_loss_means": 0.4801799952983856, "val_loss_mean": 0.4936882555484772, "val_f1_majority_bin": 0.0, "val_f1_majority_macro": 0.492566590956019, "val_acc_majority": 0.9707019329071045, "val_f1_individual_binary": 0.0, "val_f1_individual_macro": 0.4936649870387091, "val_acc_individual": 0.9749770164489746, "train_acc_means": 0.9730113744735718, "train_time_millis": 5373.488626006292, "eval_time_millis": 16395.73845799896}, "Epoch2": {"train_loss_means": 0.43418648838996887, "val_loss_mean": 0.4687286615371704, "val_f1_majority_bin": 0.0, "val_f1_majority_macro": 0.492566590956019, "val_acc_majority": 0.9707019329071045, "val_f1_individual_binary": 0.0, "val_f1_individual_macro": 0.4936649870387091, "val_acc_individual": 0.9749770164489746, "train_acc_means": 0.9729099273681641, "train_time_millis": 5384.5632880111225, "eval_time_millis": 16293.230397001025}, "Epoch3": {"train_loss_means": 0.3632761240005493, "val_loss_mean": 0.4674912989139557, "val_f1_majority_bin": 0.0, "val_f1_majority_macro": 0.492566590956019, "val_acc_majority": 0.9707019329071045, "val_f1_individual_binary": 0.0, "val_f1_individual_macro": 0.4936649870387091, "val_acc_individual": 0.9749770164489746, "train_acc_means": 0.9730113744735718, "train_time_millis": 5342.464684988954, "eval_time_millis": 16456.504638001206}, "Epoch4": {"train_loss_means": 0.2912987470626831, "val_loss_mean": 0.44470641016960144, "val_f1_majority_bin": 0.0, "val_f1_majority_macro": 0.492566590956019, "val_acc_majority": 0.9707019329071045, "val_f1_individual_binary": 0.0, "val_f1_individual_macro": 0.4936649870387091, "val_acc_individual": 0.9749770164489746, "train_acc_means": 0.9730113744735718, "train_time_millis": 5381.530644008308, "eval_time_millis": 16452.182120992802}, "Epoch5": {"train_loss_means": 0.2085726112127304, "val_loss_mean": 0.47682952880859375, "val_f1_majority_bin": 0.006849315017461777, "val_f1_majority_macro": 0.49593808173912063, "val_acc_majority": 0.9704985022544861, "val_f1_individual_binary": 0.004514672793447971, "val_f1_individual_macro": 0.4958334470495973, "val_acc_individual": 0.9746318459510803, "train_acc_means": 0.9729099273681641, "train_time_millis": 5389.862062991597, "eval_time_millis": 16268.70864200464}, "Test_results": {"test_f1_majority_binary": 0.03723404183983803, "test_f1_majority_macro": 0.5092124696814591, "test_acc_majority": 0.9631026387214661, "test_f1_individual_binary": 0.04920914024114609, "test_f1_individual_macro": 0.5166959064372559, "test_acc_individual": 0.9688830375671387, "test_time_millis": 16432.492167004966, "dataset_size": 21047, "number_of_annotations": 21047}}