{"Epoch0": {"train_loss_means": 0.5904433727264404, "val_loss_mean": 0.5177744030952454, "val_f1_majority_bin": 0.0, "val_f1_majority_macro": 0.48777046095954846, "val_acc_majority": 0.9522497653961182, "val_f1_individual_binary": 0.0, "val_f1_individual_macro": 0.48956356736242884, "val_acc_individual": 0.9591078162193298, "train_acc_means": 0.9484223127365112, "train_time_millis": 13441.41139699991, "eval_time_millis": 2040.1250459999574}, "Epoch1": {"train_loss_means": 0.46255651116371155, "val_loss_mean": 0.4085654616355896, "val_f1_majority_bin": 0.32692307233810425, "val_f1_majority_macro": 0.6465859357614421, "val_acc_majority": 0.9357208609580994, "val_f1_individual_binary": 0.2666666805744171, "val_f1_individual_macro": 0.6173294536049143, "val_acc_individual": 0.9386616945266724, "train_acc_means": 0.9490291476249695, "train_time_millis": 13573.222074000114, "eval_time_millis": 2048.559591999947}, "Epoch2": {"train_loss_means": 0.32358211278915405, "val_loss_mean": 0.41955244541168213, "val_f1_majority_bin": 0.36781609058380127, "val_f1_majority_macro": 0.6564629361965724, "val_acc_majority": 0.8989899158477783, "val_f1_individual_binary": 0.31610941886901855, "val_f1_individual_macro": 0.6297528244537478, "val_acc_individual": 0.8954461216926575, "train_acc_means": 0.9541869163513184, "train_time_millis": 13485.47531500003, "eval_time_millis": 2045.4088210001373}, "Epoch3": {"train_loss_means": 0.21165399253368378, "val_loss_mean": 0.45835378766059875, "val_f1_majority_bin": 0.3218390941619873, "val_f1_majority_macro": 0.631478422465414, "val_acc_majority": 0.8916437029838562, "val_f1_individual_binary": 0.29357796907424927, "val_f1_individual_macro": 0.6177469993748458, "val_acc_individual": 0.892657995223999, "train_acc_means": 0.9611043930053711, "train_time_millis": 13487.763818000076, "eval_time_millis": 2041.7380809999486}, "Test_results": {"test_f1_majority_binary": 0.3270440399646759, "test_f1_majority_macro": 0.6362400135985042, "test_acc_majority": 0.899056613445282, "test_f1_individual_binary": 0.30201342701911926, "test_f1_individual_macro": 0.62319922477838, "test_acc_individual": 0.8969786763191223, "test_time_millis": 1988.3957590000136, "dataset_size": 5434, "number_of_annotations": 5434}}