{"Epoch0": {"train_loss_means": 0.03209783509373665, "val_loss_mean": 0.04134216159582138, "val_f1_majority_bin": 0.05972696245733788, "val_f1_majority_macro": 0.4106896951358821, "val_acc_majority": 0.6197049434906393, "val_f1_individual_binary": 0.08035330920689444, "val_f1_individual_macro": 0.4200115508124718, "val_acc_individual": 0.6189253761691744, "train_time_millis": 849.7234679998655, "eval_time_millis": 15179.354194000553}, "Epoch1": {"train_loss_means": 0.030215201899409294, "val_loss_mean": 0.04120592400431633, "val_f1_majority_bin": 0.07220011370096645, "val_f1_majority_macro": 0.45310575253803403, "val_acc_majority": 0.7184022086101286, "val_f1_individual_binary": 0.09577235772357724, "val_f1_individual_macro": 0.46412104058378667, "val_acc_individual": 0.7173139487596584, "train_time_millis": 836.2095829997997, "eval_time_millis": 14283.120537000286}, "Epoch2": {"train_loss_means": 0.028980981558561325, "val_loss_mean": 0.04104432836174965, "val_f1_majority_bin": 0.08824593128390595, "val_f1_majority_macro": 0.48238519809530067, "val_acc_majority": 0.7825036666379087, "val_f1_individual_binary": 0.11347081153175335, "val_f1_individual_macro": 0.49406587674831093, "val_acc_individual": 0.7803731191541277, "train_time_millis": 851.1498430016218, "eval_time_millis": 13170.631169999979}, "Epoch3": {"train_loss_means": 0.02750803343951702, "val_loss_mean": 0.04132487252354622, "val_f1_majority_bin": 0.1196911196911197, "val_f1_majority_macro": 0.5282198894183359, "val_acc_majority": 0.8819773962557157, "val_f1_individual_binary": 0.13807753584705257, "val_f1_individual_macro": 0.5357072600989394, "val_acc_individual": 0.8762454249694998, "train_time_millis": 857.8536799996073, "eval_time_millis": 14107.4783389995}, "Epoch4": {"train_loss_means": 0.02535746805369854, "val_loss_mean": 0.04139724373817444, "val_f1_majority_bin": 0.13682678311499272, "val_f1_majority_macro": 0.5412215353579366, "val_acc_majority": 0.8976792338883617, "val_f1_individual_binary": 0.15649762282091917, "val_f1_individual_macro": 0.5493378934311006, "val_acc_individual": 0.8917751118340789, "train_time_millis": 833.0328480005846, "eval_time_millis": 15119.672553999408}, "Epoch5": {"train_loss_means": 0.029119981452822685, "val_loss_mean": 0.04135173559188843, "val_f1_majority_bin": 0.1459537572254335, "val_f1_majority_macro": 0.5458642994770163, "val_acc_majority": 0.8980243292209473, "val_f1_individual_binary": 0.16538990375171872, "val_f1_individual_macro": 0.5538282861150267, "val_acc_individual": 0.8920038633590891, "train_time_millis": 835.3400429987232, "eval_time_millis": 14112.12709100073}, "Epoch6": {"train_loss_means": 0.022461969405412674, "val_loss_mean": 0.04098642244935036, "val_f1_majority_bin": 0.13624999999999998, "val_f1_majority_macro": 0.5361075780743212, "val_acc_majority": 0.8807695625916659, "val_f1_individual_binary": 0.16099499049922264, "val_f1_individual_macro": 0.5471842810765775, "val_acc_individual": 0.8765504270028467, "train_time_millis": 838.9634449995356, "eval_time_millis": 14927.349775998664}, "Epoch7": {"train_loss_means": 0.02077784761786461, "val_loss_mean": 0.041511718183755875, "val_f1_majority_bin": 0.15508412582297001, "val_f1_majority_macro": 0.5510694523224408, "val_acc_majority": 0.9003537227159003, "val_f1_individual_binary": 0.17082418678906405, "val_f1_individual_macro": 0.5572146912201764, "val_acc_individual": 0.8943930459536397, "train_time_millis": 829.6101779997116, "eval_time_millis": 15120.762956001272}, "Epoch8": {"train_loss_means": 0.02041345089673996, "val_loss_mean": 0.04201783612370491, "val_f1_majority_bin": 0.1587810745789896, "val_f1_majority_macro": 0.5554789804169167, "val_acc_majority": 0.9094987490294194, "val_f1_individual_binary": 0.16999132697311362, "val_f1_individual_macro": 0.5591573352830901, "val_acc_individual": 0.9027043513623424, "train_time_millis": 838.8294529995619, "eval_time_millis": 14123.727593001604}, "Epoch9": {"train_loss_means": 0.019618023186922073, "val_loss_mean": 0.04223780333995819, "val_f1_majority_bin": 0.1610169491525424, "val_f1_majority_macro": 0.5580105198448831, "val_acc_majority": 0.9145889051850574, "val_f1_individual_binary": 0.16878980891719744, "val_f1_individual_macro": 0.5598027545635899, "val_acc_individual": 0.9071268808458723, "train_time_millis": 839.4105879997369, "eval_time_millis": 15134.682088000773}, "Test_results": {"test_f1_majority_binary": 0.1610169491525424, "test_f1_majority_macro": 0.5580105198448831, "test_acc_majority": 0.9145889051850574, "test_f1_individual_binary": 0.16878980891719744, "test_f1_individual_macro": 0.5598027545635899, "test_acc_individual": 0.9071268808458723, "test_time_millis": 15140.779983999892, "dataset_size": 23452, "number_of_annotations": 79596, "train_size": 900, "val_size": 39344, "test_size": 39352}}