{"Epoch0": {"train_loss_means": 2.34977388381958, "val_loss_mean": 2.2041783332824707, "val_f1_majority_bin": 0.0, "val_f1_majority_macro": 0.4969556393157437, "val_acc_majority": 0.9878962635993958, "val_f1_individual_binary": 0.0, "val_f1_individual_macro": 0.49013185521122027, "val_acc_individual": 0.9612913727760315, "train_acc_means": 0.7515632510185242, "train_time_millis": 32553.642760030925, "eval_time_millis": 5931.2704261392355}, "Epoch1": {"train_loss_means": 2.059904098510742, "val_loss_mean": 2.0542757511138916, "val_f1_majority_bin": 0.0, "val_f1_majority_macro": 0.4969556393157437, "val_acc_majority": 0.9878962635993958, "val_f1_individual_binary": 0.0, "val_f1_individual_macro": 0.49404117009750814, "val_acc_individual": 0.9764453768730164, "train_acc_means": 0.9633802175521851, "train_time_millis": 32500.02337107435, "eval_time_millis": 5897.350190905854}, "Epoch2": {"train_loss_means": 1.8636548519134521, "val_loss_mean": 1.9718151092529297, "val_f1_majority_bin": 0.0, "val_f1_majority_macro": 0.4969556393157437, "val_acc_majority": 0.9878962635993958, "val_f1_individual_binary": 0.0, "val_f1_individual_macro": 0.49404117009750814, "val_acc_individual": 0.9764453768730164, "train_acc_means": 0.9741432070732117, "train_time_millis": 32625.251127872616, "eval_time_millis": 5945.41400205344}, "Epoch3": {"train_loss_means": 1.7319214344024658, "val_loss_mean": 1.8832170963287354, "val_f1_majority_bin": 0.0, "val_f1_majority_macro": 0.4969556393157437, "val_acc_majority": 0.9878962635993958, "val_f1_individual_binary": 0.0, "val_f1_individual_macro": 0.49404117009750814, "val_acc_individual": 0.9764453768730164, "train_acc_means": 0.9745513796806335, "train_time_millis": 32591.51896601543, "eval_time_millis": 5916.30198713392}, "Epoch4": {"train_loss_means": 1.6142101287841797, "val_loss_mean": 1.870937466621399, "val_f1_majority_bin": 0.0, "val_f1_majority_macro": 0.4969556393157437, "val_acc_majority": 0.9878962635993958, "val_f1_individual_binary": 0.0, "val_f1_individual_macro": 0.49387244685285536, "val_acc_individual": 0.9757865071296692, "train_acc_means": 0.9748115539550781, "train_time_millis": 32660.859208088368, "eval_time_millis": 6216.435975860804}, "Epoch5": {"train_loss_means": 1.5191391706466675, "val_loss_mean": 1.7562506198883057, "val_f1_majority_bin": 0.0, "val_f1_majority_macro": 0.4969556393157437, "val_acc_majority": 0.9878962635993958, "val_f1_individual_binary": 0.0, "val_f1_individual_macro": 0.4938302484575621, "val_acc_individual": 0.9756218194961548, "train_acc_means": 0.9753513336181641, "train_time_millis": 34678.11254505068, "eval_time_millis": 5890.320517821237}, "Epoch6": {"train_loss_means": 1.4132416248321533, "val_loss_mean": 1.6689603328704834, "val_f1_majority_bin": 0.1599999964237213, "val_f1_majority_macro": 0.5769521044992743, "val_acc_majority": 0.9878962635993958, "val_f1_individual_binary": 0.10843373835086823, "val_f1_individual_macro": 0.5480378427537806, "val_acc_individual": 0.9756218194961548, "train_acc_means": 0.9748777151107788, "train_time_millis": 32521.589286159724, "eval_time_millis": 5911.462096031755}, "Epoch7": {"train_loss_means": 1.3169890642166138, "val_loss_mean": 1.5454902648925781, "val_f1_majority_bin": 0.2926829159259796, "val_f1_majority_macro": 0.6421128253277283, "val_acc_majority": 0.9832853078842163, "val_f1_individual_binary": 0.22134387493133545, "val_f1_individual_macro": 0.6023869674595409, "val_acc_individual": 0.9675506353378296, "train_acc_means": 0.9768624901771545, "train_time_millis": 32533.67956285365, "eval_time_millis": 5912.735614925623}, "Epoch8": {"train_loss_means": 1.221810221672058, "val_loss_mean": 1.5152026414871216, "val_f1_majority_bin": 0.2800000011920929, "val_f1_majority_macro": 0.6347368421052632, "val_acc_majority": 0.9792507290840149, "val_f1_individual_binary": 0.22857142984867096, "val_f1_individual_macro": 0.6051810101885975, "val_acc_individual": 0.9644210338592529, "train_acc_means": 0.9722229242324829, "train_time_millis": 32521.246630931273, "eval_time_millis": 5907.330455956981}, "Epoch9": {"train_loss_means": 1.1296684741973877, "val_loss_mean": 1.4846961498260498, "val_f1_majority_bin": 0.2461538463830948, "val_f1_majority_macro": 0.6158816220490229, "val_acc_majority": 0.9717579483985901, "val_f1_individual_binary": 0.22151899337768555, "val_f1_individual_macro": 0.6003586819002112, "val_acc_individual": 0.9594795107841492, "train_acc_means": 0.9723215103149414, "train_time_millis": 32688.1528259255, "eval_time_millis": 5929.715962847695}, "Test_results": {"test_f1_majority_binary": 0.3103448152542114, "test_f1_majority_macro": 0.6490970796497255, "test_acc_majority": 0.9761193990707397, "test_f1_individual_binary": 0.24390244483947754, "test_f1_individual_macro": 0.61249093526771, "test_acc_individual": 0.9630826711654663, "test_time_millis": 5901.458299951628, "dataset_size": 8684, "number_of_annotations": 30497}}