{"Epoch0": {"train_loss_means": 0.043466717004776, "val_loss_mean": 0.05060606077313423, "val_f1_majority_bin": 0.07272727272727272, "val_f1_majority_macro": 0.5070195627157652, "val_acc_majority": 0.8896103896103896, "val_f1_individual_binary": 0.06250000000000001, "val_f1_individual_macro": 0.501664201183432, "val_acc_individual": 0.8886827458256029, "train_time_millis": 1758.2735889591277, "eval_time_millis": 1805.7846412993968}, "Epoch1": {"train_loss_means": 0.042516257613897324, "val_loss_mean": 0.05015905946493149, "val_f1_majority_bin": 0.08823529411764706, "val_f1_majority_macro": 0.5079026937877954, "val_acc_majority": 0.8658008658008658, "val_f1_individual_binary": 0.10126582278481013, "val_f1_individual_macro": 0.5150973758568695, "val_acc_individual": 0.8682745825602969, "train_time_millis": 1757.2403671219945, "eval_time_millis": 1405.9801120311022}, "Epoch2": {"train_loss_means": 0.041607122868299484, "val_loss_mean": 0.04962373524904251, "val_f1_majority_bin": 0.17857142857142858, "val_f1_majority_macro": 0.5627880184331797, "val_acc_majority": 0.9004329004329005, "val_f1_individual_binary": 0.1875, "val_f1_individual_macro": 0.5681089743589745, "val_acc_individual": 0.9035250463821892, "train_time_millis": 1746.1218577809632, "eval_time_millis": 787.9518461413682}, "Epoch3": {"train_loss_means": 0.040650203824043274, "val_loss_mean": 0.04882196709513664, "val_f1_majority_bin": 0.16216216216216217, "val_f1_majority_macro": 0.544610492845787, "val_acc_majority": 0.8658008658008658, "val_f1_individual_binary": 0.16666666666666669, "val_f1_individual_macro": 0.5481220657276995, "val_acc_individual": 0.8701298701298701, "train_time_millis": 1741.4341713301837, "eval_time_millis": 1653.1203668564558}, "Epoch4": {"train_loss_means": 0.03949116915464401, "val_loss_mean": 0.04739266633987427, "val_f1_majority_bin": 0.21568627450980393, "val_f1_majority_macro": 0.5591813367682839, "val_acc_majority": 0.8268398268398268, "val_f1_individual_binary": 0.2051282051282051, "val_f1_individual_macro": 0.554177005789909, "val_acc_individual": 0.8274582560296846, "train_time_millis": 1743.1400562636554, "eval_time_millis": 2280.091998167336}, "Epoch5": {"train_loss_means": 0.03824322298169136, "val_loss_mean": 0.04655793309211731, "val_f1_majority_bin": 0.2173913043478261, "val_f1_majority_macro": 0.5654264214046822, "val_acc_majority": 0.8441558441558441, "val_f1_individual_binary": 0.20952380952380956, "val_f1_individual_macro": 0.5621103117505996, "val_acc_individual": 0.8460111317254174, "train_time_millis": 1772.7239369414747, "eval_time_millis": 2073.257334996015}, "Epoch6": {"train_loss_means": 0.036101821810007095, "val_loss_mean": 0.04565795138478279, "val_f1_majority_bin": 0.22988505747126436, "val_f1_majority_macro": 0.5749186338730277, "val_acc_majority": 0.854978354978355, "val_f1_individual_binary": 0.2222222222222222, "val_f1_individual_macro": 0.5717852684144819, "val_acc_individual": 0.8571428571428571, "train_time_millis": 1802.6557550765574, "eval_time_millis": 1519.6184390224516}, "Epoch7": {"train_loss_means": 0.03508751466870308, "val_loss_mean": 0.04438771679997444, "val_f1_majority_bin": 0.21276595744680854, "val_f1_majority_macro": 0.5618046654703922, "val_acc_majority": 0.8398268398268398, "val_f1_individual_binary": 0.20370370370370372, "val_f1_individual_macro": 0.5575219549446353, "val_acc_individual": 0.8404452690166976, "train_time_millis": 1760.3546916507185, "eval_time_millis": 2259.8339072428644}, "Epoch8": {"train_loss_means": 0.03377523273229599, "val_loss_mean": 0.044010359793901443, "val_f1_majority_bin": 0.21978021978021978, "val_f1_majority_macro": 0.5672730630713825, "val_acc_majority": 0.8463203463203464, "val_f1_individual_binary": 0.20952380952380956, "val_f1_individual_macro": 0.5621103117505996, "val_acc_individual": 0.8460111317254174, "train_time_millis": 1734.5795696601272, "eval_time_millis": 1536.7162926122546}, "Epoch9": {"train_loss_means": 0.034065235406160355, "val_loss_mean": 0.04376917704939842, "val_f1_majority_bin": 0.22471910112359553, "val_f1_majority_macro": 0.5710421852923367, "val_acc_majority": 0.8506493506493507, "val_f1_individual_binary": 0.21359223300970873, "val_f1_individual_macro": 0.5652576549663928, "val_acc_individual": 0.849721706864564, "train_time_millis": 1748.4296150505543, "eval_time_millis": 2261.555063072592}, "Test_results": {"test_f1_majority_binary": 0.17857142857142858, "test_f1_majority_macro": 0.5627880184331797, "test_acc_majority": 0.9004329004329005, "test_f1_individual_binary": 0.1875, "test_f1_individual_macro": 0.5681089743589745, "test_acc_individual": 0.9035250463821892, "test_time_millis": 2279.216748662293, "dataset_size": 2437, "number_of_annotations": 2824, "train_size": 1752, "val_size": 539, "test_size": 533}}