{"Epoch0": {"train_loss_means": 0.15398496389389038, "val_loss_mean": 0.1483960598707199, "val_f1_majority_bin": 0.29885057471264365, "val_f1_majority_macro": 0.5055573628280199, "val_acc_majority": 0.5919732441471572, "val_f1_individual_binary": 0.3032994923857868, "val_f1_individual_macro": 0.5031911199084154, "val_acc_individual": 0.5836177474402731, "train_time_millis": 3467.2584291547537, "eval_time_millis": 3803.952164016664}, "Epoch1": {"train_loss_means": 0.13972412049770355, "val_loss_mean": 0.13695953786373138, "val_f1_majority_bin": 0.367816091954023, "val_f1_majority_macro": 0.6078361234320598, "val_acc_majority": 0.7547380156075808, "val_f1_individual_binary": 0.3586854460093897, "val_f1_individual_macro": 0.5982070613273368, "val_acc_individual": 0.7409935532802427, "train_time_millis": 3571.5484090615064, "eval_time_millis": 3802.7459839358926}, "Epoch2": {"train_loss_means": 0.12071796506643295, "val_loss_mean": 0.13080593943595886, "val_f1_majority_bin": 0.4068965517241379, "val_f1_majority_macro": 0.6462674247982392, "val_acc_majority": 0.8082497212931996, "val_f1_individual_binary": 0.39325842696629215, "val_f1_individual_macro": 0.6350416222422701, "val_acc_individual": 0.7952218430034129, "train_time_millis": 3417.1013419982046, "eval_time_millis": 3802.147086011246}, "Epoch3": {"train_loss_means": 0.10389170795679092, "val_loss_mean": 0.13044779002666473, "val_f1_majority_bin": 0.4420289855072464, "val_f1_majority_macro": 0.6702898550724637, "val_acc_majority": 0.8283166109253066, "val_f1_individual_binary": 0.40613931523022434, "val_f1_individual_macro": 0.6462591764766437, "val_acc_individual": 0.8092529389457717, "train_time_millis": 3445.3145312145352, "eval_time_millis": 3701.4088940341026}, "Epoch4": {"train_loss_means": 0.08819843083620071, "val_loss_mean": 0.15889643132686615, "val_f1_majority_bin": 0.4385026737967914, "val_f1_majority_macro": 0.6865817662698954, "val_acc_majority": 0.882943143812709, "val_f1_individual_binary": 0.39522998296422485, "val_f1_individual_macro": 0.6597442852734501, "val_acc_individual": 0.8653773227152066, "train_time_millis": 3469.6306670084596, "eval_time_millis": 3800.3996568731964}, "Epoch5": {"train_loss_means": 0.08168572187423706, "val_loss_mean": 0.1590030938386917, "val_f1_majority_bin": 0.44976076555023925, "val_f1_majority_macro": 0.6886027802514603, "val_acc_majority": 0.8717948717948718, "val_f1_individual_binary": 0.41221374045801534, "val_f1_individual_macro": 0.6644311828507872, "val_acc_individual": 0.8540007584376185, "train_time_millis": 3493.954313918948, "eval_time_millis": 3808.738329913467}, "Epoch6": {"train_loss_means": 0.07463698089122772, "val_loss_mean": 0.1551579236984253, "val_f1_majority_bin": 0.4406779661016949, "val_f1_majority_macro": 0.6779769804834533, "val_acc_majority": 0.8528428093645485, "val_f1_individual_binary": 0.419047619047619, "val_f1_individual_macro": 0.6624870172788215, "val_acc_individual": 0.838073568448995, "train_time_millis": 3471.812831936404, "eval_time_millis": 3801.0523580014706}, "Epoch7": {"train_loss_means": 0.0672297552227974, "val_loss_mean": 0.17185506224632263, "val_f1_majority_bin": 0.44036697247706424, "val_f1_majority_macro": 0.681477902482187, "val_acc_majority": 0.8639910813823858, "val_f1_individual_binary": 0.40528634361233484, "val_f1_individual_macro": 0.6585543409766442, "val_acc_individual": 0.8464163822525598, "train_time_millis": 3496.276202145964, "eval_time_millis": 3801.0345180518925}, "Epoch8": {"train_loss_means": 0.06697924435138702, "val_loss_mean": 0.18849194049835205, "val_f1_majority_bin": 0.4226804123711341, "val_f1_majority_macro": 0.676340206185567, "val_acc_majority": 0.875139353400223, "val_f1_individual_binary": 0.39080459770114945, "val_f1_individual_macro": 0.6556380973500389, "val_acc_individual": 0.8593098217671596, "train_time_millis": 3467.348631937057, "eval_time_millis": 3800.538779934868}, "Epoch9": {"train_loss_means": 0.065679170191288, "val_loss_mean": 0.18463046848773956, "val_f1_majority_bin": 0.44, "val_f1_majority_macro": 0.6848682559598495, "val_acc_majority": 0.875139353400223, "val_f1_individual_binary": 0.405103668261563, "val_f1_individual_macro": 0.6624184147204093, "val_acc_individual": 0.8585513841486537, "train_time_millis": 3450.823948951438, "eval_time_millis": 3801.150009036064}, "Test_results": {"test_f1_majority_binary": 0.4385026737967914, "test_f1_majority_macro": 0.6865817662698954, "test_acc_majority": 0.882943143812709, "test_f1_individual_binary": 0.39522998296422485, "test_f1_individual_macro": 0.6597442852734501, "test_acc_individual": 0.8653773227152066, "test_time_millis": 3807.524241041392, "dataset_size": 2342, "number_of_annotations": 6797, "train_size": 1582, "val_size": 2637, "test_size": 2578}}