{"Epoch0": {"train_loss_means": 0.5681365728378296, "val_loss_mean": 0.44717875123023987, "val_f1_majority_bin": 0.0, "val_f1_majority_macro": 0.4911402157164869, "val_acc_majority": 0.9651778936386108, "val_f1_individual_binary": 0.0, "val_f1_individual_macro": 0.4899955535793686, "val_acc_individual": 0.9607672095298767, "train_acc_means": 0.9576117992401123, "train_time_millis": 18317.38671875, "eval_time_millis": 2663.2294921875}, "Epoch1": {"train_loss_means": 0.3815198242664337, "val_loss_mean": 0.3573821485042572, "val_f1_majority_bin": 0.33497536182403564, "val_f1_majority_macro": 0.6398124079762966, "val_acc_majority": 0.8978046774864197, "val_f1_individual_binary": 0.3079710006713867, "val_f1_individual_macro": 0.6238117315749709, "val_acc_individual": 0.8889857530593872, "train_acc_means": 0.961196780204773, "train_time_millis": 18241.58984375, "eval_time_millis": 2611.82470703125}, "Epoch2": {"train_loss_means": 0.2077842652797699, "val_loss_mean": 0.38592538237571716, "val_f1_majority_bin": 0.4035087823867798, "val_f1_majority_macro": 0.6883050188763047, "val_acc_majority": 0.9485238194465637, "val_f1_individual_binary": 0.3676012456417084, "val_f1_individual_macro": 0.6683304203399585, "val_acc_individual": 0.941005527973175, "train_acc_means": 0.9618280529975891, "train_time_millis": 18247.966796875, "eval_time_millis": 2619.890625}, "Epoch3": {"train_loss_means": 0.13164333999156952, "val_loss_mean": 0.40568599104881287, "val_f1_majority_bin": 0.33576643466949463, "val_f1_majority_macro": 0.6497195390241415, "val_acc_majority": 0.9311127662658691, "val_f1_individual_binary": 0.31524547934532166, "val_f1_individual_macro": 0.6372224310889115, "val_acc_individual": 0.9229875206947327, "train_acc_means": 0.9707341194152832, "train_time_millis": 18494.1171875, "eval_time_millis": 2637.81787109375}, "Test_results": {"test_f1_majority_binary": 0.317241370677948, "test_f1_majority_macro": 0.6386206896551725, "test_acc_majority": 0.9244275093078613, "test_f1_individual_binary": 0.3298968970775604, "test_f1_individual_macro": 0.6450098033014989, "test_acc_individual": 0.9247249364852905, "test_time_millis": 2574.34521484375, "dataset_size": 6658, "number_of_annotations": 6658}}