{"Epoch0": {"train_loss_means": 1.0647802352905273, "val_loss_mean": 0.9399319887161255, "val_f1_majority_bin": 0.0, "val_f1_majority_macro": 0.4918210994927011, "val_acc_majority": 0.9678109288215637, "val_f1_individual_binary": 0.0, "val_f1_individual_macro": 0.4929602201211838, "val_acc_individual": 0.9722318649291992, "train_acc_means": 0.9609916806221008, "train_time_millis": 90690.49202500173, "eval_time_millis": 19212.260183005128}, "Epoch1": {"train_loss_means": 0.9659792184829712, "val_loss_mean": 0.9120000004768372, "val_f1_majority_bin": 0.0, "val_f1_majority_macro": 0.4918210994927011, "val_acc_majority": 0.9678109288215637, "val_f1_individual_binary": 0.0, "val_f1_individual_macro": 0.4929602201211838, "val_acc_individual": 0.9722318649291992, "train_acc_means": 0.970339834690094, "train_time_millis": 90754.27722599852, "eval_time_millis": 19003.762155000004}, "Epoch2": {"train_loss_means": 0.9493081569671631, "val_loss_mean": 0.8675743937492371, "val_f1_majority_bin": 0.22631579637527466, "val_f1_majority_macro": 0.6055231175476866, "val_acc_majority": 0.9700519442558289, "val_f1_individual_binary": 0.22789116203784943, "val_f1_individual_macro": 0.6072800861006841, "val_acc_individual": 0.9737905263900757, "train_acc_means": 0.9702709913253784, "train_time_millis": 90983.19564299891, "eval_time_millis": 19063.289022997196}, "Epoch3": {"train_loss_means": 0.8793439269065857, "val_loss_mean": 0.842657744884491, "val_f1_majority_bin": 0.21212121844291687, "val_f1_majority_macro": 0.585142348176032, "val_acc_majority": 0.9205459952354431, "val_f1_individual_binary": 0.19323670864105225, "val_f1_individual_macro": 0.5763685696862979, "val_acc_individual": 0.9228726625442505, "train_acc_means": 0.9697783589363098, "train_time_millis": 90529.05461699993, "eval_time_millis": 18772.364791002474}, "Epoch4": {"train_loss_means": 0.814293384552002, "val_loss_mean": 0.7819273471832275, "val_f1_majority_bin": 0.3166666626930237, "val_f1_majority_macro": 0.6475631326398376, "val_acc_majority": 0.9582357406616211, "val_f1_individual_binary": 0.30042919516563416, "val_f1_individual_macro": 0.6405444451460592, "val_acc_individual": 0.9623600244522095, "train_acc_means": 0.9588407874107361, "train_time_millis": 88544.74885100353, "eval_time_millis": 18412.14392499387}, "Epoch5": {"train_loss_means": 0.7679265737533569, "val_loss_mean": 0.760771632194519, "val_f1_majority_bin": 0.3065250515937805, "val_f1_majority_macro": 0.6412203582303206, "val_acc_majority": 0.9534481167793274, "val_f1_individual_binary": 0.29445508122444153, "val_f1_individual_macro": 0.6362447368657677, "val_acc_individual": 0.9573951959609985, "train_acc_means": 0.9538124203681946, "train_time_millis": 87092.82532100042, "eval_time_millis": 17997.71854300343}, "Epoch6": {"train_loss_means": 0.7215375900268555, "val_loss_mean": 0.7494706511497498, "val_f1_majority_bin": 0.32721713185310364, "val_f1_majority_macro": 0.6520174141136815, "val_acc_majority": 0.9551798105239868, "val_f1_individual_binary": 0.3126213550567627, "val_f1_individual_macro": 0.6457793533785333, "val_acc_individual": 0.9591271281242371, "train_acc_means": 0.9532167315483093, "train_time_millis": 85257.52989800094, "eval_time_millis": 17615.958619993762}, "Epoch7": {"train_loss_means": 0.690247654914856, "val_loss_mean": 0.7401934862136841, "val_f1_majority_bin": 0.29193341732025146, "val_f1_majority_macro": 0.6313006084611903, "val_acc_majority": 0.9436691403388977, "val_f1_individual_binary": 0.2743854224681854, "val_f1_individual_macro": 0.623488124027475, "val_acc_individual": 0.947176992893219, "train_acc_means": 0.9543836116790771, "train_time_millis": 82925.32294000557, "eval_time_millis": 17133.208674000343}, "Epoch8": {"train_loss_means": 0.6621289253234863, "val_loss_mean": 0.7640429735183716, "val_f1_majority_bin": 0.2605752944946289, "val_f1_majority_macro": 0.6066045784681927, "val_acc_majority": 0.9109707474708557, "val_f1_individual_binary": 0.23215152323246002, "val_f1_individual_macro": 0.5918161362709387, "val_acc_individual": 0.9087287783622742, "train_acc_means": 0.9535706639289856, "train_time_millis": 80235.81795099744, "eval_time_millis": 16600.38009800337}, "Test_results": {"test_f1_majority_binary": 0.24766752123832703, "test_f1_majority_macro": 0.5997893009292694, "test_acc_majority": 0.9096004962921143, "test_f1_individual_binary": 0.2267245501279831, "test_f1_individual_macro": 0.5890500859145336, "test_acc_individual": 0.9085045456886292, "test_time_millis": 16818.49776099989, "dataset_size": 49294, "number_of_annotations": 87322}}