{"Epoch0": {"train_loss_means": 0.04796582832932472, "val_loss_mean": 0.04152625799179077, "val_f1_majority_bin": 0.5163511187607573, "val_f1_majority_macro": 0.751945789504974, "val_acc_majority": 0.9757067519668021, "val_f1_individual_binary": 0.43482397716460514, "val_f1_individual_macro": 0.709370617487918, "val_acc_individual": 0.9687244965117809, "train_time_millis": 114371.31937000049, "eval_time_millis": 16340.644525999778}, "Epoch1": {"train_loss_means": 0.03789691627025604, "val_loss_mean": 0.040819667279720306, "val_f1_majority_bin": 0.5132192846034214, "val_f1_majority_macro": 0.7496513034105987, "val_acc_majority": 0.9729402610875767, "val_f1_individual_binary": 0.444637429439861, "val_f1_individual_macro": 0.7136377585251621, "val_acc_individual": 0.9663288140055285, "train_time_millis": 114470.33922299944, "eval_time_millis": 16357.339613000477}, "Epoch2": {"train_loss_means": 0.0337437279522419, "val_loss_mean": 0.039864059537649155, "val_f1_majority_bin": 0.5192012288786483, "val_f1_majority_macro": 0.7526397996014467, "val_acc_majority": 0.9729402610875767, "val_f1_individual_binary": 0.4500846023688663, "val_f1_individual_macro": 0.7162114993476263, "val_acc_individual": 0.9657759641963933, "train_time_millis": 114471.66626499983, "eval_time_millis": 16346.30310600005}, "Epoch3": {"train_loss_means": 0.029963497072458267, "val_loss_mean": 0.049082912504673004, "val_f1_majority_bin": 0.528, "val_f1_majority_macro": 0.7574470656181972, "val_acc_majority": 0.974496412207141, "val_f1_individual_binary": 0.45301418439716307, "val_f1_individual_macro": 0.7181369047172347, "val_acc_individual": 0.967513492167961, "train_time_millis": 114517.19432899973, "eval_time_millis": 16361.616720999336}, "Epoch4": {"train_loss_means": 0.02678307145833969, "val_loss_mean": 0.04898523539304733, "val_f1_majority_bin": 0.49311294765840225, "val_f1_majority_macro": 0.7383451207410183, "val_acc_majority": 0.9681853548889081, "val_f1_individual_binary": 0.43988963342530546, "val_f1_individual_macro": 0.7102693302147567, "val_acc_individual": 0.9625904962485191, "train_time_millis": 114419.48712400062, "eval_time_millis": 16376.165138000033}, "Epoch5": {"train_loss_means": 0.023912327364087105, "val_loss_mean": 0.05393192544579506, "val_f1_majority_bin": 0.5075528700906344, "val_f1_majority_macro": 0.7465229640592013, "val_acc_majority": 0.9718163741678915, "val_f1_individual_binary": 0.44651952461799665, "val_f1_individual_macro": 0.7144027514143315, "val_acc_individual": 0.9656706594708437, "train_time_millis": 114533.72316700006, "eval_time_millis": 16378.974769999331}, "Epoch6": {"train_loss_means": 0.02205720730125904, "val_loss_mean": 0.061036355793476105, "val_f1_majority_bin": 0.5119047619047619, "val_f1_majority_macro": 0.7486511611144324, "val_acc_majority": 0.9716434684879398, "val_f1_individual_binary": 0.4509394572025052, "val_f1_individual_macro": 0.7165332692060776, "val_acc_individual": 0.9653810714755825, "train_time_millis": 114448.01546899998, "eval_time_millis": 14332.946817999982}, "Epoch7": {"train_loss_means": 0.02021077461540699, "val_loss_mean": 0.06258197128772736, "val_f1_majority_bin": 0.4868603042876901, "val_f1_majority_macro": 0.7351529668330602, "val_acc_majority": 0.9679259963689807, "val_f1_individual_binary": 0.4368816778789078, "val_f1_individual_macro": 0.708753053854422, "val_acc_individual": 0.9625378438857444, "train_time_millis": 114441.49790200026, "eval_time_millis": 15332.840945000498}, "Epoch8": {"train_loss_means": 0.01936965063214302, "val_loss_mean": 0.06406000256538391, "val_f1_majority_bin": 0.4755434782608696, "val_f1_majority_macro": 0.7291548983410785, "val_acc_majority": 0.9666292037693438, "val_f1_individual_binary": 0.43410852713178294, "val_f1_individual_macro": 0.7071074043207627, "val_acc_individual": 0.9615637751744109, "train_time_millis": 114495.36090600031, "eval_time_millis": 16329.46657299999}, "Epoch9": {"train_loss_means": 0.018875572830438614, "val_loss_mean": 0.06469078361988068, "val_f1_majority_bin": 0.47567567567567565, "val_f1_majority_macro": 0.7291748030963892, "val_acc_majority": 0.9664562980893923, "val_f1_individual_binary": 0.43303743728290234, "val_f1_individual_macro": 0.7065090428486493, "val_acc_individual": 0.9613268395419244, "train_time_millis": 114384.48029499978, "eval_time_millis": 16315.674416000547}, "Test_results": {"test_f1_majority_binary": 0.5163511187607573, "test_f1_majority_macro": 0.751945789504974, "test_acc_majority": 0.9757067519668021, "test_f1_individual_binary": 0.43482397716460514, "test_f1_individual_macro": 0.709370617487918, "test_acc_individual": 0.9687244965117809, "test_time_millis": 15649.786414000118, "dataset_size": 57855, "number_of_annotations": 190068, "train_size": 113918, "val_size": 37985, "test_size": 38165}}