{"Epoch0": {"train_loss_means": 0.04797911271452904, "val_loss_mean": 0.0446685366332531, "val_f1_majority_bin": 0.45212765957446815, "val_f1_majority_macro": 0.7215474744421495, "val_acc_majority": 0.9822275903718403, "val_f1_individual_binary": 0.35570854847963285, "val_f1_individual_macro": 0.6705710522409838, "val_acc_individual": 0.971511200182653, "train_time_millis": 118036.70959401643, "eval_time_millis": 16471.5612650034}, "Epoch1": {"train_loss_means": 0.03715616837143898, "val_loss_mean": 0.044330354779958725, "val_f1_majority_bin": 0.4108658743633277, "val_f1_majority_macro": 0.69775356746538, "val_acc_majority": 0.9700629798981969, "val_f1_individual_binary": 0.3677621283255087, "val_f1_individual_macro": 0.6732887881343335, "val_acc_individual": 0.9590045409574063, "train_time_millis": 117985.72102101753, "eval_time_millis": 16475.02141795121}, "Epoch2": {"train_loss_means": 0.03023195080459118, "val_loss_mean": 0.05369482561945915, "val_f1_majority_bin": 0.4717444717444717, "val_f1_majority_macro": 0.7311521480566485, "val_acc_majority": 0.9814511258735226, "val_f1_individual_binary": 0.37954665260938325, "val_f1_individual_macro": 0.6821246084559504, "val_acc_individual": 0.9701413024176159, "train_time_millis": 118118.42429998796, "eval_time_millis": 15491.682626015972}, "Epoch3": {"train_loss_means": 0.02532353065907955, "val_loss_mean": 0.058202292770147324, "val_f1_majority_bin": 0.3601190476190476, "val_f1_majority_macro": 0.6705082132808698, "val_acc_majority": 0.9629022517470451, "val_f1_individual_binary": 0.35093815149409313, "val_f1_individual_macro": 0.6631731305127126, "val_acc_individual": 0.9526116847205662, "train_time_millis": 118006.30173896207, "eval_time_millis": 15475.630886037834}, "Epoch4": {"train_loss_means": 0.022116143256425858, "val_loss_mean": 0.06941930204629898, "val_f1_majority_bin": 0.3653250773993808, "val_f1_majority_macro": 0.6735659820791722, "val_acc_majority": 0.9646277284099732, "val_f1_individual_binary": 0.3534883720930232, "val_f1_individual_macro": 0.664862750542915, "val_acc_individual": 0.9541591618255156, "train_time_millis": 117976.52460896643, "eval_time_millis": 14432.666231004987}, "Epoch5": {"train_loss_means": 0.020180845633149147, "val_loss_mean": 0.08311843127012253, "val_f1_majority_bin": 0.3473227206946454, "val_f1_majority_macro": 0.6636351276320144, "val_acc_majority": 0.9610905012509706, "val_f1_individual_binary": 0.3388316151202749, "val_f1_individual_macro": 0.6567459097622236, "val_acc_individual": 0.9511910500012685, "train_time_millis": 118116.6286279913, "eval_time_millis": 16616.569984995294}, "Epoch6": {"train_loss_means": 0.018225600942969322, "val_loss_mean": 0.10062120854854584, "val_f1_majority_bin": 0.3954372623574144, "val_f1_majority_macro": 0.690700622704131, "val_acc_majority": 0.9725649210594427, "val_f1_individual_binary": 0.3608510638297872, "val_f1_individual_macro": 0.670606998288704, "val_acc_individual": 0.9618965473502625, "train_time_millis": 118077.97312201001, "eval_time_millis": 16477.50412800815}, "Epoch7": {"train_loss_means": 0.01734941639006138, "val_loss_mean": 0.10223492980003357, "val_f1_majority_bin": 0.37436762225969644, "val_f1_majority_macro": 0.6789718495556307, "val_acc_majority": 0.9679924079026831, "val_f1_individual_binary": 0.35216205687573043, "val_f1_individual_macro": 0.6651791128998494, "val_acc_individual": 0.9578122225322814, "train_time_millis": 118153.52504601469, "eval_time_millis": 16491.899517015554}, "Epoch8": {"train_loss_means": 0.01615407131612301, "val_loss_mean": 0.10640811920166016, "val_f1_majority_bin": 0.3794326241134752, "val_f1_majority_macro": 0.6819791115969268, "val_acc_majority": 0.9698041583987577, "val_f1_individual_binary": 0.3537906137184116, "val_f1_individual_macro": 0.666344517678513, "val_acc_individual": 0.9591313833430579, "train_time_millis": 117966.14532999229, "eval_time_millis": 16500.848982017487}, "Epoch9": {"train_loss_means": 0.015625951811671257, "val_loss_mean": 0.110712930560112, "val_f1_majority_bin": 0.3835125448028674, "val_f1_majority_macro": 0.6841537264325511, "val_acc_majority": 0.9703218013976361, "val_f1_individual_binary": 0.357519254154844, "val_f1_individual_macro": 0.6683826515238742, "val_acc_individual": 0.9597909637484462, "train_time_millis": 118024.34065501438, "eval_time_millis": 16470.640067011118}, "Test_results": {"test_f1_majority_binary": 0.45212765957446815, "test_f1_majority_macro": 0.7215474744421495, "test_acc_majority": 0.9822275903718403, "test_f1_individual_binary": 0.35570854847963285, "test_f1_individual_macro": 0.6705710522409838, "test_acc_individual": 0.971511200182653, "test_time_millis": 16563.449978013523, "dataset_size": 57970, "number_of_annotations": 196766, "train_size": 117897, "val_size": 39419, "test_size": 39450}}