{"Epoch0": {"train_loss_means": 0.06627992540597916, "val_loss_mean": 0.0622067004442215, "val_f1_majority_bin": 0.4060676779463244, "val_f1_majority_macro": 0.6911718021519084, "val_acc_majority": 0.9543743277160273, "val_f1_individual_binary": 0.3828080229226361, "val_f1_individual_macro": 0.6800035668757354, "val_acc_individual": 0.9560228664761127, "train_time_millis": 71904.72537299866, "eval_time_millis": 12272.943379000935}, "Epoch1": {"train_loss_means": 0.053586751222610474, "val_loss_mean": 0.061445556581020355, "val_f1_majority_bin": 0.41879468845760986, "val_f1_majority_macro": 0.6960611983515256, "val_acc_majority": 0.9489960559340266, "val_f1_individual_binary": 0.38985579313774243, "val_f1_individual_macro": 0.6818660898452875, "val_acc_individual": 0.949897917517354, "train_time_millis": 72448.27998899927, "eval_time_millis": 12476.872865001496}, "Epoch2": {"train_loss_means": 0.04813768342137337, "val_loss_mean": 0.0743819922208786, "val_f1_majority_bin": 0.3965936739659367, "val_f1_majority_macro": 0.6867565857033033, "val_acc_majority": 0.9555396199354608, "val_f1_individual_binary": 0.37499999999999994, "val_f1_individual_macro": 0.6765100600219799, "val_acc_individual": 0.9575336872192731, "train_time_millis": 72497.67859900021, "eval_time_millis": 12418.798079001135}, "Epoch3": {"train_loss_means": 0.04275182634592056, "val_loss_mean": 0.0797644853591919, "val_f1_majority_bin": 0.4033412887828162, "val_f1_majority_macro": 0.6900286587343345, "val_acc_majority": 0.9551810684833274, "val_f1_individual_binary": 0.3721474546518432, "val_f1_individual_macro": 0.6747242741728257, "val_acc_individual": 0.9561861984483463, "train_time_millis": 72655.29459800018, "eval_time_millis": 11491.19451200022}, "Epoch4": {"train_loss_means": 0.03835279494524002, "val_loss_mean": 0.09602096676826477, "val_f1_majority_bin": 0.38479809976247026, "val_f1_majority_macro": 0.6803357056800241, "val_acc_majority": 0.9535675869487271, "val_f1_individual_binary": 0.3622597553873034, "val_f1_individual_macro": 0.6695457632701068, "val_acc_individual": 0.9552878726010616, "train_time_millis": 72541.41416399943, "eval_time_millis": 12462.970623000729}, "Epoch5": {"train_loss_means": 0.03454272076487541, "val_loss_mean": 0.10256993025541306, "val_f1_majority_bin": 0.37280187573270807, "val_f1_majority_macro": 0.6739353057306534, "val_acc_majority": 0.9520437432771602, "val_f1_individual_binary": 0.3502890173410405, "val_f1_individual_macro": 0.6632503287763404, "val_acc_individual": 0.9541037158023683, "train_time_millis": 72485.92947100042, "eval_time_millis": 12519.205091000913}, "Epoch6": {"train_loss_means": 0.031447310000658035, "val_loss_mean": 0.12640520930290222, "val_f1_majority_bin": 0.3606965174129353, "val_f1_majority_macro": 0.6683992164896182, "val_acc_majority": 0.9539261384008605, "val_f1_individual_binary": 0.3415841584158416, "val_f1_individual_macro": 0.6595599197619281, "val_acc_individual": 0.9565536953858718, "train_time_millis": 72628.65342299847, "eval_time_millis": 12588.240946999576}, "Epoch7": {"train_loss_means": 0.02954688109457493, "val_loss_mean": 0.13463012874126434, "val_f1_majority_bin": 0.3576826196473552, "val_f1_majority_macro": 0.6669907660928476, "val_acc_majority": 0.9542846898529939, "val_f1_individual_binary": 0.34228607120549653, "val_f1_individual_macro": 0.6600305173984806, "val_acc_individual": 0.957002858309514, "train_time_millis": 72639.51200199881, "eval_time_millis": 12528.587810000317}, "Epoch8": {"train_loss_means": 0.028193486854434013, "val_loss_mean": 0.13755618035793304, "val_f1_majority_bin": 0.36523929471032746, "val_f1_majority_macro": 0.6709085217858728, "val_acc_majority": 0.954822517031194, "val_f1_individual_binary": 0.3437892095357591, "val_f1_individual_macro": 0.6608575896157249, "val_acc_individual": 0.9572886892609228, "train_time_millis": 72518.1481590007, "eval_time_millis": 12524.306753999554}, "Epoch9": {"train_loss_means": 0.02722105197608471, "val_loss_mean": 0.14341211318969727, "val_f1_majority_bin": 0.3638676844783715, "val_f1_majority_macro": 0.6703199799331372, "val_acc_majority": 0.9551810684833274, "val_f1_individual_binary": 0.34347275031685676, "val_f1_individual_macro": 0.6608085662052197, "val_acc_individual": 0.9576970191915067, "train_time_millis": 72529.69569199922, "eval_time_millis": 12301.685712001927}, "Test_results": {"test_f1_majority_binary": 0.3965936739659367, "test_f1_majority_macro": 0.6867565857033033, "test_acc_majority": 0.9555396199354608, "test_f1_individual_binary": 0.37499999999999994, "test_f1_individual_macro": 0.6765100600219799, "test_acc_individual": 0.9575336872192731, "test_time_millis": 11362.505260000034, "dataset_size": 55876, "number_of_annotations": 122639, "train_size": 73455, "val_size": 24490, "test_size": 24694}}