{"Epoch0": {"train_loss_means": 0.019943341612815857, "val_loss_mean": 0.022759709507226944, "val_f1_majority_bin": 0.03896103896103896, "val_f1_majority_macro": 0.4947147898955128, "val_acc_majority": 0.9057924888605984, "val_f1_individual_binary": 0.04841713221601489, "val_f1_individual_macro": 0.4982563060775351, "val_acc_individual": 0.9015603929878636, "train_time_millis": 2168.4032229240984, "eval_time_millis": 4187.669300008565}, "Epoch1": {"train_loss_means": 0.019329000264406204, "val_loss_mean": 0.022525355219841003, "val_f1_majority_bin": 0.049586776859504134, "val_f1_majority_macro": 0.5057599557915529, "val_acc_majority": 0.9267982176957352, "val_f1_individual_binary": 0.06403940886699508, "val_f1_individual_macro": 0.5129739947302097, "val_acc_individual": 0.9267963783471392, "train_time_millis": 2193.894795025699, "eval_time_millis": 4193.189327022992}, "Epoch2": {"train_loss_means": 0.018561450764536858, "val_loss_mean": 0.022187108173966408, "val_f1_majority_bin": 0.07518796992481204, "val_f1_majority_macro": 0.5171553010142506, "val_acc_majority": 0.9217059197963081, "val_f1_individual_binary": 0.08620689655172414, "val_f1_individual_macro": 0.5217281710022182, "val_acc_individual": 0.9183201695241765, "train_time_millis": 2188.401447958313, "eval_time_millis": 4220.224648015574}, "Epoch3": {"train_loss_means": 0.01717258058488369, "val_loss_mean": 0.022313177585601807, "val_f1_majority_bin": 0.07999999999999999, "val_f1_majority_macro": 0.5287512226931855, "val_acc_majority": 0.9560789306174411, "val_f1_individual_binary": 0.09665427509293682, "val_f1_individual_macro": 0.536312898448278, "val_acc_individual": 0.9531882103640917, "train_time_millis": 2153.944313991815, "eval_time_millis": 4189.104447956197}, "Epoch4": {"train_loss_means": 0.016482077538967133, "val_loss_mean": 0.021234992891550064, "val_f1_majority_bin": 0.10843373493975902, "val_f1_majority_macro": 0.52935127607203, "val_acc_majority": 0.9057924888605984, "val_f1_individual_binary": 0.12280701754385963, "val_f1_individual_macro": 0.5359245034722967, "val_acc_individual": 0.9036794451936043, "train_time_millis": 2177.638861001469, "eval_time_millis": 4212.633201968856}, "Epoch5": {"train_loss_means": 0.015293952077627182, "val_loss_mean": 0.02113221399486065, "val_f1_majority_bin": 0.1515151515151515, "val_f1_majority_macro": 0.557152924594785, "val_acc_majority": 0.9287078294080203, "val_f1_individual_binary": 0.15011037527593818, "val_f1_individual_macro": 0.555667535306415, "val_acc_individual": 0.9258331727990753, "train_time_millis": 2190.4973989585415, "eval_time_millis": 4207.873050007038}, "Epoch6": {"train_loss_means": 0.014040447771549225, "val_loss_mean": 0.021268656477332115, "val_f1_majority_bin": 0.14285714285714288, "val_f1_majority_macro": 0.5555869872701555, "val_acc_majority": 0.9388924252068745, "val_f1_individual_binary": 0.13020833333333331, "val_f1_individual_macro": 0.548400825998533, "val_acc_individual": 0.9356578693893277, "train_time_millis": 2172.9351399699226, "eval_time_millis": 4216.473434935324}, "Epoch7": {"train_loss_means": 0.013553368858993053, "val_loss_mean": 0.02151852659881115, "val_f1_majority_bin": 0.14814814814814814, "val_f1_majority_macro": 0.5589125711076931, "val_acc_majority": 0.9414385741565882, "val_f1_individual_binary": 0.13978494623655915, "val_f1_individual_macro": 0.5539084571342636, "val_acc_individual": 0.9383548449239068, "train_time_millis": 2179.6288000186905, "eval_time_millis": 4210.944609018043}, "Epoch8": {"train_loss_means": 0.012567692436277866, "val_loss_mean": 0.02121020294725895, "val_f1_majority_bin": 0.15, "val_f1_majority_macro": 0.5581237590999337, "val_acc_majority": 0.9350732017823042, "val_f1_individual_binary": 0.15085158150851583, "val_f1_individual_macro": 0.5579250385729321, "val_acc_individual": 0.9327682527451359, "train_time_millis": 2179.538928088732, "eval_time_millis": 4227.04225894995}, "Epoch9": {"train_loss_means": 0.012310602702200413, "val_loss_mean": 0.02157203108072281, "val_f1_majority_bin": 0.14545454545454545, "val_f1_majority_macro": 0.557225953466059, "val_acc_majority": 0.9401654996817314, "val_f1_individual_binary": 0.15263157894736842, "val_f1_individual_macro": 0.560219008829813, "val_acc_individual": 0.9379695627046811, "train_time_millis": 2188.9342289650813, "eval_time_millis": 4270.597489899956}, "Test_results": {"test_f1_majority_binary": 0.07999999999999999, "test_f1_majority_macro": 0.5287512226931855, "test_acc_majority": 0.9560789306174411, "test_f1_individual_binary": 0.09665427509293682, "test_f1_individual_macro": 0.536312898448278, "test_acc_individual": 0.9531882103640917, "test_time_millis": 4215.110769029707, "dataset_size": 3723, "number_of_annotations": 12346, "train_size": 2150, "val_size": 5191, "test_size": 5005}}