{"Epoch0": {"train_loss_means": 0.5325149893760681, "val_loss_mean": 0.5253638625144958, "val_f1_majority_bin": 0.0, "val_f1_majority_macro": 0.4960567823343849, "val_acc_majority": 0.9843505620956421, "val_f1_individual_binary": 0.0, "val_f1_individual_macro": 0.49319502685205624, "val_acc_individual": 0.973145604133606, "train_acc_means": 0.9876033067703247, "train_time_millis": 23451.240463880822, "eval_time_millis": 3620.1909731607884}, "Epoch1": {"train_loss_means": 0.3384642004966736, "val_loss_mean": 0.41362589597702026, "val_f1_majority_bin": 0.2222222238779068, "val_f1_majority_macro": 0.6074249605055293, "val_acc_majority": 0.9853938221931458, "val_f1_individual_binary": 0.12440191209316254, "val_f1_individual_macro": 0.5554576449767114, "val_acc_individual": 0.9734359383583069, "train_acc_means": 0.9872589707374573, "train_time_millis": 23439.723246032372, "eval_time_millis": 3646.3430139701813}, "Epoch2": {"train_loss_means": 0.145958811044693, "val_loss_mean": 0.5462356209754944, "val_f1_majority_bin": 0.49180328845977783, "val_f1_majority_macro": 0.7417935025830643, "val_acc_majority": 0.9838289022445679, "val_f1_individual_binary": 0.34437087178230286, "val_f1_individual_macro": 0.6648390368749741, "val_acc_individual": 0.9712585210800171, "train_acc_means": 0.9877755045890808, "train_time_millis": 23459.8294289317, "eval_time_millis": 3628.7948491517454}, "Test_results": {"test_f1_majority_binary": 0.40816327929496765, "test_f1_majority_macro": 0.7001424856821294, "test_acc_majority": 0.9844503998756409, "test_f1_individual_binary": 0.2656826674938202, "test_f1_individual_macro": 0.6252879996347219, "test_acc_individual": 0.9703957438468933, "test_time_millis": 3541.2286950740963, "dataset_size": 9583, "number_of_annotations": 9583}}