{"Epoch0": {"train_loss_means": 0.28844180703163147, "val_loss_mean": 0.2922092378139496, "val_f1_majority_bin": 0.4924114671163575, "val_f1_majority_macro": 0.5655334646506158, "val_acc_majority": 0.5778401122019635, "val_f1_individual_binary": 0.4919315403422983, "val_f1_individual_macro": 0.5596982907878577, "val_acc_individual": 0.5701282581712868, "train_time_millis": 83896.73471799961, "eval_time_millis": 9794.296089000454}, "Epoch1": {"train_loss_means": 0.24394206702709198, "val_loss_mean": 0.30654194951057434, "val_f1_majority_bin": 0.4555084745762712, "val_f1_majority_macro": 0.593058220516647, "val_acc_majority": 0.6395511921458625, "val_f1_individual_binary": 0.43880786303107167, "val_f1_individual_macro": 0.5835427095321155, "val_acc_individual": 0.6338436077782375, "train_time_millis": 84021.42846300012, "eval_time_millis": 10813.887137000165}, "Epoch2": {"train_loss_means": 0.186674565076828, "val_loss_mean": 0.44177889823913574, "val_f1_majority_bin": 0.3060606060606061, "val_f1_majority_macro": 0.548559500110595, "val_acc_majority": 0.6788218793828892, "val_f1_individual_binary": 0.31970935513169846, "val_f1_individual_macro": 0.5595332202928784, "val_acc_individual": 0.6901117087298304, "train_time_millis": 84063.10256100005, "eval_time_millis": 10820.60475399976}, "Epoch3": {"train_loss_means": 0.1442284733057022, "val_loss_mean": 0.4372555613517761, "val_f1_majority_bin": 0.42105263157894735, "val_f1_majority_macro": 0.5785712366674727, "val_acc_majority": 0.6374474053295933, "val_f1_individual_binary": 0.4256756756756756, "val_f1_individual_macro": 0.5861234669374205, "val_acc_individual": 0.6483243690525444, "train_time_millis": 84070.61683400025, "eval_time_millis": 8794.784982000238}, "Epoch4": {"train_loss_means": 0.11336331069469452, "val_loss_mean": 0.5220464468002319, "val_f1_majority_bin": 0.3957345971563981, "val_f1_majority_macro": 0.570875266705689, "val_acc_majority": 0.6423562412342216, "val_f1_individual_binary": 0.3930885529157667, "val_f1_individual_macro": 0.574193042785895, "val_acc_individual": 0.6512205213074058, "train_time_millis": 84086.64427400072, "eval_time_millis": 8790.871969999898}, "Epoch5": {"train_loss_means": 0.0943850725889206, "val_loss_mean": 0.5260735750198364, "val_f1_majority_bin": 0.42749731471535984, "val_f1_majority_macro": 0.5750188291432083, "val_acc_majority": 0.6262272089761571, "val_f1_individual_binary": 0.43134715025906734, "val_f1_individual_macro": 0.5822389246736066, "val_acc_individual": 0.6367397600330988, "train_time_millis": 84069.5345310005, "eval_time_millis": 10830.465304000427}, "Epoch6": {"train_loss_means": 0.08184579014778137, "val_loss_mean": 0.6407180428504944, "val_f1_majority_bin": 0.3798076923076923, "val_f1_majority_macro": 0.5621810738766184, "val_acc_majority": 0.638148667601683, "val_f1_individual_binary": 0.3925233644859813, "val_f1_individual_macro": 0.573548931734713, "val_acc_individual": 0.6503930492345883, "train_time_millis": 84076.62482999967, "eval_time_millis": 10004.804287000297}, "Epoch7": {"train_loss_means": 0.07310669124126434, "val_loss_mean": 0.6724026203155518, "val_f1_majority_bin": 0.3934040047114253, "val_f1_majority_macro": 0.568144838102093, "val_acc_majority": 0.6388499298737728, "val_f1_individual_binary": 0.41000000000000003, "val_f1_individual_macro": 0.5847320908561444, "val_acc_individual": 0.658254033926355, "train_time_millis": 84074.31349199942, "eval_time_millis": 10812.481973000104}, "Epoch8": {"train_loss_means": 0.07127032428979874, "val_loss_mean": 0.7866694927215576, "val_f1_majority_bin": 0.36548223350253806, "val_f1_majority_macro": 0.5616170857435171, "val_acc_majority": 0.6493688639551192, "val_f1_individual_binary": 0.3668730650154799, "val_f1_individual_macro": 0.5679650474710376, "val_acc_individual": 0.6615639222176252, "train_time_millis": 84079.83639199939, "eval_time_millis": 10816.386874999807}, "Epoch9": {"train_loss_means": 0.06464312970638275, "val_loss_mean": 0.8285760879516602, "val_f1_majority_bin": 0.36015325670498083, "val_f1_majority_macro": 0.5590036462355257, "val_acc_majority": 0.6486676016830295, "val_f1_individual_binary": 0.3664596273291925, "val_f1_individual_macro": 0.5681705920063899, "val_acc_individual": 0.6623913942904427, "train_time_millis": 84114.54539999977, "eval_time_millis": 10847.797790000186}, "Test_results": {"test_f1_majority_binary": 0.3060606060606061, "test_f1_majority_macro": 0.548559500110595, "test_acc_majority": 0.6788218793828892, "test_f1_individual_binary": 0.31970935513169846, "test_f1_individual_macro": 0.5595332202928784, "test_acc_individual": 0.6901117087298304, "test_time_millis": 10808.125782999923, "dataset_size": 7589, "number_of_annotations": 13057, "train_size": 7810, "val_size": 2417, "test_size": 2830}}