{"Epoch0": {"train_loss_means": 3.0440354347229004, "val_loss_mean": 2.9782369136810303, "val_f1_majority_bin": 0.0, "val_f1_majority_macro": 0.41685490877497827, "val_acc_majority": 0.7148391008377075, "val_f1_individual_binary": 0.29424554109573364, "val_f1_individual_macro": 0.5408173699052963, "val_acc_individual": 0.6732214689254761, "train_acc_means": 0.602830171585083, "train_time_millis": 441323.4975631349, "eval_time_millis": 101876.53377326205}, "Epoch1": {"train_loss_means": 2.9406445026397705, "val_loss_mean": 2.9379303455352783, "val_f1_majority_bin": 0.0, "val_f1_majority_macro": 0.41685490877497827, "val_acc_majority": 0.7148391008377075, "val_f1_individual_binary": 0.24344247579574585, "val_f1_individual_macro": 0.5296571530926171, "val_acc_individual": 0.7038254737854004, "train_acc_means": 0.6829530000686646, "train_time_millis": 444019.1939161159, "eval_time_millis": 101917.12996782735}, "Epoch2": {"train_loss_means": 2.742621660232544, "val_loss_mean": 2.9114444255828857, "val_f1_majority_bin": 0.14539006352424622, "val_f1_majority_macro": 0.4863769838850617, "val_acc_majority": 0.7127532958984375, "val_f1_individual_binary": 0.2793827950954437, "val_f1_individual_macro": 0.547106617047131, "val_acc_individual": 0.7053691148757935, "train_acc_means": 0.7172121405601501, "train_time_millis": 445643.0274299346, "eval_time_millis": 102035.88323201984}, "Epoch3": {"train_loss_means": 2.4306788444519043, "val_loss_mean": 2.986844062805176, "val_f1_majority_bin": 0.2949495017528534, "val_f1_majority_macro": 0.5473216960111928, "val_acc_majority": 0.6880214810371399, "val_f1_individual_binary": 0.3598937690258026, "val_f1_individual_macro": 0.5717295464154458, "val_acc_individual": 0.6765100955963135, "train_acc_means": 0.761310875415802, "train_time_millis": 445737.10440611467, "eval_time_millis": 101340.38613410667}, "Test_results": {"test_f1_majority_binary": 0.2888583242893219, "test_f1_majority_macro": 0.5455763884688115, "test_acc_majority": 0.6906044483184814, "test_f1_individual_binary": 0.38400423526763916, "test_f1_individual_macro": 0.5847736473182334, "test_acc_individual": 0.6818492412567139, "test_time_millis": 101265.17053507268, "dataset_size": 16665, "number_of_annotations": 73396}}