{"Epoch0": {"train_loss_means": 0.35911402106285095, "val_loss_mean": 0.27900272607803345, "val_f1_majority_bin": 0.45578232407569885, "val_f1_majority_macro": 0.7170627861323198, "val_acc_majority": 0.9583441615104675, "val_f1_individual_binary": 0.40447762608528137, "val_f1_individual_macro": 0.6894071610111526, "val_acc_individual": 0.9507939219474792, "train_acc_means": 0.9566084742546082, "train_time_millis": 132921.43592401408, "eval_time_millis": 19849.058120977134}, "Epoch1": {"train_loss_means": 0.2487952709197998, "val_loss_mean": 0.31245747208595276, "val_f1_majority_bin": 0.42957043647766113, "val_f1_majority_macro": 0.7018344322948542, "val_acc_majority": 0.9504469037055969, "val_f1_individual_binary": 0.3940099775791168, "val_f1_individual_macro": 0.6822874615746568, "val_acc_individual": 0.943856954574585, "train_acc_means": 0.9564639329910278, "train_time_millis": 133152.02101808973, "eval_time_millis": 19735.061074024998}, "Epoch2": {"train_loss_means": 0.17758600413799286, "val_loss_mean": 0.331542432308197, "val_f1_majority_bin": 0.40594926476478577, "val_f1_majority_macro": 0.6874744683760168, "val_acc_majority": 0.9410743713378906, "val_f1_individual_binary": 0.3731606900691986, "val_f1_individual_macro": 0.6692553804194462, "val_acc_individual": 0.9343302249908447, "train_acc_means": 0.9604821801185608, "train_time_millis": 133492.42461810354, "eval_time_millis": 19914.25267793238}, "Test_results": {"test_f1_majority_binary": 0.45215919613838196, "test_f1_majority_macro": 0.711277488783261, "test_acc_majority": 0.9438270330429077, "test_f1_individual_binary": 0.39659222960472107, "test_f1_individual_macro": 0.6816618494524439, "test_acc_individual": 0.9369397163391113, "test_time_millis": 19700.459888903424, "dataset_size": 57628, "number_of_annotations": 57628}}