{"Epoch0": {"train_loss_means": 2.3931968212127686, "val_loss_mean": 2.4224822521209717, "val_f1_majority_bin": 0.0, "val_f1_majority_macro": 0.4936182019977802, "val_acc_majority": 0.9747945070266724, "val_f1_individual_binary": 0.03100775182247162, "val_f1_individual_macro": 0.4958374190778658, "val_acc_individual": 0.9244027733802795, "train_acc_means": 0.809071958065033, "train_time_millis": 30830.44068099116, "eval_time_millis": 6657.664971979102}, "Epoch1": {"train_loss_means": 2.2755627632141113, "val_loss_mean": 2.3275363445281982, "val_f1_majority_bin": 0.0, "val_f1_majority_macro": 0.4936182019977802, "val_acc_majority": 0.9747945070266724, "val_f1_individual_binary": 0.03414634242653847, "val_f1_individual_macro": 0.5016261431142943, "val_acc_individual": 0.9401270151138306, "train_acc_means": 0.9341699481010437, "train_time_millis": 30952.674867992755, "eval_time_millis": 6676.335014984943}, "Epoch2": {"train_loss_means": 2.1909093856811523, "val_loss_mean": 2.2586302757263184, "val_f1_majority_bin": 0.0, "val_f1_majority_macro": 0.4936182019977802, "val_acc_majority": 0.9747945070266724, "val_f1_individual_binary": 0.0, "val_f1_individual_macro": 0.49028976572133165, "val_acc_individual": 0.9618989825248718, "train_acc_means": 0.952847957611084, "train_time_millis": 31253.364054020494, "eval_time_millis": 6681.701574998442}, "Epoch3": {"train_loss_means": 2.1152753829956055, "val_loss_mean": 2.462440252304077, "val_f1_majority_bin": 0.0, "val_f1_majority_macro": 0.4936182019977802, "val_acc_majority": 0.9747945070266724, "val_f1_individual_binary": 0.0, "val_f1_individual_macro": 0.49028976572133165, "val_acc_individual": 0.9618989825248718, "train_acc_means": 0.9628408551216125, "train_time_millis": 31134.89735199255, "eval_time_millis": 6685.150131001137}, "Test_results": {"test_f1_majority_binary": 0.0, "test_f1_majority_macro": 0.49373932840068296, "test_acc_majority": 0.9752669930458069, "test_f1_individual_binary": 0.0, "test_f1_individual_macro": 0.4899094231686001, "test_acc_individual": 0.9604361653327942, "test_time_millis": 6501.621441013413, "dataset_size": 9135, "number_of_annotations": 32792}}