{"Epoch0": {"train_loss_means": 0.06579992920160294, "val_loss_mean": 0.05582742393016815, "val_f1_majority_bin": 0.3896276595744681, "val_f1_majority_macro": 0.6653492001813797, "val_acc_majority": 0.8925184404636459, "val_f1_individual_binary": 0.34679981842941443, "val_f1_individual_macro": 0.6441293343804857, "val_acc_individual": 0.8925477897252091, "train_time_millis": 44391.63163899957, "eval_time_millis": 8113.338125000155}, "Epoch1": {"train_loss_means": 0.05013576149940491, "val_loss_mean": 0.05378101393580437, "val_f1_majority_bin": 0.47276084949215147, "val_f1_majority_macro": 0.7185355594419942, "val_acc_majority": 0.9331460016391523, "val_f1_individual_binary": 0.42857142857142855, "val_f1_individual_macro": 0.6976941048996038, "val_acc_individual": 0.9372759856630825, "train_time_millis": 44514.164826000524, "eval_time_millis": 6652.277228999992}, "Epoch2": {"train_loss_means": 0.04013079032301903, "val_loss_mean": 0.06300312280654907, "val_f1_majority_bin": 0.4570383912248629, "val_f1_majority_macro": 0.7099427632881883, "val_acc_majority": 0.9304531085353003, "val_f1_individual_binary": 0.4203569068076669, "val_f1_individual_macro": 0.6928265480577847, "val_acc_individual": 0.9345131421744325, "train_time_millis": 44523.24518000023, "eval_time_millis": 7940.027996000026}, "Epoch3": {"train_loss_means": 0.03256729245185852, "val_loss_mean": 0.07286949455738068, "val_f1_majority_bin": 0.421474358974359, "val_f1_majority_macro": 0.6879381394467601, "val_acc_majority": 0.9154665730008196, "val_f1_individual_binary": 0.38117373619988376, "val_f1_individual_macro": 0.6693404091764291, "val_acc_individual": 0.9204749103942652, "train_time_millis": 44538.11757299991, "eval_time_millis": 7836.841901999833}, "Epoch4": {"train_loss_means": 0.027131235226988792, "val_loss_mean": 0.08500820398330688, "val_f1_majority_bin": 0.4119743406985032, "val_f1_majority_macro": 0.6796780945153336, "val_acc_majority": 0.9034070951879171, "val_f1_individual_binary": 0.37263910158243996, "val_f1_individual_macro": 0.6615662778808473, "val_acc_individual": 0.9082287933094385, "train_time_millis": 44565.13456399989, "eval_time_millis": 6952.8175019995615}, "Epoch5": {"train_loss_means": 0.02320190705358982, "val_loss_mean": 0.10520971566438675, "val_f1_majority_bin": 0.43205574912891986, "val_f1_majority_macro": 0.6955684795600667, "val_acc_majority": 0.9236623346212387, "val_f1_individual_binary": 0.39747634069400634, "val_f1_individual_macro": 0.6797890056976122, "val_acc_individual": 0.9286887694145759, "train_time_millis": 44508.72090699977, "eval_time_millis": 8008.513888999914}, "Epoch6": {"train_loss_means": 0.020208830013871193, "val_loss_mean": 0.12160278111696243, "val_f1_majority_bin": 0.43201376936316693, "val_f1_majority_macro": 0.6952782414655031, "val_acc_majority": 0.9227256761503336, "val_f1_individual_binary": 0.3915737298636927, "val_f1_individual_macro": 0.6762795149119815, "val_acc_individual": 0.9266726403823178, "train_time_millis": 44570.885025999814, "eval_time_millis": 7978.442427999653}, "Epoch7": {"train_loss_means": 0.018527278676629066, "val_loss_mean": 0.1309291124343872, "val_f1_majority_bin": 0.44148430066603234, "val_f1_majority_macro": 0.702433872621083, "val_acc_majority": 0.9312726846973423, "val_f1_individual_binary": 0.4113181504485852, "val_f1_individual_macro": 0.688824656436055, "val_acc_individual": 0.936305256869773, "train_time_millis": 44572.99039499958, "eval_time_millis": 7969.979241000146}, "Epoch8": {"train_loss_means": 0.01682477816939354, "val_loss_mean": 0.14673468470573425, "val_f1_majority_bin": 0.4404040404040404, "val_f1_majority_macro": 0.7029884979549409, "val_acc_majority": 0.9351364008898255, "val_f1_individual_binary": 0.4117647058823529, "val_f1_individual_macro": 0.6901491874282752, "val_acc_individual": 0.94026284348865, "train_time_millis": 44523.65438400011, "eval_time_millis": 8017.943828999705}, "Epoch9": {"train_loss_means": 0.015814706683158875, "val_loss_mean": 0.15214265882968903, "val_f1_majority_bin": 0.44650205761316875, "val_f1_majority_macro": 0.7065533255167022, "val_acc_majority": 0.9370097178316357, "val_f1_individual_binary": 0.41641791044776116, "val_f1_individual_macro": 0.6928418745761836, "val_acc_individual": 0.9416069295101553, "train_time_millis": 44478.84972599968, "eval_time_millis": 8016.968341000393}, "Test_results": {"test_f1_majority_binary": 0.44650205761316875, "test_f1_majority_macro": 0.7065533255167022, "test_acc_majority": 0.9370097178316357, "test_f1_individual_binary": 0.41641791044776116, "test_f1_individual_macro": 0.6928418745761836, "test_acc_individual": 0.9416069295101553, "test_time_millis": 8056.204773999525, "dataset_size": 42686, "number_of_annotations": 67520, "train_size": 40670, "val_size": 13392, "test_size": 13458}}