{"Epoch0": {"train_loss_means": 0.2694736421108246, "val_loss_mean": 0.3214661478996277, "val_f1_majority_bin": 0.3132817153067302, "val_f1_majority_macro": 0.5286719342349412, "val_acc_majority": 0.6271021992238034, "val_f1_individual_binary": 0.35378743394010564, "val_f1_individual_macro": 0.5499471256677111, "val_acc_individual": 0.6354451345755694, "train_time_millis": 378194.6409950033, "eval_time_millis": 44905.28524899855}, "Epoch1": {"train_loss_means": 0.21199242770671844, "val_loss_mean": 0.3175182342529297, "val_f1_majority_bin": 0.24077046548956663, "val_f1_majority_macro": 0.5245974644175253, "val_acc_majority": 0.6940491591203105, "val_f1_individual_binary": 0.2271502590673575, "val_f1_individual_macro": 0.5170938876190603, "val_acc_individual": 0.6911801242236025, "train_time_millis": 378130.21034398116, "eval_time_millis": 44906.38282103464}, "Epoch2": {"train_loss_means": 0.17734265327453613, "val_loss_mean": 0.37850040197372437, "val_f1_majority_bin": 0.46103593093793743, "val_f1_majority_macro": 0.5876077947191543, "val_acc_majority": 0.6264553686934023, "val_f1_individual_binary": 0.4544559330379123, "val_f1_individual_macro": 0.5889526638857352, "val_acc_individual": 0.6329606625258799, "train_time_millis": 378107.16916411184, "eval_time_millis": 44915.616801939905}, "Epoch3": {"train_loss_means": 0.15354140102863312, "val_loss_mean": 0.3871143162250519, "val_f1_majority_bin": 0.33378196500672946, "val_f1_majority_macro": 0.5615269978290351, "val_acc_majority": 0.6798188874514877, "val_f1_individual_binary": 0.33380581148121896, "val_f1_individual_macro": 0.5653142317970237, "val_acc_individual": 0.6886128364389233, "train_time_millis": 378081.07622503303, "eval_time_millis": 44917.548664147034}, "Epoch4": {"train_loss_means": 0.13479074835777283, "val_loss_mean": 0.3797624707221985, "val_f1_majority_bin": 0.40414507772020725, "val_f1_majority_macro": 0.5857019519475783, "val_acc_majority": 0.6652652005174644, "val_f1_individual_binary": 0.39993875363650283, "val_f1_individual_macro": 0.5887542113718583, "val_acc_individual": 0.6754451345755693, "train_time_millis": 378103.3283229917, "eval_time_millis": 42885.49586292356}, "Epoch5": {"train_loss_means": 0.1216467022895813, "val_loss_mean": 0.3989872634410858, "val_f1_majority_bin": 0.4268292682926829, "val_f1_majority_macro": 0.5796385430647475, "val_acc_majority": 0.6351875808538163, "val_f1_individual_binary": 0.40955256656601696, "val_f1_individual_macro": 0.5772264730363291, "val_acc_individual": 0.6437267080745341, "train_time_millis": 378570.61161496677, "eval_time_millis": 45046.523299999535}, "Epoch6": {"train_loss_means": 0.1093258336186409, "val_loss_mean": 0.5304295420646667, "val_f1_majority_bin": 0.415973377703827, "val_f1_majority_macro": 0.5878086473088868, "val_acc_majority": 0.6594437257438551, "val_f1_individual_binary": 0.4025492811619979, "val_f1_individual_macro": 0.5854612750693056, "val_acc_individual": 0.6661697722567288, "train_time_millis": 378152.0803810563, "eval_time_millis": 44900.61454707757}, "Epoch7": {"train_loss_means": 0.10050132870674133, "val_loss_mean": 0.5550692677497864, "val_f1_majority_bin": 0.4126455906821963, "val_f1_majority_macro": 0.585459978632584, "val_acc_majority": 0.657503234152652, "val_f1_individual_binary": 0.40456340500219395, "val_f1_individual_macro": 0.5847110908220119, "val_acc_individual": 0.6628571428571428, "train_time_millis": 378089.5997469779, "eval_time_millis": 44899.68229015358}, "Epoch8": {"train_loss_means": 0.09117256850004196, "val_loss_mean": 0.6553054451942444, "val_f1_majority_bin": 0.4002326934264107, "val_f1_majority_macro": 0.584662819277595, "val_acc_majority": 0.6665588615782665, "val_f1_individual_binary": 0.3890869632615099, "val_f1_individual_macro": 0.5832095079599261, "val_acc_individual": 0.673623188405797, "train_time_millis": 378063.04570799693, "eval_time_millis": 42880.68393920548}, "Epoch9": {"train_loss_means": 0.08350008726119995, "val_loss_mean": 0.9043052792549133, "val_f1_majority_bin": 0.3954734961286479, "val_f1_majority_macro": 0.5850841398512274, "val_acc_majority": 0.6717335058214747, "val_f1_individual_binary": 0.38288431061806655, "val_f1_individual_macro": 0.5823053840085849, "val_acc_individual": 0.6775155279503106, "train_time_millis": 378186.4068089053, "eval_time_millis": 42873.78019699827}, "Test_results": {"test_f1_majority_binary": 0.40414507772020725, "test_f1_majority_macro": 0.5857019519475783, "test_acc_majority": 0.6652652005174644, "test_f1_individual_binary": 0.39993875363650283, "test_f1_individual_macro": 0.5887542113718583, "test_acc_individual": 0.6754451345755693, "test_time_millis": 42841.5324119851, "dataset_size": 15684, "number_of_annotations": 59888, "train_size": 35160, "val_size": 12075, "test_size": 12653}}