{"batch_size": 32, "num_epochs": 10, "learning_rate": 0.0001, "annotator_ids": [141, 220, 966, 1061, 1699, 1891], "seed": 9334, "type": "NO VERDICTS TEXT + SITUATION text", "sbert_model": "sentence-transformers/all-distilroberta-v1", "model_name": "sbert", "use_authors_embeddings": false, "authors_embedding_path": "none", "author_encoder": "user_id", "split_type": "sit", "train_stats": "Training Size: 1878, NTA labels 1402, YTA labels 476", "val_stats": "Validation Size: 606, NTA labels 460, YTA labels 146", "test_stats": "Test Size: 781, NTA labels 643, YTA labels 138", "epochs": 10, "optimizer": {"lr": 0.0001, "betas": [0.9, 0.999], "eps": 1e-06, "weight_decay": 0.0, "correct_bias": true}, "loss_type": "focal", "test_metrics": {"accuracy": 0.6963696369636964, "f1_weighted": 0.6796790260453889, "macro": 0.5417618726677954, "micro": 0.6963696369636964, "binary": 0.2755905511811023, "accuracy_majority": 0.6903353057199211, "macro_majority": 0.5428103730507453, "binary_majority": 0.28310502283105027, "run_time_millis": 2219.04913301114, "loss_mean": 0.2667037844657898}, "checkpoint_dir": "../results/perso_scalability_2/SC-uid_6_annos/2023-10-26_11:42:18:716751_best_model_sampled.pt", "val_metrics": [{"accuracy": 0.24917491749174916, "f1_weighted": 0.11050069898815247, "macro": 0.2062011486807445, "micro": 0.24917491749174916, "binary": 0.390896921017403, "accuracy_majority": 0.2583826429980276, "macro_majority": 0.2135903105508069, "binary_majority": 0.4012738853503185, "run_time_millis": 2952.34670501668, "loss_mean": 0.2608998417854309}, {"accuracy": 0.3184818481848185, "f1_weighted": 0.2805054803895319, "macro": 0.31282141396058877, "micro": 0.3184818481848185, "binary": 0.3751891074130106, "accuracy_majority": 0.3214990138067061, "macro_majority": 0.31341920448461563, "binary_majority": 0.38790035587188615, "run_time_millis": 2195.3894160105847, "loss_mean": 0.27286648750305176}, {"accuracy": 0.6963696369636964, "f1_weighted": 0.6796790260453889, "macro": 0.5417618726677954, "micro": 0.6963696369636964, "binary": 0.2755905511811023, "accuracy_majority": 0.6903353057199211, "macro_majority": 0.5428103730507453, "binary_majority": 0.28310502283105027, "run_time_millis": 2196.8064020038582, "loss_mean": 0.2667037844657898}, {"accuracy": 0.4867986798679868, "f1_weighted": 0.5136529073992865, "macro": 0.47746309003950926, "micro": 0.4867986798679868, "binary": 0.4076190476190476, "accuracy_majority": 0.4911242603550296, "macro_majority": 0.482620320855615, "binary_majority": 0.41628959276018107, "run_time_millis": 2213.1468990119174, "loss_mean": 0.2945619523525238}, {"accuracy": 0.6287128712871287, "f1_weighted": 0.6463337176782096, "macro": 0.5457347037364029, "micro": 0.6287128712871287, "binary": 0.35158501440922196, "accuracy_majority": 0.6351084812623274, "macro_majority": 0.556006305235902, "binary_majority": 0.36860068259385664, "run_time_millis": 2220.2732560108416, "loss_mean": 0.4869222640991211}, {"accuracy": 0.6567656765676567, "f1_weighted": 0.6497504822946063, "macro": 0.5120772946859904, "micro": 0.6567656765676567, "binary": 0.2463768115942029, "accuracy_majority": 0.6706114398422091, "macro_majority": 0.5318870146456354, "binary_majority": 0.27705627705627706, "run_time_millis": 2773.5525550087914, "loss_mean": 0.5430504679679871}, {"accuracy": 0.6551155115511551, "f1_weighted": 0.662656990928048, "macro": 0.5498939183402218, "micro": 0.6551155115511551, "binary": 0.33226837060702874, "accuracy_majority": 0.6587771203155819, "macro_majority": 0.5602334431358392, "binary_majority": 0.352059925093633, "run_time_millis": 2218.787810008507, "loss_mean": 0.6213251948356628}, {"accuracy": 0.6749174917491749, "f1_weighted": 0.6678184744835208, "macro": 0.5366954496943824, "micro": 0.6749174917491749, "binary": 0.2836363636363636, "accuracy_majority": 0.6765285996055227, "macro_majority": 0.5444444444444444, "binary_majority": 0.29914529914529914, "run_time_millis": 2215.1052199769765, "loss_mean": 0.8761499524116516}, {"accuracy": 0.6683168316831684, "f1_weighted": 0.6629002076641644, "macro": 0.532067904435916, "micro": 0.6683168316831684, "binary": 0.27956989247311825, "accuracy_majority": 0.6706114398422091, "macro_majority": 0.5402147174299073, "binary_majority": 0.2953586497890296, "run_time_millis": 3840.3530340001453, "loss_mean": 0.9483004212379456}, {"accuracy": 0.6914191419141914, "f1_weighted": 0.6727989529947851, "macro": 0.5301955549290871, "micro": 0.6914191419141914, "binary": 0.2549800796812749, "accuracy_majority": 0.6962524654832347, "macro_majority": 0.5439369158878504, "binary_majority": 0.2803738317757009, "run_time_millis": 2219.350106024649, "loss_mean": 1.0442023277282715}],