{"Epoch0": {"train_loss_means": 0.043695591390132904, "val_loss_mean": 0.03551308810710907, "val_f1_majority_bin": 0.2947368421052632, "val_f1_majority_macro": 0.6250350877192983, "val_acc_majority": 0.915987460815047, "val_f1_individual_binary": 0.3056768558951965, "val_f1_individual_macro": 0.6290905438492213, "val_acc_individual": 0.9110904007455731, "train_time_millis": 15182.115197996609, "eval_time_millis": 4002.335848999792}, "Epoch1": {"train_loss_means": 0.029793953523039818, "val_loss_mean": 0.03785937651991844, "val_f1_majority_bin": 0.35443037974683544, "val_f1_majority_macro": 0.6603946093984837, "val_acc_majority": 0.936050156739812, "val_f1_individual_binary": 0.34782608695652173, "val_f1_individual_macro": 0.6554492325476848, "val_acc_individual": 0.9301025163094129, "train_time_millis": 15186.019804998068, "eval_time_millis": 3992.5506630097516}, "Epoch2": {"train_loss_means": 0.02249106951057911, "val_loss_mean": 0.039493415504693985, "val_f1_majority_bin": 0.308457711442786, "val_f1_majority_macro": 0.6309769320010852, "val_acc_majority": 0.9128526645768025, "val_f1_individual_binary": 0.31129476584022037, "val_f1_individual_macro": 0.6306573789217096, "val_acc_individual": 0.9068033550792172, "train_time_millis": 15185.706610995112, "eval_time_millis": 3680.282661007368}, "Epoch3": {"train_loss_means": 0.016968736425042152, "val_loss_mean": 0.05269555374979973, "val_f1_majority_bin": 0.3506493506493506, "val_f1_majority_macro": 0.6588556371165066, "val_acc_majority": 0.9373040752351097, "val_f1_individual_binary": 0.34567901234567894, "val_f1_individual_macro": 0.654587021670232, "val_acc_individual": 0.9308480894687792, "train_time_millis": 15163.222293995204, "eval_time_millis": 3248.709134000819}, "Epoch4": {"train_loss_means": 0.014673776924610138, "val_loss_mean": 0.0556977316737175, "val_f1_majority_bin": 0.29743589743589743, "val_f1_majority_macro": 0.6258464962972475, "val_acc_majority": 0.9141065830721004, "val_f1_individual_binary": 0.3033707865168539, "val_f1_individual_macro": 0.6269299530508006, "val_acc_individual": 0.9075489282385835, "train_time_millis": 15211.112582008354, "eval_time_millis": 3983.4183950006263}, "Epoch5": {"train_loss_means": 0.012674740515649319, "val_loss_mean": 0.06573404371738434, "val_f1_majority_bin": 0.31693989071038253, "val_f1_majority_macro": 0.6376851099710875, "val_acc_majority": 0.9216300940438872, "val_f1_individual_binary": 0.30447761194029854, "val_f1_individual_macro": 0.6290777721729326, "val_acc_individual": 0.9131407269338304, "train_time_millis": 15207.157855998958, "eval_time_millis": 3980.6897820089944}, "Epoch6": {"train_loss_means": 0.011960970237851143, "val_loss_mean": 0.07642065733671188, "val_f1_majority_bin": 0.3841059602649006, "val_f1_majority_macro": 0.676751894248936, "val_acc_majority": 0.941692789968652, "val_f1_individual_binary": 0.3514492753623189, "val_f1_individual_macro": 0.6581376854312085, "val_acc_individual": 0.9332712022367194, "train_time_millis": 15148.282548005227, "eval_time_millis": 2965.1364320016}, "Epoch7": {"train_loss_means": 0.011365325190126896, "val_loss_mean": 0.0883556604385376, "val_f1_majority_bin": 0.3687943262411348, "val_f1_majority_macro": 0.6698022139569072, "val_acc_majority": 0.9442006269592477, "val_f1_individual_binary": 0.3481624758220503, "val_f1_individual_macro": 0.6575826576701556, "val_acc_individual": 0.9371854613233923, "train_time_millis": 15185.32005599991, "eval_time_millis": 2950.6356109923217}, "Epoch8": {"train_loss_means": 0.011288657784461975, "val_loss_mean": 0.0935901626944542, "val_f1_majority_bin": 0.3795620437956204, "val_f1_majority_macro": 0.6758602881932574, "val_acc_majority": 0.9467084639498433, "val_f1_individual_binary": 0.34990059642147114, "val_f1_individual_macro": 0.6589632052215891, "val_acc_individual": 0.939049394221808, "train_time_millis": 15186.415932999807, "eval_time_millis": 3831.788780997158}, "Epoch9": {"train_loss_means": 0.011282718740403652, "val_loss_mean": 0.09275342524051666, "val_f1_majority_bin": 0.37142857142857144, "val_f1_majority_macro": 0.671288056206089, "val_acc_majority": 0.9448275862068966, "val_f1_individual_binary": 0.34630350194552534, "val_f1_individual_macro": 0.6567069584903821, "val_acc_individual": 0.9373718546132339, "train_time_millis": 15183.244836007361, "eval_time_millis": 3979.029326001182}, "Test_results": {"test_f1_majority_binary": 0.3795620437956204, "test_f1_majority_macro": 0.6758602881932574, "test_acc_majority": 0.9467084639498433, "test_f1_individual_binary": 0.34990059642147114, "test_f1_individual_macro": 0.6589632052215891, "test_acc_individual": 0.939049394221808, "test_time_millis": 3575.0187849916983, "dataset_size": 8010, "number_of_annotations": 27103, "train_size": 16586, "val_size": 5365, "test_size": 5152}}