{"Epoch0": {"train_loss_means": 0.19100075960159302, "val_loss_mean": 0.1459445208311081, "val_f1_majority_bin": 0.6190476190476191, "val_f1_majority_macro": 0.7554697554697555, "val_acc_majority": 0.8315789473684211, "val_f1_individual_binary": 0.5692307692307692, "val_f1_individual_macro": 0.720979020979021, "val_acc_individual": 0.8035087719298246, "train_time_millis": 1131.839067999863, "eval_time_millis": 237.05243700078427}, "Epoch1": {"train_loss_means": 0.11796074360609055, "val_loss_mean": 0.1637822985649109, "val_f1_majority_bin": 0.6571428571428571, "val_f1_majority_macro": 0.7898617511520738, "val_acc_majority": 0.8736842105263158, "val_f1_individual_binary": 0.5779816513761468, "val_f1_individual_macro": 0.7390992855579216, "val_acc_individual": 0.8385964912280702, "train_time_millis": 1130.1861889996871, "eval_time_millis": 235.26279499947123}, "Epoch2": {"train_loss_means": 0.08667408674955368, "val_loss_mean": 0.16727839410305023, "val_f1_majority_bin": 0.5882352941176471, "val_f1_majority_macro": 0.7347956131605184, "val_acc_majority": 0.8157894736842105, "val_f1_individual_binary": 0.5551330798479088, "val_f1_individual_macro": 0.7108618648954481, "val_acc_individual": 0.7947368421052632, "train_time_millis": 1132.9408120000153, "eval_time_millis": 441.3221840004553}, "Epoch3": {"train_loss_means": 0.07644223421812057, "val_loss_mean": 0.17679670453071594, "val_f1_majority_bin": 0.5957446808510638, "val_f1_majority_macro": 0.7314387739919654, "val_acc_majority": 0.8, "val_f1_individual_binary": 0.5724137931034483, "val_f1_individual_macro": 0.7132657200811359, "val_acc_individual": 0.7824561403508772, "train_time_millis": 1137.9553719998512, "eval_time_millis": 237.27995899935195}, "Epoch4": {"train_loss_means": 0.07052309811115265, "val_loss_mean": 0.17377117276191711, "val_f1_majority_bin": 0.5979381443298969, "val_f1_majority_macro": 0.7300644785253725, "val_acc_majority": 0.7947368421052632, "val_f1_individual_binary": 0.5733333333333334, "val_f1_individual_macro": 0.7104761904761905, "val_acc_individual": 0.775438596491228, "train_time_millis": 1128.26395600041, "eval_time_millis": 388.873730999876}, "Epoch5": {"train_loss_means": 0.0677628293633461, "val_loss_mean": 0.1900586038827896, "val_f1_majority_bin": 0.6153846153846154, "val_f1_majority_macro": 0.7471386744743146, "val_acc_majority": 0.8157894736842105, "val_f1_individual_binary": 0.5857142857142857, "val_f1_individual_macro": 0.7254152823920266, "val_acc_individual": 0.7964912280701755, "train_time_millis": 1136.7061769997235, "eval_time_millis": 235.29164499996114}, "Epoch6": {"train_loss_means": 0.07111142575740814, "val_loss_mean": 0.20581617951393127, "val_f1_majority_bin": 0.5813953488372092, "val_f1_majority_macro": 0.7294731846226862, "val_acc_majority": 0.8105263157894737, "val_f1_individual_binary": 0.5584905660377358, "val_f1_individual_macro": 0.7123881401617251, "val_acc_individual": 0.7947368421052632, "train_time_millis": 1125.8820769999147, "eval_time_millis": 235.9172229998876}, "Epoch7": {"train_loss_means": 0.06835855543613434, "val_loss_mean": 0.20823150873184204, "val_f1_majority_bin": 0.6024096385542169, "val_f1_majority_macro": 0.7456492637215528, "val_acc_majority": 0.8263157894736842, "val_f1_individual_binary": 0.5680933852140079, "val_f1_individual_macro": 0.7211927854722361, "val_acc_individual": 0.8052631578947368, "train_time_millis": 1130.1416179994703, "eval_time_millis": 286.68660600033036}, "Epoch8": {"train_loss_means": 0.06442762166261673, "val_loss_mean": 0.21375487744808197, "val_f1_majority_bin": 0.6329113924050633, "val_f1_majority_macro": 0.7682829387274486, "val_acc_majority": 0.8473684210526315, "val_f1_individual_binary": 0.5853658536585366, "val_f1_individual_macro": 0.7356359469634964, "val_acc_individual": 0.8210526315789474, "train_time_millis": 1130.9346779999032, "eval_time_millis": 842.6225019993581}, "Epoch9": {"train_loss_means": 0.056600868701934814, "val_loss_mean": 0.2137615978717804, "val_f1_majority_bin": 0.625, "val_f1_majority_macro": 0.7625, "val_acc_majority": 0.8421052631578947, "val_f1_individual_binary": 0.5853658536585366, "val_f1_individual_macro": 0.7356359469634964, "val_acc_individual": 0.8210526315789474, "train_time_millis": 1132.4299449997852, "eval_time_millis": 387.8448980003668}, "Test_results": {"test_f1_majority_binary": 0.6571428571428571, "test_f1_majority_macro": 0.7898617511520738, "test_acc_majority": 0.8736842105263158, "test_f1_individual_binary": 0.5779816513761468, "test_f1_individual_macro": 0.7390992855579216, "test_acc_individual": 0.8385964912280702, "test_time_millis": 590.9547219998785, "dataset_size": 723, "number_of_annotations": 2169, "train_size": 1026, "val_size": 570, "test_size": 573}}