{"Epoch0": {"train_loss_means": 0.35184428095817566, "val_loss_mean": 0.3392210900783539, "val_f1_majority_bin": 0.5795918367346938, "val_f1_majority_macro": 0.40257787325456496, "val_acc_majority": 0.455026455026455, "val_f1_individual_binary": 0.5604395604395604, "val_f1_individual_macro": 0.3861311102690413, "val_acc_individual": 0.43562610229276894, "train_time_millis": 7019.310129981022, "eval_time_millis": 4103.9978000335395}, "Epoch1": {"train_loss_means": 0.3379918932914734, "val_loss_mean": 0.33299800753593445, "val_f1_majority_bin": 0.3302752293577982, "val_f1_majority_macro": 0.5294498823368916, "val_acc_majority": 0.6137566137566137, "val_f1_individual_binary": 0.30959752321981426, "val_f1_individual_macro": 0.5173141746801907, "val_acc_individual": 0.6067019400352733, "train_time_millis": 6991.525368008297, "eval_time_millis": 4107.4487589648925}, "Epoch2": {"train_loss_means": 0.3418177366256714, "val_loss_mean": 0.33296868205070496, "val_f1_majority_bin": 0.4507042253521127, "val_f1_majority_macro": 0.5600978753879208, "val_acc_majority": 0.5873015873015873, "val_f1_individual_binary": 0.45390070921985815, "val_f1_individual_macro": 0.5645030972259628, "val_acc_individual": 0.5925925925925926, "train_time_millis": 7020.8706830162555, "eval_time_millis": 4101.29123396473}, "Epoch3": {"train_loss_means": 0.3308716416358948, "val_loss_mean": 0.33047258853912354, "val_f1_majority_bin": 0.4126984126984126, "val_f1_majority_macro": 0.5595238095238094, "val_acc_majority": 0.6084656084656085, "val_f1_individual_binary": 0.42133333333333334, "val_f1_individual_macro": 0.567715415019763, "val_acc_individual": 0.6172839506172839, "train_time_millis": 7104.1703099617735, "eval_time_millis": 4110.069243994076}, "Epoch4": {"train_loss_means": 0.33055001497268677, "val_loss_mean": 0.3286031484603882, "val_f1_majority_bin": 0.48648648648648646, "val_f1_majority_macro": 0.5780258519388954, "val_acc_majority": 0.5978835978835979, "val_f1_individual_binary": 0.49090909090909096, "val_f1_individual_macro": 0.5840712601519518, "val_acc_individual": 0.6049382716049383, "train_time_millis": 7056.0815269709565, "eval_time_millis": 4112.348234979436}, "Epoch5": {"train_loss_means": 0.3257884681224823, "val_loss_mean": 0.3317720592021942, "val_f1_majority_bin": 0.5445026178010471, "val_f1_majority_macro": 0.5396309880449086, "val_acc_majority": 0.5396825396825397, "val_f1_individual_binary": 0.5674255691768826, "val_f1_individual_macro": 0.5643522162047823, "val_acc_individual": 0.564373897707231, "train_time_millis": 7100.166413991246, "eval_time_millis": 4107.1003139950335}, "Epoch6": {"train_loss_means": 0.31963205337524414, "val_loss_mean": 0.32786786556243896, "val_f1_majority_bin": 0.4558823529411764, "val_f1_majority_macro": 0.5750486144871172, "val_acc_majority": 0.6084656084656085, "val_f1_individual_binary": 0.4626865671641791, "val_f1_individual_macro": 0.5838022999755321, "val_acc_individual": 0.6190476190476191, "train_time_millis": 7053.400390024763, "eval_time_millis": 3700.200376973953}, "Epoch7": {"train_loss_means": 0.31314346194267273, "val_loss_mean": 0.3293200135231018, "val_f1_majority_bin": 0.4895104895104895, "val_f1_majority_macro": 0.5894360958190745, "val_acc_majority": 0.6137566137566137, "val_f1_individual_binary": 0.4918793503480279, "val_f1_individual_macro": 0.5901786509919371, "val_acc_individual": 0.6137566137566137, "train_time_millis": 6978.814888978377, "eval_time_millis": 4102.059900003951}, "Epoch8": {"train_loss_means": 0.305240660905838, "val_loss_mean": 0.327606737613678, "val_f1_majority_bin": 0.5241379310344828, "val_f1_majority_macro": 0.6140002959893444, "val_acc_majority": 0.6349206349206349, "val_f1_individual_binary": 0.5287356321839081, "val_f1_individual_macro": 0.6177297617285777, "val_acc_individual": 0.6384479717813051, "train_time_millis": 7076.233491010498, "eval_time_millis": 4109.976158943027}, "Epoch9": {"train_loss_means": 0.30443909764289856, "val_loss_mean": 0.3284670114517212, "val_f1_majority_bin": 0.5306122448979592, "val_f1_majority_macro": 0.6159554730983303, "val_acc_majority": 0.6349206349206349, "val_f1_individual_binary": 0.5339366515837104, "val_f1_individual_macro": 0.618124395156017, "val_acc_individual": 0.63668430335097, "train_time_millis": 7067.051534017082, "eval_time_millis": 4110.7782300096005}, "Test_results": {"test_f1_majority_binary": 0.5241379310344828, "test_f1_majority_macro": 0.6140002959893444, "test_acc_majority": 0.6349206349206349, "test_f1_individual_binary": 0.5287356321839081, "test_f1_individual_macro": 0.6177297617285777, "test_acc_individual": 0.6384479717813051, "test_time_millis": 4115.239192033187, "dataset_size": 604, "number_of_annotations": 1812, "train_size": 678, "val_size": 567, "test_size": 567}}