{"Epoch0": {"train_loss_means": 0.03750838339328766, "val_loss_mean": 0.039134103804826736, "val_f1_majority_bin": 0.044444444444444446, "val_f1_majority_macro": 0.5135353535353535, "val_acc_majority": 0.9658730158730159, "val_f1_individual_binary": 0.06122448979591836, "val_f1_individual_macro": 0.5229583347482087, "val_acc_individual": 0.9698755730189915, "train_time_millis": 8487.604937006836, "eval_time_millis": 3280.55151400622}, "Epoch1": {"train_loss_means": 0.031508881598711014, "val_loss_mean": 0.034239668399095535, "val_f1_majority_bin": 0.30927835051546393, "val_f1_majority_macro": 0.6408133395169148, "val_acc_majority": 0.9468253968253968, "val_f1_individual_binary": 0.24434389140271498, "val_f1_individual_macro": 0.6079881508992512, "val_acc_individual": 0.9453176162409954, "train_time_millis": 8399.18426600343, "eval_time_millis": 2408.5951049928553}, "Epoch2": {"train_loss_means": 0.022565703839063644, "val_loss_mean": 0.03026491217315197, "val_f1_majority_bin": 0.30985915492957744, "val_f1_majority_macro": 0.6343240265816936, "val_acc_majority": 0.9222222222222223, "val_f1_individual_binary": 0.27439024390243905, "val_f1_individual_macro": 0.616606886657102, "val_acc_individual": 0.9220694171578258, "train_time_millis": 8418.305061990395, "eval_time_millis": 3284.506459996919}, "Epoch3": {"train_loss_means": 0.016676556318998337, "val_loss_mean": 0.029486408457159996, "val_f1_majority_bin": 0.3144654088050315, "val_f1_majority_macro": 0.6341492651818466, "val_acc_majority": 0.9134920634920635, "val_f1_individual_binary": 0.2684931506849315, "val_f1_individual_macro": 0.6110008849367544, "val_acc_individual": 0.912573673870334, "train_time_millis": 8400.788167011342, "eval_time_millis": 2261.3703800016083}, "Epoch4": {"train_loss_means": 0.01332089863717556, "val_loss_mean": 0.03866351768374443, "val_f1_majority_bin": 0.3461538461538462, "val_f1_majority_macro": 0.6590040753948039, "val_acc_majority": 0.946031746031746, "val_f1_individual_binary": 0.3102040816326531, "val_f1_individual_macro": 0.6406896239648853, "val_acc_individual": 0.9446627373935822, "train_time_millis": 8423.113664000994, "eval_time_millis": 2830.8226669905707}, "Epoch5": {"train_loss_means": 0.011402042582631111, "val_loss_mean": 0.040477704256772995, "val_f1_majority_bin": 0.3461538461538462, "val_f1_majority_macro": 0.6590040753948039, "val_acc_majority": 0.946031746031746, "val_f1_individual_binary": 0.31836734693877555, "val_f1_individual_macro": 0.6449418177641175, "val_acc_individual": 0.9453176162409954, "train_time_millis": 8397.852031004732, "eval_time_millis": 1260.3626039926894}, "Epoch6": {"train_loss_means": 0.010199349373579025, "val_loss_mean": 0.04199478402733803, "val_f1_majority_bin": 0.37037037037037035, "val_f1_majority_macro": 0.6710889994472083, "val_acc_majority": 0.946031746031746, "val_f1_individual_binary": 0.3253968253968254, "val_f1_individual_macro": 0.6481833853760083, "val_acc_individual": 0.9443352979698756, "train_time_millis": 8403.601830999833, "eval_time_millis": 2648.408859007759}, "Epoch7": {"train_loss_means": 0.009025515988469124, "val_loss_mean": 0.04772384464740753, "val_f1_majority_bin": 0.35294117647058826, "val_f1_majority_macro": 0.6628229455553933, "val_acc_majority": 0.9476190476190476, "val_f1_individual_binary": 0.3220338983050847, "val_f1_individual_macro": 0.6473929709509074, "val_acc_individual": 0.9476096922069417, "train_time_millis": 8444.708476992673, "eval_time_millis": 2243.823804994463}, "Epoch8": {"train_loss_means": 0.008661358617246151, "val_loss_mean": 0.04688963294029236, "val_f1_majority_bin": 0.34951456310679613, "val_f1_majority_macro": 0.6608971243337042, "val_acc_majority": 0.9468253968253968, "val_f1_individual_binary": 0.3263598326359833, "val_f1_individual_macro": 0.6494637806901163, "val_acc_individual": 0.9472822527832351, "train_time_millis": 8462.538606996532, "eval_time_millis": 3097.66973699152}, "Epoch9": {"train_loss_means": 0.00845090951770544, "val_loss_mean": 0.0492255873978138, "val_f1_majority_bin": 0.35294117647058826, "val_f1_majority_macro": 0.6628229455553933, "val_acc_majority": 0.9476190476190476, "val_f1_individual_binary": 0.3220338983050847, "val_f1_individual_macro": 0.6473929709509074, "val_acc_individual": 0.9476096922069417, "train_time_millis": 8462.389304011595, "eval_time_millis": 2603.470339992782}, "Test_results": {"test_f1_majority_binary": 0.044444444444444446, "test_f1_majority_macro": 0.5135353535353535, "test_acc_majority": 0.9658730158730159, "test_f1_individual_binary": 0.06122448979591836, "test_f1_individual_macro": 0.5229583347482087, "test_acc_individual": 0.9698755730189915, "test_time_millis": 1609.4040559983114, "dataset_size": 6218, "number_of_annotations": 15170, "train_size": 9176, "val_size": 3054, "test_size": 2940}}