{"Epoch0": {"train_loss_means": 0.04972122609615326, "val_loss_mean": 0.04907292500138283, "val_f1_majority_bin": 0.08114558472553698, "val_f1_majority_macro": 0.39871575477986504, "val_acc_majority": 0.5664414414414415, "val_f1_individual_binary": 0.059800664451827246, "val_f1_individual_macro": 0.3927879291251384, "val_acc_individual": 0.5753938484621155, "train_time_millis": 735.310550997383, "eval_time_millis": 2552.1118869946804}, "Epoch1": {"train_loss_means": 0.049181338399648666, "val_loss_mean": 0.049029212445020676, "val_f1_majority_bin": 0.08888888888888888, "val_f1_majority_macro": 0.42862523540489644, "val_acc_majority": 0.6306306306306306, "val_f1_individual_binary": 0.07058823529411765, "val_f1_individual_macro": 0.42536832914984174, "val_acc_individual": 0.6444111027756939, "train_time_millis": 740.635342997848, "eval_time_millis": 2397.6124139880994}, "Epoch2": {"train_loss_means": 0.041867952793836594, "val_loss_mean": 0.0488528311252594, "val_f1_majority_bin": 0.08755760368663594, "val_f1_majority_macro": 0.3962378182367605, "val_acc_majority": 0.5540540540540541, "val_f1_individual_binary": 0.07051282051282051, "val_f1_individual_macro": 0.39323878048167954, "val_acc_individual": 0.5648912228057015, "train_time_millis": 733.2318099943222, "eval_time_millis": 2569.0410539973527}, "Epoch3": {"train_loss_means": 0.041321393102407455, "val_loss_mean": 0.04896588996052742, "val_f1_majority_bin": 0.112, "val_f1_majority_macro": 0.4832608125819135, "val_acc_majority": 0.75, "val_f1_individual_binary": 0.08426966292134833, "val_f1_individual_macro": 0.4715720608979036, "val_acc_individual": 0.7554388597149287, "train_time_millis": 736.8647739931475, "eval_time_millis": 2144.785142998444}, "Epoch4": {"train_loss_means": 0.040885794907808304, "val_loss_mean": 0.04903584346175194, "val_f1_majority_bin": 0.10628019323671498, "val_f1_majority_macro": 0.4941853483710662, "val_acc_majority": 0.7916666666666666, "val_f1_individual_binary": 0.08843537414965988, "val_f1_individual_macro": 0.48772527560771356, "val_acc_individual": 0.7989497374343586, "train_time_millis": 736.4434389892267, "eval_time_millis": 1740.5447140044998}, "Epoch5": {"train_loss_means": 0.04234056547284126, "val_loss_mean": 0.04924323037266731, "val_f1_majority_bin": 0.07453416149068323, "val_f1_majority_macro": 0.4911370497855893, "val_acc_majority": 0.8322072072072072, "val_f1_individual_binary": 0.053097345132743355, "val_f1_individual_macro": 0.4826962135499782, "val_acc_individual": 0.8394598649662416, "train_time_millis": 739.7297090064967, "eval_time_millis": 2558.0252569925506}, "Epoch6": {"train_loss_means": 0.03876557573676109, "val_loss_mean": 0.049373071640729904, "val_f1_majority_bin": 0.08, "val_f1_majority_macro": 0.49756457564575646, "val_acc_majority": 0.8445945945945946, "val_f1_individual_binary": 0.05687203791469195, "val_f1_individual_macro": 0.48790648738911785, "val_acc_individual": 0.8507126781695424, "train_time_millis": 737.0877979992656, "eval_time_millis": 1588.0990120058414}, "Epoch7": {"train_loss_means": 0.04199148342013359, "val_loss_mean": 0.04949015751481056, "val_f1_majority_bin": 0.0704225352112676, "val_f1_majority_macro": 0.49481959073904874, "val_acc_majority": 0.8513513513513513, "val_f1_individual_binary": 0.05025125628140703, "val_f1_individual_macro": 0.48681999376697027, "val_acc_individual": 0.8582145536384096, "train_time_millis": 737.678176999907, "eval_time_millis": 2553.177533001872}, "Epoch8": {"train_loss_means": 0.04143211990594864, "val_loss_mean": 0.049543630331754684, "val_f1_majority_bin": 0.07142857142857142, "val_f1_majority_macro": 0.4959832343695424, "val_acc_majority": 0.8536036036036037, "val_f1_individual_binary": 0.05102040816326531, "val_f1_individual_macro": 0.48785838221928446, "val_acc_individual": 0.8604651162790697, "train_time_millis": 742.8024449909572, "eval_time_millis": 2550.1525470026536}, "Epoch9": {"train_loss_means": 0.04202177748084068, "val_loss_mean": 0.04952194169163704, "val_f1_majority_bin": 0.07092198581560284, "val_f1_majority_macro": 0.4953998308282907, "val_acc_majority": 0.8524774774774775, "val_f1_individual_binary": 0.05025125628140703, "val_f1_individual_macro": 0.48681999376697027, "val_acc_individual": 0.8582145536384096, "train_time_millis": 735.9607309917919, "eval_time_millis": 2548.411199997645}, "Test_results": {"test_f1_majority_binary": 0.07142857142857142, "test_f1_majority_macro": 0.4959832343695424, "test_acc_majority": 0.8536036036036037, "test_f1_individual_binary": 0.05102040816326531, "test_f1_individual_macro": 0.48785838221928446, "test_acc_individual": 0.8604651162790697, "test_time_millis": 2557.7153529884527, "dataset_size": 2140, "number_of_annotations": 3310, "train_size": 742, "val_size": 1333, "test_size": 1235}}