{"Epoch0": {"train_loss_means": 0.29053619503974915, "val_loss_mean": 0.32713329792022705, "val_f1_majority_bin": 0.2584745762711865, "val_f1_majority_macro": 0.5270574516233316, "val_acc_majority": 0.679584986267928, "val_f1_individual_binary": 0.2748426752524514, "val_f1_individual_macro": 0.5276565952576997, "val_acc_individual": 0.6629710243504285, "train_time_millis": 465764.22165799886, "eval_time_millis": 52113.009773078375}, "Epoch1": {"train_loss_means": 0.22382347285747528, "val_loss_mean": 0.3063293397426605, "val_f1_majority_bin": 0.37361354349095155, "val_f1_majority_macro": 0.5759825618714828, "val_acc_majority": 0.672566371681416, "val_f1_individual_binary": 0.3446440452428477, "val_f1_individual_macro": 0.5598225936845149, "val_acc_individual": 0.6650115630526459, "train_time_millis": 465486.8704699911, "eval_time_millis": 54132.14047206566}, "Epoch2": {"train_loss_means": 0.18802689015865326, "val_loss_mean": 0.3473103940486908, "val_f1_majority_bin": 0.4199501246882793, "val_f1_majority_macro": 0.5821447699721898, "val_acc_majority": 0.6451022276472383, "val_f1_individual_binary": 0.3864801864801865, "val_f1_individual_macro": 0.5668474693445881, "val_acc_individual": 0.6419534757175894, "train_time_millis": 465464.6555229556, "eval_time_millis": 54114.99514000025}, "Epoch3": {"train_loss_means": 0.16780008375644684, "val_loss_mean": 0.35790392756462097, "val_f1_majority_bin": 0.35727217863608923, "val_f1_majority_macro": 0.56989604439258, "val_acc_majority": 0.6750076289288984, "val_f1_individual_binary": 0.3360956391794593, "val_f1_individual_macro": 0.5571963021011845, "val_acc_individual": 0.6675962454087879, "train_time_millis": 465480.87292094715, "eval_time_millis": 54105.144051020034}, "Epoch4": {"train_loss_means": 0.15349315106868744, "val_loss_mean": 0.40661200881004333, "val_f1_majority_bin": 0.23212913143735586, "val_f1_majority_macro": 0.5209760448734466, "val_acc_majority": 0.6951480012206286, "val_f1_individual_binary": 0.22124978120077016, "val_f1_individual_macro": 0.5167284742397418, "val_acc_individual": 0.6973881104611618, "train_time_millis": 465396.7471810756, "eval_time_millis": 52081.250327057205}, "Epoch5": {"train_loss_means": 0.1423216164112091, "val_loss_mean": 0.41906288266181946, "val_f1_majority_bin": 0.31870967741935485, "val_f1_majority_macro": 0.5538392511797013, "val_acc_majority": 0.6777540433323161, "val_f1_individual_binary": 0.2965506943407496, "val_f1_individual_macro": 0.5445408159685428, "val_acc_individual": 0.6795674057951299, "train_time_millis": 465356.576983002, "eval_time_millis": 52059.53876301646}, "Epoch6": {"train_loss_means": 0.1339392215013504, "val_loss_mean": 0.447240948677063, "val_f1_majority_bin": 0.20977917981072552, "val_f1_majority_macro": 0.5101109292924229, "val_acc_majority": 0.6942325297528227, "val_f1_individual_binary": 0.208183776022972, "val_f1_individual_macro": 0.5115272690118217, "val_acc_individual": 0.6999047748605632, "train_time_millis": 465416.10655898694, "eval_time_millis": 54084.41777701955}, "Epoch7": {"train_loss_means": 0.12711022794246674, "val_loss_mean": 0.4218253493309021, "val_f1_majority_bin": 0.38661710037174724, "val_f1_majority_macro": 0.5696733542963425, "val_acc_majority": 0.6475434848947208, "val_f1_individual_binary": 0.381973203410475, "val_f1_individual_macro": 0.5712829119817309, "val_acc_individual": 0.6548768874982995, "train_time_millis": 465404.22793792095, "eval_time_millis": 54113.80643595476}, "Epoch8": {"train_loss_means": 0.12153895944356918, "val_loss_mean": 0.4475528299808502, "val_f1_majority_bin": 0.37274774774774777, "val_f1_majority_macro": 0.5697979006633256, "val_acc_majority": 0.6600549282880683, "val_f1_individual_binary": 0.36103225806451616, "val_f1_individual_macro": 0.5661723588281388, "val_acc_individual": 0.6631750782206502, "train_time_millis": 465363.7931969715, "eval_time_millis": 52087.317863013595}, "Epoch9": {"train_loss_means": 0.1158389076590538, "val_loss_mean": 0.46603134274482727, "val_f1_majority_bin": 0.3564356435643564, "val_f1_majority_macro": 0.5639941294108737, "val_acc_majority": 0.6628013426914862, "val_f1_individual_binary": 0.3472909698996655, "val_f1_individual_macro": 0.5624001021234385, "val_acc_individual": 0.6681403890627126, "train_time_millis": 465416.2061220268, "eval_time_millis": 52072.69631605595}, "Test_results": {"test_f1_majority_binary": 0.3564356435643564, "test_f1_majority_macro": 0.5639941294108737, "test_acc_majority": 0.6628013426914862, "test_f1_individual_binary": 0.3472909698996655, "test_f1_individual_macro": 0.5624001021234385, "test_acc_individual": 0.6681403890627126, "test_time_millis": 52010.82051603589, "dataset_size": 16665, "number_of_annotations": 73478, "train_size": 43178, "val_size": 14702, "test_size": 15598}}