{"Epoch0": {"train_loss_means": 0.02139144018292427, "val_loss_mean": 0.013153573498129845, "val_f1_majority_bin": 0.41713221601489753, "val_f1_majority_macro": 0.7003728196979362, "val_acc_majority": 0.968123026784805, "val_f1_individual_binary": 0.35681818181818176, "val_f1_individual_macro": 0.6700358143838527, "val_acc_individual": 0.9673568256531518, "train_time_millis": 34533.505601924844, "eval_time_millis": 9662.098726956174}, "Epoch1": {"train_loss_means": 0.011649291031062603, "val_loss_mean": 0.014339319430291653, "val_f1_majority_bin": 0.47533632286995514, "val_f1_majority_macro": 0.7315718713140938, "val_acc_majority": 0.9761686526122824, "val_f1_individual_binary": 0.4234620886981402, "val_f1_individual_macro": 0.7058009110314327, "val_acc_individual": 0.9767575984774208, "train_time_millis": 34479.670264991, "eval_time_millis": 9617.022838909179}, "Epoch2": {"train_loss_means": 0.006946375593543053, "val_loss_mean": 0.01458585262298584, "val_f1_majority_bin": 0.3569321533923303, "val_f1_majority_macro": 0.6669681864008066, "val_acc_majority": 0.9555962929015175, "val_f1_individual_binary": 0.3176691729323308, "val_f1_individual_macro": 0.6480355146508503, "val_acc_individual": 0.9581290731876118, "train_time_millis": 34527.990467031486, "eval_time_millis": 9587.261245935224}, "Epoch3": {"train_loss_means": 0.004692667629569769, "val_loss_mean": 0.025295112282037735, "val_f1_majority_bin": 0.48866498740554154, "val_f1_majority_macro": 0.7390573001057644, "val_acc_majority": 0.9793257969243304, "val_f1_individual_binary": 0.4353518821603928, "val_f1_individual_macro": 0.7126123898429286, "val_acc_individual": 0.9801026587461791, "train_time_millis": 34533.30566897057, "eval_time_millis": 9631.515768007375}, "Epoch4": {"train_loss_means": 0.0035246124025434256, "val_loss_mean": 0.029872918501496315, "val_f1_majority_bin": 0.4714285714285714, "val_f1_majority_macro": 0.729938450559743, "val_acc_majority": 0.9773907729911396, "val_f1_individual_binary": 0.4153846153846154, "val_f1_individual_macro": 0.7021086706874882, "val_acc_individual": 0.9780840878943422, "train_time_millis": 34552.9431370087, "eval_time_millis": 9623.046585009433}, "Epoch5": {"train_loss_means": 0.0030228723771870136, "val_loss_mean": 0.032920245081186295, "val_f1_majority_bin": 0.4773869346733668, "val_f1_majority_macro": 0.733288061931278, "val_acc_majority": 0.9788165800998065, "val_f1_individual_binary": 0.44067796610169485, "val_f1_individual_macro": 0.7154985700022674, "val_acc_individual": 0.9809677605398235, "train_time_millis": 34589.13559303619, "eval_time_millis": 9580.77833103016}, "Epoch6": {"train_loss_means": 0.0026517591904848814, "val_loss_mean": 0.03487376496195793, "val_f1_majority_bin": 0.48456057007125897, "val_f1_majority_macro": 0.7366342424691519, "val_acc_majority": 0.9778999898156635, "val_f1_individual_binary": 0.43124999999999997, "val_f1_individual_macro": 0.7102780348434102, "val_acc_individual": 0.9790068631408962, "train_time_millis": 34532.44187205564, "eval_time_millis": 9054.938234039582}, "Epoch7": {"train_loss_means": 0.002724170219153166, "val_loss_mean": 0.041280437260866165, "val_f1_majority_bin": 0.5125348189415041, "val_f1_majority_macro": 0.7517287923225597, "val_acc_majority": 0.9821774111416641, "val_f1_individual_binary": 0.4606741573033708, "val_f1_individual_macro": 0.7261196465992018, "val_acc_individual": 0.9833900455620278, "train_time_millis": 34514.65601706877, "eval_time_millis": 9658.599275979213}, "Epoch8": {"train_loss_means": 0.002333848038688302, "val_loss_mean": 0.04345842823386192, "val_f1_majority_bin": 0.5295774647887325, "val_f1_majority_macro": 0.7604584933236822, "val_acc_majority": 0.9829921580609023, "val_f1_individual_binary": 0.4690431519699812, "val_f1_individual_macro": 0.7303774846099723, "val_acc_individual": 0.983678412826576, "train_time_millis": 34534.31173902936, "eval_time_millis": 9227.15877299197}, "Epoch9": {"train_loss_means": 0.00211684824898839, "val_loss_mean": 0.044842228293418884, "val_f1_majority_bin": 0.5287356321839081, "val_f1_majority_macro": 0.7601169088861479, "val_acc_majority": 0.9832976881556167, "val_f1_individual_binary": 0.466281310211946, "val_f1_individual_macro": 0.7290860867638084, "val_acc_individual": 0.9840244535440337, "train_time_millis": 34562.61231098324, "eval_time_millis": 9667.089769034646}, "Test_results": {"test_f1_majority_binary": 0.5287356321839081, "test_f1_majority_macro": 0.7601169088861479, "test_acc_majority": 0.9832976881556167, "test_f1_individual_binary": 0.466281310211946, "test_f1_individual_macro": 0.7290860867638084, "test_acc_individual": 0.9840244535440337, "test_time_millis": 8682.736468035728, "dataset_size": 39139, "number_of_annotations": 67809, "train_size": 33040, "val_size": 17339, "test_size": 17430}}