{"Epoch0": {"train_loss_means": 0.054449841380119324, "val_loss_mean": 0.045111022889614105, "val_f1_majority_bin": 0.2661870503597122, "val_f1_majority_macro": 0.5977014363526528, "val_acc_majority": 0.8708860759493671, "val_f1_individual_binary": 0.2717842323651452, "val_f1_individual_macro": 0.5984880241109614, "val_acc_individual": 0.864321608040201, "train_time_millis": 15553.179298000032, "eval_time_millis": 3982.217812000272}, "Epoch1": {"train_loss_means": 0.03846507892012596, "val_loss_mean": 0.04631945118308067, "val_f1_majority_bin": 0.24242424242424246, "val_f1_majority_macro": 0.5770425099047007, "val_acc_majority": 0.8417721518987342, "val_f1_individual_binary": 0.2471516213847502, "val_f1_individual_macro": 0.5769265221076026, "val_acc_individual": 0.833977580208736, "train_time_millis": 15523.041959999318, "eval_time_millis": 2978.406006000114}, "Epoch2": {"train_loss_means": 0.0321098156273365, "val_loss_mean": 0.04924182593822479, "val_f1_majority_bin": 0.31020408163265306, "val_f1_majority_macro": 0.62611404767739, "val_acc_majority": 0.8930379746835443, "val_f1_individual_binary": 0.3071593533487298, "val_f1_individual_macro": 0.6219407819264214, "val_acc_individual": 0.8840355624275222, "train_time_millis": 15607.126664999669, "eval_time_millis": 3995.4712839999047}, "Epoch3": {"train_loss_means": 0.02745731547474861, "val_loss_mean": 0.052048929035663605, "val_f1_majority_bin": 0.296875, "val_f1_majority_macro": 0.6174457644628099, "val_acc_majority": 0.8860759493670886, "val_f1_individual_binary": 0.2927927927927928, "val_f1_individual_macro": 0.613204007390054, "val_acc_individual": 0.87862388867414, "train_time_millis": 15562.94601799982, "eval_time_millis": 3985.246766000273}, "Epoch4": {"train_loss_means": 0.02455221116542816, "val_loss_mean": 0.058349184691905975, "val_f1_majority_bin": 0.2934362934362934, "val_f1_majority_macro": 0.6151772987346927, "val_acc_majority": 0.8841772151898735, "val_f1_individual_binary": 0.2885462555066079, "val_f1_individual_macro": 0.6100570260583886, "val_acc_individual": 0.8751449555469656, "train_time_millis": 15514.370982999935, "eval_time_millis": 2976.919419999831}, "Epoch5": {"train_loss_means": 0.0218258835375309, "val_loss_mean": 0.06758250296115875, "val_f1_majority_bin": 0.35680751173708924, "val_f1_majority_macro": 0.6551597789428574, "val_acc_majority": 0.9132911392405063, "val_f1_individual_binary": 0.3445491251682369, "val_f1_individual_macro": 0.6469231830942694, "val_acc_individual": 0.9058755315036722, "train_time_millis": 15552.945624000131, "eval_time_millis": 3985.729992000415}, "Epoch6": {"train_loss_means": 0.019709061831235886, "val_loss_mean": 0.06542700529098511, "val_f1_majority_bin": 0.2593856655290102, "val_f1_majority_macro": 0.5918483960710974, "val_acc_majority": 0.8626582278481013, "val_f1_individual_binary": 0.26310583580613256, "val_f1_individual_macro": 0.5916578766692653, "val_acc_individual": 0.8560108233475068, "train_time_millis": 15572.164174000136, "eval_time_millis": 3992.3397170005046}, "Epoch7": {"train_loss_means": 0.01853378675878048, "val_loss_mean": 0.07185763120651245, "val_f1_majority_bin": 0.30769230769230765, "val_f1_majority_macro": 0.6244949695001188, "val_acc_majority": 0.8917721518987342, "val_f1_individual_binary": 0.3011494252873563, "val_f1_individual_macro": 0.6185004353699918, "val_acc_individual": 0.8824893699265559, "train_time_millis": 15566.231095999683, "eval_time_millis": 4026.0397350002677}, "Epoch8": {"train_loss_means": 0.017899779602885246, "val_loss_mean": 0.08411207795143127, "val_f1_majority_bin": 0.36269430051813467, "val_f1_majority_macro": 0.6606191421700887, "val_acc_majority": 0.9221518987341772, "val_f1_individual_binary": 0.3531157270029674, "val_f1_individual_macro": 0.6540232345992716, "val_acc_individual": 0.9157325086973328, "train_time_millis": 15547.604413000045, "eval_time_millis": 3997.49245699968}, "Epoch9": {"train_loss_means": 0.01709262654185295, "val_loss_mean": 0.08745033293962479, "val_f1_majority_bin": 0.3529411764705882, "val_f1_majority_macro": 0.6561207732336123, "val_acc_majority": 0.9234177215189874, "val_f1_individual_binary": 0.35222052067381315, "val_f1_individual_macro": 0.6542948915901299, "val_acc_individual": 0.9182450715114032, "train_time_millis": 15564.697779000198, "eval_time_millis": 1958.5532179999063}, "Test_results": {"test_f1_majority_binary": 0.3529411764705882, "test_f1_majority_macro": 0.6561207732336123, "test_acc_majority": 0.9234177215189874, "test_f1_individual_binary": 0.35222052067381315, "test_f1_individual_macro": 0.6542948915901299, "test_acc_individual": 0.9182450715114032, "test_time_millis": 3987.1450780001396, "dataset_size": 7871, "number_of_annotations": 25845, "train_size": 15629, "val_size": 5174, "test_size": 5042}}