{"Epoch0": {"train_loss_means": 0.40897583961486816, "val_loss_mean": 0.33827146887779236, "val_f1_majority_bin": 0.42114537954330444, "val_f1_majority_macro": 0.6944039615269779, "val_acc_majority": 0.938746988773346, "val_f1_individual_binary": 0.3903363347053528, "val_f1_individual_macro": 0.6790963367798348, "val_acc_individual": 0.9389323592185974, "train_acc_means": 0.9438523650169373, "train_time_millis": 133916.5942719992, "eval_time_millis": 19997.893503998057}, "Epoch1": {"train_loss_means": 0.2804204523563385, "val_loss_mean": 0.3415023982524872, "val_f1_majority_bin": 0.3991195857524872, "val_f1_majority_macro": 0.6791755046608987, "val_acc_majority": 0.9236434698104858, "val_f1_individual_binary": 0.3642718493938446, "val_f1_individual_macro": 0.661453673435593, "val_acc_individual": 0.9223250150680542, "train_acc_means": 0.9421526193618774, "train_time_millis": 134130.04009600263, "eval_time_millis": 20028.45058099774}, "Epoch2": {"train_loss_means": 0.20618760585784912, "val_loss_mean": 0.41384029388427734, "val_f1_majority_bin": 0.4140821397304535, "val_f1_majority_macro": 0.6897894810403101, "val_acc_majority": 0.9348312616348267, "val_f1_individual_binary": 0.3716972768306732, "val_f1_individual_macro": 0.668274668145089, "val_acc_individual": 0.9334282279014587, "train_acc_means": 0.9450061917304993, "train_time_millis": 134695.69036499888, "eval_time_millis": 20026.99818300607}, "Test_results": {"test_f1_majority_binary": 0.4062744975090027, "test_f1_majority_macro": 0.6843708311823913, "test_acc_majority": 0.9293975234031677, "test_f1_individual_binary": 0.371107280254364, "test_f1_individual_macro": 0.6672817924619863, "test_acc_individual": 0.9309263825416565, "test_time_millis": 20009.75961299264, "dataset_size": 53677, "number_of_annotations": 53677}}