{"Epoch0": {"train_loss_means": 0.2975809574127197, "val_loss_mean": 0.3125055432319641, "val_f1_majority_bin": 0.4553224553224553, "val_f1_majority_macro": 0.5179065897198751, "val_acc_majority": 0.5260311020960108, "val_f1_individual_binary": 0.4544642857142857, "val_f1_individual_macro": 0.5152265911569347, "val_acc_individual": 0.5228426395939086, "train_time_millis": 2668.353160377592, "eval_time_millis": 947.6936589926481}, "Epoch1": {"train_loss_means": 0.2358192652463913, "val_loss_mean": 0.31714150309562683, "val_f1_majority_bin": 0.35083532219570407, "val_f1_majority_macro": 0.5471157743053991, "val_acc_majority": 0.632183908045977, "val_f1_individual_binary": 0.3602225312934631, "val_f1_individual_macro": 0.555246987687991, "val_acc_individual": 0.6407653260445139, "train_time_millis": 2697.268465999514, "eval_time_millis": 1035.462083760649}, "Epoch2": {"train_loss_means": 0.16815148293972015, "val_loss_mean": 0.43024346232414246, "val_f1_majority_bin": 0.39832285115303984, "val_f1_majority_macro": 0.5559478527222285, "val_acc_majority": 0.6118999323867478, "val_f1_individual_binary": 0.4046172539489672, "val_f1_individual_macro": 0.561341998666083, "val_acc_individual": 0.6173369777430691, "train_time_millis": 2712.5269286334515, "eval_time_millis": 966.0188248381019}, "Epoch3": {"train_loss_means": 0.1221390813589096, "val_loss_mean": 0.46694663166999817, "val_f1_majority_bin": 0.36363636363636365, "val_f1_majority_macro": 0.554153567891133, "val_acc_majority": 0.6355645706558486, "val_f1_individual_binary": 0.3663101604278075, "val_f1_individual_macro": 0.5524325209199159, "val_acc_individual": 0.629832096837173, "train_time_millis": 2686.671377159655, "eval_time_millis": 950.1388291828334}, "Epoch4": {"train_loss_means": 0.09441151469945908, "val_loss_mean": 0.578784704208374, "val_f1_majority_bin": 0.42288049029622066, "val_f1_majority_macro": 0.5686913820859576, "val_acc_majority": 0.6179851250845165, "val_f1_individual_binary": 0.41531322505800466, "val_f1_individual_macro": 0.5593340698568422, "val_acc_individual": 0.6064037485357282, "train_time_millis": 2671.420942991972, "eval_time_millis": 989.2345340922475}, "Epoch5": {"train_loss_means": 0.07696814835071564, "val_loss_mean": 0.6252312064170837, "val_f1_majority_bin": 0.40674603174603174, "val_f1_majority_macro": 0.5500396825396825, "val_acc_majority": 0.5956727518593644, "val_f1_individual_binary": 0.41561423650975887, "val_f1_individual_macro": 0.557215402278548, "val_acc_individual": 0.6024990238188208, "train_time_millis": 2672.7975718677044, "eval_time_millis": 1242.3216197639704}, "Epoch6": {"train_loss_means": 0.0678681880235672, "val_loss_mean": 0.7817498445510864, "val_f1_majority_bin": 0.3738738738738739, "val_f1_majority_macro": 0.5526374200287244, "val_acc_majority": 0.6240703177822853, "val_f1_individual_binary": 0.40648379052369077, "val_f1_individual_macro": 0.5679377451765697, "val_acc_individual": 0.62827020695041, "train_time_millis": 2664.245495572686, "eval_time_millis": 1293.998543638736}, "Epoch7": {"train_loss_means": 0.06015707924962044, "val_loss_mean": 0.9418991208076477, "val_f1_majority_bin": 0.34037558685446007, "val_f1_majority_macro": 0.5367594933322632, "val_acc_majority": 0.6200135226504395, "val_f1_individual_binary": 0.347597103357472, "val_f1_individual_macro": 0.5362742663609452, "val_acc_individual": 0.6130417805544709, "train_time_millis": 2670.0844559818506, "eval_time_millis": 1234.0946309268475}, "Epoch8": {"train_loss_means": 0.055863380432128906, "val_loss_mean": 1.0586329698562622, "val_f1_majority_bin": 0.3449101796407186, "val_f1_majority_macro": 0.5436279584025543, "val_acc_majority": 0.6301555104800541, "val_f1_individual_binary": 0.361574382921948, "val_f1_individual_macro": 0.548714323671849, "val_acc_individual": 0.6263178445919563, "train_time_millis": 2684.91641106084, "eval_time_millis": 1191.4581740275025}, "Epoch9": {"train_loss_means": 0.05305928736925125, "val_loss_mean": 1.1093802452087402, "val_f1_majority_bin": 0.32883435582822085, "val_f1_majority_macro": 0.5367923529024445, "val_acc_majority": 0.6301555104800541, "val_f1_individual_binary": 0.3347107438016529, "val_f1_individual_macro": 0.5357477424730335, "val_acc_individual": 0.6228035923467395, "train_time_millis": 2644.8626071214676, "eval_time_millis": 2047.1273688599467}, "Test_results": {"test_f1_majority_binary": 0.35083532219570407, "test_f1_majority_macro": 0.5471157743053991, "test_acc_majority": 0.632183908045977, "test_f1_individual_binary": 0.3602225312934631, "test_f1_individual_macro": 0.555246987687991, "test_acc_individual": 0.6407653260445139, "test_time_millis": 1000.4156930372119, "dataset_size": 7871, "number_of_annotations": 13779, "train_size": 3148, "val_size": 2561, "test_size": 2951}}