{"Epoch0": {"train_loss_means": 2.460979700088501, "val_loss_mean": 2.4305365085601807, "val_f1_majority_bin": 0.0, "val_f1_majority_macro": 0.4970497330710874, "val_acc_majority": 0.9882681369781494, "val_f1_individual_binary": 0.02380952425301075, "val_f1_individual_macro": 0.4953831629363545, "val_acc_individual": 0.936077356338501, "train_acc_means": 0.7573984265327454, "train_time_millis": 22059.72276400007, "eval_time_millis": 5039.683584999693}, "Epoch1": {"train_loss_means": 2.3757474422454834, "val_loss_mean": 2.3367886543273926, "val_f1_majority_bin": 0.0, "val_f1_majority_macro": 0.4970497330710874, "val_acc_majority": 0.9882681369781494, "val_f1_individual_binary": 0.011299435049295425, "val_f1_individual_macro": 0.49873326822157826, "val_acc_individual": 0.9727159142494202, "train_acc_means": 0.9606172442436218, "train_time_millis": 22074.55235799989, "eval_time_millis": 5014.414480000141}, "Epoch2": {"train_loss_means": 2.28288197517395, "val_loss_mean": 2.258765935897827, "val_f1_majority_bin": 0.0, "val_f1_majority_macro": 0.4970497330710874, "val_acc_majority": 0.9882681369781494, "val_f1_individual_binary": 0.01315789483487606, "val_f1_individual_macro": 0.5006622544053412, "val_acc_individual": 0.9766136407852173, "train_acc_means": 0.9762461185455322, "train_time_millis": 22061.37351899997, "eval_time_millis": 5016.239076000147}, "Epoch3": {"train_loss_means": 2.2087018489837646, "val_loss_mean": 2.2009613513946533, "val_f1_majority_bin": 0.0, "val_f1_majority_macro": 0.4970497330710874, "val_acc_majority": 0.9882681369781494, "val_f1_individual_binary": 0.015748031437397003, "val_f1_individual_macro": 0.5029531433757775, "val_acc_individual": 0.9805113673210144, "train_acc_means": 0.9787055253982544, "train_time_millis": 22245.43325600007, "eval_time_millis": 5023.046899999827}, "Epoch4": {"train_loss_means": 2.1485705375671387, "val_loss_mean": 2.150139331817627, "val_f1_majority_bin": 0.0, "val_f1_majority_macro": 0.4970497330710874, "val_acc_majority": 0.9882681369781494, "val_f1_individual_binary": 0.015748031437397003, "val_f1_individual_macro": 0.5029531433757775, "val_acc_individual": 0.9805113673210144, "train_acc_means": 0.9803333282470703, "train_time_millis": 22343.43955300028, "eval_time_millis": 5024.641074000101}, "Epoch5": {"train_loss_means": 2.099491834640503, "val_loss_mean": 2.1092782020568848, "val_f1_majority_bin": 0.0, "val_f1_majority_macro": 0.4970497330710874, "val_acc_majority": 0.9882681369781494, "val_f1_individual_binary": 0.015748031437397003, "val_f1_individual_macro": 0.5029531433757775, "val_acc_individual": 0.9805113673210144, "train_acc_means": 0.9810310006141663, "train_time_millis": 22188.275334999616, "eval_time_millis": 5055.544998999721}, "Epoch6": {"train_loss_means": 2.070596218109131, "val_loss_mean": 2.0809597969055176, "val_f1_majority_bin": 0.0, "val_f1_majority_macro": 0.4970497330710874, "val_acc_majority": 0.9882681369781494, "val_f1_individual_binary": 0.015748031437397003, "val_f1_individual_macro": 0.5029531433757775, "val_acc_individual": 0.9805113673210144, "train_acc_means": 0.9806901216506958, "train_time_millis": 22472.947320999992, "eval_time_millis": 5035.642873000143}, "Epoch7": {"train_loss_means": 2.0234973430633545, "val_loss_mean": 2.0519444942474365, "val_f1_majority_bin": 0.0, "val_f1_majority_macro": 0.4970497330710874, "val_acc_majority": 0.9882681369781494, "val_f1_individual_binary": 0.015748031437397003, "val_f1_individual_macro": 0.5029531433757775, "val_acc_individual": 0.9805113673210144, "train_acc_means": 0.9813892841339111, "train_time_millis": 22061.642529000437, "eval_time_millis": 5011.5503749998425}, "Epoch8": {"train_loss_means": 2.0015034675598145, "val_loss_mean": 2.0307435989379883, "val_f1_majority_bin": 0.0, "val_f1_majority_macro": 0.4970497330710874, "val_acc_majority": 0.9882681369781494, "val_f1_individual_binary": 0.015748031437397003, "val_f1_individual_macro": 0.5029531433757775, "val_acc_individual": 0.9805113673210144, "train_acc_means": 0.9813322424888611, "train_time_millis": 22334.90453000013, "eval_time_millis": 5060.43666000005}, "Epoch9": {"train_loss_means": 1.9666109085083008, "val_loss_mean": 2.0162649154663086, "val_f1_majority_bin": 0.0, "val_f1_majority_macro": 0.4970497330710874, "val_acc_majority": 0.9882681369781494, "val_f1_individual_binary": 0.015748031437397003, "val_f1_individual_macro": 0.5029531433757775, "val_acc_individual": 0.9805113673210144, "train_acc_means": 0.9822472929954529, "train_time_millis": 22202.866255999652, "eval_time_millis": 5048.562538000169}, "Test_results": {"test_f1_majority_binary": 0.0, "test_f1_majority_macro": 0.497983870967742, "test_acc_majority": 0.9919678568840027, "test_f1_individual_binary": 0.0, "test_f1_individual_macro": 0.49573344169036976, "test_acc_individual": 0.9830781817436218, "test_time_millis": 4920.477880999897, "dataset_size": 8960, "number_of_annotations": 31912}}