{"Epoch0": {"train_loss_means": 0.16589440405368805, "val_loss_mean": 0.14112746715545654, "val_f1_majority_bin": 0.4935064935064935, "val_f1_majority_macro": 0.6141001855287569, "val_acc_majority": 0.6517857142857143, "val_f1_individual_binary": 0.4935064935064935, "val_f1_individual_macro": 0.6141001855287569, "val_acc_individual": 0.6517857142857143, "train_time_millis": 1397.423961025197, "eval_time_millis": 1595.811475010123}, "Epoch1": {"train_loss_means": 0.12651243805885315, "val_loss_mean": 0.12097539007663727, "val_f1_majority_bin": 0.631578947368421, "val_f1_majority_macro": 0.7529152221872045, "val_acc_majority": 0.8125, "val_f1_individual_binary": 0.631578947368421, "val_f1_individual_macro": 0.7529152221872045, "val_acc_individual": 0.8125, "train_time_millis": 753.9276269963011, "eval_time_millis": 954.0638879989274}, "Epoch2": {"train_loss_means": 0.08971274644136429, "val_loss_mean": 0.12047537416219711, "val_f1_majority_bin": 0.6415094339622641, "val_f1_majority_macro": 0.7651991614255765, "val_acc_majority": 0.8303571428571429, "val_f1_individual_binary": 0.6415094339622641, "val_f1_individual_macro": 0.7651991614255765, "val_acc_individual": 0.8303571428571429, "train_time_millis": 763.7630109675229, "eval_time_millis": 1176.2090630363673}, "Epoch3": {"train_loss_means": 0.052944716066122055, "val_loss_mean": 0.195901557803154, "val_f1_majority_bin": 0.6, "val_f1_majority_macro": 0.7565217391304349, "val_acc_majority": 0.8571428571428571, "val_f1_individual_binary": 0.6, "val_f1_individual_macro": 0.7565217391304349, "val_acc_individual": 0.8571428571428571, "train_time_millis": 762.1757779852487, "eval_time_millis": 2137.7874570316635}, "Epoch4": {"train_loss_means": 0.0218333937227726, "val_loss_mean": 0.2362438291311264, "val_f1_majority_bin": 0.6172839506172839, "val_f1_majority_macro": 0.7664076428835738, "val_acc_majority": 0.8616071428571429, "val_f1_individual_binary": 0.6172839506172839, "val_f1_individual_macro": 0.7664076428835738, "val_acc_individual": 0.8616071428571429, "train_time_millis": 765.6821310520172, "eval_time_millis": 1781.634399027098}, "Epoch5": {"train_loss_means": 0.010231335647404194, "val_loss_mean": 0.254326194524765, "val_f1_majority_bin": 0.6363636363636364, "val_f1_majority_macro": 0.7737373737373737, "val_acc_majority": 0.8571428571428571, "val_f1_individual_binary": 0.6363636363636364, "val_f1_individual_macro": 0.7737373737373737, "val_acc_individual": 0.8571428571428571, "train_time_millis": 759.8561000195332, "eval_time_millis": 2134.3165549915284}, "Epoch6": {"train_loss_means": 0.004836960695683956, "val_loss_mean": 0.4543610215187073, "val_f1_majority_bin": 0.5625, "val_f1_majority_macro": 0.7447916666666666, "val_acc_majority": 0.875, "val_f1_individual_binary": 0.5625, "val_f1_individual_macro": 0.7447916666666666, "val_acc_individual": 0.875, "train_time_millis": 761.9535439880565, "eval_time_millis": 2136.570641945582}, "Epoch7": {"train_loss_means": 0.0026632489170879126, "val_loss_mean": 0.3739505112171173, "val_f1_majority_bin": 0.6419753086419754, "val_f1_majority_macro": 0.7814781175362465, "val_acc_majority": 0.8705357142857143, "val_f1_individual_binary": 0.6419753086419754, "val_f1_individual_macro": 0.7814781175362465, "val_acc_individual": 0.8705357142857143, "train_time_millis": 758.8131779921241, "eval_time_millis": 2131.7981730098836}, "Epoch8": {"train_loss_means": 0.0019822330214083195, "val_loss_mean": 0.39396581053733826, "val_f1_majority_bin": 0.6153846153846153, "val_f1_majority_macro": 0.7671517671517671, "val_acc_majority": 0.8660714285714286, "val_f1_individual_binary": 0.6153846153846153, "val_f1_individual_macro": 0.7671517671517671, "val_acc_individual": 0.8660714285714286, "train_time_millis": 743.490110966377, "eval_time_millis": 2144.873624027241}, "Epoch9": {"train_loss_means": 0.001892372383736074, "val_loss_mean": 0.40080732107162476, "val_f1_majority_bin": 0.6153846153846153, "val_f1_majority_macro": 0.7671517671517671, "val_acc_majority": 0.8660714285714286, "val_f1_individual_binary": 0.6153846153846153, "val_f1_individual_macro": 0.7671517671517671, "val_acc_individual": 0.8660714285714286, "train_time_millis": 758.2113659591414, "eval_time_millis": 2131.8767249467783}, "Test_results": {"test_f1_majority_binary": 0.6419753086419754, "test_f1_majority_macro": 0.7814781175362465, "test_acc_majority": 0.8705357142857143, "test_f1_individual_binary": 0.6419753086419754, "test_f1_individual_macro": 0.7814781175362465, "test_acc_individual": 0.8705357142857143, "test_time_millis": 2130.0778280128725, "dataset_size": 1120, "number_of_annotations": 1120, "train_size": 672, "val_size": 224, "test_size": 224}}