{"Epoch0": {"train_loss_means": 0.06226406618952751, "val_loss_mean": 0.04934984818100929, "val_f1_majority_bin": 0.24705882352941172, "val_f1_majority_macro": 0.596038002829998, "val_acc_majority": 0.8975180144115292, "val_f1_individual_binary": 0.2184466019417476, "val_f1_individual_macro": 0.581368629690597, "val_acc_individual": 0.8959948320413437, "train_time_millis": 9226.571264211088, "eval_time_millis": 2488.1173707544804}, "Epoch1": {"train_loss_means": 0.04620479792356491, "val_loss_mean": 0.04731765389442444, "val_f1_majority_bin": 0.2577319587628866, "val_f1_majority_macro": 0.5976159793814433, "val_acc_majority": 0.8847077662129704, "val_f1_individual_binary": 0.24948024948024947, "val_f1_individual_macro": 0.593134451477999, "val_acc_individual": 0.8833979328165374, "train_time_millis": 9200.999392662197, "eval_time_millis": 2033.0931753851473}, "Epoch2": {"train_loss_means": 0.03780822083353996, "val_loss_mean": 0.04524452984333038, "val_f1_majority_bin": 0.20477815699658702, "val_f1_majority_macro": 0.5495546113781121, "val_acc_majority": 0.8134507606084868, "val_f1_individual_binary": 0.20391061452513964, "val_f1_individual_macro": 0.5499100187307948, "val_acc_individual": 0.8158914728682171, "train_time_millis": 9221.90356021747, "eval_time_millis": 3293.233871925622}, "Epoch3": {"train_loss_means": 0.03345080837607384, "val_loss_mean": 0.049235839396715164, "val_f1_majority_bin": 0.23788546255506607, "val_f1_majority_macro": 0.580853783677357, "val_acc_majority": 0.8614891913530824, "val_f1_individual_binary": 0.23357664233576642, "val_f1_individual_macro": 0.5795806670218875, "val_acc_individual": 0.8643410852713178, "train_time_millis": 9207.665124442428, "eval_time_millis": 2289.000644814223}, "Epoch4": {"train_loss_means": 0.027770264074206352, "val_loss_mean": 0.05609900504350662, "val_f1_majority_bin": 0.2553191489361702, "val_f1_majority_macro": 0.5973565441650548, "val_acc_majority": 0.8879103282626101, "val_f1_individual_binary": 0.25272331154684097, "val_f1_individual_macro": 0.5964471258588906, "val_acc_individual": 0.8892118863049095, "train_time_millis": 9225.752528756857, "eval_time_millis": 1827.482108026743}, "Epoch5": {"train_loss_means": 0.023521021008491516, "val_loss_mean": 0.06021974980831146, "val_f1_majority_bin": 0.26732673267326734, "val_f1_majority_macro": 0.6014334011798392, "val_acc_majority": 0.8815052041633307, "val_f1_individual_binary": 0.24696356275303644, "val_f1_individual_macro": 0.5908387487334856, "val_acc_individual": 0.8798449612403101, "train_time_millis": 9234.77140488103, "eval_time_millis": 3294.1741249524057}, "Epoch6": {"train_loss_means": 0.02132555842399597, "val_loss_mean": 0.06408467888832092, "val_f1_majority_bin": 0.2511210762331839, "val_f1_majority_macro": 0.5888572414132953, "val_acc_majority": 0.866293034427542, "val_f1_individual_binary": 0.23290203327171907, "val_f1_individual_macro": 0.5797318518862576, "val_acc_individual": 0.8659560723514211, "train_time_millis": 9198.994892649353, "eval_time_millis": 3149.670495186001}, "Epoch7": {"train_loss_means": 0.020231831818819046, "val_loss_mean": 0.06795213371515274, "val_f1_majority_bin": 0.25233644859813087, "val_f1_majority_macro": 0.5911419545967888, "val_acc_majority": 0.8718975180144115, "val_f1_individual_binary": 0.2380038387715931, "val_f1_individual_macro": 0.5839992743496477, "val_acc_individual": 0.8717700258397932, "train_time_millis": 9234.17818499729, "eval_time_millis": 3301.9563732668757}, "Epoch8": {"train_loss_means": 0.01894366927444935, "val_loss_mean": 0.07508969306945801, "val_f1_majority_bin": 0.26744186046511625, "val_f1_majority_macro": 0.6066358055550001, "val_acc_majority": 0.899119295436349, "val_f1_individual_binary": 0.2647754137115839, "val_f1_individual_macro": 0.6054332953459982, "val_acc_individual": 0.899547803617571, "train_time_millis": 9242.382230237126, "eval_time_millis": 3299.54792605713}, "Epoch9": {"train_loss_means": 0.018662603572010994, "val_loss_mean": 0.07462380826473236, "val_f1_majority_bin": 0.26136363636363635, "val_f1_majority_macro": 0.60268870879336, "val_acc_majority": 0.8959167333867094, "val_f1_individual_binary": 0.25866050808314084, "val_f1_individual_macro": 0.6014608322669568, "val_acc_individual": 0.8963178294573644, "train_time_millis": 9211.285878904164, "eval_time_millis": 3301.0913003236055}, "Test_results": {"test_f1_majority_binary": 0.26744186046511625, "test_f1_majority_macro": 0.6066358055550001, "test_acc_majority": 0.899119295436349, "test_f1_individual_binary": 0.2647754137115839, "test_f1_individual_macro": 0.6054332953459982, "test_acc_individual": 0.899547803617571, "test_time_millis": 1507.6977889984846, "dataset_size": 6218, "number_of_annotations": 15170, "train_size": 9157, "val_size": 3096, "test_size": 2917}}