{"Epoch0": {"train_loss_means": 0.05379985272884369, "val_loss_mean": 0.048974595963954926, "val_f1_majority_bin": 0.5052950075642966, "val_f1_majority_macro": 0.7453727540602351, "val_acc_majority": 0.9717323651452282, "val_f1_individual_binary": 0.41821946169772256, "val_f1_individual_macro": 0.6995748692231165, "val_acc_individual": 0.9630710192924354, "train_time_millis": 103709.43457700196, "eval_time_millis": 14718.389865010977}, "Epoch1": {"train_loss_means": 0.04288666322827339, "val_loss_mean": 0.05177265405654907, "val_f1_majority_bin": 0.4638783269961978, "val_f1_majority_macro": 0.722474805866202, "val_acc_majority": 0.9634336099585062, "val_f1_individual_binary": 0.3998604326587578, "val_f1_individual_macro": 0.6881857539799402, "val_acc_individual": 0.9547915681017716, "train_time_millis": 103628.32136201905, "eval_time_millis": 14714.913817006163}, "Epoch2": {"train_loss_means": 0.03572286292910576, "val_loss_mean": 0.059077244251966476, "val_f1_majority_bin": 0.5073313782991202, "val_f1_majority_macro": 0.7461837260249498, "val_acc_majority": 0.970954356846473, "val_f1_individual_binary": 0.41115537848605577, "val_f1_individual_macro": 0.6955344721518915, "val_acc_individual": 0.9611522893339641, "train_time_millis": 103650.78610999626, "eval_time_millis": 14722.848598001292}, "Epoch3": {"train_loss_means": 0.030347706750035286, "val_loss_mean": 0.06239652633666992, "val_f1_majority_bin": 0.4342857142857143, "val_f1_majority_macro": 0.706024758225468, "val_acc_majority": 0.9572095435684648, "val_f1_individual_binary": 0.38476070528967254, "val_f1_individual_macro": 0.6789813729970224, "val_acc_individual": 0.9486411186458498, "train_time_millis": 103676.81630200241, "eval_time_millis": 14714.325005013961}, "Epoch4": {"train_loss_means": 0.026706887409090996, "val_loss_mean": 0.070948027074337, "val_f1_majority_bin": 0.3957732949087416, "val_f1_majority_macro": 0.6836526578639657, "val_acc_majority": 0.9456258644536653, "val_f1_individual_binary": 0.3659711075441412, "val_f1_individual_macro": 0.6666077446668379, "val_acc_individual": 0.9377069862797666, "train_time_millis": 103798.94538098597, "eval_time_millis": 14725.943535013357}, "Epoch5": {"train_loss_means": 0.02499878965318203, "val_loss_mean": 0.09328601509332657, "val_f1_majority_bin": 0.4574850299401198, "val_f1_majority_macro": 0.7185860197456305, "val_acc_majority": 0.9608402489626556, "val_f1_individual_binary": 0.39198949441891, "val_f1_individual_macro": 0.6833178039134498, "val_acc_individual": 0.9513220837933029, "train_time_millis": 103758.63294900046, "eval_time_millis": 13710.292998002842}, "Epoch6": {"train_loss_means": 0.023791516199707985, "val_loss_mean": 0.09937282651662827, "val_f1_majority_bin": 0.44655581947743467, "val_f1_majority_macro": 0.7128266672519495, "val_acc_majority": 0.959716459197787, "val_f1_individual_binary": 0.3863192182410424, "val_f1_individual_macro": 0.6802593872695721, "val_acc_individual": 0.9504809966882195, "train_time_millis": 103686.18901999434, "eval_time_millis": 14717.943310999544}, "Epoch7": {"train_loss_means": 0.022744785994291306, "val_loss_mean": 0.10170957446098328, "val_f1_majority_bin": 0.42290748898678415, "val_f1_majority_macro": 0.6996668090965952, "val_acc_majority": 0.9547026279391425, "val_f1_individual_binary": 0.3756067961165049, "val_f1_individual_macro": 0.673668006003744, "val_acc_individual": 0.945907585554329, "train_time_millis": 103669.73313799826, "eval_time_millis": 14716.246922005666}, "Epoch8": {"train_loss_means": 0.022122910246253014, "val_loss_mean": 0.11393604427576065, "val_f1_majority_bin": 0.4394299287410926, "val_f1_majority_macro": 0.7091291565298716, "val_acc_majority": 0.9591977869986169, "val_f1_individual_binary": 0.3824104234527687, "val_f1_individual_macro": 0.6782228228572764, "val_acc_individual": 0.9501655890238133, "train_time_millis": 103651.75423500477, "eval_time_millis": 13703.445266000926}, "Epoch9": {"train_loss_means": 0.02175266668200493, "val_loss_mean": 0.11480682343244553, "val_f1_majority_bin": 0.43561973525872444, "val_f1_majority_macro": 0.7072965298127292, "val_acc_majority": 0.959457123098202, "val_f1_individual_binary": 0.3763618355893035, "val_f1_individual_macro": 0.6752537179807925, "val_acc_individual": 0.9503495768280502, "train_time_millis": 103680.29342900263, "eval_time_millis": 14720.180035015801}, "Test_results": {"test_f1_majority_binary": 0.5052950075642966, "test_f1_majority_macro": 0.7453727540602351, "test_acc_majority": 0.9717323651452282, "test_f1_individual_binary": 0.41821946169772256, "test_f1_individual_macro": 0.6995748692231165, "test_acc_individual": 0.9630710192924354, "test_time_millis": 14714.047849003691, "dataset_size": 57855, "number_of_annotations": 190068, "train_size": 114035, "val_size": 38046, "test_size": 37987}}