{"Epoch0": {"train_loss_means": 0.18695713579654694, "val_loss_mean": 0.13582584261894226, "val_f1_majority_bin": 0.6542056074766355, "val_f1_majority_macro": 0.7593372359727499, "val_acc_majority": 0.8052631578947368, "val_f1_individual_binary": 0.5913978494623656, "val_f1_individual_macro": 0.7294968341388484, "val_acc_individual": 0.8, "train_time_millis": 1321.0763250000355, "eval_time_millis": 2333.83991900007}, "Epoch1": {"train_loss_means": 0.1121174767613411, "val_loss_mean": 0.14506013691425323, "val_f1_majority_bin": 0.6829268292682927, "val_f1_majority_macro": 0.7978392535603209, "val_acc_majority": 0.8631578947368421, "val_f1_individual_binary": 0.6518518518518519, "val_f1_individual_macro": 0.7883259259259259, "val_acc_individual": 0.8763157894736842, "train_time_millis": 1350.6191440000066, "eval_time_millis": 2278.2017170000017}, "Epoch2": {"train_loss_means": 0.08166033774614334, "val_loss_mean": 0.14929653704166412, "val_f1_majority_bin": 0.7272727272727273, "val_f1_majority_macro": 0.8225404732254047, "val_acc_majority": 0.8736842105263158, "val_f1_individual_binary": 0.6938775510204082, "val_f1_individual_macro": 0.8102340446782302, "val_acc_individual": 0.881578947368421, "train_time_millis": 1366.57740499993, "eval_time_millis": 1686.0861410000325}, "Epoch3": {"train_loss_means": 0.07278687506914139, "val_loss_mean": 0.15883326530456543, "val_f1_majority_bin": 0.6518518518518519, "val_f1_majority_macro": 0.7300075585789871, "val_acc_majority": 0.7526315789473684, "val_f1_individual_binary": 0.5423728813559322, "val_f1_individual_macro": 0.6681330055634622, "val_acc_individual": 0.7157894736842105, "train_time_millis": 1313.150434000022, "eval_time_millis": 1310.489500000017}, "Epoch4": {"train_loss_means": 0.06583938002586365, "val_loss_mean": 0.14578692615032196, "val_f1_majority_bin": 0.6981132075471698, "val_f1_majority_macro": 0.7906624431896432, "val_acc_majority": 0.8315789473684211, "val_f1_individual_binary": 0.6222222222222222, "val_f1_individual_macro": 0.7524904214559387, "val_acc_individual": 0.8210526315789474, "train_time_millis": 1331.7143780000151, "eval_time_millis": 1673.9923200000248}, "Epoch5": {"train_loss_means": 0.05613700672984123, "val_loss_mean": 0.1522243171930313, "val_f1_majority_bin": 0.6727272727272727, "val_f1_majority_macro": 0.7696969696969698, "val_acc_majority": 0.8105263157894737, "val_f1_individual_binary": 0.6031746031746033, "val_f1_individual_macro": 0.7359130458955327, "val_acc_individual": 0.8026315789473685, "train_time_millis": 1317.603976999976, "eval_time_millis": 1900.2243039999485}, "Epoch6": {"train_loss_means": 0.05231989175081253, "val_loss_mean": 0.1681649088859558, "val_f1_majority_bin": 0.7047619047619048, "val_f1_majority_macro": 0.7960173160173161, "val_acc_majority": 0.8368421052631579, "val_f1_individual_binary": 0.6404494382022471, "val_f1_individual_macro": 0.7652419012317078, "val_acc_individual": 0.8315789473684211, "train_time_millis": 1336.5938819999883, "eval_time_millis": 2274.77078000004}, "Epoch7": {"train_loss_means": 0.049086377024650574, "val_loss_mean": 0.18592636287212372, "val_f1_majority_bin": 0.7272727272727273, "val_f1_majority_macro": 0.8155936590100292, "val_acc_majority": 0.8578947368421053, "val_f1_individual_binary": 0.6545454545454544, "val_f1_individual_macro": 0.7793735676088617, "val_acc_individual": 0.85, "train_time_millis": 1315.3528950000464, "eval_time_millis": 2125.5540249999285}, "Epoch8": {"train_loss_means": 0.046325817704200745, "val_loss_mean": 0.2335404008626938, "val_f1_majority_bin": 0.6588235294117647, "val_f1_majority_macro": 0.780259222333001, "val_acc_majority": 0.8473684210526315, "val_f1_individual_binary": 0.6277372262773724, "val_f1_individual_macro": 0.7729376340054599, "val_acc_individual": 0.8657894736842106, "train_time_millis": 1342.2083350000094, "eval_time_millis": 329.69391199992515}, "Epoch9": {"train_loss_means": 0.04705750569701195, "val_loss_mean": 0.22491951286792755, "val_f1_majority_bin": 0.6966292134831461, "val_f1_majority_macro": 0.8019228541642535, "val_acc_majority": 0.8578947368421053, "val_f1_individual_binary": 0.652482269503546, "val_f1_individual_macro": 0.7866611670619508, "val_acc_individual": 0.8710526315789474, "train_time_millis": 1319.7863550000193, "eval_time_millis": 2286.5296109999917}, "Test_results": {"test_f1_majority_binary": 0.7272727272727273, "test_f1_majority_macro": 0.8225404732254047, "test_acc_majority": 0.8736842105263158, "test_f1_individual_binary": 0.6938775510204082, "test_f1_individual_macro": 0.8102340446782302, "test_acc_individual": 0.881578947368421, "test_time_millis": 2284.802562999971, "dataset_size": 951, "number_of_annotations": 1902, "train_size": 1140, "val_size": 380, "test_size": 382}}