{"Epoch0": {"train_loss_means": 0.0680251345038414, "val_loss_mean": 0.06447426229715347, "val_f1_majority_bin": 0.5296803652968036, "val_f1_majority_macro": 0.7579878297854932, "val_acc_majority": 0.9733666609205309, "val_f1_individual_binary": 0.41128484024473144, "val_f1_individual_macro": 0.6949975839741738, "val_acc_individual": 0.958906709689665, "train_time_millis": 115112.7390289912, "eval_time_millis": 15871.918833930977}, "Epoch1": {"train_loss_means": 0.05831493064761162, "val_loss_mean": 0.06351332366466522, "val_f1_majority_bin": 0.5241379310344827, "val_f1_majority_macro": 0.7543951366102615, "val_acc_majority": 0.970263747629719, "val_f1_individual_binary": 0.41959798994974873, "val_f1_individual_macro": 0.6984073389930221, "val_acc_individual": 0.9561545031792731, "train_time_millis": 115282.94491802808, "eval_time_millis": 13828.890169039369}, "Epoch2": {"train_loss_means": 0.05153561756014824, "val_loss_mean": 0.07016313076019287, "val_f1_majority_bin": 0.5080645161290323, "val_f1_majority_macro": 0.745884439720794, "val_acc_majority": 0.9684537148767454, "val_f1_individual_binary": 0.4153846153846154, "val_f1_individual_macro": 0.6959705694202153, "val_acc_individual": 0.9549207554332353, "train_time_millis": 115257.98296404537, "eval_time_millis": 15855.903796036728}, "Epoch3": {"train_loss_means": 0.045194707810878754, "val_loss_mean": 0.08048541843891144, "val_f1_majority_bin": 0.512743628185907, "val_f1_majority_macro": 0.7491614489156895, "val_acc_majority": 0.9719875883468367, "val_f1_individual_binary": 0.40644944575075587, "val_f1_individual_macro": 0.692360103290779, "val_acc_individual": 0.9580763025529088, "train_time_millis": 115226.11904202495, "eval_time_millis": 15856.87062703073}, "Epoch4": {"train_loss_means": 0.04070261865854263, "val_loss_mean": 0.09752611070871353, "val_f1_majority_bin": 0.5014005602240896, "val_f1_majority_macro": 0.7427856513881675, "val_acc_majority": 0.9693156352353043, "val_f1_individual_binary": 0.4030514939605849, "val_f1_individual_macro": 0.6899545824701261, "val_acc_individual": 0.955442725633482, "train_time_millis": 115272.03100803308, "eval_time_millis": 15860.895883990452}, "Epoch5": {"train_loss_means": 0.037526603788137436, "val_loss_mean": 0.11263394355773926, "val_f1_majority_bin": 0.48843930635838145, "val_f1_majority_macro": 0.7363571798316427, "val_acc_majority": 0.969488019307016, "val_f1_individual_binary": 0.391375367526952, "val_f1_individual_macro": 0.6842209514436631, "val_acc_individual": 0.9557986144063775, "train_time_millis": 115190.61890803277, "eval_time_millis": 15870.747198932804}, "Epoch6": {"train_loss_means": 0.03532895818352699, "val_loss_mean": 0.10787282139062881, "val_f1_majority_bin": 0.4731457800511509, "val_f1_majority_macro": 0.7273854847985662, "val_acc_majority": 0.9644888812273746, "val_f1_individual_binary": 0.3998820406959599, "val_f1_individual_macro": 0.687364541761984, "val_acc_individual": 0.9517177564771757, "train_time_millis": 115244.30214392487, "eval_time_millis": 15862.351160962135}, "Epoch7": {"train_loss_means": 0.03401768207550049, "val_loss_mean": 0.1255117654800415, "val_f1_majority_bin": 0.48846675712347354, "val_f1_majority_macro": 0.7358432953285503, "val_acc_majority": 0.9675056024823306, "val_f1_individual_binary": 0.40111766532132875, "val_f1_individual_macro": 0.6886624404312471, "val_acc_individual": 0.9542327038056373, "train_time_millis": 115149.41557799466, "eval_time_millis": 15866.818906972185}, "Epoch8": {"train_loss_means": 0.03299940004944801, "val_loss_mean": 0.1319332867860794, "val_f1_majority_bin": 0.4636942675159235, "val_f1_majority_macro": 0.7224577765163362, "val_acc_majority": 0.9637131529046716, "val_f1_individual_binary": 0.39167399589563173, "val_f1_individual_macro": 0.6830101450084575, "val_acc_individual": 0.9507687197494543, "train_time_millis": 115241.57823692076, "eval_time_millis": 13830.175723996945}, "Epoch9": {"train_loss_means": 0.03204959258437157, "val_loss_mean": 0.1323762685060501, "val_f1_majority_bin": 0.4636942675159235, "val_f1_majority_macro": 0.7224577765163362, "val_acc_majority": 0.9637131529046716, "val_f1_individual_binary": 0.3928466725300498, "val_f1_individual_macro": 0.6836212097891641, "val_acc_individual": 0.9508636234222264, "train_time_millis": 115222.22907701507, "eval_time_millis": 13833.434472093359}, "Test_results": {"test_f1_majority_binary": 0.5296803652968036, "test_f1_majority_macro": 0.7579878297854932, "test_acc_majority": 0.9733666609205309, "test_f1_individual_binary": 0.41128484024473144, "test_f1_individual_macro": 0.6949975839741738, "test_acc_individual": 0.958906709689665, "test_time_millis": 13830.57486906182, "dataset_size": 58011, "number_of_annotations": 211096, "train_size": 126785, "val_size": 42148, "test_size": 42163}}