{"Epoch0": {"train_loss_means": 1.9026719331741333, "val_loss_mean": 1.884464144706726, "val_f1_majority_bin": 0.0, "val_f1_majority_macro": 0.49230769230769234, "val_acc_majority": 0.9696969985961914, "val_f1_individual_binary": 0.011527377180755138, "val_f1_individual_macro": 0.4826286557107597, "val_acc_individual": 0.9115979671478271, "train_acc_means": 0.6761608123779297, "train_time_millis": 22232.11263399571, "eval_time_millis": 3767.430059000617}, "Epoch1": {"train_loss_means": 1.6893361806869507, "val_loss_mean": 1.7697489261627197, "val_f1_majority_bin": 0.0, "val_f1_majority_macro": 0.49230769230769234, "val_acc_majority": 0.9696969985961914, "val_f1_individual_binary": 0.0, "val_f1_individual_macro": 0.4916142557651991, "val_acc_individual": 0.9670103192329407, "train_acc_means": 0.951009213924408, "train_time_millis": 22240.638810006203, "eval_time_millis": 3886.861120990943}, "Epoch2": {"train_loss_means": 1.5260891914367676, "val_loss_mean": 1.7154589891433716, "val_f1_majority_bin": 0.0, "val_f1_majority_macro": 0.49230769230769234, "val_acc_majority": 0.9696969985961914, "val_f1_individual_binary": 0.0, "val_f1_individual_macro": 0.49168085942617584, "val_acc_individual": 0.9672680497169495, "train_acc_means": 0.9677019715309143, "train_time_millis": 22245.61458399694, "eval_time_millis": 3775.6385910033714}, "Epoch3": {"train_loss_means": 1.3782528638839722, "val_loss_mean": 1.5868782997131348, "val_f1_majority_bin": 0.08510638028383255, "val_f1_majority_macro": 0.5346632832324809, "val_acc_majority": 0.9689754843711853, "val_f1_individual_binary": 0.14364640414714813, "val_f1_individual_macro": 0.5615975809867189, "val_acc_individual": 0.9600515365600586, "train_acc_means": 0.9687967300415039, "train_time_millis": 22247.249421008746, "eval_time_millis": 3774.6085090038832}, "Epoch4": {"train_loss_means": 1.2438390254974365, "val_loss_mean": 1.4562016725540161, "val_f1_majority_bin": 0.34285715222358704, "val_f1_majority_macro": 0.6629163582531459, "val_acc_majority": 0.966810941696167, "val_f1_individual_binary": 0.2949308753013611, "val_f1_individual_macro": 0.6373235844140294, "val_acc_individual": 0.9605669975280762, "train_acc_means": 0.9703065156936646, "train_time_millis": 22347.14592801174, "eval_time_millis": 3792.250715996488}, "Epoch5": {"train_loss_means": 1.1133629083633423, "val_loss_mean": 1.3694136142730713, "val_f1_majority_bin": 0.37037035822868347, "val_f1_majority_macro": 0.6757091539700235, "val_acc_majority": 0.963203489780426, "val_f1_individual_binary": 0.3333333432674408, "val_f1_individual_macro": 0.6560283687943262, "val_acc_individual": 0.9587628841400146, "train_acc_means": 0.9684232473373413, "train_time_millis": 22264.31454300473, "eval_time_millis": 3793.9016849995824}, "Epoch6": {"train_loss_means": 0.996070146560669, "val_loss_mean": 1.2809715270996094, "val_f1_majority_bin": 0.4521739184856415, "val_f1_majority_macro": 0.7142314804208735, "val_acc_majority": 0.9545454382896423, "val_f1_individual_binary": 0.3658536672592163, "val_f1_individual_macro": 0.6689332878258815, "val_acc_individual": 0.946391761302948, "train_acc_means": 0.9694878458976746, "train_time_millis": 22251.867822997156, "eval_time_millis": 3806.8289600050775}, "Epoch7": {"train_loss_means": 0.91383296251297, "val_loss_mean": 1.2653839588165283, "val_f1_majority_bin": 0.4516128897666931, "val_f1_majority_macro": 0.7162879745692302, "val_acc_majority": 0.963203489780426, "val_f1_individual_binary": 0.3984375, "val_f1_individual_macro": 0.6889575559701493, "val_acc_individual": 0.9603092670440674, "train_acc_means": 0.9685593843460083, "train_time_millis": 22332.772266992833, "eval_time_millis": 3776.0766559949843}, "Epoch8": {"train_loss_means": 0.8290563225746155, "val_loss_mean": 1.2116682529449463, "val_f1_majority_bin": 0.4587155878543854, "val_f1_majority_macro": 0.7182800662838008, "val_acc_majority": 0.957431435585022, "val_f1_individual_binary": 0.3720930218696594, "val_f1_individual_macro": 0.6733772530141517, "val_acc_individual": 0.951288640499115, "train_acc_means": 0.9707545042037964, "train_time_millis": 22258.73123999918, "eval_time_millis": 3791.915843001334}, "Epoch9": {"train_loss_means": 0.7705024480819702, "val_loss_mean": 1.1783956289291382, "val_f1_majority_bin": 0.39716312289237976, "val_f1_majority_macro": 0.682428006501856, "val_acc_majority": 0.9386724233627319, "val_f1_individual_binary": 0.34358975291252136, "val_f1_individual_macro": 0.654427164874926, "val_acc_individual": 0.9340206384658813, "train_acc_means": 0.9694592952728271, "train_time_millis": 22282.13146100461, "eval_time_millis": 3783.8171220064396}, "Test_results": {"test_f1_majority_binary": 0.32786884903907776, "test_f1_majority_macro": 0.6478180740282503, "test_acc_majority": 0.9384846091270447, "test_f1_individual_binary": 0.30000001192092896, "test_f1_individual_macro": 0.6321124361158432, "test_acc_individual": 0.9319286942481995, "test_time_millis": 3719.5672349917004, "dataset_size": 7013, "number_of_annotations": 19551}}