{"Epoch0": {"train_loss_means": 0.2868939936161041, "val_loss_mean": 0.30105432868003845, "val_f1_majority_bin": 0.45725388601036265, "val_f1_majority_macro": 0.539205604849666, "val_acc_majority": 0.5537806176783813, "val_f1_individual_binary": 0.4697247706422018, "val_f1_individual_macro": 0.529606703502919, "val_acc_individual": 0.5372297838270617, "train_time_millis": 679449.594515143, "eval_time_millis": 13714.353817980736}, "Epoch1": {"train_loss_means": 0.23905567824840546, "val_loss_mean": 0.3331245481967926, "val_f1_majority_bin": 0.4573770491803279, "val_f1_majority_macro": 0.5981680198583028, "val_acc_majority": 0.6474973375931843, "val_f1_individual_binary": 0.4301255230125523, "val_f1_individual_macro": 0.581637996615994, "val_acc_individual": 0.6365092073658927, "train_time_millis": 680908.5183520801, "eval_time_millis": 13717.796219978482}, "Epoch2": {"train_loss_means": 0.1788584291934967, "val_loss_mean": 0.35779860615730286, "val_f1_majority_bin": 0.48474855729596045, "val_f1_majority_macro": 0.619487923948806, "val_acc_majority": 0.667199148029819, "val_f1_individual_binary": 0.4605543710021322, "val_f1_individual_macro": 0.6074377992124663, "val_acc_individual": 0.6623965839338137, "train_time_millis": 683681.5940758679, "eval_time_millis": 13714.355255942792}, "Epoch3": {"train_loss_means": 0.12968102097511292, "val_loss_mean": 0.40954291820526123, "val_f1_majority_bin": 0.4044044044044044, "val_f1_majority_macro": 0.5942950567542515, "val_acc_majority": 0.6831735889243876, "val_f1_individual_binary": 0.36491935483870974, "val_f1_individual_macro": 0.5681221093612787, "val_acc_individual": 0.6637309847878302, "train_time_millis": 683739.7747300565, "eval_time_millis": 13705.85297117941}, "Epoch4": {"train_loss_means": 0.09583103656768799, "val_loss_mean": 0.5469293594360352, "val_f1_majority_bin": 0.4842657342657342, "val_f1_majority_macro": 0.6291925914820248, "val_acc_majority": 0.6858359957401491, "val_f1_individual_binary": 0.45353490440195643, "val_f1_individual_macro": 0.6096082529636093, "val_acc_individual": 0.6720042700827329, "train_time_millis": 683407.9868330155, "eval_time_millis": 13691.064323997125}, "Epoch5": {"train_loss_means": 0.08024348318576813, "val_loss_mean": 0.7783479690551758, "val_f1_majority_bin": 0.4448669201520913, "val_f1_majority_macro": 0.6144452943955723, "val_acc_majority": 0.6890308839190629, "val_f1_individual_binary": 0.4064484611626771, "val_f1_individual_macro": 0.5916949484076649, "val_acc_individual": 0.6757405924739792, "train_time_millis": 684473.6127168871, "eval_time_millis": 15693.521208129823}, "Epoch6": {"train_loss_means": 0.06592097878456116, "val_loss_mean": 0.7207174897193909, "val_f1_majority_bin": 0.4679376083188908, "val_f1_majority_macro": 0.6159826396705906, "val_acc_majority": 0.6730564430244942, "val_f1_individual_binary": 0.44670499778858913, "val_f1_individual_macro": 0.6038225925308319, "val_acc_individual": 0.6661329063250601, "train_time_millis": 684460.9528919682, "eval_time_millis": 13655.71891516447}, "Epoch7": {"train_loss_means": 0.05174805596470833, "val_loss_mean": 0.9223353266716003, "val_f1_majority_bin": 0.44239631336405527, "val_f1_majority_macro": 0.6079446935596016, "val_acc_majority": 0.6778487752928648, "val_f1_individual_binary": 0.41690408357075026, "val_f1_individual_macro": 0.5944951004342245, "val_acc_individual": 0.6722711502535361, "train_time_millis": 684524.5213890448, "eval_time_millis": 13655.528499977663}, "Epoch8": {"train_loss_means": 0.04349701106548309, "val_loss_mean": 1.1263978481292725, "val_f1_majority_bin": 0.4429657794676806, "val_f1_majority_macro": 0.6131249015681598, "val_acc_majority": 0.6879659211927582, "val_f1_individual_binary": 0.4144319843978547, "val_f1_individual_macro": 0.59689080388366, "val_acc_individual": 0.6794769148652255, "train_time_millis": 684416.565624997, "eval_time_millis": 13648.590742843226}, "Epoch9": {"train_loss_means": 0.0371919646859169, "val_loss_mean": 1.2596684694290161, "val_f1_majority_bin": 0.40698869475847893, "val_f1_majority_macro": 0.5998292377852762, "val_acc_majority": 0.6927582534611288, "val_f1_individual_binary": 0.38658983761131477, "val_f1_individual_macro": 0.5884605410079851, "val_acc_individual": 0.6874833199893248, "train_time_millis": 684448.6802408937, "eval_time_millis": 15682.656624121591}, "Test_results": {"test_f1_majority_binary": 0.4842657342657342, "test_f1_majority_macro": 0.6291925914820248, "test_acc_majority": 0.6858359957401491, "test_f1_individual_binary": 0.45353490440195643, "test_f1_individual_macro": 0.6096082529636093, "test_acc_individual": 0.6720042700827329, "test_time_millis": 15691.196581814438, "dataset_size": 9786, "number_of_annotations": 19057, "train_size": 11197, "val_size": 3747, "test_size": 4113}}