{"Epoch0": {"train_loss_means": 1.2551844120025635, "val_loss_mean": 1.2036590576171875, "val_f1_majority_bin": 0.0, "val_f1_majority_macro": 0.41482444733420026, "val_acc_majority": 0.7088888883590698, "val_f1_individual_binary": 0.26923078298568726, "val_f1_individual_macro": 0.5500142714428429, "val_acc_individual": 0.7252184152603149, "train_acc_means": 0.697281002998352, "train_time_millis": 35184.27814899996, "eval_time_millis": 5991.34687600008}, "Epoch1": {"train_loss_means": 1.2055751085281372, "val_loss_mean": 1.1688348054885864, "val_f1_majority_bin": 0.3828125, "val_f1_majority_macro": 0.5687354425465839, "val_acc_majority": 0.648888885974884, "val_f1_individual_binary": 0.4465116262435913, "val_f1_individual_macro": 0.6093923225650129, "val_acc_individual": 0.677312433719635, "train_acc_means": 0.7055707573890686, "train_time_millis": 35348.41844399989, "eval_time_millis": 5855.540804000157}, "Epoch2": {"train_loss_means": 1.0519167184829712, "val_loss_mean": 1.2574554681777954, "val_f1_majority_bin": 0.4113597273826599, "val_f1_majority_macro": 0.5654009451611673, "val_acc_majority": 0.6200000047683716, "val_f1_individual_binary": 0.4571690261363983, "val_f1_individual_macro": 0.5955878837234769, "val_acc_individual": 0.6429647207260132, "train_acc_means": 0.756013810634613, "train_time_millis": 35356.82175900001, "eval_time_millis": 5902.269406000414}, "Test_results": {"test_f1_majority_binary": 0.40398550033569336, "test_f1_majority_macro": 0.568902138736457, "test_acc_majority": 0.6319910287857056, "test_f1_individual_binary": 0.47623127698898315, "test_f1_individual_macro": 0.6059565653419623, "test_acc_individual": 0.6486641764640808, "test_time_millis": 5871.542992000286, "dataset_size": 9135, "number_of_annotations": 17179}}