{"Epoch0": {"train_loss_means": 0.04216191545128822, "val_loss_mean": 0.046898819506168365, "val_f1_majority_bin": 0.16058394160583941, "val_f1_majority_macro": 0.5612711305779776, "val_acc_majority": 0.9272151898734177, "val_f1_individual_binary": 0.14604462474645027, "val_f1_individual_macro": 0.5516625964929613, "val_acc_individual": 0.9186316196366447, "train_time_millis": 3969.7630440023204, "eval_time_millis": 4315.049626002292}, "Epoch1": {"train_loss_means": 0.03989960998296738, "val_loss_mean": 0.04467495158314705, "val_f1_majority_bin": 0.21590909090909094, "val_f1_majority_macro": 0.5848312210577626, "val_acc_majority": 0.9126582278481012, "val_f1_individual_binary": 0.20322580645161292, "val_f1_individual_macro": 0.5762222782258065, "val_acc_individual": 0.9045226130653267, "train_time_millis": 3916.723987000296, "eval_time_millis": 4288.553203998163}, "Epoch2": {"train_loss_means": 0.03390398994088173, "val_loss_mean": 0.03739902004599571, "val_f1_majority_bin": 0.14457831325301204, "val_f1_majority_macro": 0.47593398020153516, "val_acc_majority": 0.6854430379746835, "val_f1_individual_binary": 0.16068721576553815, "val_f1_individual_macro": 0.4811083348513436, "val_acc_individual": 0.6789717819868574, "train_time_millis": 3900.407027998881, "eval_time_millis": 4306.2283159997605}, "Epoch3": {"train_loss_means": 0.027212923392653465, "val_loss_mean": 0.03679276630282402, "val_f1_majority_bin": 0.20304568527918782, "val_f1_majority_macro": 0.5447621774190589, "val_acc_majority": 0.8012658227848102, "val_f1_individual_binary": 0.2005856515373353, "val_f1_individual_macro": 0.539504582615695, "val_acc_individual": 0.7889447236180904, "train_time_millis": 3897.6879520014336, "eval_time_millis": 4334.677401999215}, "Epoch4": {"train_loss_means": 0.021822946146130562, "val_loss_mean": 0.038803160190582275, "val_f1_majority_bin": 0.20472440944881892, "val_f1_majority_macro": 0.5478461917701093, "val_acc_majority": 0.8082278481012658, "val_f1_individual_binary": 0.2096530920060332, "val_f1_individual_macro": 0.5467462977210391, "val_acc_individual": 0.7974487823734054, "train_time_millis": 3906.596493001416, "eval_time_millis": 4333.443501000147}, "Epoch5": {"train_loss_means": 0.018680784851312637, "val_loss_mean": 0.047852400690317154, "val_f1_majority_bin": 0.26053639846743293, "val_f1_majority_macro": 0.5969808587714881, "val_acc_majority": 0.8778481012658228, "val_f1_individual_binary": 0.25792349726775954, "val_f1_individual_macro": 0.5929710775854329, "val_acc_individual": 0.8687669114804794, "train_time_millis": 3897.8663539965055, "eval_time_millis": 4124.924035997537}, "Epoch6": {"train_loss_means": 0.016667446121573448, "val_loss_mean": 0.047923892736434937, "val_f1_majority_bin": 0.2517482517482518, "val_f1_majority_macro": 0.5886437848859561, "val_acc_majority": 0.8645569620253165, "val_f1_individual_binary": 0.242728184553661, "val_f1_individual_macro": 0.5809940783745741, "val_acc_individual": 0.8540780827212988, "train_time_millis": 3911.7451820020506, "eval_time_millis": 4286.52515900103}, "Epoch7": {"train_loss_means": 0.015891877934336662, "val_loss_mean": 0.04650310426950455, "val_f1_majority_bin": 0.2260869565217391, "val_f1_majority_macro": 0.5656189667155765, "val_acc_majority": 0.8310126582278481, "val_f1_individual_binary": 0.22334172963895885, "val_f1_individual_macro": 0.5611630565853416, "val_acc_individual": 0.8212214920757634, "train_time_millis": 3902.1755879984994, "eval_time_millis": 4327.200832998642}, "Epoch8": {"train_loss_means": 0.015576818957924843, "val_loss_mean": 0.05215945094823837, "val_f1_majority_bin": 0.26022304832713755, "val_f1_majority_macro": 0.5956943674703831, "val_acc_majority": 0.8740506329113924, "val_f1_individual_binary": 0.25133120340788073, "val_f1_individual_macro": 0.5883077528358354, "val_acc_individual": 0.8641283339775802, "train_time_millis": 3894.8927040000854, "eval_time_millis": 4302.233057002013}, "Epoch9": {"train_loss_means": 0.013730696402490139, "val_loss_mean": 0.053218498826026917, "val_f1_majority_bin": 0.26459143968871596, "val_f1_majority_macro": 0.5997431879807685, "val_acc_majority": 0.8803797468354431, "val_f1_individual_binary": 0.25635359116022094, "val_f1_individual_macro": 0.5925419337777171, "val_acc_individual": 0.869926555856204, "train_time_millis": 3907.3573559981014, "eval_time_millis": 4298.086776001583}, "Test_results": {"test_f1_majority_binary": 0.16058394160583941, "test_f1_majority_macro": 0.5612711305779776, "test_acc_majority": 0.9272151898734177, "test_f1_individual_binary": 0.14604462474645027, "test_f1_individual_macro": 0.5516625964929613, "test_acc_individual": 0.9186316196366447, "test_time_millis": 4304.3469229996845, "dataset_size": 4193, "number_of_annotations": 13916, "train_size": 3700, "val_size": 5174, "test_size": 5042}}