{"Epoch0": {"train_loss_means": 0.794165313243866, "val_loss_mean": 0.721716046333313, "val_f1_majority_bin": 0.0, "val_f1_majority_macro": 0.4928870292887029, "val_acc_majority": 0.971947193145752, "val_f1_individual_binary": 0.0, "val_f1_individual_macro": 0.4934256055363322, "val_acc_individual": 0.9740437269210815, "train_acc_means": 0.8445066213607788, "train_time_millis": 7367.932006949559, "eval_time_millis": 1054.0880130138248}, "Epoch1": {"train_loss_means": 0.713977575302124, "val_loss_mean": 0.6803886890411377, "val_f1_majority_bin": 0.0, "val_f1_majority_macro": 0.4928870292887029, "val_acc_majority": 0.971947193145752, "val_f1_individual_binary": 0.0, "val_f1_individual_macro": 0.49377593360995853, "val_acc_individual": 0.9754098653793335, "train_acc_means": 0.96915203332901, "train_time_millis": 7370.305561926216, "eval_time_millis": 1056.1140140052885}, "Epoch2": {"train_loss_means": 0.6628926396369934, "val_loss_mean": 0.6466640830039978, "val_f1_majority_bin": 0.0, "val_f1_majority_macro": 0.4928870292887029, "val_acc_majority": 0.971947193145752, "val_f1_individual_binary": 0.0, "val_f1_individual_macro": 0.49377593360995853, "val_acc_individual": 0.9754098653793335, "train_acc_means": 0.9730632901191711, "train_time_millis": 7444.835440022871, "eval_time_millis": 1053.8178300485015}, "Epoch3": {"train_loss_means": 0.6040506362915039, "val_loss_mean": 0.6366423964500427, "val_f1_majority_bin": 0.0, "val_f1_majority_macro": 0.4928870292887029, "val_acc_majority": 0.971947193145752, "val_f1_individual_binary": 0.0, "val_f1_individual_macro": 0.49377593360995853, "val_acc_individual": 0.9754098653793335, "train_acc_means": 0.9727924466133118, "train_time_millis": 7337.199289817363, "eval_time_millis": 1050.3617480862886}, "Epoch4": {"train_loss_means": 0.6015979647636414, "val_loss_mean": 0.6225267648696899, "val_f1_majority_bin": 0.0, "val_f1_majority_macro": 0.4928870292887029, "val_acc_majority": 0.971947193145752, "val_f1_individual_binary": 0.0, "val_f1_individual_macro": 0.49377593360995853, "val_acc_individual": 0.9754098653793335, "train_acc_means": 0.9732423424720764, "train_time_millis": 7354.400124866515, "eval_time_millis": 1051.320003112778}, "Epoch5": {"train_loss_means": 0.4974156618118286, "val_loss_mean": 0.5988914370536804, "val_f1_majority_bin": 0.0, "val_f1_majority_macro": 0.4928870292887029, "val_acc_majority": 0.971947193145752, "val_f1_individual_binary": 0.0, "val_f1_individual_macro": 0.49377593360995853, "val_acc_individual": 0.9754098653793335, "train_acc_means": 0.979128360748291, "train_time_millis": 7354.201351990923, "eval_time_millis": 1053.100629011169}, "Epoch6": {"train_loss_means": 0.42780035734176636, "val_loss_mean": 0.6089044809341431, "val_f1_majority_bin": 0.0, "val_f1_majority_macro": 0.4928870292887029, "val_acc_majority": 0.971947193145752, "val_f1_individual_binary": 0.0, "val_f1_individual_macro": 0.49377593360995853, "val_acc_individual": 0.9754098653793335, "train_acc_means": 0.98427814245224, "train_time_millis": 7362.605596892536, "eval_time_millis": 1054.460858926177}, "Epoch7": {"train_loss_means": 0.39986327290534973, "val_loss_mean": 0.5934976935386658, "val_f1_majority_bin": 0.0, "val_f1_majority_macro": 0.4928870292887029, "val_acc_majority": 0.971947193145752, "val_f1_individual_binary": 0.0, "val_f1_individual_macro": 0.49377593360995853, "val_acc_individual": 0.9754098653793335, "train_acc_means": 0.9863781332969666, "train_time_millis": 7352.438176050782, "eval_time_millis": 1050.5494410172105}, "Epoch8": {"train_loss_means": 0.35194897651672363, "val_loss_mean": 0.5892778038978577, "val_f1_majority_bin": 0.0, "val_f1_majority_macro": 0.4928870292887029, "val_acc_majority": 0.971947193145752, "val_f1_individual_binary": 0.0, "val_f1_individual_macro": 0.49377593360995853, "val_acc_individual": 0.9754098653793335, "train_acc_means": 0.9889035820960999, "train_time_millis": 7357.965668197721, "eval_time_millis": 1055.2082599606365}, "Epoch9": {"train_loss_means": 0.3232022821903229, "val_loss_mean": 0.5908856391906738, "val_f1_majority_bin": 0.0, "val_f1_majority_macro": 0.4928870292887029, "val_acc_majority": 0.971947193145752, "val_f1_individual_binary": 0.0, "val_f1_individual_macro": 0.49377593360995853, "val_acc_individual": 0.9754098653793335, "train_acc_means": 0.9924018383026123, "train_time_millis": 7350.777702173218, "eval_time_millis": 1053.9123411290348}, "Test_results": {"test_f1_majority_binary": 0.0, "test_f1_majority_macro": 0.491928632115548, "test_acc_majority": 0.9682274460792542, "test_f1_individual_binary": 0.0, "test_f1_individual_macro": 0.49348869088416725, "test_acc_individual": 0.97428959608078, "test_time_millis": 1040.5049920082092, "dataset_size": 3063, "number_of_annotations": 3753}}