{"Epoch0": {"train_loss_means": 0.029192382469773293, "val_loss_mean": 0.030584875494241714, "val_f1_majority_bin": 0.06487695749440715, "val_f1_majority_macro": 0.5101451454138703, "val_acc_majority": 0.9148849521482386, "val_f1_individual_binary": 0.05675675675675675, "val_f1_individual_macro": 0.5075736093768881, "val_acc_individual": 0.9202968883813873, "train_time_millis": 702.4200493469834, "eval_time_millis": 6234.511846676469}, "Epoch1": {"train_loss_means": 0.026316918432712555, "val_loss_mean": 0.03031402826309204, "val_f1_majority_bin": 0.1008827238335435, "val_f1_majority_macro": 0.5315298983339379, "val_acc_majority": 0.9274078599063327, "val_f1_individual_binary": 0.08642911296436695, "val_f1_individual_macro": 0.5253420519584375, "val_acc_individual": 0.931201827005424, "train_time_millis": 702.2883570753038, "eval_time_millis": 6220.188686158508}, "Epoch2": {"train_loss_means": 0.024296188727021217, "val_loss_mean": 0.02996620163321495, "val_f1_majority_bin": 0.12289395441030723, "val_f1_majority_macro": 0.5377013372802811, "val_acc_majority": 0.9098961514966402, "val_f1_individual_binary": 0.10624635143023935, "val_f1_individual_macro": 0.53014691734852, "val_acc_individual": 0.9125892092492149, "train_time_millis": 704.0179227478802, "eval_time_millis": 8256.697742268443}, "Epoch3": {"train_loss_means": 0.02179974876344204, "val_loss_mean": 0.029678672552108765, "val_f1_majority_bin": 0.1292189006750241, "val_f1_majority_macro": 0.5403443888015309, "val_acc_majority": 0.9080635308491143, "val_f1_individual_binary": 0.10998877665544332, "val_f1_individual_macro": 0.5311433296174233, "val_acc_individual": 0.9094490436768484, "train_time_millis": 705.4565157741308, "eval_time_millis": 8274.875991046429}, "Epoch4": {"train_loss_means": 0.01898958534002304, "val_loss_mean": 0.029612792655825615, "val_f1_majority_bin": 0.13842975206611574, "val_f1_majority_macro": 0.5468867543795988, "val_acc_majority": 0.9150885766646304, "val_f1_individual_binary": 0.11920529801324505, "val_f1_individual_macro": 0.5376811050586469, "val_acc_individual": 0.91647159577505, "train_time_millis": 703.7064800970256, "eval_time_millis": 6231.040825136006}, "Epoch5": {"train_loss_means": 0.017316507175564766, "val_loss_mean": 0.029739031568169594, "val_f1_majority_bin": 0.1400617919670443, "val_f1_majority_macro": 0.5476724104696786, "val_acc_majority": 0.9149867644064346, "val_f1_individual_binary": 0.12146722790138305, "val_f1_individual_macro": 0.5388407257677562, "val_acc_individual": 0.9165857836140451, "train_time_millis": 707.4596048332751, "eval_time_millis": 6223.188902717084}, "Epoch6": {"train_loss_means": 0.0157314520329237, "val_loss_mean": 0.03018273413181305, "val_f1_majority_bin": 0.1450653983353151, "val_f1_majority_macro": 0.5534134096925738, "val_acc_majority": 0.9267969863571573, "val_f1_individual_binary": 0.1304649548924358, "val_f1_individual_macro": 0.546580537823127, "val_acc_individual": 0.9284613188695404, "train_time_millis": 698.6449337564409, "eval_time_millis": 8249.276136048138}, "Epoch7": {"train_loss_means": 0.014471938833594322, "val_loss_mean": 0.03059227019548416, "val_f1_majority_bin": 0.1476846057571965, "val_f1_majority_macro": 0.555773849707996, "val_acc_majority": 0.9306658521686011, "val_f1_individual_binary": 0.13148283418553688, "val_f1_individual_macro": 0.5480800285422204, "val_acc_individual": 0.9321153297173851, "train_time_millis": 701.0624762624502, "eval_time_millis": 6203.337520826608}, "Epoch8": {"train_loss_means": 0.013464311137795448, "val_loss_mean": 0.030840031802654266, "val_f1_majority_bin": 0.14955640050697086, "val_f1_majority_macro": 0.5569845115767419, "val_acc_majority": 0.93168397475056, "val_f1_individual_binary": 0.1338289962825279, "val_f1_individual_macro": 0.54962193468572, "val_acc_individual": 0.9334855837853269, "train_time_millis": 704.2969157919288, "eval_time_millis": 8258.669602219015}, "Epoch9": {"train_loss_means": 0.013137218542397022, "val_loss_mean": 0.03084503300487995, "val_f1_majority_bin": 0.14786967418546362, "val_f1_majority_macro": 0.555893873493029, "val_acc_majority": 0.930767664426797, "val_f1_individual_binary": 0.1325478645066274, "val_f1_individual_macro": 0.5487816538023752, "val_acc_individual": 0.9327433628318584, "train_time_millis": 703.4865180030465, "eval_time_millis": 8274.816928897053}, "Test_results": {"test_f1_majority_binary": 0.14955640050697086, "test_f1_majority_macro": 0.5569845115767419, "test_acc_majority": 0.93168397475056, "test_f1_individual_binary": 0.1338289962825279, "test_f1_individual_macro": 0.54962193468572, "test_acc_individual": 0.9334855837853269, "test_time_millis": 6206.529701128602, "dataset_size": 20063, "number_of_annotations": 35706, "train_size": 798, "val_size": 17515, "test_size": 17393}}