{"Epoch0": {"train_loss_means": 0.06988762319087982, "val_loss_mean": 0.06246334686875343, "val_f1_majority_bin": 0.5180533751962324, "val_f1_majority_macro": 0.7522247201234851, "val_acc_majority": 0.9735390449922428, "val_f1_individual_binary": 0.39263803680981596, "val_f1_individual_macro": 0.6854084580600804, "val_acc_individual": 0.9578713444762288, "train_time_millis": 130483.33651700022, "eval_time_millis": 19698.194559000058}, "Epoch1": {"train_loss_means": 0.05803780257701874, "val_loss_mean": 0.0639512687921524, "val_f1_majority_bin": 0.5068285280728376, "val_f1_majority_macro": 0.7462064574274145, "val_acc_majority": 0.9719875883468367, "val_f1_individual_binary": 0.39235755714773113, "val_f1_individual_macro": 0.6852747414474865, "val_acc_individual": 0.9578949856970614, "train_time_millis": 130418.71910200006, "eval_time_millis": 19820.675501000096}, "Epoch2": {"train_loss_means": 0.05223400518298149, "val_loss_mean": 0.06920366734266281, "val_f1_majority_bin": 0.4999999999999999, "val_f1_majority_macro": 0.7420860750489062, "val_acc_majority": 0.9693156352353043, "val_f1_individual_binary": 0.4095778197857593, "val_f1_individual_macro": 0.6932812463047484, "val_acc_individual": 0.9556963521596256, "train_time_millis": 130517.21436600019, "eval_time_millis": 19704.232404999857}, "Epoch3": {"train_loss_means": 0.04764702171087265, "val_loss_mean": 0.07346450537443161, "val_f1_majority_bin": 0.47169811320754723, "val_f1_majority_macro": 0.727123208504762, "val_acc_majority": 0.9662127219444924, "val_f1_individual_binary": 0.41222760290556903, "val_f1_individual_macro": 0.6941695005203663, "val_acc_individual": 0.9540887491430058, "train_time_millis": 130436.41255500006, "eval_time_millis": 18734.408594999877}, "Epoch4": {"train_loss_means": 0.04343584552407265, "val_loss_mean": 0.07369842380285263, "val_f1_majority_bin": 0.44370122630992187, "val_f1_majority_macro": 0.7106657832809303, "val_acc_majority": 0.9569901741079124, "val_f1_individual_binary": 0.4020860495436767, "val_f1_individual_macro": 0.6868471677581068, "val_acc_individual": 0.9457906806307478, "train_time_millis": 130399.45177299978, "eval_time_millis": 19594.15632299988}, "Epoch5": {"train_loss_means": 0.03996254876255989, "val_loss_mean": 0.08158372342586517, "val_f1_majority_bin": 0.45589919816723945, "val_f1_majority_macro": 0.7173141595600874, "val_acc_majority": 0.9590587829684537, "val_f1_individual_binary": 0.40360647043224607, "val_f1_individual_macro": 0.6878908049638559, "val_acc_individual": 0.9468308943473841, "train_time_millis": 130636.88221200027, "eval_time_millis": 19814.06199600042}, "Epoch6": {"train_loss_means": 0.03757274150848389, "val_loss_mean": 0.08235890418291092, "val_f1_majority_bin": 0.4194214876033058, "val_f1_majority_macro": 0.6970735788439266, "val_acc_majority": 0.9515600758489916, "val_f1_individual_binary": 0.4034791012321817, "val_f1_individual_macro": 0.6863963323310016, "val_acc_individual": 0.9416298257642025, "train_time_millis": 130564.33681199996, "eval_time_millis": 19367.52875900038}, "Epoch7": {"train_loss_means": 0.03568798303604126, "val_loss_mean": 0.10154037177562714, "val_f1_majority_bin": 0.45306633291614523, "val_f1_majority_macro": 0.7167808790222324, "val_acc_majority": 0.9623340803309774, "val_f1_individual_binary": 0.39460080413555426, "val_f1_individual_macro": 0.6843066647040018, "val_acc_individual": 0.9501643064847869, "train_time_millis": 130529.68816599969, "eval_time_millis": 19302.404787999876}, "Epoch8": {"train_loss_means": 0.03391163423657417, "val_loss_mean": 0.1000296026468277, "val_f1_majority_bin": 0.44009216589861755, "val_f1_majority_macro": 0.7091667849550394, "val_acc_majority": 0.958110670574039, "val_f1_individual_binary": 0.3967828418230563, "val_f1_individual_macro": 0.6844798613329556, "val_acc_individual": 0.9468072531265515, "train_time_millis": 130267.85940399987, "eval_time_millis": 18890.040555999803}, "Epoch9": {"train_loss_means": 0.03330927714705467, "val_loss_mean": 0.10753868520259857, "val_f1_majority_bin": 0.4556650246305419, "val_f1_majority_macro": 0.7179629160308836, "val_acc_majority": 0.961903120151698, "val_f1_individual_binary": 0.39617332583005066, "val_f1_individual_macro": 0.6848469412823319, "val_acc_individual": 0.9492659400931465, "train_time_millis": 130154.09883900065, "eval_time_millis": 19697.1911440005}, "Test_results": {"test_f1_majority_binary": 0.5068285280728376, "test_f1_majority_macro": 0.7462064574274145, "test_acc_majority": 0.9719875883468367, "test_f1_individual_binary": 0.39235755714773113, "test_f1_individual_macro": 0.6852747414474865, "test_acc_individual": 0.9578949856970614, "test_time_millis": 19817.058886999803, "dataset_size": 58011, "number_of_annotations": 211225, "train_size": 126588, "val_size": 42299, "test_size": 42338}}