{"Epoch0": {"train_loss_means": 0.5741670727729797, "val_loss_mean": 0.504629373550415, "val_f1_majority_bin": 0.0, "val_f1_majority_macro": 0.49636285836542576, "val_acc_majority": 0.9855564832687378, "val_f1_individual_binary": 0.0, "val_f1_individual_macro": 0.49567224466243504, "val_acc_individual": 0.9828375577926636, "train_acc_means": 0.8727272748947144, "train_time_millis": 13400.498631875962, "eval_time_millis": 1982.419827952981}, "Epoch1": {"train_loss_means": 0.3939848244190216, "val_loss_mean": 0.48422834277153015, "val_f1_majority_bin": 0.0, "val_f1_majority_macro": 0.49571550985432733, "val_acc_majority": 0.9830076694488525, "val_f1_individual_binary": 0.0, "val_f1_individual_macro": 0.49499229583975346, "val_acc_individual": 0.980167806148529, "train_acc_means": 0.9852272868156433, "train_time_millis": 13392.787601333112, "eval_time_millis": 1977.755836211145}, "Epoch2": {"train_loss_means": 0.2032661736011505, "val_loss_mean": 0.5463720560073853, "val_f1_majority_bin": 0.0714285746216774, "val_f1_majority_macro": 0.5301252917332023, "val_acc_majority": 0.9779099225997925, "val_f1_individual_binary": 0.028985507786273956, "val_f1_individual_macro": 0.5080193236714976, "val_acc_individual": 0.9744470119476318, "train_acc_means": 0.9866477251052856, "train_time_millis": 13387.45281426236, "eval_time_millis": 1980.4078796878457}, "Test_results": {"test_f1_majority_binary": 0.2666666805744171, "test_f1_majority_macro": 0.6282781862745097, "test_acc_majority": 0.9800543785095215, "test_f1_individual_binary": 0.2571428716182709, "test_f1_individual_macro": 0.6230536017463013, "test_acc_individual": 0.9782517552375793, "test_time_millis": 1853.991810232401, "dataset_size": 5785, "number_of_annotations": 5785}}