{"Epoch0": {"train_loss_means": 0.04757384955883026, "val_loss_mean": 0.03778805211186409, "val_f1_majority_bin": 0.17452229299363056, "val_f1_majority_macro": 0.5572778039093639, "val_acc_majority": 0.8881891122422569, "val_f1_individual_binary": 0.21438172043010753, "val_f1_individual_macro": 0.575113369338891, "val_acc_individual": 0.8813770009386337, "train_time_millis": 25935.178868938237, "eval_time_millis": 15194.58930613473}, "Epoch1": {"train_loss_means": 0.03576218709349632, "val_loss_mean": 0.039080552756786346, "val_f1_majority_bin": 0.13205907906168549, "val_f1_majority_macro": 0.5181847119446359, "val_acc_majority": 0.8276248813734794, "val_f1_individual_binary": 0.17667844522968199, "val_f1_individual_macro": 0.5386576396274071, "val_acc_individual": 0.8226743448590781, "train_time_millis": 25951.954851858318, "eval_time_millis": 15181.370994076133}, "Epoch2": {"train_loss_means": 0.028365550562739372, "val_loss_mean": 0.04055735468864441, "val_f1_majority_bin": 0.18324607329842932, "val_f1_majority_macro": 0.5628061898772557, "val_acc_majority": 0.8923302562332844, "val_f1_individual_binary": 0.22015503875968995, "val_f1_individual_macro": 0.5790846805261761, "val_acc_individual": 0.885156904031051, "train_time_millis": 25957.603535149246, "eval_time_millis": 15186.395626980811}, "Epoch3": {"train_loss_means": 0.022603053599596024, "val_loss_mean": 0.053691182285547256, "val_f1_majority_bin": 0.17539267015706805, "val_f1_majority_macro": 0.55860240324146, "val_acc_majority": 0.8912949702355276, "val_f1_individual_binary": 0.21363558303280097, "val_f1_individual_macro": 0.5754612209487089, "val_acc_individual": 0.8838377432202745, "train_time_millis": 25924.502163892612, "eval_time_millis": 14332.206655992195}, "Epoch4": {"train_loss_means": 0.019534936174750328, "val_loss_mean": 0.07189013063907623, "val_f1_majority_bin": 0.20683760683760682, "val_f1_majority_macro": 0.5823393921885653, "val_acc_majority": 0.9199378828401346, "val_f1_individual_binary": 0.2393906420021763, "val_f1_individual_macro": 0.5961577484353244, "val_acc_individual": 0.911337172429539, "train_time_millis": 25947.302205022424, "eval_time_millis": 14287.953222868964}, "Epoch5": {"train_loss_means": 0.01831773668527603, "val_loss_mean": 0.07860640436410904, "val_f1_majority_bin": 0.20615128844555278, "val_f1_majority_macro": 0.5813503609978798, "val_acc_majority": 0.9176084893451816, "val_f1_individual_binary": 0.236724248240563, "val_f1_individual_macro": 0.594228285498048, "val_acc_individual": 0.9092062203505924, "train_time_millis": 25940.8611219842, "eval_time_millis": 15189.050626009703}, "Epoch6": {"train_loss_means": 0.017326559871435165, "val_loss_mean": 0.07453282177448273, "val_f1_majority_bin": 0.18129496402877698, "val_f1_majority_macro": 0.5645369827486029, "val_acc_majority": 0.9018203778793892, "val_f1_individual_binary": 0.21789591913141146, "val_f1_individual_macro": 0.5805246440111177, "val_acc_individual": 0.894010502549532, "train_time_millis": 25905.820622108877, "eval_time_millis": 14084.948962088674}, "Epoch7": {"train_loss_means": 0.017019430175423622, "val_loss_mean": 0.08387716114521027, "val_f1_majority_bin": 0.21118012422360247, "val_f1_majority_macro": 0.5854359020573917, "val_acc_majority": 0.9233025623328445, "val_f1_individual_binary": 0.23925825418362734, "val_f1_individual_macro": 0.5970264609985004, "val_acc_individual": 0.9146604429336107, "train_time_millis": 25913.170899031684, "eval_time_millis": 15201.706568943337}, "Epoch8": {"train_loss_means": 0.016142413020133972, "val_loss_mean": 0.0900299921631813, "val_f1_majority_bin": 0.219256434699714, "val_f1_majority_macro": 0.5911264326844253, "val_acc_majority": 0.9293417306530929, "val_f1_individual_binary": 0.24349083895853424, "val_f1_individual_macro": 0.600738591255944, "val_acc_individual": 0.9203937187650625, "train_time_millis": 25880.85691910237, "eval_time_millis": 15206.37731696479}, "Epoch9": {"train_loss_means": 0.016093825921416283, "val_loss_mean": 0.08979024738073349, "val_f1_majority_bin": 0.22094140249759847, "val_f1_majority_macro": 0.5921562619732471, "val_acc_majority": 0.9300319213182642, "val_f1_individual_binary": 0.24576681180454765, "val_f1_individual_macro": 0.6020143761314449, "val_acc_individual": 0.9209010883076689, "train_time_millis": 26001.295391004533, "eval_time_millis": 13190.501305973157}, "Test_results": {"test_f1_majority_binary": 0.22094140249759847, "test_f1_majority_macro": 0.5921562619732471, "test_acc_majority": 0.9300319213182642, "test_f1_individual_binary": 0.24576681180454765, "test_f1_individual_macro": 0.6020143761314449, "test_acc_individual": 0.9209010883076689, "test_time_millis": 15196.44527300261, "dataset_size": 31132, "number_of_annotations": 107769, "train_size": 28900, "val_size": 39419, "test_size": 39450}}