{"Epoch0": {"train_loss_means": 0.16504263877868652, "val_loss_mean": 0.15300516784191132, "val_f1_majority_bin": 0.26973684210526316, "val_f1_majority_macro": 0.44768460992278336, "val_acc_majority": 0.5050167224080268, "val_f1_individual_binary": 0.27695675971538036, "val_f1_individual_macro": 0.44686248197547374, "val_acc_individual": 0.49905195297686766, "train_time_millis": 2463.541155997518, "eval_time_millis": 2856.3973889977206}, "Epoch1": {"train_loss_means": 0.14958950877189636, "val_loss_mean": 0.14031225442886353, "val_f1_majority_bin": 0.3539325842696629, "val_f1_majority_macro": 0.5969941085465144, "val_acc_majority": 0.7435897435897436, "val_f1_individual_binary": 0.3438077634011091, "val_f1_individual_macro": 0.5872187671967377, "val_acc_individual": 0.7307546454304134, "train_time_millis": 2467.8855940001085, "eval_time_millis": 3869.1905699997733}, "Epoch2": {"train_loss_means": 0.12817855179309845, "val_loss_mean": 0.12861329317092896, "val_f1_majority_bin": 0.37089201877934275, "val_f1_majority_macro": 0.5874927930154024, "val_acc_majority": 0.7012263099219621, "val_f1_individual_binary": 0.3758809710258419, "val_f1_individual_macro": 0.5882407106817976, "val_acc_individual": 0.6977626090254077, "train_time_millis": 2448.2896059998893, "eval_time_millis": 3872.6849160011625}, "Epoch3": {"train_loss_means": 0.11679801344871521, "val_loss_mean": 0.12661772966384888, "val_f1_majority_bin": 0.4495114006514658, "val_f1_majority_macro": 0.6679298765194114, "val_acc_majority": 0.8115942028985508, "val_f1_individual_binary": 0.4290288153681964, "val_f1_individual_macro": 0.6528358280207364, "val_acc_individual": 0.7971179370496777, "train_time_millis": 2472.226973000943, "eval_time_millis": 3863.578533000691}, "Epoch4": {"train_loss_means": 0.09760787338018417, "val_loss_mean": 0.123745858669281, "val_f1_majority_bin": 0.4031413612565445, "val_f1_majority_macro": 0.6208341367189237, "val_acc_majority": 0.745819397993311, "val_f1_individual_binary": 0.4086206896551724, "val_f1_individual_macro": 0.6209364994216553, "val_acc_individual": 0.7398558968524839, "train_time_millis": 2493.0634510019445, "eval_time_millis": 3871.646379997401}, "Epoch5": {"train_loss_means": 0.08734092116355896, "val_loss_mean": 0.1301950216293335, "val_f1_majority_bin": 0.4587813620071684, "val_f1_majority_macro": 0.6795556975052344, "val_acc_majority": 0.8316610925306578, "val_f1_individual_binary": 0.4470314318975553, "val_f1_individual_macro": 0.6697218314640664, "val_acc_individual": 0.819871065604854, "train_time_millis": 2512.838781996834, "eval_time_millis": 3778.6828160024015}, "Epoch6": {"train_loss_means": 0.07490193098783493, "val_loss_mean": 0.14243099093437195, "val_f1_majority_bin": 0.47058823529411764, "val_f1_majority_macro": 0.6914344685242518, "val_acc_majority": 0.8494983277591973, "val_f1_individual_binary": 0.445859872611465, "val_f1_individual_macro": 0.6744781653099651, "val_acc_individual": 0.8350398179749715, "train_time_millis": 2471.194016998197, "eval_time_millis": 3879.6389759991143}, "Epoch7": {"train_loss_means": 0.07041919231414795, "val_loss_mean": 0.13702774047851562, "val_f1_majority_bin": 0.4680851063829788, "val_f1_majority_macro": 0.6844393785883148, "val_acc_majority": 0.8327759197324415, "val_f1_individual_binary": 0.45537757437070936, "val_f1_individual_macro": 0.6735978780944456, "val_acc_individual": 0.819491846795601, "train_time_millis": 2511.8778869982634, "eval_time_millis": 3848.477894000098}, "Epoch8": {"train_loss_means": 0.06618786603212357, "val_loss_mean": 0.1451442986726761, "val_f1_majority_bin": 0.4562737642585551, "val_f1_majority_macro": 0.68143537984319, "val_acc_majority": 0.8405797101449275, "val_f1_individual_binary": 0.44361833952912016, "val_f1_individual_macro": 0.6715517262901926, "val_acc_individual": 0.8297307546454304, "train_time_millis": 2476.765474999411, "eval_time_millis": 3827.7704389984137}, "Epoch9": {"train_loss_means": 0.06556572765111923, "val_loss_mean": 0.14311878383159637, "val_f1_majority_bin": 0.47619047619047616, "val_f1_majority_macro": 0.6910866910866911, "val_acc_majority": 0.8405797101449275, "val_f1_individual_binary": 0.45, "val_f1_individual_macro": 0.6729025710419485, "val_acc_individual": 0.8248009101251422, "train_time_millis": 2515.2374089993828, "eval_time_millis": 3040.641589999723}, "Test_results": {"test_f1_majority_binary": 0.47058823529411764, "test_f1_majority_macro": 0.6914344685242518, "test_acc_majority": 0.8494983277591973, "test_f1_individual_binary": 0.445859872611465, "test_f1_individual_macro": 0.6744781653099651, "test_acc_individual": 0.8350398179749715, "test_time_millis": 3877.4075000001176, "dataset_size": 2203, "number_of_annotations": 6405, "train_size": 1190, "val_size": 2637, "test_size": 2578}}