{"Epoch0": {"train_loss_means": 0.3272704482078552, "val_loss_mean": 0.208774134516716, "val_f1_majority_bin": 0.4568345248699188, "val_f1_majority_macro": 0.7217192534120326, "val_acc_majority": 0.973852813243866, "val_f1_individual_binary": 0.402515709400177, "val_f1_individual_macro": 0.6934808280711806, "val_acc_individual": 0.9696811437606812, "train_acc_means": 0.9806849360466003, "train_time_millis": 145624.13863406982, "eval_time_millis": 22722.758276038803}, "Epoch1": {"train_loss_means": 0.14972420036792755, "val_loss_mean": 0.21890732645988464, "val_f1_majority_bin": 0.5654205679893494, "val_f1_majority_macro": 0.7786083043681861, "val_acc_majority": 0.9838960766792297, "val_f1_individual_binary": 0.4736842215061188, "val_f1_individual_macro": 0.7316648968139536, "val_acc_individual": 0.9796907305717468, "train_acc_means": 0.9785516858100891, "train_time_millis": 146322.378425044, "eval_time_millis": 22702.596418908797}, "Epoch2": {"train_loss_means": 0.08546118438243866, "val_loss_mean": 0.29726606607437134, "val_f1_majority_bin": 0.44331640005111694, "val_f1_majority_macro": 0.7143500185938032, "val_acc_majority": 0.9715151786804199, "val_f1_individual_binary": 0.39718616008758545, "val_f1_individual_macro": 0.6902902980512318, "val_acc_individual": 0.9676792025566101, "train_acc_means": 0.9857010841369629, "train_time_millis": 146482.96130006202, "eval_time_millis": 22833.429193939082}, "Test_results": {"test_f1_majority_binary": 0.4125736653804779, "test_f1_majority_macro": 0.6996709144675828, "test_acc_majority": 0.9741193056106567, "test_f1_individual_binary": 0.37119802832603455, "test_f1_individual_macro": 0.6781244263047627, "test_acc_individual": 0.9707959890365601, "test_time_millis": 22745.30761805363, "dataset_size": 57784, "number_of_annotations": 57784}}