{"Epoch0": {"train_loss_means": 1.8837363719940186, "val_loss_mean": 1.3808597326278687, "val_f1_majority_bin": 0.45322245359420776, "val_f1_majority_macro": 0.714786750395059, "val_acc_majority": 0.9546629786491394, "val_f1_individual_binary": 0.39793914556503296, "val_f1_individual_macro": 0.6835824545444633, "val_acc_individual": 0.9414445757865906, "train_acc_means": 0.9102921485900879, "train_time_millis": 266296.9250599999, "eval_time_millis": 52024.48772999924}, "Epoch1": {"train_loss_means": 1.3013951778411865, "val_loss_mean": 1.1964529752731323, "val_f1_majority_bin": 0.46724891662597656, "val_f1_majority_macro": 0.7226768590300222, "val_acc_majority": 0.9579383134841919, "val_f1_individual_binary": 0.4202862083911896, "val_f1_individual_macro": 0.6956820322407056, "val_acc_individual": 0.9449044466018677, "train_acc_means": 0.9408516883850098, "train_time_millis": 267088.7807219988, "eval_time_millis": 51961.34969200648}, "Epoch2": {"train_loss_means": 1.1017183065414429, "val_loss_mean": 1.1728097200393677, "val_f1_majority_bin": 0.4721311330795288, "val_f1_majority_macro": 0.7252306327682037, "val_acc_majority": 0.958369255065918, "val_f1_individual_binary": 0.4269718825817108, "val_f1_individual_macro": 0.6990559363880225, "val_acc_individual": 0.9450476169586182, "train_acc_means": 0.9420084953308105, "train_time_millis": 268111.5060930024, "eval_time_millis": 51589.25161699881}, "Epoch3": {"train_loss_means": 0.9749842286109924, "val_loss_mean": 1.1598538160324097, "val_f1_majority_bin": 0.3602484464645386, "val_f1_majority_macro": 0.6613251726807834, "val_acc_majority": 0.9289777874946594, "val_f1_individual_binary": 0.37613826990127563, "val_f1_individual_macro": 0.6666697925341901, "val_acc_individual": 0.9198978543281555, "train_acc_means": 0.9442058801651001, "train_time_millis": 267711.9304359949, "eval_time_millis": 52117.91150600766}, "Epoch4": {"train_loss_means": 0.869343101978302, "val_loss_mean": 1.1775327920913696, "val_f1_majority_bin": 0.5067650675773621, "val_f1_majority_macro": 0.7444280431817761, "val_acc_majority": 0.9654369950294495, "val_f1_individual_binary": 0.4426984488964081, "val_f1_individual_macro": 0.7085133548, "val_acc_individual": 0.9509174823760986, "train_acc_means": 0.9456865787506104, "train_time_millis": 278330.00092000293, "eval_time_millis": 52221.52207700128}, "Test_results": {"test_f1_majority_binary": 0.5110024213790894, "test_f1_majority_macro": 0.7465678653382686, "test_acc_majority": 0.9655261635780334, "test_f1_individual_binary": 0.45115646719932556, "test_f1_individual_macro": 0.7129888196306148, "test_acc_individual": 0.9518512487411499, "test_time_millis": 51922.04315199342, "dataset_size": 58010, "number_of_annotations": 209142}}