{"Epoch0": {"train_loss_means": 0.05448872968554497, "val_loss_mean": 0.04330626502633095, "val_f1_majority_bin": 0.2845849802371542, "val_f1_majority_macro": 0.6092753430919445, "val_acc_majority": 0.8790915163660654, "val_f1_individual_binary": 0.29876543209876544, "val_f1_individual_macro": 0.6164895031700683, "val_acc_individual": 0.879711986446421, "train_time_millis": 13735.778935952112, "eval_time_millis": 3722.9927461594343}, "Epoch1": {"train_loss_means": 0.03544639050960541, "val_loss_mean": 0.04845079034566879, "val_f1_majority_bin": 0.33507853403141363, "val_f1_majority_macro": 0.6448849680503126, "val_acc_majority": 0.9151636606546426, "val_f1_individual_binary": 0.3344051446945338, "val_f1_individual_macro": 0.643738505242302, "val_acc_individual": 0.9123252858958069, "train_time_millis": 13692.048563156277, "eval_time_millis": 3723.7198760267347}, "Epoch2": {"train_loss_means": 0.027041539549827576, "val_loss_mean": 0.056682225316762924, "val_f1_majority_bin": 0.3316062176165803, "val_f1_majority_macro": 0.6427756186262124, "val_acc_majority": 0.9138276553106213, "val_f1_individual_binary": 0.33068362480127184, "val_f1_individual_macro": 0.6414620619752247, "val_acc_individual": 0.910842863193562, "train_time_millis": 13712.035251082852, "eval_time_millis": 3725.923679070547}, "Epoch3": {"train_loss_means": 0.021284323185682297, "val_loss_mean": 0.06534276902675629, "val_f1_majority_bin": 0.33175355450236965, "val_f1_majority_macro": 0.6405444021164381, "val_acc_majority": 0.905811623246493, "val_f1_individual_binary": 0.33480176211453744, "val_f1_individual_macro": 0.6415535684930784, "val_acc_individual": 0.9040660736975857, "train_time_millis": 13724.545238073915, "eval_time_millis": 3719.6979271247983}, "Epoch4": {"train_loss_means": 0.018176686018705368, "val_loss_mean": 0.06397612392902374, "val_f1_majority_bin": 0.2957198443579767, "val_f1_majority_macro": 0.6147945221059157, "val_acc_majority": 0.8790915163660654, "val_f1_individual_binary": 0.3014705882352941, "val_f1_individual_macro": 0.6177033052442117, "val_acc_individual": 0.8792884371029225, "train_time_millis": 13715.163466986269, "eval_time_millis": 3722.2572211176157}, "Epoch5": {"train_loss_means": 0.016257138922810555, "val_loss_mean": 0.09040647000074387, "val_f1_majority_bin": 0.32, "val_f1_majority_macro": 0.6356621331424481, "val_acc_majority": 0.9091516366065464, "val_f1_individual_binary": 0.31741140215716485, "val_f1_individual_macro": 0.6335209370080878, "val_acc_individual": 0.9061838204150784, "train_time_millis": 13677.094516111538, "eval_time_millis": 3724.6752369683236}, "Epoch6": {"train_loss_means": 0.015942716971039772, "val_loss_mean": 0.0761631578207016, "val_f1_majority_bin": 0.28136882129277563, "val_f1_majority_macro": 0.6060817010162157, "val_acc_majority": 0.87374749498998, "val_f1_individual_binary": 0.28811524609843936, "val_f1_individual_macro": 0.6096249206917699, "val_acc_individual": 0.8744176196526895, "train_time_millis": 13674.52479689382, "eval_time_millis": 3729.377096053213}, "Epoch7": {"train_loss_means": 0.01479500811547041, "val_loss_mean": 0.11436144262552261, "val_f1_majority_bin": 0.3708609271523179, "val_f1_majority_macro": 0.668722760445663, "val_acc_majority": 0.9365397461589846, "val_f1_individual_binary": 0.3595959595959596, "val_f1_individual_macro": 0.662086503655394, "val_acc_individual": 0.9328674290554849, "train_time_millis": 13704.962510848418, "eval_time_millis": 3727.6745510753244}, "Epoch8": {"train_loss_means": 0.01449322234839201, "val_loss_mean": 0.11107179522514343, "val_f1_majority_bin": 0.3508771929824562, "val_f1_majority_macro": 0.6557786602531835, "val_acc_majority": 0.9258517034068137, "val_f1_individual_binary": 0.34347048300536676, "val_f1_individual_macro": 0.6510824559089861, "val_acc_individual": 0.922278695468022, "train_time_millis": 13686.665517976508, "eval_time_millis": 3722.3816621117294}, "Epoch9": {"train_loss_means": 0.014457259327173233, "val_loss_mean": 0.1123957484960556, "val_f1_majority_bin": 0.3508771929824562, "val_f1_majority_macro": 0.6557786602531835, "val_acc_majority": 0.9258517034068137, "val_f1_individual_binary": 0.3464285714285714, "val_f1_individual_macro": 0.6526154563581399, "val_acc_individual": 0.9224904701397713, "train_time_millis": 13702.036017086357, "eval_time_millis": 3727.3993568960577}, "Test_results": {"test_f1_majority_binary": 0.3708609271523179, "test_f1_majority_macro": 0.668722760445663, "test_acc_majority": 0.9365397461589846, "test_f1_individual_binary": 0.3595959595959596, "test_f1_individual_macro": 0.662086503655394, "test_acc_individual": 0.9328674290554849, "test_time_millis": 3724.1122878622264, "dataset_size": 7589, "number_of_annotations": 23814, "train_size": 14413, "val_size": 4722, "test_size": 4679}}