{"Epoch0": {"train_loss_means": 0.04162853583693504, "val_loss_mean": 0.03487621247768402, "val_f1_majority_bin": 0.45365853658536587, "val_f1_majority_macro": 0.7166233269768455, "val_acc_majority": 0.960646521433591, "val_f1_individual_binary": 0.4017094017094017, "val_f1_individual_macro": 0.6903650593756614, "val_acc_individual": 0.9594628832024322, "train_time_millis": 83849.8442620039, "eval_time_millis": 12596.152946003713}, "Epoch1": {"train_loss_means": 0.031244978308677673, "val_loss_mean": 0.036819227039813995, "val_f1_majority_bin": 0.39147286821705435, "val_f1_majority_macro": 0.6812903538729732, "val_acc_majority": 0.9448348559381589, "val_f1_individual_binary": 0.357956943858168, "val_f1_individual_macro": 0.6645993004567552, "val_acc_individual": 0.9449491476347316, "train_time_millis": 83844.22354196431, "eval_time_millis": 12634.954046981875}, "Epoch2": {"train_loss_means": 0.027027739211916924, "val_loss_mean": 0.03584844991564751, "val_f1_majority_bin": 0.39960238568588474, "val_f1_majority_macro": 0.6859237918687672, "val_acc_majority": 0.9469430780042164, "val_f1_individual_binary": 0.36585365853658536, "val_f1_individual_macro": 0.6691811248009387, "val_acc_individual": 0.9473017481631619, "train_time_millis": 83863.66438801633, "eval_time_millis": 12610.534856037702}, "Epoch3": {"train_loss_means": 0.0230907890945673, "val_loss_mean": 0.03778976947069168, "val_f1_majority_bin": 0.40927419354838707, "val_f1_majority_macro": 0.6911819167594984, "val_acc_majority": 0.9485242445537596, "val_f1_individual_binary": 0.37341772151898733, "val_f1_individual_macro": 0.6736447277428667, "val_acc_individual": 0.9498353179630099, "train_time_millis": 83874.72829100443, "eval_time_millis": 11617.855344025884}, "Epoch4": {"train_loss_means": 0.019737930968403816, "val_loss_mean": 0.03998226672410965, "val_f1_majority_bin": 0.4235033259423503, "val_f1_majority_macro": 0.6998610565502477, "val_acc_majority": 0.9543218552354181, "val_f1_individual_binary": 0.3963599595551062, "val_f1_individual_macro": 0.6869750248225981, "val_acc_individual": 0.95678453798545, "train_time_millis": 83837.75043999776, "eval_time_millis": 11615.253900992684}, "Epoch5": {"train_loss_means": 0.017664559185504913, "val_loss_mean": 0.044755276292562485, "val_f1_majority_bin": 0.40993788819875776, "val_f1_majority_macro": 0.6918967488879304, "val_acc_majority": 0.9499297259311315, "val_f1_individual_binary": 0.37858149365899485, "val_f1_individual_macro": 0.6768399195976655, "val_acc_individual": 0.952115530782873, "train_time_millis": 83875.99734799005, "eval_time_millis": 12600.40348698385}, "Epoch6": {"train_loss_means": 0.016026856377720833, "val_loss_mean": 0.05315181612968445, "val_f1_majority_bin": 0.44472049689440996, "val_f1_majority_macro": 0.7121840430107892, "val_acc_majority": 0.9607343640196767, "val_f1_individual_binary": 0.4155251141552511, "val_f1_individual_macro": 0.6981935367808364, "val_acc_individual": 0.9629374932136523, "train_time_millis": 83926.5758919646, "eval_time_millis": 12622.641680005472}, "Epoch7": {"train_loss_means": 0.01450648158788681, "val_loss_mean": 0.051157113164663315, "val_f1_majority_bin": 0.4092827004219409, "val_f1_majority_macro": 0.6918090862329687, "val_acc_majority": 0.9508081517919887, "val_f1_individual_binary": 0.38113387327298714, "val_f1_individual_macro": 0.6783488738437398, "val_acc_individual": 0.9529841832856781, "train_time_millis": 83858.58707502484, "eval_time_millis": 12601.13230504794}, "Epoch8": {"train_loss_means": 0.013628201559185982, "val_loss_mean": 0.05786265805363655, "val_f1_majority_bin": 0.4336492890995261, "val_f1_majority_macro": 0.705923349165709, "val_acc_majority": 0.958011243851019, "val_f1_individual_binary": 0.4084278768233387, "val_f1_individual_macro": 0.6939624732479268, "val_acc_individual": 0.9603677295595208, "train_time_millis": 83950.74623002438, "eval_time_millis": 12634.339898999315}, "Epoch9": {"train_loss_means": 0.013172827661037445, "val_loss_mean": 0.05902426317334175, "val_f1_majority_bin": 0.4330616996507567, "val_f1_majority_macro": 0.7054166958247394, "val_acc_majority": 0.9572206605762473, "val_f1_individual_binary": 0.4072688401924105, "val_f1_individual_macro": 0.6932479964350142, "val_acc_individual": 0.9598610155995512, "train_time_millis": 83850.8140159538, "eval_time_millis": 12638.48450302612}, "Test_results": {"test_f1_majority_binary": 0.44472049689440996, "test_f1_majority_macro": 0.7121840430107892, "test_acc_majority": 0.9607343640196767, "test_f1_individual_binary": 0.4155251141552511, "test_f1_individual_macro": 0.6981935367808364, "test_acc_individual": 0.9629374932136523, "test_time_millis": 12601.750863948837, "dataset_size": 56941, "number_of_annotations": 137775, "train_size": 82637, "val_size": 27629, "test_size": 27509}}