{"Epoch0": {"train_loss_means": 0.06754670292139053, "val_loss_mean": 0.0678350180387497, "val_f1_majority_bin": 0.4504283965728274, "val_f1_majority_macro": 0.7151392532610581, "val_acc_majority": 0.9611255411255412, "val_f1_individual_binary": 0.39016897081413204, "val_f1_individual_macro": 0.6831140346306451, "val_acc_individual": 0.9539269446136884, "train_time_millis": 111130.04509100002, "eval_time_millis": 16860.524521000003}, "Epoch1": {"train_loss_means": 0.05551999434828758, "val_loss_mean": 0.06302488595247269, "val_f1_majority_bin": 0.4599816007359706, "val_f1_majority_macro": 0.7166577698859975, "val_acc_majority": 0.9491774891774892, "val_f1_individual_binary": 0.41005917159763317, "val_f1_individual_macro": 0.6898207503349242, "val_acc_individual": 0.9421475614355761, "train_time_millis": 111035.52011900001, "eval_time_millis": 16815.948999}, "Epoch2": {"train_loss_means": 0.04929758235812187, "val_loss_mean": 0.06375143676996231, "val_f1_majority_bin": 0.4672364672364672, "val_f1_majority_macro": 0.7208954141870185, "val_acc_majority": 0.9514285714285714, "val_f1_individual_binary": 0.422052067381317, "val_f1_individual_macro": 0.6966585239067422, "val_acc_individual": 0.9452519801549308, "train_time_millis": 111224.53082999993, "eval_time_millis": 16778.946331000043}, "Epoch3": {"train_loss_means": 0.04470973461866379, "val_loss_mean": 0.06630972027778625, "val_f1_majority_bin": 0.4526967285587975, "val_f1_majority_macro": 0.7122603311417958, "val_acc_majority": 0.9464069264069264, "val_f1_individual_binary": 0.41095100864553313, "val_f1_individual_macro": 0.6898638704476596, "val_acc_individual": 0.9406968984826065, "train_time_millis": 110947.18765700009, "eval_time_millis": 16832.703057000002}, "Epoch4": {"train_loss_means": 0.04064767062664032, "val_loss_mean": 0.06995091587305069, "val_f1_majority_bin": 0.4492254733218589, "val_f1_majority_macro": 0.7100261745312914, "val_acc_majority": 0.9445887445887445, "val_f1_individual_binary": 0.4169710592863164, "val_f1_individual_macro": 0.6926155487636171, "val_acc_individual": 0.9397974874517655, "train_time_millis": 111026.94806700003, "eval_time_millis": 15826.649412000052}, "Epoch5": {"train_loss_means": 0.03711778670549393, "val_loss_mean": 0.08061102032661438, "val_f1_majority_bin": 0.4635645302897278, "val_f1_majority_macro": 0.7178712410567076, "val_acc_majority": 0.9470995670995671, "val_f1_individual_binary": 0.4187517975266034, "val_f1_individual_macro": 0.6939382832294398, "val_acc_individual": 0.9413642034409725, "train_time_millis": 111001.99444099996, "eval_time_millis": 16610.264958000014}, "Epoch6": {"train_loss_means": 0.03414991870522499, "val_loss_mean": 0.08664773404598236, "val_f1_majority_bin": 0.44249341527655844, "val_f1_majority_macro": 0.7067892603453508, "val_acc_majority": 0.945021645021645, "val_f1_individual_binary": 0.4071100917431192, "val_f1_individual_macro": 0.687755760964919, "val_acc_individual": 0.9400005802651812, "train_time_millis": 111070.52255100006, "eval_time_millis": 16656.607288000032}, "Epoch7": {"train_loss_means": 0.0322941355407238, "val_loss_mean": 0.10143636912107468, "val_f1_majority_bin": 0.4621284755512944, "val_f1_majority_macro": 0.7183471864994083, "val_acc_majority": 0.9514285714285714, "val_f1_individual_binary": 0.4189526184538653, "val_f1_individual_macro": 0.6952962282848397, "val_acc_individual": 0.9459192851132968, "train_time_millis": 111062.91047000013, "eval_time_millis": 16833.84312299995}, "Epoch8": {"train_loss_means": 0.030937738716602325, "val_loss_mean": 0.09703823179006577, "val_f1_majority_bin": 0.4429065743944636, "val_f1_majority_macro": 0.7067795722865501, "val_acc_majority": 0.9442424242424242, "val_f1_individual_binary": 0.4137539073600455, "val_f1_individual_macro": 0.6911083990671664, "val_acc_individual": 0.9401456465604782, "train_time_millis": 110976.67746499997, "eval_time_millis": 16820.516486999848}, "Epoch9": {"train_loss_means": 0.029660630971193314, "val_loss_mean": 0.10248735547065735, "val_f1_majority_bin": 0.4498207885304659, "val_f1_majority_macro": 0.7109456926640685, "val_acc_majority": 0.9468398268398268, "val_f1_individual_binary": 0.4134275618374559, "val_f1_individual_macro": 0.6915164907969665, "val_acc_individual": 0.9422055879536948, "train_time_millis": 110918.93206400005, "eval_time_millis": 16807.605098000065}, "Test_results": {"test_f1_majority_binary": 0.4504283965728274, "test_f1_majority_macro": 0.7151392532610581, "test_acc_majority": 0.9611255411255412, "test_f1_individual_binary": 0.39016897081413204, "test_f1_individual_macro": 0.6831140346306451, "test_acc_individual": 0.9539269446136884, "test_time_millis": 16804.595428999848, "dataset_size": 57784, "number_of_annotations": 173255, "train_size": 104101, "val_size": 34467, "test_size": 34687}}