{"Epoch0": {"train_loss_means": 1.3384538888931274, "val_loss_mean": 0.9821645021438599, "val_f1_majority_bin": 0.3768300414085388, "val_f1_majority_macro": 0.6655251461974379, "val_acc_majority": 0.9147064089775085, "val_f1_individual_binary": 0.3418025076389313, "val_f1_individual_macro": 0.6465218295219004, "val_acc_individual": 0.9092081189155579, "train_acc_means": 0.9016160368919373, "train_time_millis": 195691.941182944, "eval_time_millis": 34539.62576703634}, "Epoch1": {"train_loss_means": 0.9146950244903564, "val_loss_mean": 0.8800824284553528, "val_f1_majority_bin": 0.3918644189834595, "val_f1_majority_macro": 0.6750532871382593, "val_acc_majority": 0.9218505024909973, "val_f1_individual_binary": 0.3700440526008606, "val_f1_individual_macro": 0.6635585170463991, "val_acc_individual": 0.919623076915741, "train_acc_means": 0.9328396916389465, "train_time_millis": 196958.3540459862, "eval_time_millis": 34516.82527596131}, "Epoch2": {"train_loss_means": 0.7628055810928345, "val_loss_mean": 0.8468379974365234, "val_f1_majority_bin": 0.41162967681884766, "val_f1_majority_macro": 0.6880542075570795, "val_acc_majority": 0.9330022931098938, "val_f1_individual_binary": 0.3894979655742645, "val_f1_individual_macro": 0.676195398720163, "val_acc_individual": 0.9300380349159241, "train_acc_means": 0.9399816393852234, "train_time_millis": 197687.70590401255, "eval_time_millis": 34556.612978107296}, "Epoch3": {"train_loss_means": 0.6564590334892273, "val_loss_mean": 0.8788535594940186, "val_f1_majority_bin": 0.4144144058227539, "val_f1_majority_macro": 0.6907590820634298, "val_acc_majority": 0.9377069473266602, "val_f1_individual_binary": 0.40188977122306824, "val_f1_individual_macro": 0.6843785380007295, "val_acc_individual": 0.9372127652168274, "train_acc_means": 0.9462234973907471, "train_time_millis": 197859.40792190377, "eval_time_millis": 34359.258782933466}, "Epoch4": {"train_loss_means": 0.5704476833343506, "val_loss_mean": 0.9148712754249573, "val_f1_majority_bin": 0.3928315341472626, "val_f1_majority_macro": 0.6767738245029231, "val_acc_majority": 0.926206648349762, "val_f1_individual_binary": 0.3750346601009369, "val_f1_individual_macro": 0.6677142254910721, "val_acc_individual": 0.9255083203315735, "train_acc_means": 0.9497618675231934, "train_time_millis": 198077.24687398877, "eval_time_millis": 34450.22729597986}, "Test_results": {"test_f1_majority_binary": 0.38803791999816895, "test_f1_majority_macro": 0.6745877724490201, "test_acc_majority": 0.9269163608551025, "test_f1_individual_binary": 0.38515210151672363, "test_f1_individual_macro": 0.67321923081158, "test_acc_individual": 0.9271591305732727, "test_time_millis": 34460.78719897196, "dataset_size": 57414, "number_of_annotations": 151257}}