{"Epoch0": {"train_loss_means": 0.4440344274044037, "val_loss_mean": 0.3198377788066864, "val_f1_majority_bin": 0.3145907521247864, "val_f1_majority_macro": 0.6351848901278031, "val_acc_majority": 0.9169182777404785, "val_f1_individual_binary": 0.29693636298179626, "val_f1_individual_macro": 0.6241950241825098, "val_acc_individual": 0.9091785550117493, "train_acc_means": 0.9709362387657166, "train_time_millis": 32485.931643001095, "eval_time_millis": 22861.32881699814}, "Epoch1": {"train_loss_means": 0.20696179568767548, "val_loss_mean": 0.2717209756374359, "val_f1_majority_bin": 0.4091743230819702, "val_f1_majority_macro": 0.6900117440494877, "val_acc_majority": 0.9444396495819092, "val_f1_individual_binary": 0.36502841114997864, "val_f1_individual_macro": 0.6653253847991769, "val_acc_individual": 0.9347760081291199, "train_acc_means": 0.967549741268158, "train_time_millis": 32770.50101199711, "eval_time_millis": 23181.391041998722}, "Epoch2": {"train_loss_means": 0.10582762956619263, "val_loss_mean": 0.3213687837123871, "val_f1_majority_bin": 0.48926013708114624, "val_f1_majority_macro": 0.7350525563824324, "val_acc_majority": 0.963074803352356, "val_f1_individual_binary": 0.40062597393989563, "val_f1_individual_macro": 0.6876545101781024, "val_acc_individual": 0.9514181613922119, "train_acc_means": 0.977623462677002, "train_time_millis": 32647.768245999032, "eval_time_millis": 23164.255653999135}, "Test_results": {"test_f1_majority_binary": 0.47911548614501953, "test_f1_majority_macro": 0.7300816086798565, "test_acc_majority": 0.9634262323379517, "test_f1_individual_binary": 0.39175912737846375, "test_f1_individual_macro": 0.6831865820427154, "test_acc_individual": 0.9512622356414795, "test_time_millis": 23157.812078999996, "dataset_size": 30956, "number_of_annotations": 30956}}