{"Epoch0": {"train_loss_means": 0.037112314254045486, "val_loss_mean": 0.03969334810972214, "val_f1_majority_bin": 0.03125, "val_f1_majority_macro": 0.4996126033057851, "val_acc_majority": 0.938, "val_f1_individual_binary": 0.021739130434782608, "val_f1_individual_macro": 0.4973397997333263, "val_acc_individual": 0.9473376243417203, "train_time_millis": 4532.897683006013, "eval_time_millis": 1138.674830988748}, "Epoch1": {"train_loss_means": 0.03477448225021362, "val_loss_mean": 0.03966810926795006, "val_f1_majority_bin": 0.0, "val_f1_majority_macro": 0.48927477017364657, "val_acc_majority": 0.958, "val_f1_individual_binary": 0.0, "val_f1_individual_macro": 0.491520380839036, "val_acc_individual": 0.9666471620830895, "train_time_millis": 4520.592631000909, "eval_time_millis": 2689.413380008773}, "Epoch2": {"train_loss_means": 0.03139788284897804, "val_loss_mean": 0.03747335448861122, "val_f1_majority_bin": 0.24000000000000002, "val_f1_majority_macro": 0.6051948051948053, "val_acc_majority": 0.943, "val_f1_individual_binary": 0.1981981981981982, "val_f1_individual_macro": 0.5856427942911161, "val_acc_individual": 0.9479227618490346, "train_time_millis": 4533.772706010495, "eval_time_millis": 1822.7306560002035}, "Epoch3": {"train_loss_means": 0.027225852012634277, "val_loss_mean": 0.03846440836787224, "val_f1_majority_bin": 0.2692307692307692, "val_f1_majority_macro": 0.6248617911862264, "val_acc_majority": 0.962, "val_f1_individual_binary": 0.2608695652173913, "val_f1_individual_macro": 0.622820569410726, "val_acc_individual": 0.9701579871269749, "train_time_millis": 4516.394008998759, "eval_time_millis": 2411.3077110087033}, "Epoch4": {"train_loss_means": 0.022378550842404366, "val_loss_mean": 0.035314224660396576, "val_f1_majority_bin": 0.34210526315789475, "val_f1_majority_macro": 0.6580588685851844, "val_acc_majority": 0.95, "val_f1_individual_binary": 0.2777777777777778, "val_f1_individual_macro": 0.6271064115474991, "val_acc_individual": 0.954359274429491, "train_time_millis": 4489.183147001313, "eval_time_millis": 2687.008634005906}, "Epoch5": {"train_loss_means": 0.018025899305939674, "val_loss_mean": 0.036488402634859085, "val_f1_majority_bin": 0.3466666666666667, "val_f1_majority_macro": 0.6606060606060606, "val_acc_majority": 0.951, "val_f1_individual_binary": 0.30188679245283023, "val_f1_individual_macro": 0.639771898641874, "val_acc_individual": 0.9566998244587478, "train_time_millis": 4463.491507005529, "eval_time_millis": 2685.5060219968436}, "Epoch6": {"train_loss_means": 0.015175094828009605, "val_loss_mean": 0.04519442841410637, "val_f1_majority_bin": 0.3157894736842105, "val_f1_majority_macro": 0.6478587100793672, "val_acc_majority": 0.961, "val_f1_individual_binary": 0.2972972972972973, "val_f1_individual_macro": 0.6408735290314238, "val_acc_individual": 0.9695728496196606, "train_time_millis": 4471.675958004198, "eval_time_millis": 2700.6732459994964}, "Epoch7": {"train_loss_means": 0.013006581924855709, "val_loss_mean": 0.04180710390210152, "val_f1_majority_bin": 0.3692307692307692, "val_f1_majority_macro": 0.6740210693699066, "val_acc_majority": 0.959, "val_f1_individual_binary": 0.3333333333333333, "val_f1_individual_macro": 0.6576522435897436, "val_acc_individual": 0.9648917495611469, "train_time_millis": 4476.869384991005, "eval_time_millis": 2633.4149930044077}, "Epoch8": {"train_loss_means": 0.01143118366599083, "val_loss_mean": 0.045470573008060455, "val_f1_majority_bin": 0.380952380952381, "val_f1_majority_macro": 0.6804090763822307, "val_acc_majority": 0.961, "val_f1_individual_binary": 0.35294117647058826, "val_f1_individual_macro": 0.6682197631527859, "val_acc_individual": 0.967817437097718, "train_time_millis": 4466.458320996026, "eval_time_millis": 1972.937685000943}, "Epoch9": {"train_loss_means": 0.01105551514774561, "val_loss_mean": 0.046043068170547485, "val_f1_majority_bin": 0.3870967741935484, "val_f1_majority_macro": 0.6837444655281468, "val_acc_majority": 0.962, "val_f1_individual_binary": 0.3658536585365854, "val_f1_individual_macro": 0.6751330642802831, "val_acc_individual": 0.9695728496196606, "train_time_millis": 4466.708695006673, "eval_time_millis": 2328.7335019995226}, "Test_results": {"test_f1_majority_binary": 0.3870967741935484, "test_f1_majority_macro": 0.6837444655281468, "test_acc_majority": 0.962, "test_f1_individual_binary": 0.3658536585365854, "test_f1_individual_macro": 0.6751330642802831, "test_acc_individual": 0.9695728496196606, "test_time_millis": 2684.317334991647, "dataset_size": 4890, "number_of_annotations": 8334, "train_size": 4989, "val_size": 1709, "test_size": 1636}}