{"Epoch0": {"train_loss_means": 0.2901163101196289, "val_loss_mean": 0.28918007016181946, "val_f1_majority_bin": 0.270481144343303, "val_f1_majority_macro": 0.5118353807946168, "val_acc_majority": 0.631163708086785, "val_f1_individual_binary": 0.2710144927536232, "val_f1_individual_macro": 0.5165947168259842, "val_acc_individual": 0.6413547237076649, "train_time_millis": 93583.88238202315, "eval_time_millis": 12171.640984946862}, "Epoch1": {"train_loss_means": 0.2590341567993164, "val_loss_mean": 0.30071914196014404, "val_f1_majority_bin": 0.34647550776583036, "val_f1_majority_macro": 0.5492014727037768, "val_acc_majority": 0.6403681788297173, "val_f1_individual_binary": 0.3506139154160982, "val_f1_individual_macro": 0.5604420928431842, "val_acc_individual": 0.6606060606060606, "train_time_millis": 93130.53318404127, "eval_time_millis": 12179.11146802362}, "Epoch2": {"train_loss_means": 0.21257798373699188, "val_loss_mean": 0.30781862139701843, "val_f1_majority_bin": 0.3928571428571429, "val_f1_majority_macro": 0.5696811343363067, "val_acc_majority": 0.6423405654174885, "val_f1_individual_binary": 0.3698896820246593, "val_f1_individual_macro": 0.5656280555613589, "val_acc_individual": 0.6538324420677362, "train_time_millis": 93141.14849106409, "eval_time_millis": 10143.884564982727}, "Epoch3": {"train_loss_means": 0.16414514183998108, "val_loss_mean": 0.35361531376838684, "val_f1_majority_bin": 0.41379310344827586, "val_f1_majority_macro": 0.59490200379138, "val_acc_majority": 0.6758711374095989, "val_f1_individual_binary": 0.36980609418282556, "val_f1_individual_macro": 0.5756855722954455, "val_acc_individual": 0.6755793226381461, "train_time_millis": 93128.82772902958, "eval_time_millis": 10348.306989995763}, "Epoch4": {"train_loss_means": 0.12560798227787018, "val_loss_mean": 0.4526504576206207, "val_f1_majority_bin": 0.4423280423280423, "val_f1_majority_macro": 0.5955083225469491, "val_acc_majority": 0.653517422748192, "val_f1_individual_binary": 0.41006752608962554, "val_f1_individual_macro": 0.5843354460390354, "val_acc_individual": 0.6573975044563279, "train_time_millis": 93139.0186479548, "eval_time_millis": 10146.05575997848}, "Epoch5": {"train_loss_means": 0.0994950532913208, "val_loss_mean": 0.5030354857444763, "val_f1_majority_bin": 0.46672914714151825, "val_f1_majority_macro": 0.5893139406593667, "val_acc_majority": 0.6259040105193951, "val_f1_individual_binary": 0.4343598055105349, "val_f1_individual_macro": 0.5779141405844774, "val_acc_individual": 0.6267379679144385, "train_time_millis": 93134.3020920176, "eval_time_millis": 10146.356065990403}, "Epoch6": {"train_loss_means": 0.07664170861244202, "val_loss_mean": 0.7742059230804443, "val_f1_majority_bin": 0.42193087008343266, "val_f1_majority_macro": 0.6008882675428512, "val_acc_majority": 0.6811308349769888, "val_f1_individual_binary": 0.3914246196403873, "val_f1_individual_macro": 0.5900446825387334, "val_acc_individual": 0.6862745098039216, "train_time_millis": 93133.47312400583, "eval_time_millis": 10144.536108942702}, "Epoch7": {"train_loss_means": 0.06576589494943619, "val_loss_mean": 0.7131375670433044, "val_f1_majority_bin": 0.44216990788126914, "val_f1_majority_macro": 0.5891236948607315, "val_acc_majority": 0.6416831032215647, "val_f1_individual_binary": 0.4257602862254025, "val_f1_individual_macro": 0.5904545138220835, "val_acc_individual": 0.6566844919786097, "train_time_millis": 93170.63694505487, "eval_time_millis": 10147.282314952463}, "Epoch8": {"train_loss_means": 0.05613350868225098, "val_loss_mean": 1.043319582939148, "val_f1_majority_bin": 0.43963553530751714, "val_f1_majority_macro": 0.6061393942711337, "val_acc_majority": 0.6765285996055227, "val_f1_individual_binary": 0.41544607190412786, "val_f1_individual_macro": 0.6008583816190551, "val_acc_individual": 0.68698752228164, "train_time_millis": 93149.44720303174, "eval_time_millis": 12180.59105600696}, "Epoch9": {"train_loss_means": 0.04732424020767212, "val_loss_mean": 1.1873536109924316, "val_f1_majority_bin": 0.43813847900113506, "val_f1_majority_macro": 0.6045389294589202, "val_acc_majority": 0.6745562130177515, "val_f1_individual_binary": 0.4037685060565276, "val_f1_individual_macro": 0.5944642724269058, "val_acc_individual": 0.6841354723707664, "train_time_millis": 93228.54994109366, "eval_time_millis": 10144.783008960076}, "Test_results": {"test_f1_majority_binary": 0.43963553530751714, "test_f1_majority_macro": 0.6061393942711337, "test_acc_majority": 0.6765285996055227, "test_f1_individual_binary": 0.41544607190412786, "test_f1_individual_macro": 0.6008583816190551, "test_acc_individual": 0.68698752228164, "test_time_millis": 12174.064641003497, "dataset_size": 8010, "number_of_annotations": 14486, "train_size": 8668, "val_size": 2805, "test_size": 3013}}