{"Epoch0": {"train_loss_means": 1.3375670909881592, "val_loss_mean": 1.1466734409332275, "val_f1_majority_bin": 0.20808175206184387, "val_f1_majority_macro": 0.562671435630428, "val_acc_majority": 0.8501757383346558, "val_f1_individual_binary": 0.19601328670978546, "val_f1_individual_macro": 0.5596091831934014, "val_acc_individual": 0.8598015904426575, "train_acc_means": 0.9499503374099731, "train_time_millis": 185538.50845299984, "eval_time_millis": 32076.551737000045}, "Epoch1": {"train_loss_means": 0.8747595548629761, "val_loss_mean": 0.8058409094810486, "val_f1_majority_bin": 0.356589138507843, "val_f1_majority_macro": 0.6650036371013419, "val_acc_majority": 0.9489455223083496, "val_f1_individual_binary": 0.33482542634010315, "val_f1_individual_macro": 0.6533943736924912, "val_acc_individual": 0.9461945295333862, "train_acc_means": 0.952525794506073, "train_time_millis": 186239.53576700023, "eval_time_millis": 32113.823165000213}, "Epoch2": {"train_loss_means": 0.6729827523231506, "val_loss_mean": 0.7481964826583862, "val_f1_majority_bin": 0.3313373327255249, "val_f1_majority_macro": 0.6502720269544557, "val_acc_majority": 0.9411247968673706, "val_f1_individual_binary": 0.3442160487174988, "val_f1_individual_macro": 0.6566876816549593, "val_acc_individual": 0.9410891532897949, "train_acc_means": 0.9557932019233704, "train_time_millis": 187083.7794400004, "eval_time_millis": 32014.552268999978}, "Epoch3": {"train_loss_means": 0.5457698106765747, "val_loss_mean": 0.7443035840988159, "val_f1_majority_bin": 0.36639440059661865, "val_f1_majority_macro": 0.6708016372815092, "val_acc_majority": 0.9522846937179565, "val_f1_individual_binary": 0.38400790095329285, "val_f1_individual_macro": 0.6802768297047237, "val_acc_individual": 0.9548120498657227, "train_acc_means": 0.9610861539840698, "train_time_millis": 186973.74958600086, "eval_time_millis": 32029.137868999896}, "Epoch4": {"train_loss_means": 0.45993572473526, "val_loss_mean": 0.7733840346336365, "val_f1_majority_bin": 0.35440415143966675, "val_f1_majority_macro": 0.6629098036698534, "val_acc_majority": 0.9452548623085022, "val_f1_individual_binary": 0.3642793893814087, "val_f1_individual_macro": 0.6685670033415121, "val_acc_individual": 0.9479324817657471, "train_acc_means": 0.9658661484718323, "train_time_millis": 186998.95836699943, "eval_time_millis": 32217.687089998435}, "Test_results": {"test_f1_majority_binary": 0.3617677390575409, "test_f1_majority_macro": 0.6666335545477584, "test_acc_majority": 0.9454353451728821, "test_f1_individual_binary": 0.3380539119243622, "test_f1_individual_macro": 0.6553222333778382, "test_acc_individual": 0.9473607540130615, "test_time_millis": 32018.533971999204, "dataset_size": 56941, "number_of_annotations": 137775}}