{"Epoch0": {"train_loss_means": 0.06379302591085434, "val_loss_mean": 0.06737808138132095, "val_f1_majority_bin": 0.20444444444444448, "val_f1_majority_macro": 0.5368460352244137, "val_acc_majority": 0.7754077791718946, "val_f1_individual_binary": 0.16053511705685616, "val_f1_individual_macro": 0.5143882934365646, "val_acc_individual": 0.7722323049001815, "train_time_millis": 3949.0452089994506, "eval_time_millis": 2503.5172320003767}, "Epoch1": {"train_loss_means": 0.06058352440595627, "val_loss_mean": 0.06322572380304337, "val_f1_majority_bin": 0.3333333333333333, "val_f1_majority_macro": 0.6305053314789059, "val_acc_majority": 0.8695106649937264, "val_f1_individual_binary": 0.25870646766169153, "val_f1_individual_macro": 0.5921590251438762, "val_acc_individual": 0.8647912885662432, "train_time_millis": 3917.162838000877, "eval_time_millis": 2517.438849001337}, "Epoch2": {"train_loss_means": 0.05130802094936371, "val_loss_mean": 0.056017305701971054, "val_f1_majority_bin": 0.24550898203592814, "val_f1_majority_macro": 0.5227544910179641, "val_acc_majority": 0.6838143036386449, "val_f1_individual_binary": 0.1965065502183406, "val_f1_individual_macro": 0.49286954085945667, "val_acc_individual": 0.6660617059891107, "train_time_millis": 3929.390646999309, "eval_time_millis": 2507.1996330007096}, "Epoch3": {"train_loss_means": 0.04209287092089653, "val_loss_mean": 0.05418385937809944, "val_f1_majority_bin": 0.281786941580756, "val_f1_majority_macro": 0.560693931266203, "val_acc_majority": 0.7377666248431619, "val_f1_individual_binary": 0.22556390977443608, "val_f1_individual_macro": 0.5271863870201821, "val_acc_individual": 0.7196007259528131, "train_time_millis": 3911.6941080010292, "eval_time_millis": 2504.2695089996414}, "Epoch4": {"train_loss_means": 0.03574034571647644, "val_loss_mean": 0.05567611753940582, "val_f1_majority_bin": 0.34513274336283184, "val_f1_majority_macro": 0.6184728044299539, "val_acc_majority": 0.8143036386449184, "val_f1_individual_binary": 0.2847457627118644, "val_f1_individual_macro": 0.5871083449494366, "val_acc_individual": 0.808529945553539, "train_time_millis": 3923.5258879998582, "eval_time_millis": 2357.4489200000244}, "Epoch5": {"train_loss_means": 0.0330066904425621, "val_loss_mean": 0.05675165355205536, "val_f1_majority_bin": 0.3277310924369748, "val_f1_majority_macro": 0.6048684960709948, "val_acc_majority": 0.7992471769134254, "val_f1_individual_binary": 0.26959247648902823, "val_f1_individual_macro": 0.5729925247166626, "val_acc_individual": 0.7885662431941923, "train_time_millis": 3961.4536219996808, "eval_time_millis": 2532.1311810002953}, "Epoch6": {"train_loss_means": 0.029098644852638245, "val_loss_mean": 0.06232069432735443, "val_f1_majority_bin": 0.3756906077348066, "val_f1_majority_macro": 0.6478594581490735, "val_acc_majority": 0.8582183186951067, "val_f1_individual_binary": 0.3189655172413793, "val_f1_individual_macro": 0.619421906693712, "val_acc_individual": 0.8566243194192378, "train_time_millis": 3958.8292939988605, "eval_time_millis": 2517.351595999571}, "Epoch7": {"train_loss_means": 0.025087160989642143, "val_loss_mean": 0.062132418155670166, "val_f1_majority_bin": 0.3627450980392156, "val_f1_majority_macro": 0.6346099590915503, "val_acc_majority": 0.8368883312421581, "val_f1_individual_binary": 0.2899628252788104, "val_f1_individual_macro": 0.5956274074714466, "val_acc_individual": 0.8266787658802178, "train_time_millis": 3945.8487880001485, "eval_time_millis": 2506.446646999393}, "Epoch8": {"train_loss_means": 0.024875659495592117, "val_loss_mean": 0.06508862972259521, "val_f1_majority_bin": 0.3645833333333333, "val_f1_majority_macro": 0.6387823941987636, "val_acc_majority": 0.8469259723964868, "val_f1_individual_binary": 0.29249011857707513, "val_f1_individual_macro": 0.6003711484735709, "val_acc_individual": 0.837568058076225, "train_time_millis": 3953.353754001, "eval_time_millis": 1503.1772350012034}, "Epoch9": {"train_loss_means": 0.0229063518345356, "val_loss_mean": 0.06684943288564682, "val_f1_majority_bin": 0.36363636363636365, "val_f1_majority_macro": 0.6395296246042514, "val_acc_majority": 0.8506900878293601, "val_f1_individual_binary": 0.3008130081300813, "val_f1_individual_macro": 0.6064841342999743, "val_acc_individual": 0.8439201451905626, "train_time_millis": 3933.6734209991846, "eval_time_millis": 2512.117700998715}, "Test_results": {"test_f1_majority_binary": 0.3333333333333333, "test_f1_majority_macro": 0.6305053314789059, "test_acc_majority": 0.8695106649937264, "test_f1_individual_binary": 0.25870646766169153, "test_f1_individual_macro": 0.5921590251438762, "test_acc_individual": 0.8647912885662432, "test_time_millis": 2516.6059299990593, "dataset_size": 3993, "number_of_annotations": 5599, "train_size": 3398, "val_size": 1102, "test_size": 1099}}