{"Epoch0": {"train_loss_means": 0.047155532985925674, "val_loss_mean": 0.051048703491687775, "val_f1_majority_bin": 0.1016949152542373, "val_f1_majority_macro": 0.5188812332604118, "val_acc_majority": 0.8806306306306306, "val_f1_individual_binary": 0.07228915662650602, "val_f1_individual_macro": 0.505344578313253, "val_acc_individual": 0.8844711177794449, "train_time_millis": 2028.6000822670758, "eval_time_millis": 2431.460223160684}, "Epoch1": {"train_loss_means": 0.04592181742191315, "val_loss_mean": 0.05079888552427292, "val_f1_majority_bin": 0.09090909090909091, "val_f1_majority_macro": 0.5154425406526247, "val_acc_majority": 0.8873873873873874, "val_f1_individual_binary": 0.06451612903225806, "val_f1_individual_macro": 0.5033851055356431, "val_acc_individual": 0.8912228057014253, "train_time_millis": 2040.2214541099966, "eval_time_millis": 1468.7724602408707}, "Epoch2": {"train_loss_means": 0.04475386068224907, "val_loss_mean": 0.05053138732910156, "val_f1_majority_bin": 0.1527777777777778, "val_f1_majority_macro": 0.5390114379084967, "val_acc_majority": 0.8626126126126126, "val_f1_individual_binary": 0.10091743119266056, "val_f1_individual_macro": 0.5104260358577682, "val_acc_individual": 0.8529632408102026, "train_time_millis": 2037.2730349190533, "eval_time_millis": 2586.4817150868475}, "Epoch3": {"train_loss_means": 0.04288609325885773, "val_loss_mean": 0.050480764359235764, "val_f1_majority_bin": 0.11214953271028037, "val_f1_majority_macro": 0.5276146105732349, "val_acc_majority": 0.8930180180180181, "val_f1_individual_binary": 0.07741935483870968, "val_f1_individual_macro": 0.5102349661489447, "val_acc_individual": 0.8927231807951987, "train_time_millis": 2030.7222339324653, "eval_time_millis": 1571.614246815443}, "Epoch4": {"train_loss_means": 0.04149524122476578, "val_loss_mean": 0.050349991768598557, "val_f1_majority_bin": 0.11764705882352941, "val_f1_majority_macro": 0.5319418089816571, "val_acc_majority": 0.8986486486486487, "val_f1_individual_binary": 0.08108108108108109, "val_f1_individual_macro": 0.5135349805723118, "val_acc_individual": 0.8979744936234059, "train_time_millis": 2033.0798206850886, "eval_time_millis": 2588.025896344334}, "Epoch5": {"train_loss_means": 0.04028470441699028, "val_loss_mean": 0.05029451847076416, "val_f1_majority_bin": 0.12121212121212122, "val_f1_majority_macro": 0.5346668835040929, "val_acc_majority": 0.902027027027027, "val_f1_individual_binary": 0.09929078014184396, "val_f1_individual_macro": 0.5244968752194368, "val_acc_individual": 0.9047261815453863, "train_time_millis": 2025.2031330019236, "eval_time_millis": 2574.035195633769}, "Epoch6": {"train_loss_means": 0.03838592395186424, "val_loss_mean": 0.05010007694363594, "val_f1_majority_bin": 0.1308411214953271, "val_f1_majority_macro": 0.5375595661401141, "val_acc_majority": 0.8952702702702703, "val_f1_individual_binary": 0.1032258064516129, "val_f1_individual_macro": 0.5239346873755476, "val_acc_individual": 0.8957239309827457, "train_time_millis": 2026.677262969315, "eval_time_millis": 2591.6233477182686}, "Epoch7": {"train_loss_means": 0.03674531355500221, "val_loss_mean": 0.0500638410449028, "val_f1_majority_bin": 0.1509433962264151, "val_f1_majority_macro": 0.5485255903287765, "val_acc_majority": 0.8986486486486487, "val_f1_individual_binary": 0.11688311688311688, "val_f1_individual_macro": 0.5313714947472908, "val_acc_individual": 0.8979744936234059, "train_time_millis": 2042.798416223377, "eval_time_millis": 2589.794201310724}, "Epoch8": {"train_loss_means": 0.03583792969584465, "val_loss_mean": 0.05025521293282509, "val_f1_majority_bin": 0.13861386138613863, "val_f1_majority_macro": 0.543336781439338, "val_acc_majority": 0.902027027027027, "val_f1_individual_binary": 0.1103448275862069, "val_f1_individual_macro": 0.5295873285094859, "val_acc_individual": 0.9032258064516129, "train_time_millis": 2024.4573592208326, "eval_time_millis": 2588.447964284569}, "Epoch9": {"train_loss_means": 0.035370633006095886, "val_loss_mean": 0.05031422898173332, "val_f1_majority_bin": 0.13999999999999999, "val_f1_majority_macro": 0.5443436754176612, "val_acc_majority": 0.9031531531531531, "val_f1_individual_binary": 0.11111111111111112, "val_f1_individual_macro": 0.530178870385056, "val_acc_individual": 0.9039759939984996, "train_time_millis": 2029.0501108393073, "eval_time_millis": 2587.1036876924336}, "Test_results": {"test_f1_majority_binary": 0.13999999999999999, "test_f1_majority_macro": 0.5443436754176612, "test_acc_majority": 0.9031531531531531, "test_f1_individual_binary": 0.11111111111111112, "test_f1_individual_macro": 0.530178870385056, "test_acc_individual": 0.9039759939984996, "test_time_millis": 2591.0281860269606, "dataset_size": 3098, "number_of_annotations": 4808, "train_size": 2240, "val_size": 1333, "test_size": 1235}}