{"Epoch0": {"train_loss_means": 0.050005439668893814, "val_loss_mean": 0.05939940735697746, "val_f1_majority_bin": 0.12646370023419204, "val_f1_majority_macro": 0.4209740316579046, "val_acc_majority": 0.570771001150748, "val_f1_individual_binary": 0.09935897435897437, "val_f1_individual_macro": 0.4064582843252568, "val_acc_individual": 0.5653518948182521, "train_time_millis": 85.21688699693186, "eval_time_millis": 2666.3020660016628}, "Epoch1": {"train_loss_means": 0.04994462803006172, "val_loss_mean": 0.05940636247396469, "val_f1_majority_bin": 0.12621359223300974, "val_f1_majority_macro": 0.4273601897816633, "val_acc_majority": 0.5857307249712314, "val_f1_individual_binary": 0.09983361064891846, "val_f1_individual_macro": 0.41364476502219216, "val_acc_individual": 0.5815931941221965, "train_time_millis": 77.57051699809381, "eval_time_millis": 2683.288651998737}, "Epoch2": {"train_loss_means": 0.04847705736756325, "val_loss_mean": 0.0594223253428936, "val_f1_majority_bin": 0.12853470437017997, "val_f1_majority_macro": 0.43861872357130205, "val_acc_majority": 0.6098964326812428, "val_f1_individual_binary": 0.1, "val_f1_individual_macro": 0.4256169792694965, "val_acc_individual": 0.6102088167053364, "train_time_millis": 76.78124400263187, "eval_time_millis": 2688.8318349992915}, "Epoch3": {"train_loss_means": 0.046960752457380295, "val_loss_mean": 0.059443600475788116, "val_f1_majority_bin": 0.13223140495867766, "val_f1_majority_macro": 0.4515702479338843, "val_acc_majority": 0.6375143843498274, "val_f1_individual_binary": 0.09615384615384615, "val_f1_individual_macro": 0.43433055328021447, "val_acc_individual": 0.6365042536736272, "train_time_millis": 77.37223399817594, "eval_time_millis": 2658.822189998318}, "Epoch4": {"train_loss_means": 0.04791433736681938, "val_loss_mean": 0.05946044251322746, "val_f1_majority_bin": 0.13714285714285715, "val_f1_majority_macro": 0.459781803211198, "val_acc_majority": 0.6524741081703107, "val_f1_individual_binary": 0.10020040080160321, "val_f1_individual_macro": 0.44252952478987684, "val_acc_individual": 0.6527455529775715, "train_time_millis": 77.4796050027362, "eval_time_millis": 2671.765338000114}, "Epoch5": {"train_loss_means": 0.07206978648900986, "val_loss_mean": 0.059476613998413086, "val_f1_majority_bin": 0.1437125748502994, "val_f1_majority_macro": 0.47000443557329785, "val_acc_majority": 0.6708860759493671, "val_f1_individual_binary": 0.10020876826722339, "val_f1_individual_macro": 0.4478262635830659, "val_acc_individual": 0.6666666666666666, "train_time_millis": 77.49787600187119, "eval_time_millis": 2643.536021998443}, "Epoch6": {"train_loss_means": 0.0465126596391201, "val_loss_mean": 0.059479985386133194, "val_f1_majority_bin": 0.13981762917933133, "val_f1_majority_macro": 0.46948298066489624, "val_acc_majority": 0.6743383199079401, "val_f1_individual_binary": 0.09745762711864407, "val_f1_individual_macro": 0.4479719545243173, "val_acc_individual": 0.6705336426914154, "train_time_millis": 77.70430000164197, "eval_time_millis": 2644.100851000985}, "Epoch7": {"train_loss_means": 0.045542001724243164, "val_loss_mean": 0.05948504060506821, "val_f1_majority_bin": 0.13538461538461538, "val_f1_majority_macro": 0.4682584789591159, "val_acc_majority": 0.6766398158803222, "val_f1_individual_binary": 0.0946236559139785, "val_f1_individual_macro": 0.44806618910739, "val_acc_individual": 0.674400618716164, "train_time_millis": 78.3946810006455, "eval_time_millis": 2679.2036530023324}, "Epoch8": {"train_loss_means": 0.04751893877983093, "val_loss_mean": 0.05948859825730324, "val_f1_majority_bin": 0.13836477987421383, "val_f1_majority_macro": 0.47270351669767025, "val_acc_majority": 0.6846950517836594, "val_f1_individual_binary": 0.0962800875273523, "val_f1_individual_macro": 0.4511461499167997, "val_acc_individual": 0.6805877803557618, "train_time_millis": 78.82649800012587, "eval_time_millis": 948.2567209997796}, "Epoch9": {"train_loss_means": 0.047544825822114944, "val_loss_mean": 0.059490568935871124, "val_f1_majority_bin": 0.13836477987421383, "val_f1_majority_macro": 0.47270351669767025, "val_acc_majority": 0.6846950517836594, "val_f1_individual_binary": 0.09649122807017543, "val_f1_individual_macro": 0.45153199901161356, "val_acc_individual": 0.6813611755607115, "train_time_millis": 77.29483300136053, "eval_time_millis": 2652.7235169996857}, "Test_results": {"test_f1_majority_binary": 0.13836477987421383, "test_f1_majority_macro": 0.47270351669767025, "test_acc_majority": 0.6846950517836594, "test_f1_individual_binary": 0.09649122807017543, "test_f1_individual_macro": 0.45153199901161356, "test_acc_individual": 0.6813611755607115, "test_time_millis": 2693.4796340028697, "dataset_size": 1750, "number_of_annotations": 2618, "train_size": 70, "val_size": 1293, "test_size": 1255}}