{"Epoch0": {"train_loss_means": 0.0650564506649971, "val_loss_mean": 0.059994831681251526, "val_f1_majority_bin": 0.512249443207127, "val_f1_majority_macro": 0.7461981510297262, "val_acc_majority": 0.9618466898954704, "val_f1_individual_binary": 0.44676576938529533, "val_f1_individual_macro": 0.7115115810045258, "val_acc_individual": 0.954468802698145, "train_time_millis": 81593.90806099691, "eval_time_millis": 12367.447932992945}, "Epoch1": {"train_loss_means": 0.05391912907361984, "val_loss_mean": 0.06169071048498154, "val_f1_majority_bin": 0.5068181818181818, "val_f1_majority_macro": 0.7435811923583662, "val_acc_majority": 0.9621951219512195, "val_f1_individual_binary": 0.44089979550102243, "val_f1_individual_macro": 0.708673739517538, "val_acc_individual": 0.9547994577257547, "train_time_millis": 81754.11817900022, "eval_time_millis": 12366.942730004666}, "Epoch2": {"train_loss_means": 0.0457211397588253, "val_loss_mean": 0.07146573066711426, "val_f1_majority_bin": 0.4754634678298801, "val_f1_majority_macro": 0.7268212407878701, "val_acc_majority": 0.9581010452961672, "val_f1_individual_binary": 0.42242400315831036, "val_f1_individual_macro": 0.6985897042002447, "val_acc_individual": 0.9516251694607016, "train_time_millis": 81648.85595299711, "eval_time_millis": 10338.43704899482}, "Epoch3": {"train_loss_means": 0.038538284599781036, "val_loss_mean": 0.0774984136223793, "val_f1_majority_bin": 0.4407443682664055, "val_f1_majority_macro": 0.7073588289210235, "val_acc_majority": 0.9502613240418119, "val_f1_individual_binary": 0.395448079658606, "val_f1_individual_macro": 0.6829860296340677, "val_acc_individual": 0.9437886453063519, "train_time_millis": 81645.96869600064, "eval_time_millis": 12349.481661993195}, "Epoch4": {"train_loss_means": 0.03391334041953087, "val_loss_mean": 0.09004192054271698, "val_f1_majority_bin": 0.4285714285714286, "val_f1_majority_macro": 0.6998261187883226, "val_acc_majority": 0.9449477351916377, "val_f1_individual_binary": 0.3917186986526454, "val_f1_individual_macro": 0.6797477256297888, "val_acc_individual": 0.9387957543894455, "train_time_millis": 81725.0069080037, "eval_time_millis": 12360.527109995019}, "Epoch5": {"train_loss_means": 0.030456816777586937, "val_loss_mean": 0.11621925979852676, "val_f1_majority_bin": 0.4397031539888683, "val_f1_majority_macro": 0.7060502791240384, "val_acc_majority": 0.9473867595818816, "val_f1_individual_binary": 0.3944706675657451, "val_f1_individual_macro": 0.6816233727258489, "val_acc_individual": 0.9406143570412988, "train_time_millis": 81650.33424999274, "eval_time_millis": 12382.344120007474}, "Epoch6": {"train_loss_means": 0.02870139479637146, "val_loss_mean": 0.11288795620203018, "val_f1_majority_bin": 0.40610687022900765, "val_f1_majority_macro": 0.6850857676780142, "val_acc_majority": 0.9322299651567945, "val_f1_individual_binary": 0.36952274630198156, "val_f1_individual_macro": 0.6649118045869431, "val_acc_individual": 0.92530502926297, "train_time_millis": 81683.52125800448, "eval_time_millis": 12349.667439004406}, "Epoch7": {"train_loss_means": 0.026831913739442825, "val_loss_mean": 0.1310187578201294, "val_f1_majority_bin": 0.42170818505338076, "val_f1_majority_macro": 0.695970414197326, "val_acc_majority": 0.9433797909407665, "val_f1_individual_binary": 0.3820953616607201, "val_f1_individual_macro": 0.674454471416218, "val_acc_individual": 0.9370102172403532, "train_time_millis": 81741.79907899816, "eval_time_millis": 10936.676459998125}, "Epoch8": {"train_loss_means": 0.026128917932510376, "val_loss_mean": 0.13621766865253448, "val_f1_majority_bin": 0.4218181818181818, "val_f1_majority_macro": 0.6963619728853031, "val_acc_majority": 0.9445993031358885, "val_f1_individual_binary": 0.38392560611092663, "val_f1_individual_macro": 0.6758253519897826, "val_acc_individual": 0.9386634923784016, "train_time_millis": 81649.29170800315, "eval_time_millis": 12364.270218997262}, "Epoch9": {"train_loss_means": 0.02502768486738205, "val_loss_mean": 0.14340293407440186, "val_f1_majority_bin": 0.42938931297709926, "val_f1_majority_macro": 0.70104916543342, "val_acc_majority": 0.9479094076655052, "val_f1_individual_binary": 0.38985406532314104, "val_f1_individual_macro": 0.6796860939030647, "val_acc_individual": 0.9419369771517376, "train_time_millis": 81610.74981999991, "eval_time_millis": 12351.112817996182}, "Test_results": {"test_f1_majority_binary": 0.512249443207127, "test_f1_majority_macro": 0.7461981510297262, "test_acc_majority": 0.9618466898954704, "test_f1_individual_binary": 0.44676576938529533, "test_f1_individual_macro": 0.7115115810045258, "test_acc_individual": 0.954468802698145, "test_time_millis": 11357.176905003143, "dataset_size": 57414, "number_of_annotations": 151257, "train_size": 90765, "val_size": 30243, "test_size": 30249}}