{"Epoch0": {"train_loss_means": 0.2808621823787689, "val_loss_mean": 0.25432342290878296, "val_f1_majority_bin": 0.6765083440308087, "val_f1_majority_macro": 0.7401996973072331, "val_acc_majority": 0.7558139534883721, "val_f1_individual_binary": 0.639306358381503, "val_f1_individual_macro": 0.7247626682418463, "val_acc_individual": 0.7512953367875648, "train_time_millis": 5554.645423952024, "eval_time_millis": 5294.03823800385}, "Epoch1": {"train_loss_means": 0.2202880084514618, "val_loss_mean": 0.24724362790584564, "val_f1_majority_bin": 0.7180694526191878, "val_f1_majority_macro": 0.7604344792943611, "val_acc_majority": 0.7679263565891473, "val_f1_individual_binary": 0.664719936288824, "val_f1_individual_macro": 0.7316261988032093, "val_acc_individual": 0.7483060980470307, "train_time_millis": 5559.319126012269, "eval_time_millis": 5200.744887988549}, "Epoch2": {"train_loss_means": 0.1815650910139084, "val_loss_mean": 0.26021507382392883, "val_f1_majority_bin": 0.6648501362397822, "val_f1_majority_macro": 0.7399438651123722, "val_acc_majority": 0.7616279069767442, "val_f1_individual_binary": 0.6320428076802015, "val_f1_individual_macro": 0.7308048999765637, "val_acc_individual": 0.7670386608210442, "train_time_millis": 5574.777622008696, "eval_time_millis": 5291.513290023431}, "Epoch3": {"train_loss_means": 0.1532270461320877, "val_loss_mean": 0.276943564414978, "val_f1_majority_bin": 0.7113665389527458, "val_f1_majority_macro": 0.7674709353623994, "val_acc_majority": 0.7810077519379846, "val_f1_individual_binary": 0.6714413607878246, "val_f1_individual_macro": 0.7533721388830672, "val_acc_individual": 0.7805898764447987, "train_time_millis": 5598.007550986949, "eval_time_millis": 5283.860108989757}, "Epoch4": {"train_loss_means": 0.1308911293745041, "val_loss_mean": 0.28468814492225647, "val_f1_majority_bin": 0.7398568019093078, "val_f1_majority_macro": 0.7810213862727615, "val_acc_majority": 0.7887596899224806, "val_f1_individual_binary": 0.6906474820143884, "val_f1_individual_macro": 0.7582792065942388, "val_acc_individual": 0.7772020725388601, "train_time_millis": 5584.623829985503, "eval_time_millis": 5292.952381016221}, "Epoch5": {"train_loss_means": 0.11969786882400513, "val_loss_mean": 0.32379335165023804, "val_f1_majority_bin": 0.725030826140567, "val_f1_majority_macro": 0.773528980508432, "val_acc_majority": 0.7839147286821705, "val_f1_individual_binary": 0.682448036951501, "val_f1_individual_macro": 0.7575356435518308, "val_acc_individual": 0.780789159027501, "train_time_millis": 5605.891775980126, "eval_time_millis": 5300.966145994607}, "Epoch6": {"train_loss_means": 0.10213399678468704, "val_loss_mean": 0.4079839587211609, "val_f1_majority_bin": 0.7209749839640794, "val_f1_majority_macro": 0.7758241988718801, "val_acc_majority": 0.7892441860465116, "val_f1_individual_binary": 0.6753482737734706, "val_f1_individual_macro": 0.7580780572906557, "val_acc_individual": 0.7863690713431646, "train_time_millis": 5545.219748979434, "eval_time_millis": 5292.2879660036415}, "Epoch7": {"train_loss_means": 0.0924915075302124, "val_loss_mean": 0.39811280369758606, "val_f1_majority_bin": 0.7350952673632452, "val_f1_majority_macro": 0.7813820998951372, "val_acc_majority": 0.7911821705426356, "val_f1_individual_binary": 0.6839976891969959, "val_f1_individual_macro": 0.7587922732568491, "val_acc_individual": 0.7819848545237146, "train_time_millis": 5545.934154011775, "eval_time_millis": 5452.217201993335}, "Epoch8": {"train_loss_means": 0.08854631334543228, "val_loss_mean": 0.4484017789363861, "val_f1_majority_bin": 0.7077922077922079, "val_f1_majority_macro": 0.7669563821032137, "val_acc_majority": 0.7819767441860465, "val_f1_individual_binary": 0.6652386780905752, "val_f1_individual_macro": 0.7517978260429237, "val_acc_individual": 0.7819848545237146, "train_time_millis": 5582.556644978467, "eval_time_millis": 5296.9351970241405}, "Epoch9": {"train_loss_means": 0.08056221157312393, "val_loss_mean": 0.4906260073184967, "val_f1_majority_bin": 0.700990099009901, "val_f1_majority_macro": 0.7638130747632743, "val_acc_majority": 0.7805232558139535, "val_f1_individual_binary": 0.6566510172143974, "val_f1_individual_macro": 0.7481471721066871, "val_acc_individual": 0.7813870067756078, "train_time_millis": 5590.306698984932, "eval_time_millis": 5273.990690999199}, "Test_results": {"test_f1_majority_binary": 0.7209749839640794, "test_f1_majority_macro": 0.7758241988718801, "test_acc_majority": 0.7892441860465116, "test_f1_individual_binary": 0.6753482737734706, "test_f1_individual_macro": 0.7580780572906557, "test_acc_individual": 0.7863690713431646, "test_time_millis": 5280.54250497371, "dataset_size": 5589, "number_of_annotations": 13181, "train_size": 3100, "val_size": 5018, "test_size": 5063}}