{"Epoch0": {"train_loss_means": 0.2941856384277344, "val_loss_mean": 0.2966504693031311, "val_f1_majority_bin": 0.0, "val_f1_majority_macro": 0.4115400933389903, "val_acc_majority": 0.6993511175198269, "val_f1_individual_binary": 0.0, "val_f1_individual_macro": 0.4154929577464789, "val_acc_individual": 0.7108433734939759, "train_time_millis": 360570.7325800322, "eval_time_millis": 8327.52284198068}, "Epoch1": {"train_loss_means": 0.2938997745513916, "val_loss_mean": 0.2960189878940582, "val_f1_majority_bin": 0.21658206429780036, "val_f1_majority_macro": 0.5022443074581077, "val_acc_majority": 0.6661860129776496, "val_f1_individual_binary": 0.2017167381974249, "val_f1_individual_macro": 0.5007507264722324, "val_acc_individual": 0.6798623063683304, "train_time_millis": 361103.0822179746, "eval_time_millis": 8316.262010019273}, "Epoch2": {"train_loss_means": 0.2841826379299164, "val_loss_mean": 0.3008743226528168, "val_f1_majority_bin": 0.3970117395944504, "val_f1_majority_macro": 0.5447225273911283, "val_acc_majority": 0.5926459985580389, "val_f1_individual_binary": 0.4050473186119874, "val_f1_individual_macro": 0.5485896077225787, "val_acc_individual": 0.5942340791738382, "train_time_millis": 362455.4247900378, "eval_time_millis": 8354.378208052367}, "Epoch3": {"train_loss_means": 0.2514438331127167, "val_loss_mean": 0.3044085204601288, "val_f1_majority_bin": 0.2810457516339869, "val_f1_majority_macro": 0.5387652439946067, "val_acc_majority": 0.6827685652487383, "val_f1_individual_binary": 0.27391742195367574, "val_f1_individual_macro": 0.5383267000329254, "val_acc_individual": 0.6897590361445783, "train_time_millis": 362750.8580820868, "eval_time_millis": 10365.076862974092}, "Epoch4": {"train_loss_means": 0.19447989761829376, "val_loss_mean": 0.3390253186225891, "val_f1_majority_bin": 0.3231441048034935, "val_f1_majority_macro": 0.550168123316936, "val_acc_majority": 0.6647440519105984, "val_f1_individual_binary": 0.30965391621129323, "val_f1_individual_macro": 0.548066394725365, "val_acc_individual": 0.6738382099827883, "train_time_millis": 363459.9897599546, "eval_time_millis": 8348.826184985228}, "Epoch5": {"train_loss_means": 0.13900133967399597, "val_loss_mean": 0.3522800803184509, "val_f1_majority_bin": 0.4446952595936795, "val_f1_majority_macro": 0.5920510196273483, "val_acc_majority": 0.6452775775054074, "val_f1_individual_binary": 0.42471590909090906, "val_f1_individual_macro": 0.5873579545454546, "val_acc_individual": 0.6514629948364888, "train_time_millis": 363653.83961005136, "eval_time_millis": 10362.124128965661}, "Epoch6": {"train_loss_means": 0.09368271380662918, "val_loss_mean": 0.5298057794570923, "val_f1_majority_bin": 0.39290586630286495, "val_f1_majority_macro": 0.5874377445184095, "val_acc_majority": 0.6791636625811103, "val_f1_individual_binary": 0.3663194444444444, "val_f1_individual_macro": 0.5787546878972794, "val_acc_individual": 0.6858864027538726, "train_time_millis": 364421.96534003597, "eval_time_millis": 8336.888673948124}, "Epoch7": {"train_loss_means": 0.06257617473602295, "val_loss_mean": 0.7320247292518616, "val_f1_majority_bin": 0.41184041184041176, "val_f1_majority_macro": 0.5914985734715328, "val_acc_majority": 0.6705118961788031, "val_f1_individual_binary": 0.3764135702746365, "val_f1_individual_macro": 0.5750103041989019, "val_acc_individual": 0.6678141135972461, "train_time_millis": 364013.4653119603, "eval_time_millis": 8335.402286960743}, "Epoch8": {"train_loss_means": 0.048686616122722626, "val_loss_mean": 0.7683783769607544, "val_f1_majority_bin": 0.42750000000000005, "val_f1_majority_macro": 0.5977418946301924, "val_acc_majority": 0.6697909156452776, "val_f1_individual_binary": 0.39529411764705885, "val_f1_individual_macro": 0.5833571092237666, "val_acc_individual": 0.6682444061962134, "train_time_millis": 363987.6929039601, "eval_time_millis": 8326.537951012142}, "Epoch9": {"train_loss_means": 0.037274230271577835, "val_loss_mean": 1.0065667629241943, "val_f1_majority_bin": 0.4031620553359684, "val_f1_majority_macro": 0.5891740797771654, "val_acc_majority": 0.6733958183129055, "val_f1_individual_binary": 0.3681592039800995, "val_f1_individual_macro": 0.5733881435356628, "val_acc_individual": 0.6721170395869192, "train_time_millis": 364338.35350500885, "eval_time_millis": 10337.799563072622}, "Test_results": {"test_f1_majority_binary": 0.39290586630286495, "test_f1_majority_macro": 0.5874377445184095, "test_acc_majority": 0.6791636625811103, "test_f1_individual_binary": 0.3663194444444444, "test_f1_individual_macro": 0.5787546878972794, "test_acc_individual": 0.6858864027538726, "test_time_millis": 8310.672104009427, "dataset_size": 7388, "number_of_annotations": 12314, "train_size": 7358, "val_size": 2324, "test_size": 2632}}