{"batch_size": 32, "num_epochs": 10, "learning_rate": 5e-05, "annotator_ids": ["5", "6"], "seed": 5354, "type": "NO VERDICTS TEXT + SITUATION text", "sbert_model": "sentence-transformers/all-distilroberta-v1", "model_name": "sbert", "use_authors_embeddings": false, "authors_embedding_path": "none", "author_encoder": "none", "split_type": "sit", "train_stats": "Training Size: 456, NTA labels 355, YTA labels 101", "val_stats": "Validation Size: 380, NTA labels 313, YTA labels 67", "test_stats": "Test Size: 382, NTA labels 292, YTA labels 90", "epochs": 10, "optimizer": {"lr": 5e-05, "betas": [0.9, 0.999], "eps": 1e-06, "weight_decay": 0.0, "correct_bias": true}, "loss_type": "focal", "test_metrics": {"accuracy": 0.8552631578947368, "f1_weighted": 0.8572836620101326, "macro": 0.7578748595326636, "micro": 0.8552631578947367, "binary": 0.60431654676259, "accuracy_majority": 0.8578947368421053, "macro_majority": 0.791894852135816, "binary_majority": 0.674698795180723, "run_time_millis": 1941.5270979999946, "loss_mean": 0.1764279454946518}, "checkpoint_dir": "../results/perso_comment_scalability_3/HSBrexit-sbertbase_40_percentage_2_annos/2023-12-11_20:58:09:872093_best_model_sampled.pt", "val_metrics": [{"accuracy": 0.6973684210526315, "f1_weighted": 0.7333539939600278, "macro": 0.6506208076495654, "micro": 0.6973684210526315, "binary": 0.5228215767634855, "accuracy_majority": 0.7473684210526316, "macro_majority": 0.7233345467783037, "binary_majority": 0.6417910447761194, "run_time_millis": 1591.2491029999956, "loss_mean": 0.1875145435333252}, {"accuracy": 0.8078947368421052, "f1_weighted": 0.8258546601521429, "macro": 0.7392244418331375, "micro": 0.8078947368421052, "binary": 0.6054054054054054, "accuracy_majority": 0.8210526315789474, "macro_majority": 0.7775788458889961, "binary_majority": 0.679245283018868, "run_time_millis": 2099.5056509999868, "loss_mean": 0.14392447471618652}, {"accuracy": 0.8342105263157895, "f1_weighted": 0.8437960896024005, "macro": 0.749474146862148, "micro": 0.8342105263157894, "binary": 0.6037735849056604, "accuracy_majority": 0.8263157894736842, "macro_majority": 0.7650893559626841, "binary_majority": 0.6451612903225806, "run_time_millis": 2189.558788999989, "loss_mean": 0.15150807797908783}, {"accuracy": 0.7973684210526316, "f1_weighted": 0.8177980452955455, "macro": 0.7326169001471246, "micro": 0.7973684210526316, "binary": 0.6010362694300517, "accuracy_majority": 0.8210526315789474, "macro_majority": 0.7824915824915826, "binary_majority": 0.6909090909090909, "run_time_millis": 1497.667727999982, "loss_mean": 0.14593487977981567}, {"accuracy": 0.85, "f1_weighted": 0.8476873180260199, "macro": 0.7339033649062028, "micro": 0.85, "binary": 0.5581395348837209, "accuracy_majority": 0.8315789473684211, "macro_majority": 0.7418916624214638, "binary_majority": 0.5897435897435898, "run_time_millis": 2088.0859939999823, "loss_mean": 0.19372700154781342}, {"accuracy": 0.8289473684210527, "f1_weighted": 0.8425455397313976, "macro": 0.7567724591584524, "micro": 0.8289473684210527, "binary": 0.6242774566473989, "accuracy_majority": 0.8421052631578947, "macro_majority": 0.7964285714285714, "binary_majority": 0.7, "run_time_millis": 1495.4185160000009, "loss_mean": 0.1605501025915146}, {"accuracy": 0.8552631578947368, "f1_weighted": 0.8572836620101326, "macro": 0.7578748595326636, "micro": 0.8552631578947367, "binary": 0.60431654676259, "accuracy_majority": 0.8578947368421053, "macro_majority": 0.791894852135816, "binary_majority": 0.674698795180723, "run_time_millis": 2197.530489999963, "loss_mean": 0.1764279454946518}, {"accuracy": 0.85, "f1_weighted": 0.8543481917577798, "macro": 0.7571068124474349, "micro": 0.85, "binary": 0.606896551724138, "accuracy_majority": 0.8526315789473684, "macro_majority": 0.7895902547065337, "binary_majority": 0.6744186046511628, "run_time_millis": 2237.7037109999947, "loss_mean": 0.1754269003868103}, {"accuracy": 0.8447368421052631, "f1_weighted": 0.8537137981990736, "macro": 0.7653805502359798, "micro": 0.8447368421052631, "binary": 0.6289308176100628, "accuracy_majority": 0.8473684210526315, "macro_majority": 0.7935633734217526, "binary_majority": 0.6881720430107526, "run_time_millis": 427.37556399998766, "loss_mean": 0.16401250660419464}, {"accuracy": 0.8447368421052631, "f1_weighted": 0.8537137981990736, "macro": 0.7653805502359798, "micro": 0.8447368421052631, "binary": 0.6289308176100628, "accuracy_majority": 0.8473684210526315, "macro_majority": 0.7935633734217526, "binary_majority": 0.6881720430107526, "run_time_millis": 2202.5839919999726, "loss_mean": 0.16493840515613556}],