{"Epoch0": {"train_loss_means": 0.047219231724739075, "val_loss_mean": 0.044680554419755936, "val_f1_majority_bin": 0.5351681957186544, "val_f1_majority_macro": 0.7608423254828525, "val_acc_majority": 0.9737931034482759, "val_f1_individual_binary": 0.45447647951441583, "val_f1_individual_macro": 0.7179825563299017, "val_acc_individual": 0.9641923354665206, "train_time_millis": 121117.80317000375, "eval_time_millis": 16675.05463099951}, "Epoch1": {"train_loss_means": 0.03653543442487717, "val_loss_mean": 0.044949546456336975, "val_f1_majority_bin": 0.5446009389671361, "val_f1_majority_macro": 0.7658512872664678, "val_acc_majority": 0.9749137931034483, "val_f1_individual_binary": 0.46351931330472096, "val_f1_individual_macro": 0.7229177815317894, "val_acc_individual": 0.9657610996289748, "train_time_millis": 121210.66250300646, "eval_time_millis": 16668.779130995972}, "Epoch2": {"train_loss_means": 0.030296282842755318, "val_loss_mean": 0.04569463059306145, "val_f1_majority_bin": 0.5375, "val_f1_majority_macro": 0.7621897163120568, "val_acc_majority": 0.9744827586206897, "val_f1_individual_binary": 0.46482705013602793, "val_f1_individual_macro": 0.7235576500921312, "val_acc_individual": 0.9657112975920715, "train_time_millis": 121214.15392700146, "eval_time_millis": 16683.255616997485}, "Epoch3": {"train_loss_means": 0.024896183982491493, "val_loss_mean": 0.06173279136419296, "val_f1_majority_bin": 0.541871921182266, "val_f1_majority_macro": 0.7647609351385192, "val_acc_majority": 0.975948275862069, "val_f1_individual_binary": 0.465742251223491, "val_f1_individual_macro": 0.7244592385236712, "val_acc_individual": 0.9673796658283323, "train_time_millis": 121218.88988900173, "eval_time_millis": 16688.069190000533}, "Epoch4": {"train_loss_means": 0.021378053352236748, "val_loss_mean": 0.06257440894842148, "val_f1_majority_bin": 0.46770025839793283, "val_f1_majority_macro": 0.7246643626779641, "val_acc_majority": 0.9644827586206897, "val_f1_individual_binary": 0.4214173228346456, "val_f1_individual_macro": 0.6988022019848403, "val_acc_individual": 0.9542568291043103, "train_time_millis": 121206.34104499914, "eval_time_millis": 16660.065717995167}, "Epoch5": {"train_loss_means": 0.0189959853887558, "val_loss_mean": 0.09084971994161606, "val_f1_majority_bin": 0.5138686131386861, "val_f1_majority_macro": 0.7495392366159787, "val_acc_majority": 0.9712931034482759, "val_f1_individual_binary": 0.45745856353591163, "val_f1_individual_macro": 0.719238669291634, "val_acc_individual": 0.9633207998207126, "train_time_millis": 121354.48698000255, "eval_time_millis": 16672.29132600187}, "Epoch6": {"train_loss_means": 0.017667213454842567, "val_loss_mean": 0.08872715383768082, "val_f1_majority_bin": 0.48626373626373626, "val_f1_majority_macro": 0.734810401417735, "val_acc_majority": 0.9677586206896551, "val_f1_individual_binary": 0.4393992315752707, "val_f1_individual_macro": 0.7093387610978155, "val_acc_individual": 0.9600338653850943, "train_time_millis": 121076.50232599553, "eval_time_millis": 16661.718721996294}, "Epoch7": {"train_loss_means": 0.01635107211768627, "val_loss_mean": 0.0974431037902832, "val_f1_majority_bin": 0.46808510638297873, "val_f1_majority_macro": 0.725133073505103, "val_acc_majority": 0.9655172413793104, "val_f1_individual_binary": 0.4294850218781555, "val_f1_individual_macro": 0.7037853956017021, "val_acc_individual": 0.9577927737244454, "train_time_millis": 121193.85445700027, "eval_time_millis": 16671.79477099853}, "Epoch8": {"train_loss_means": 0.015618879348039627, "val_loss_mean": 0.10706885904073715, "val_f1_majority_bin": 0.48424068767908307, "val_f1_majority_macro": 0.7341210548874484, "val_acc_majority": 0.9689655172413794, "val_f1_individual_binary": 0.43581445523193096, "val_f1_individual_macro": 0.707789477380594, "val_acc_individual": 0.9609303020493538, "train_time_millis": 121287.59001699655, "eval_time_millis": 16659.40624999348}, "Epoch9": {"train_loss_means": 0.014908310025930405, "val_loss_mean": 0.11440055072307587, "val_f1_majority_bin": 0.49777777777777776, "val_f1_majority_macro": 0.7413639166358368, "val_acc_majority": 0.9707758620689655, "val_f1_individual_binary": 0.4449438202247191, "val_f1_individual_macro": 0.7129288439677067, "val_acc_individual": 0.9630966906546478, "train_time_millis": 121252.57334699563, "eval_time_millis": 16687.733913997363}, "Test_results": {"test_f1_majority_binary": 0.541871921182266, "test_f1_majority_macro": 0.7647609351385192, "test_acc_majority": 0.975948275862069, "test_f1_individual_binary": 0.465742251223491, "test_f1_individual_macro": 0.7244592385236712, "test_acc_individual": 0.9673796658283323, "test_time_millis": 16677.803468999628, "dataset_size": 58004, "number_of_annotations": 201410, "train_size": 120941, "val_size": 40159, "test_size": 40310}}