{"Epoch0": {"train_loss_means": 0.11838281154632568, "val_loss_mean": 0.09890937805175781, "val_f1_majority_bin": 0.763888888888889, "val_f1_majority_macro": 0.856418918918919, "val_acc_majority": 0.9160493827160494, "val_f1_individual_binary": 0.7357774968394438, "val_f1_individual_macro": 0.8396683865509669, "val_acc_individual": 0.9069870939029817, "train_time_millis": 17370.360828994308, "eval_time_millis": 2987.520611961372}, "Epoch1": {"train_loss_means": 0.08143962174654007, "val_loss_mean": 0.08624818921089172, "val_f1_majority_bin": 0.7374631268436578, "val_f1_majority_macro": 0.8339930778636713, "val_acc_majority": 0.8901234567901235, "val_f1_individual_binary": 0.7063921993499458, "val_f1_individual_macro": 0.8152515463285713, "val_acc_individual": 0.8793947485536271, "train_time_millis": 17274.945464043412, "eval_time_millis": 2635.7759220409207}, "Epoch2": {"train_loss_means": 0.060530878603458405, "val_loss_mean": 0.07655593007802963, "val_f1_majority_bin": 0.764179104477612, "val_f1_majority_macro": 0.8513502526279111, "val_acc_majority": 0.9024691358024691, "val_f1_individual_binary": 0.7333333333333334, "val_f1_individual_macro": 0.8332776850306065, "val_acc_individual": 0.8931909212283045, "train_time_millis": 17190.536837966647, "eval_time_millis": 3933.779596001841}, "Epoch3": {"train_loss_means": 0.04199749231338501, "val_loss_mean": 0.13108840584754944, "val_f1_majority_bin": 0.8215488215488216, "val_f1_majority_macro": 0.8907441764584623, "val_acc_majority": 0.9345679012345679, "val_f1_individual_binary": 0.7841191066997518, "val_f1_individual_macro": 0.868469531657902, "val_acc_individual": 0.9225634178905207, "train_time_millis": 17417.36628097715, "eval_time_millis": 1905.9426269959658}, "Epoch4": {"train_loss_means": 0.037995655089616776, "val_loss_mean": 0.10439570248126984, "val_f1_majority_bin": 0.8108108108108109, "val_f1_majority_macro": 0.884257369151629, "val_acc_majority": 0.9308641975308642, "val_f1_individual_binary": 0.7989756722151089, "val_f1_individual_macro": 0.8783459023612576, "val_acc_individual": 0.9301290609701824, "train_time_millis": 17205.873604980297, "eval_time_millis": 3975.922038021963}, "Epoch5": {"train_loss_means": 0.030476707965135574, "val_loss_mean": 0.14711570739746094, "val_f1_majority_bin": 0.8275862068965516, "val_f1_majority_macro": 0.8949961109670728, "val_acc_majority": 0.9382716049382716, "val_f1_individual_binary": 0.8046875, "val_f1_individual_macro": 0.8822149255233495, "val_acc_individual": 0.9332443257676902, "train_time_millis": 17259.736500040162, "eval_time_millis": 2691.596556978766}, "Epoch6": {"train_loss_means": 0.026651686057448387, "val_loss_mean": 0.12602268159389496, "val_f1_majority_bin": 0.8406779661016949, "val_f1_majority_macro": 0.9026031339942437, "val_acc_majority": 0.9419753086419753, "val_f1_individual_binary": 0.8109517601043026, "val_f1_individual_macro": 0.8860232371758433, "val_acc_individual": 0.9354695149087673, "train_time_millis": 17409.60534196347, "eval_time_millis": 1937.3857079772279}, "Epoch7": {"train_loss_means": 0.022587914019823074, "val_loss_mean": 0.16072770953178406, "val_f1_majority_bin": 0.8166089965397924, "val_f1_majority_macro": 0.8883946560460043, "val_acc_majority": 0.9345679012345679, "val_f1_individual_binary": 0.7994616419919245, "val_f1_individual_macro": 0.8798694506947092, "val_acc_individual": 0.9336893635959056, "train_time_millis": 17296.641323016956, "eval_time_millis": 3546.4319700258784}, "Epoch8": {"train_loss_means": 0.01982598751783371, "val_loss_mean": 0.17878541350364685, "val_f1_majority_bin": 0.8222996515679442, "val_f1_majority_macro": 0.8920200433383607, "val_acc_majority": 0.937037037037037, "val_f1_individual_binary": 0.8021534320323015, "val_f1_individual_macro": 0.8814819412894113, "val_acc_individual": 0.9345794392523364, "train_time_millis": 17076.888034993317, "eval_time_millis": 3953.9132429636084}, "Epoch9": {"train_loss_means": 0.018413441255688667, "val_loss_mean": 0.18047906458377838, "val_f1_majority_bin": 0.8309859154929576, "val_f1_majority_macro": 0.8975288858901914, "val_acc_majority": 0.9407407407407408, "val_f1_individual_binary": 0.803788903924222, "val_f1_individual_macro": 0.8825868620819513, "val_acc_individual": 0.9354695149087673, "train_time_millis": 17197.4288400379, "eval_time_millis": 3299.558339989744}, "Test_results": {"test_f1_majority_binary": 0.8406779661016949, "test_f1_majority_macro": 0.9026031339942437, "test_acc_majority": 0.9419753086419753, "test_f1_individual_binary": 0.8109517601043026, "test_f1_individual_macro": 0.8860232371758433, "test_acc_individual": 0.9354695149087673, "test_time_millis": 2878.7114300066605, "dataset_size": 3751, "number_of_annotations": 10503, "train_size": 6027, "val_size": 2247, "test_size": 2229}}