{"Epoch0": {"train_loss_means": 2.4091098308563232, "val_loss_mean": 2.413729190826416, "val_f1_majority_bin": 0.0, "val_f1_majority_macro": 0.4952879581151832, "val_acc_majority": 0.9813277721405029, "val_f1_individual_binary": 0.03695150092244148, "val_f1_individual_macro": 0.5031437408707711, "val_acc_individual": 0.9405644536018372, "train_acc_means": 0.7277621030807495, "train_time_millis": 38710.2516520099, "eval_time_millis": 7476.499775992124}, "Epoch1": {"train_loss_means": 2.1106534004211426, "val_loss_mean": 2.2951714992523193, "val_f1_majority_bin": 0.0, "val_f1_majority_macro": 0.4952879581151832, "val_acc_majority": 0.9813277721405029, "val_f1_individual_binary": 0.0, "val_f1_individual_macro": 0.4907084785133566, "val_acc_individual": 0.9635119438171387, "train_acc_means": 0.9506345391273499, "train_time_millis": 38925.54678599117, "eval_time_millis": 7460.897206998197}, "Epoch2": {"train_loss_means": 1.9294393062591553, "val_loss_mean": 2.224268913269043, "val_f1_majority_bin": 0.0, "val_f1_majority_macro": 0.4952879581151832, "val_acc_majority": 0.9813277721405029, "val_f1_individual_binary": 0.0, "val_f1_individual_macro": 0.4911148183071009, "val_acc_individual": 0.9650798439979553, "train_acc_means": 0.9655012488365173, "train_time_millis": 38814.781763998326, "eval_time_millis": 7496.487445998355}, "Epoch3": {"train_loss_means": 1.7267290353775024, "val_loss_mean": 1.918982744216919, "val_f1_majority_bin": 0.36220473051071167, "val_f1_majority_macro": 0.6702415416093905, "val_acc_majority": 0.9579875469207764, "val_f1_individual_binary": 0.2867647111415863, "val_f1_individual_macro": 0.6289991975437861, "val_acc_individual": 0.9446978569030762, "train_acc_means": 0.964240550994873, "train_time_millis": 38915.120476987795, "eval_time_millis": 7501.246800995432}, "Epoch4": {"train_loss_means": 1.5134907960891724, "val_loss_mean": 1.8695186376571655, "val_f1_majority_bin": 0.36000001430511475, "val_f1_majority_macro": 0.6714802981895633, "val_acc_majority": 0.9668049812316895, "val_f1_individual_binary": 0.27373069524765015, "val_f1_individual_macro": 0.6247510480327125, "val_acc_individual": 0.9531071782112122, "train_acc_means": 0.9625058770179749, "train_time_millis": 38821.25993799127, "eval_time_millis": 7479.895885000587}, "Epoch5": {"train_loss_means": 1.3652560710906982, "val_loss_mean": 1.7617573738098145, "val_f1_majority_bin": 0.36220473051071167, "val_f1_majority_macro": 0.6702415416093905, "val_acc_majority": 0.9579875469207764, "val_f1_individual_binary": 0.29411765933036804, "val_f1_individual_macro": 0.632823948084572, "val_acc_individual": 0.9452679753303528, "train_acc_means": 0.9591645002365112, "train_time_millis": 39017.31379199191, "eval_time_millis": 7507.271590002347}, "Epoch6": {"train_loss_means": 1.2525231838226318, "val_loss_mean": 1.689081072807312, "val_f1_majority_bin": 0.3164556920528412, "val_f1_majority_macro": 0.6436253602700057, "val_acc_majority": 0.9439833760261536, "val_f1_individual_binary": 0.2890510857105255, "val_f1_individual_macro": 0.626281747340363, "val_acc_individual": 0.9305872321128845, "train_acc_means": 0.9604671001434326, "train_time_millis": 38828.91816699703, "eval_time_millis": 7506.81968498975}, "Epoch7": {"train_loss_means": 1.1359561681747437, "val_loss_mean": 1.7418859004974365, "val_f1_majority_bin": 0.375, "val_f1_majority_macro": 0.6767703862660944, "val_acc_majority": 0.9585062265396118, "val_f1_individual_binary": 0.2877193093299866, "val_f1_individual_macro": 0.6287801661336523, "val_acc_individual": 0.942132294178009, "train_acc_means": 0.9582443833351135, "train_time_millis": 38921.05102499772, "eval_time_millis": 7499.960215995088}, "Epoch8": {"train_loss_means": 1.057605504989624, "val_loss_mean": 1.6755590438842773, "val_f1_majority_bin": 0.37037035822868347, "val_f1_majority_macro": 0.673763524341326, "val_acc_majority": 0.9559128880500793, "val_f1_individual_binary": 0.3037542700767517, "val_f1_individual_macro": 0.6367053348014735, "val_acc_individual": 0.9418472051620483, "train_acc_means": 0.9602777361869812, "train_time_millis": 38978.879590009456, "eval_time_millis": 7486.7153740051435}, "Epoch9": {"train_loss_means": 0.9984110593795776, "val_loss_mean": 1.680521011352539, "val_f1_majority_bin": 0.3664122223854065, "val_f1_majority_macro": 0.6720651672729135, "val_acc_majority": 0.9569501876831055, "val_f1_individual_binary": 0.2937062978744507, "val_f1_individual_macro": 0.6318457174326416, "val_acc_individual": 0.942417323589325, "train_acc_means": 0.9592334628105164, "train_time_millis": 38970.43096300331, "eval_time_millis": 7513.44985999458}, "Test_results": {"test_f1_majority_binary": 0.3499999940395355, "test_f1_majority_macro": 0.664190687361419, "test_acc_majority": 0.9581544995307922, "test_f1_individual_binary": 0.3658536672592163, "test_f1_individual_macro": 0.6708356806091701, "test_acc_individual": 0.9534119963645935, "test_time_millis": 7268.610196988448, "dataset_size": 9583, "number_of_annotations": 34586}}