{"Epoch0": {"train_loss_means": 0.03836803510785103, "val_loss_mean": 0.03065055049955845, "val_f1_majority_bin": 0.17204301075268819, "val_f1_majority_macro": 0.5462076480857546, "val_acc_majority": 0.8547169811320755, "val_f1_individual_binary": 0.19438877755511025, "val_f1_individual_macro": 0.5562074393485176, "val_acc_individual": 0.8511937812326485, "train_time_millis": 16722.019753000495, "eval_time_millis": 3076.265487001365}, "Epoch1": {"train_loss_means": 0.027616921812295914, "val_loss_mean": 0.03058580867946148, "val_f1_majority_bin": 0.13164556962025317, "val_f1_majority_macro": 0.5042428925300547, "val_acc_majority": 0.7842767295597485, "val_f1_individual_binary": 0.16119828815977175, "val_f1_individual_macro": 0.5180725596477294, "val_acc_individual": 0.7823431426985008, "train_time_millis": 16772.84517299995, "eval_time_millis": 3263.547077000112}, "Epoch2": {"train_loss_means": 0.022675607353448868, "val_loss_mean": 0.03333686664700508, "val_f1_majority_bin": 0.19047619047619047, "val_f1_majority_macro": 0.5696613650475235, "val_acc_majority": 0.9037735849056604, "val_f1_individual_binary": 0.21745350500715308, "val_f1_individual_macro": 0.5816662993522953, "val_acc_individual": 0.8987599481769387, "train_time_millis": 16752.292406999914, "eval_time_millis": 3263.09771799788}, "Epoch3": {"train_loss_means": 0.018936553969979286, "val_loss_mean": 0.03515203297138214, "val_f1_majority_bin": 0.2072538860103627, "val_f1_majority_macro": 0.578015962087873, "val_acc_majority": 0.9037735849056604, "val_f1_individual_binary": 0.2269503546099291, "val_f1_individual_macro": 0.5864976503274376, "val_acc_individual": 0.8991301129002406, "train_time_millis": 16740.000112000416, "eval_time_millis": 4225.374925001233}, "Epoch4": {"train_loss_means": 0.01657378114759922, "val_loss_mean": 0.03665618598461151, "val_f1_majority_bin": 0.18644067796610173, "val_f1_majority_macro": 0.5606116433308769, "val_acc_majority": 0.879245283018868, "val_f1_individual_binary": 0.2049469964664311, "val_f1_individual_macro": 0.568577746500766, "val_acc_individual": 0.8750694058856191, "train_time_millis": 16758.527171001333, "eval_time_millis": 4333.618846998434}, "Epoch5": {"train_loss_means": 0.014318290166556835, "val_loss_mean": 0.05037643387913704, "val_f1_majority_bin": 0.2138364779874214, "val_f1_majority_macro": 0.5862297252565375, "val_acc_majority": 0.9213836477987422, "val_f1_individual_binary": 0.23745819397993312, "val_f1_individual_macro": 0.5963936737924744, "val_acc_individual": 0.9156024430871738, "train_time_millis": 16781.588223002473, "eval_time_millis": 4297.738440000103}, "Epoch6": {"train_loss_means": 0.012481145560741425, "val_loss_mean": 0.05054137110710144, "val_f1_majority_bin": 0.21111111111111114, "val_f1_majority_macro": 0.5818888888888889, "val_acc_majority": 0.9106918238993711, "val_f1_individual_binary": 0.22769230769230764, "val_f1_individual_macro": 0.5891316993365043, "val_acc_individual": 0.9070886544512308, "train_time_millis": 16734.73141499926, "eval_time_millis": 4281.579274000251}, "Epoch7": {"train_loss_means": 0.011889963410794735, "val_loss_mean": 0.05653400719165802, "val_f1_majority_bin": 0.1951219512195122, "val_f1_majority_macro": 0.5756776864850877, "val_acc_majority": 0.9169811320754717, "val_f1_individual_binary": 0.23491027732463293, "val_f1_individual_macro": 0.5944491541631504, "val_acc_individual": 0.9131963723857116, "train_time_millis": 16722.257697001623, "eval_time_millis": 4279.450894999172}, "Epoch8": {"train_loss_means": 0.011078232899308205, "val_loss_mean": 0.060558535158634186, "val_f1_majority_bin": 0.2091503267973856, "val_f1_majority_macro": 0.5845883778023928, "val_acc_majority": 0.9238993710691824, "val_f1_individual_binary": 0.23834196891191708, "val_f1_individual_macro": 0.5976104095072933, "val_acc_individual": 0.9183786785119378, "train_time_millis": 16691.0134940008, "eval_time_millis": 4240.27452700102}, "Epoch9": {"train_loss_means": 0.010709883645176888, "val_loss_mean": 0.06384358555078506, "val_f1_majority_bin": 0.2206896551724138, "val_f1_majority_macro": 0.5917286826109185, "val_acc_majority": 0.9289308176100629, "val_f1_individual_binary": 0.23616236162361623, "val_f1_individual_macro": 0.5979136048180435, "val_acc_individual": 0.923375902276513, "train_time_millis": 16758.96414300223, "eval_time_millis": 4202.096610999433}, "Test_results": {"test_f1_majority_binary": 0.2206896551724138, "test_f1_majority_macro": 0.5917286826109185, "test_acc_majority": 0.9289308176100629, "test_f1_individual_binary": 0.23616236162361623, "test_f1_individual_macro": 0.5979136048180435, "test_acc_individual": 0.923375902276513, "test_time_millis": 3456.1845490025007, "dataset_size": 8010, "number_of_annotations": 27103, "train_size": 16470, "val_size": 5403, "test_size": 5230}}