{"Epoch0": {"train_loss_means": 0.05928962305188179, "val_loss_mean": 0.05758289620280266, "val_f1_majority_bin": 0.20425531914893613, "val_f1_majority_macro": 0.5487905232367613, "val_acc_majority": 0.8118712273641852, "val_f1_individual_binary": 0.16452442159383032, "val_f1_individual_macro": 0.5280051156383175, "val_acc_individual": 0.807919621749409, "train_time_millis": 4592.379482999945, "eval_time_millis": 1656.255965000014}, "Epoch1": {"train_loss_means": 0.04554831609129906, "val_loss_mean": 0.05160852521657944, "val_f1_majority_bin": 0.27586206896551724, "val_f1_majority_macro": 0.5832118682986243, "val_acc_majority": 0.8098591549295775, "val_f1_individual_binary": 0.22528735632183908, "val_f1_individual_macro": 0.5555056652751956, "val_acc_individual": 0.8008274231678487, "train_time_millis": 4640.685076999944, "eval_time_millis": 1984.948731999907}, "Epoch2": {"train_loss_means": 0.03201312944293022, "val_loss_mean": 0.056968025863170624, "val_f1_majority_bin": 0.30630630630630623, "val_f1_majority_macro": 0.6095517941497557, "val_acc_majority": 0.8450704225352113, "val_f1_individual_binary": 0.24932249322493227, "val_f1_individual_macro": 0.5787242648545888, "val_acc_individual": 0.8362884160756501, "train_time_millis": 4647.273151000036, "eval_time_millis": 1659.2476219999526}, "Epoch3": {"train_loss_means": 0.022433379665017128, "val_loss_mean": 0.07149124890565872, "val_f1_majority_bin": 0.30612244897959184, "val_f1_majority_macro": 0.6151147959183674, "val_acc_majority": 0.8631790744466801, "val_f1_individual_binary": 0.24074074074074076, "val_f1_individual_macro": 0.5801742919389978, "val_acc_individual": 0.8546099290780141, "train_time_millis": 4620.247417999963, "eval_time_millis": 1098.6882610000066}, "Epoch4": {"train_loss_means": 0.016652006655931473, "val_loss_mean": 0.08036793768405914, "val_f1_majority_bin": 0.33507853403141363, "val_f1_majority_macro": 0.6322025947842098, "val_acc_majority": 0.8722334004024145, "val_f1_individual_binary": 0.25889967637540456, "val_f1_individual_macro": 0.5922140658299787, "val_acc_individual": 0.8646572104018913, "train_time_millis": 4637.509657999999, "eval_time_millis": 2716.7753589999393}, "Epoch5": {"train_loss_means": 0.013997032307088375, "val_loss_mean": 0.10768140107393265, "val_f1_majority_bin": 0.34246575342465757, "val_f1_majority_macro": 0.6451742447905047, "val_acc_majority": 0.903420523138833, "val_f1_individual_binary": 0.27350427350427353, "val_f1_individual_macro": 0.6097680097680098, "val_acc_individual": 0.8995271867612293, "train_time_millis": 4659.592902999975, "eval_time_millis": 2671.559221999928}, "Epoch6": {"train_loss_means": 0.011178778484463692, "val_loss_mean": 0.13015472888946533, "val_f1_majority_bin": 0.338235294117647, "val_f1_majority_macro": 0.644819590903316, "val_acc_majority": 0.9094567404426559, "val_f1_individual_binary": 0.2672811059907834, "val_f1_individual_macro": 0.6085379322186314, "val_acc_individual": 0.9060283687943262, "train_time_millis": 4606.74240000003, "eval_time_millis": 2109.259751999957}, "Epoch7": {"train_loss_means": 0.010012316517531872, "val_loss_mean": 0.14076974987983704, "val_f1_majority_bin": 0.32835820895522383, "val_f1_majority_macro": 0.6399072598174178, "val_acc_majority": 0.9094567404426559, "val_f1_individual_binary": 0.2629107981220658, "val_f1_individual_macro": 0.6066998014577533, "val_acc_individual": 0.9072104018912529, "train_time_millis": 4614.737394000031, "eval_time_millis": 2679.893039000035}, "Epoch8": {"train_loss_means": 0.009399679489433765, "val_loss_mean": 0.15286731719970703, "val_f1_majority_bin": 0.3225806451612903, "val_f1_majority_macro": 0.6387581337394435, "val_acc_majority": 0.9154929577464789, "val_f1_individual_binary": 0.26130653266331655, "val_f1_individual_macro": 0.6075763432547352, "val_acc_individual": 0.9131205673758865, "train_time_millis": 4660.795515000018, "eval_time_millis": 2657.311686000071}, "Epoch9": {"train_loss_means": 0.009267324581742287, "val_loss_mean": 0.15035557746887207, "val_f1_majority_bin": 0.30303030303030304, "val_f1_majority_macro": 0.6267306687565308, "val_acc_majority": 0.9074446680080482, "val_f1_individual_binary": 0.24644549763033174, "val_f1_individual_macro": 0.5981675959629755, "val_acc_individual": 0.9060283687943262, "train_time_millis": 4645.086779000053, "eval_time_millis": 1961.3469299999906}, "Test_results": {"test_f1_majority_binary": 0.3225806451612903, "test_f1_majority_macro": 0.6387581337394435, "test_acc_majority": 0.9154929577464789, "test_f1_individual_binary": 0.26130653266331655, "test_f1_individual_macro": 0.6075763432547352, "test_acc_individual": 0.9131205673758865, "test_time_millis": 2660.73928000003, "dataset_size": 4890, "number_of_annotations": 8334, "train_size": 5041, "val_size": 1692, "test_size": 1601}}