{"Epoch0": {"train_loss_means": 0.05579226091504097, "val_loss_mean": 0.0522921197116375, "val_f1_majority_bin": 0.5346260387811633, "val_f1_majority_macro": 0.7598390448376855, "val_acc_majority": 0.9710344827586207, "val_f1_individual_binary": 0.4336769759450172, "val_f1_individual_macro": 0.706428664333113, "val_acc_individual": 0.9598372042014963, "train_time_millis": 123500.21290202858, "eval_time_millis": 17052.070303005166}, "Epoch1": {"train_loss_means": 0.04356100782752037, "val_loss_mean": 0.05224520340561867, "val_f1_majority_bin": 0.536, "val_f1_majority_macro": 0.760249443207127, "val_acc_majority": 0.97, "val_f1_individual_binary": 0.4510556621880998, "val_f1_individual_macro": 0.714658816652702, "val_acc_individual": 0.9581800014622377, "train_time_millis": 123572.11889600148, "eval_time_millis": 17059.91911602905}, "Epoch2": {"train_loss_means": 0.03635140135884285, "val_loss_mean": 0.05818880349397659, "val_f1_majority_bin": 0.5177914110429448, "val_f1_majority_macro": 0.7501175058341818, "val_acc_majority": 0.9661206896551724, "val_f1_individual_binary": 0.45067873303167416, "val_f1_individual_macro": 0.7137776085699062, "val_acc_individual": 0.9556210854677942, "train_time_millis": 123556.63701100275, "eval_time_millis": 17054.38420799328}, "Epoch3": {"train_loss_means": 0.030555693432688713, "val_loss_mean": 0.07306433469057083, "val_f1_majority_bin": 0.5038759689922481, "val_f1_majority_macro": 0.7433764933697529, "val_acc_majority": 0.9668965517241379, "val_f1_individual_binary": 0.44703715075222594, "val_f1_individual_macro": 0.7120922154426028, "val_acc_individual": 0.9561084980381644, "train_time_millis": 123477.74226299953, "eval_time_millis": 17039.986716990825}, "Epoch4": {"train_loss_means": 0.026938557624816895, "val_loss_mean": 0.08378385752439499, "val_f1_majority_bin": 0.4963855421686747, "val_f1_majority_macro": 0.7388499011692725, "val_acc_majority": 0.9639655172413794, "val_f1_individual_binary": 0.44031367993029336, "val_f1_individual_macro": 0.707902156221204, "val_acc_individual": 0.9530377988448322, "train_time_millis": 123446.25769200502, "eval_time_millis": 17024.58690997446}, "Epoch5": {"train_loss_means": 0.02490263618528843, "val_loss_mean": 0.09143884479999542, "val_f1_majority_bin": 0.4897959183673469, "val_f1_majority_macro": 0.7353973556159173, "val_acc_majority": 0.9633620689655172, "val_f1_individual_binary": 0.4319088319088319, "val_f1_individual_macro": 0.7032628328799213, "val_acc_individual": 0.951404966734092, "train_time_millis": 123465.81625600811, "eval_time_millis": 17034.42062798422}, "Epoch6": {"train_loss_means": 0.023418698459863663, "val_loss_mean": 0.10739222913980484, "val_f1_majority_bin": 0.5209176788124156, "val_f1_majority_macro": 0.7525555489658498, "val_acc_majority": 0.969396551724138, "val_f1_individual_binary": 0.4433872502378687, "val_f1_individual_macro": 0.7105737842815565, "val_acc_individual": 0.9572295469500158, "train_time_millis": 123486.37977504404, "eval_time_millis": 15007.130082987715}, "Epoch7": {"train_loss_means": 0.02196279913187027, "val_loss_mean": 0.11717552691698074, "val_f1_majority_bin": 0.5104712041884817, "val_f1_majority_macro": 0.7469007830534136, "val_acc_majority": 0.9677586206896551, "val_f1_individual_binary": 0.4466439839158676, "val_f1_individual_macro": 0.7119752209356461, "val_acc_individual": 0.9564009455803865, "train_time_millis": 123444.0313950181, "eval_time_millis": 15010.130729002412}, "Epoch8": {"train_loss_means": 0.021099939942359924, "val_loss_mean": 0.12191225588321686, "val_f1_majority_bin": 0.49500000000000005, "val_f1_majority_macro": 0.7384821428571429, "val_acc_majority": 0.9651724137931035, "val_f1_individual_binary": 0.4426973087390384, "val_f1_individual_macro": 0.7096484042393754, "val_acc_individual": 0.955084931640387, "train_time_millis": 123456.66341099422, "eval_time_millis": 15008.304482966196}, "Epoch9": {"train_loss_means": 0.020262273028492928, "val_loss_mean": 0.12616471946239471, "val_f1_majority_bin": 0.501920614596671, "val_f1_majority_macro": 0.7422846304171187, "val_acc_majority": 0.9664655172413793, "val_f1_individual_binary": 0.4430186373357775, "val_f1_individual_macro": 0.7099410321449743, "val_acc_individual": 0.9555723442107572, "train_time_millis": 123483.94758498762, "eval_time_millis": 15024.210196977947}, "Test_results": {"test_f1_majority_binary": 0.5346260387811633, "test_f1_majority_macro": 0.7598390448376855, "test_acc_majority": 0.9710344827586207, "test_f1_individual_binary": 0.4336769759450172, "test_f1_individual_macro": 0.706428664333113, "test_acc_individual": 0.9598372042014963, "test_time_millis": 14971.345753991045, "dataset_size": 58004, "number_of_annotations": 204898, "train_size": 122931, "val_size": 41033, "test_size": 40934}}