{"Epoch0": {"train_loss_means": 0.4024278521537781, "val_loss_mean": 0.33864590525627136, "val_f1_majority_bin": 0.30210602283477783, "val_f1_majority_macro": 0.6281032120118004, "val_acc_majority": 0.9138657450675964, "val_f1_individual_binary": 0.2589317262172699, "val_f1_individual_macro": 0.6067735488500756, "val_acc_individual": 0.9144688248634338, "train_acc_means": 0.955076277256012, "train_time_millis": 153846.9145220006, "eval_time_millis": 19937.60269304039}, "Epoch1": {"train_loss_means": 0.2785119116306305, "val_loss_mean": 0.32501885294914246, "val_f1_majority_bin": 0.3376849293708801, "val_f1_majority_macro": 0.6508646781874851, "val_acc_majority": 0.9317917227745056, "val_f1_individual_binary": 0.2808365225791931, "val_f1_individual_macro": 0.6223563098414954, "val_acc_individual": 0.9312076568603516, "train_acc_means": 0.945096492767334, "train_time_millis": 154095.60689300997, "eval_time_millis": 20096.323014004156}, "Epoch2": {"train_loss_means": 0.20058542490005493, "val_loss_mean": 0.34188956022262573, "val_f1_majority_bin": 0.31245166063308716, "val_f1_majority_macro": 0.6350803102543242, "val_acc_majority": 0.9203190803527832, "val_f1_individual_binary": 0.26064029335975647, "val_f1_individual_macro": 0.609136545021683, "val_acc_individual": 0.919857919216156, "train_acc_means": 0.9514418244361877, "train_time_millis": 154331.29102597013, "eval_time_millis": 19976.225159014575}, "Test_results": {"test_f1_majority_binary": 0.31546708941459656, "test_f1_majority_macro": 0.6364599795522663, "test_acc_majority": 0.9198852777481079, "test_f1_individual_binary": 0.2652539312839508, "test_f1_individual_macro": 0.610829396138403, "test_acc_individual": 0.9176932573318481, "test_time_millis": 20084.476910007652, "dataset_size": 55876, "number_of_annotations": 55876}}