{"Epoch0": {"train_loss_means": 0.3440650403499603, "val_loss_mean": 0.3336857855319977, "val_f1_majority_bin": 0.5541125541125541, "val_f1_majority_macro": 0.4267161410018553, "val_acc_majority": 0.455026455026455, "val_f1_individual_binary": 0.5681159420289855, "val_f1_individual_macro": 0.4484723854289072, "val_acc_individual": 0.47442680776014107, "train_time_millis": 17949.568475996784, "eval_time_millis": 4089.959545999591}, "Epoch1": {"train_loss_means": 0.33462053537368774, "val_loss_mean": 0.32936981320381165, "val_f1_majority_bin": 0.5472636815920399, "val_f1_majority_macro": 0.5165696939033646, "val_acc_majority": 0.5185185185185185, "val_f1_individual_binary": 0.5585284280936454, "val_f1_individual_macro": 0.5329955573304048, "val_acc_individual": 0.5343915343915344, "train_time_millis": 18153.046041996276, "eval_time_millis": 4098.128460995213}, "Epoch2": {"train_loss_means": 0.3233868479728699, "val_loss_mean": 0.3284347653388977, "val_f1_majority_bin": 0.5135135135135135, "val_f1_majority_macro": 0.600235017626322, "val_acc_majority": 0.6190476190476191, "val_f1_individual_binary": 0.501138952164009, "val_f1_individual_macro": 0.5930155192474722, "val_acc_individual": 0.6137566137566137, "train_time_millis": 17829.814837001322, "eval_time_millis": 4117.09107200295}, "Epoch3": {"train_loss_means": 0.30451667308807373, "val_loss_mean": 0.3347734808921814, "val_f1_majority_bin": 0.5698324022346369, "val_f1_majority_macro": 0.5914488644339013, "val_acc_majority": 0.5925925925925926, "val_f1_individual_binary": 0.5584905660377358, "val_f1_individual_macro": 0.5855366737473449, "val_acc_individual": 0.5873015873015873, "train_time_millis": 18032.501296998817, "eval_time_millis": 4098.515639001562}, "Epoch4": {"train_loss_means": 0.2888262867927551, "val_loss_mean": 0.33503514528274536, "val_f1_majority_bin": 0.5906735751295338, "val_f1_majority_macro": 0.5818232740512534, "val_acc_majority": 0.582010582010582, "val_f1_individual_binary": 0.5765124555160143, "val_f1_individual_macro": 0.5802142697160491, "val_acc_individual": 0.5802469135802469, "train_time_millis": 18093.55976900406, "eval_time_millis": 4124.147586000618}, "Epoch5": {"train_loss_means": 0.2561475336551666, "val_loss_mean": 0.3624599575996399, "val_f1_majority_bin": 0.5894736842105263, "val_f1_majority_macro": 0.5872900335946248, "val_acc_majority": 0.5873015873015873, "val_f1_individual_binary": 0.5677179962894249, "val_f1_individual_macro": 0.5880606788169813, "val_acc_individual": 0.5890652557319224, "train_time_millis": 17955.661633001, "eval_time_millis": 4071.295570996881}, "Epoch6": {"train_loss_means": 0.2375778704881668, "val_loss_mean": 0.39453864097595215, "val_f1_majority_bin": 0.588235294117647, "val_f1_majority_macro": 0.552738336713996, "val_acc_majority": 0.5555555555555556, "val_f1_individual_binary": 0.5830508474576271, "val_f1_individual_macro": 0.5654224825523431, "val_acc_individual": 0.5661375661375662, "train_time_millis": 17947.37409499794, "eval_time_millis": 4081.417102999694}, "Epoch7": {"train_loss_means": 0.2132551670074463, "val_loss_mean": 0.3981727957725525, "val_f1_majority_bin": 0.5294117647058824, "val_f1_majority_macro": 0.5723981900452488, "val_acc_majority": 0.5767195767195767, "val_f1_individual_binary": 0.5289256198347106, "val_f1_individual_macro": 0.5890781945327399, "val_acc_individual": 0.5978835978835979, "train_time_millis": 17874.524636994465, "eval_time_millis": 4110.139240001445}, "Epoch8": {"train_loss_means": 0.19804997742176056, "val_loss_mean": 0.4123767614364624, "val_f1_majority_bin": 0.5116279069767442, "val_f1_majority_macro": 0.5519304583427411, "val_acc_majority": 0.5555555555555556, "val_f1_individual_binary": 0.5163934426229507, "val_f1_individual_macro": 0.575534182611785, "val_acc_individual": 0.5837742504409171, "train_time_millis": 17948.80889200431, "eval_time_millis": 4112.199329996656}, "Epoch9": {"train_loss_means": 0.18871690332889557, "val_loss_mean": 0.41942253708839417, "val_f1_majority_bin": 0.5088757396449705, "val_f1_majority_macro": 0.5558732765210499, "val_acc_majority": 0.5608465608465608, "val_f1_individual_binary": 0.5145228215767634, "val_f1_individual_macro": 0.5778135580276456, "val_acc_individual": 0.5873015873015873, "train_time_millis": 17778.063871002814, "eval_time_millis": 4089.872923999792}, "Test_results": {"test_f1_majority_binary": 0.5135135135135135, "test_f1_majority_macro": 0.600235017626322, "test_acc_majority": 0.6190476190476191, "test_f1_individual_binary": 0.501138952164009, "test_f1_individual_macro": 0.5930155192474722, "test_acc_individual": 0.6137566137566137, "test_time_millis": 4094.772989003104, "dataset_size": 943, "number_of_annotations": 2829, "train_size": 1695, "val_size": 567, "test_size": 567}}