{"Epoch0": {"train_loss_means": 0.3755131661891937, "val_loss_mean": 0.29832723736763, "val_f1_majority_bin": 0.3652777671813965, "val_f1_majority_macro": 0.661487356907032, "val_acc_majority": 0.9206804037094116, "val_f1_individual_binary": 0.3431442975997925, "val_f1_individual_macro": 0.6489575907463321, "val_acc_individual": 0.9153692126274109, "train_acc_means": 0.9460305571556091, "train_time_millis": 146632.61387500097, "eval_time_millis": 22108.664325001882}, "Epoch1": {"train_loss_means": 0.23975230753421783, "val_loss_mean": 0.30572718381881714, "val_f1_majority_bin": 0.3685714304447174, "val_f1_majority_macro": 0.6638662372460765, "val_acc_majority": 0.9232838749885559, "val_f1_individual_binary": 0.3462011218070984, "val_f1_individual_macro": 0.6512348681111699, "val_acc_individual": 0.9180206656455994, "train_acc_means": 0.9443249702453613, "train_time_millis": 147196.49328899686, "eval_time_millis": 22312.06108900369}, "Epoch2": {"train_loss_means": 0.1607772409915924, "val_loss_mean": 0.4311012625694275, "val_f1_majority_bin": 0.38218623399734497, "val_f1_majority_macro": 0.6736019432307399, "val_acc_majority": 0.9337846040725708, "val_f1_individual_binary": 0.350238174200058, "val_f1_individual_macro": 0.656204218248517, "val_acc_individual": 0.928503155708313, "train_acc_means": 0.9580696821212769, "train_time_millis": 147377.99408502178, "eval_time_millis": 22153.94746599486}, "Test_results": {"test_f1_majority_binary": 0.37671786546707153, "test_f1_majority_macro": 0.6706746354573458, "test_acc_majority": 0.9330613017082214, "test_f1_individual_binary": 0.35772356390953064, "test_f1_individual_macro": 0.6595790730908253, "test_acc_individual": 0.9272381067276001, "test_time_millis": 22372.9569260031, "dataset_size": 57628, "number_of_annotations": 57628}}