{"Epoch0": {"train_loss_means": 1.9486174583435059, "val_loss_mean": 2.024181365966797, "val_f1_majority_bin": 0.0, "val_f1_majority_macro": 0.4720423778693349, "val_acc_majority": 0.8940914273262024, "val_f1_individual_binary": 0.0, "val_f1_individual_macro": 0.4679176755447942, "val_acc_individual": 0.8794084191322327, "train_acc_means": 0.8473370671272278, "train_time_millis": 6716.270577999239, "eval_time_millis": 1356.5715909971914}, "Epoch1": {"train_loss_means": 1.8355066776275635, "val_loss_mean": 1.834997534751892, "val_f1_majority_bin": 0.0, "val_f1_majority_macro": 0.4720423778693349, "val_acc_majority": 0.8940914273262024, "val_f1_individual_binary": 0.0, "val_f1_individual_macro": 0.4679176755447942, "val_acc_individual": 0.8794084191322327, "train_acc_means": 0.8803114891052246, "train_time_millis": 5773.465643000236, "eval_time_millis": 1343.4324320005544}, "Epoch2": {"train_loss_means": 1.7960927486419678, "val_loss_mean": 1.7970846891403198, "val_f1_majority_bin": 0.0, "val_f1_majority_macro": 0.4720423778693349, "val_acc_majority": 0.8940914273262024, "val_f1_individual_binary": 0.0, "val_f1_individual_macro": 0.4679176755447942, "val_acc_individual": 0.8794084191322327, "train_acc_means": 0.8766195178031921, "train_time_millis": 5801.283571003296, "eval_time_millis": 1347.7245480025886}, "Epoch3": {"train_loss_means": 1.7740520238876343, "val_loss_mean": 1.797269582748413, "val_f1_majority_bin": 0.0, "val_f1_majority_macro": 0.4720423778693349, "val_acc_majority": 0.8940914273262024, "val_f1_individual_binary": 0.0, "val_f1_individual_macro": 0.4679176755447942, "val_acc_individual": 0.8794084191322327, "train_acc_means": 0.8795890212059021, "train_time_millis": 5794.327081002848, "eval_time_millis": 1350.2778000001854}, "Epoch4": {"train_loss_means": 1.7569420337677002, "val_loss_mean": 1.773220181465149, "val_f1_majority_bin": 0.0, "val_f1_majority_macro": 0.4720423778693349, "val_acc_majority": 0.8940914273262024, "val_f1_individual_binary": 0.1855670064687729, "val_f1_individual_macro": 0.5604462149376928, "val_acc_individual": 0.8801668286323547, "train_acc_means": 0.8813813924789429, "train_time_millis": 5800.173806997918, "eval_time_millis": 1343.5419029992772}, "Epoch5": {"train_loss_means": 1.7312121391296387, "val_loss_mean": 1.7922711372375488, "val_f1_majority_bin": 0.0, "val_f1_majority_macro": 0.4720423778693349, "val_acc_majority": 0.8940914273262024, "val_f1_individual_binary": 0.14325068891048431, "val_f1_individual_macro": 0.5399617320536962, "val_acc_individual": 0.8820629715919495, "train_acc_means": 0.8814685940742493, "train_time_millis": 5813.711851002154, "eval_time_millis": 1348.996184002317}, "Epoch6": {"train_loss_means": 1.6896170377731323, "val_loss_mean": 1.7526782751083374, "val_f1_majority_bin": 0.0, "val_f1_majority_macro": 0.4720423778693349, "val_acc_majority": 0.8940914273262024, "val_f1_individual_binary": 0.08284023404121399, "val_f1_individual_macro": 0.5100181734485437, "val_acc_individual": 0.8824421763420105, "train_acc_means": 0.8769642114639282, "train_time_millis": 5795.1537819972145, "eval_time_millis": 1344.6381069989002}, "Epoch7": {"train_loss_means": 1.6191059350967407, "val_loss_mean": 1.7175521850585938, "val_f1_majority_bin": 0.09090909361839294, "val_f1_majority_macro": 0.5157633340531202, "val_acc_majority": 0.8885172605514526, "val_f1_individual_binary": 0.14814814925193787, "val_f1_individual_macro": 0.5411900871459695, "val_acc_individual": 0.8778915405273438, "train_acc_means": 0.8707901835441589, "train_time_millis": 5828.973667001264, "eval_time_millis": 1350.6642050015216}, "Epoch8": {"train_loss_means": 1.5381842851638794, "val_loss_mean": 1.6904323101043701, "val_f1_majority_bin": 0.2639593780040741, "val_f1_majority_macro": 0.5865820748929624, "val_acc_majority": 0.8383500576019287, "val_f1_individual_binary": 0.2914728820323944, "val_f1_individual_macro": 0.5963737207795143, "val_acc_individual": 0.8266969919204712, "train_acc_means": 0.8721411824226379, "train_time_millis": 5845.0105839983735, "eval_time_millis": 1343.144498001493}, "Epoch9": {"train_loss_means": 1.4777358770370483, "val_loss_mean": 1.6847805976867676, "val_f1_majority_bin": 0.22499999403953552, "val_f1_majority_macro": 0.5745563035495717, "val_acc_majority": 0.8617614507675171, "val_f1_individual_binary": 0.2639405131340027, "val_f1_individual_macro": 0.5901628277906159, "val_acc_individual": 0.849829375743866, "train_acc_means": 0.8607383370399475, "train_time_millis": 5811.430830999598, "eval_time_millis": 1346.5150020019792}, "Test_results": {"test_f1_majority_binary": 0.1538461595773697, "test_f1_majority_macro": 0.5428462491659518, "test_acc_majority": 0.8738532066345215, "test_f1_individual_binary": 0.2145749032497406, "test_f1_individual_macro": 0.5656744077796709, "test_acc_individual": 0.8494957089424133, "test_time_millis": 1305.9626200010825, "dataset_size": 4338, "number_of_annotations": 12718}}