{"Epoch0": {"train_loss_means": 2.0502500534057617, "val_loss_mean": 1.923325538635254, "val_f1_majority_bin": 0.0, "val_f1_majority_macro": 0.4954731435535823, "val_acc_majority": 0.9820550680160522, "val_f1_individual_binary": 0.0, "val_f1_individual_macro": 0.49334841454480016, "val_acc_individual": 0.9737429618835449, "train_acc_means": 0.9532057046890259, "train_time_millis": 153989.82885399892, "eval_time_millis": 33433.23017600051}, "Epoch1": {"train_loss_means": 1.8089120388031006, "val_loss_mean": 1.8546196222305298, "val_f1_majority_bin": 0.0, "val_f1_majority_macro": 0.4954731435535823, "val_acc_majority": 0.9820550680160522, "val_f1_individual_binary": 0.0, "val_f1_individual_macro": 0.49334841454480016, "val_acc_individual": 0.9737429618835449, "train_acc_means": 0.9752278923988342, "train_time_millis": 155425.921809001, "eval_time_millis": 33414.332278989605}, "Epoch2": {"train_loss_means": 1.7028266191482544, "val_loss_mean": 1.674875020980835, "val_f1_majority_bin": 0.19908466935157776, "val_f1_majority_macro": 0.583852895329748, "val_acc_majority": 0.9396083354949951, "val_f1_individual_binary": 0.210841566324234, "val_f1_individual_macro": 0.587969760122046, "val_acc_individual": 0.9331523776054382, "train_acc_means": 0.9695684909820557, "train_time_millis": 156855.4480229941, "eval_time_millis": 33470.34704899124}, "Epoch3": {"train_loss_means": 1.4674651622772217, "val_loss_mean": 1.5134137868881226, "val_f1_majority_bin": 0.3451327383518219, "val_f1_majority_macro": 0.6627014587770435, "val_acc_majority": 0.9616944193840027, "val_f1_individual_binary": 0.31978732347488403, "val_f1_individual_macro": 0.648142151578764, "val_acc_individual": 0.9545639157295227, "train_acc_means": 0.9575700163841248, "train_time_millis": 157318.31598299323, "eval_time_millis": 33490.093230007915}, "Epoch4": {"train_loss_means": 1.361816167831421, "val_loss_mean": 1.4671756029129028, "val_f1_majority_bin": 0.29927006363868713, "val_f1_majority_macro": 0.6367548933836491, "val_acc_majority": 0.9503062963485718, "val_f1_individual_binary": 0.2926829159259796, "val_f1_individual_macro": 0.6317878448198111, "val_acc_individual": 0.9440864324569702, "train_acc_means": 0.9580614566802979, "train_time_millis": 156937.49592400854, "eval_time_millis": 33685.96653599525}, "Epoch5": {"train_loss_means": 1.295760989189148, "val_loss_mean": 1.448438048362732, "val_f1_majority_bin": 0.3504531681537628, "val_f1_majority_macro": 0.6656795168309606, "val_acc_majority": 0.9629022479057312, "val_f1_individual_binary": 0.3183925747871399, "val_f1_individual_macro": 0.6476287740468465, "val_acc_individual": 0.9552488923072815, "train_acc_means": 0.9584618806838989, "train_time_millis": 157123.46512600197, "eval_time_millis": 33688.14525599009}, "Epoch6": {"train_loss_means": 1.256550908088684, "val_loss_mean": 1.4403191804885864, "val_f1_majority_bin": 0.24952015280723572, "val_f1_majority_macro": 0.6070997335053325, "val_acc_majority": 0.932533860206604, "val_f1_individual_binary": 0.25533008575439453, "val_f1_individual_macro": 0.6083236737101463, "val_acc_individual": 0.9264549016952515, "train_acc_means": 0.9591887593269348, "train_time_millis": 156956.6320090089, "eval_time_millis": 33701.89678200404}, "Epoch7": {"train_loss_means": 1.2152808904647827, "val_loss_mean": 1.4258363246917725, "val_f1_majority_bin": 0.3426183760166168, "val_f1_majority_macro": 0.6608034941948591, "val_acc_majority": 0.9592787623405457, "val_f1_individual_binary": 0.31670281291007996, "val_f1_individual_macro": 0.6459286414756131, "val_acc_individual": 0.9520523548126221, "train_acc_means": 0.9580631256103516, "train_time_millis": 157105.23200500757, "eval_time_millis": 33517.016637997585}, "Epoch8": {"train_loss_means": 1.1706923246383667, "val_loss_mean": 1.3942328691482544, "val_f1_majority_bin": 0.2975778579711914, "val_f1_majority_macro": 0.6351433974230253, "val_acc_majority": 0.9474592208862305, "val_f1_individual_binary": 0.2905569076538086, "val_f1_individual_macro": 0.6297618481283818, "val_acc_individual": 0.940534770488739, "train_acc_means": 0.9577655792236328, "train_time_millis": 157178.80008999782, "eval_time_millis": 33519.085821011686}, "Epoch9": {"train_loss_means": 1.1422200202941895, "val_loss_mean": 1.392931342124939, "val_f1_majority_bin": 0.3237597942352295, "val_f1_majority_macro": 0.6503256485949053, "val_acc_majority": 0.9553101658821106, "val_f1_individual_binary": 0.30899256467819214, "val_f1_individual_macro": 0.6410272915771467, "val_acc_individual": 0.9481455087661743, "train_acc_means": 0.9581342935562134, "train_time_millis": 157411.074439995, "eval_time_millis": 33522.55085601064}, "Test_results": {"test_f1_majority_binary": 0.34159061312675476, "test_f1_majority_macro": 0.6595325382008288, "test_acc_majority": 0.9564392566680908, "test_f1_individual_binary": 0.3160083293914795, "test_f1_individual_macro": 0.6449936916310068, "test_acc_individual": 0.9498654007911682, "test_time_millis": 33762.41229500738, "dataset_size": 57970, "number_of_annotations": 196766}}