{"Epoch0": {"train_loss_means": 0.038022227585315704, "val_loss_mean": 0.034486740827560425, "val_f1_majority_bin": 0.2005730659025788, "val_f1_majority_macro": 0.5384240052351031, "val_acc_majority": 0.7857142857142857, "val_f1_individual_binary": 0.20187304890738814, "val_f1_individual_macro": 0.5375585703965134, "val_acc_individual": 0.7812321734169995, "train_time_millis": 10624.367263997556, "eval_time_millis": 3450.1045619981596}, "Epoch1": {"train_loss_means": 0.02490110695362091, "val_loss_mean": 0.035130053758621216, "val_f1_majority_bin": 0.2677824267782427, "val_f1_majority_macro": 0.5968933275540262, "val_acc_majority": 0.8655913978494624, "val_f1_individual_binary": 0.2598187311178248, "val_f1_individual_macro": 0.5913266883935581, "val_acc_individual": 0.8602395892755277, "train_time_millis": 10647.309873995255, "eval_time_millis": 3444.0818180009956}, "Epoch2": {"train_loss_means": 0.01775762252509594, "val_loss_mean": 0.04131791368126869, "val_f1_majority_bin": 0.32432432432432434, "val_f1_majority_macro": 0.6363250393841546, "val_acc_majority": 0.9039938556067588, "val_f1_individual_binary": 0.2907662082514735, "val_f1_individual_macro": 0.6176266840119431, "val_acc_individual": 0.897033656588705, "train_time_millis": 10633.20823200047, "eval_time_millis": 3438.5299409914296}, "Epoch3": {"train_loss_means": 0.013168870471417904, "val_loss_mean": 0.040847476571798325, "val_f1_majority_bin": 0.22297297297297297, "val_f1_majority_macro": 0.5616597967117898, "val_acc_majority": 0.8233486943164362, "val_f1_individual_binary": 0.22744128553770088, "val_f1_individual_macro": 0.5633417938247911, "val_acc_individual": 0.8217341699942955, "train_time_millis": 10648.646900997846, "eval_time_millis": 3441.3823049981147}, "Epoch4": {"train_loss_means": 0.010878391563892365, "val_loss_mean": 0.057248540222644806, "val_f1_majority_bin": 0.33879781420765026, "val_f1_majority_macro": 0.6444092334152667, "val_acc_majority": 0.9070660522273426, "val_f1_individual_binary": 0.3170254403131116, "val_f1_individual_macro": 0.6316706958526026, "val_acc_individual": 0.9004563605248146, "train_time_millis": 10608.208985999227, "eval_time_millis": 3448.425551992841}, "Epoch5": {"train_loss_means": 0.009196403436362743, "val_loss_mean": 0.07896070182323456, "val_f1_majority_bin": 0.3194444444444444, "val_f1_majority_macro": 0.6398035230352304, "val_acc_majority": 0.9247311827956989, "val_f1_individual_binary": 0.3054187192118227, "val_f1_individual_macro": 0.6313651270900168, "val_acc_individual": 0.9195664575014262, "train_time_millis": 10628.347132995259, "eval_time_millis": 3445.5472760018893}, "Epoch6": {"train_loss_means": 0.008583374321460724, "val_loss_mean": 0.07321377098560333, "val_f1_majority_bin": 0.35714285714285715, "val_f1_majority_macro": 0.6564039408866995, "val_acc_majority": 0.9170506912442397, "val_f1_individual_binary": 0.3282937365010799, "val_f1_individual_macro": 0.640402785184423, "val_acc_individual": 0.9112949229891615, "train_time_millis": 10634.02487199346, "eval_time_millis": 3442.413440992823}, "Epoch7": {"train_loss_means": 0.007889145985245705, "val_loss_mean": 0.09734757244586945, "val_f1_majority_bin": 0.34920634920634924, "val_f1_majority_macro": 0.6580575733118106, "val_acc_majority": 0.9370199692780338, "val_f1_individual_binary": 0.30945558739255014, "val_f1_individual_macro": 0.6366428469755787, "val_acc_individual": 0.9312606959498003, "train_time_millis": 10650.530497994623, "eval_time_millis": 3433.3607019943884}, "Epoch8": {"train_loss_means": 0.007492360193282366, "val_loss_mean": 0.10632117837667465, "val_f1_majority_bin": 0.3577235772357724, "val_f1_majority_macro": 0.6629407890209496, "val_acc_majority": 0.9393241167434716, "val_f1_individual_binary": 0.313953488372093, "val_f1_individual_macro": 0.6392802834781881, "val_acc_individual": 0.932686822589846, "train_time_millis": 10635.369751995313, "eval_time_millis": 3439.870903006522}, "Epoch9": {"train_loss_means": 0.007343962322920561, "val_loss_mean": 0.10213453322649002, "val_f1_majority_bin": 0.3464566929133858, "val_f1_majority_macro": 0.6564742083864467, "val_acc_majority": 0.9362519201228878, "val_f1_individual_binary": 0.30594900849858353, "val_f1_individual_macro": 0.634578348670376, "val_acc_individual": 0.9301197946377638, "train_time_millis": 10629.24858801125, "eval_time_millis": 2432.034408004256}, "Test_results": {"test_f1_majority_binary": 0.3577235772357724, "test_f1_majority_macro": 0.6629407890209496, "test_acc_majority": 0.9393241167434716, "test_f1_individual_binary": 0.313953488372093, "test_f1_individual_macro": 0.6392802834781881, "test_acc_individual": 0.932686822589846, "test_time_millis": 3438.1372220086632, "dataset_size": 6614, "number_of_annotations": 17374, "train_size": 10566, "val_size": 3506, "test_size": 3302}}