{"Epoch0": {"train_loss_means": 0.04731878265738487, "val_loss_mean": 0.04283418878912926, "val_f1_majority_bin": 0.549618320610687, "val_f1_majority_macro": 0.768261461987769, "val_acc_majority": 0.97454921922181, "val_f1_individual_binary": 0.4466720128307939, "val_f1_individual_macro": 0.7142825516695497, "val_acc_individual": 0.9649336789144687, "train_time_millis": 114892.47400104068, "eval_time_millis": 16925.70409795735}, "Epoch1": {"train_loss_means": 0.038320139050483704, "val_loss_mean": 0.042774587869644165, "val_f1_majority_bin": 0.5403726708074533, "val_f1_majority_macro": 0.763619648031289, "val_acc_majority": 0.9744629453886636, "val_f1_individual_binary": 0.4494290375203915, "val_f1_individual_macro": 0.7158627562759322, "val_acc_individual": 0.965695990242415, "train_time_millis": 115593.50097697461, "eval_time_millis": 16925.587696954608}, "Epoch2": {"train_loss_means": 0.031715959310531616, "val_loss_mean": 0.04725966230034828, "val_f1_majority_bin": 0.4886515353805073, "val_f1_majority_macro": 0.7357892366868212, "val_acc_majority": 0.9669571219049262, "val_f1_individual_binary": 0.42419928825622777, "val_f1_individual_macro": 0.7014406017291047, "val_acc_individual": 0.9588860090460944, "train_time_millis": 115620.08419196354, "eval_time_millis": 16912.690286000725}, "Epoch3": {"train_loss_means": 0.025983454659581184, "val_loss_mean": 0.060354460030794144, "val_f1_majority_bin": 0.4660691421254802, "val_f1_majority_macro": 0.7237269508672132, "val_acc_majority": 0.9640238115779484, "val_f1_individual_binary": 0.41435897435897434, "val_f1_individual_macro": 0.695877480133052, "val_acc_individual": 0.9564720231742644, "train_time_millis": 115772.39666302921, "eval_time_millis": 16929.100001987536}, "Epoch4": {"train_loss_means": 0.022436300292611122, "val_loss_mean": 0.07468802481889725, "val_f1_majority_bin": 0.4889543446244477, "val_f1_majority_macro": 0.7367670892121927, "val_acc_majority": 0.9700629798981969, "val_f1_individual_binary": 0.419367434595861, "val_f1_individual_macro": 0.6999197082102449, "val_acc_individual": 0.96221476851146, "train_time_millis": 115474.77361600613, "eval_time_millis": 16796.394089004025}, "Epoch5": {"train_loss_means": 0.02070138230919838, "val_loss_mean": 0.08069775253534317, "val_f1_majority_bin": 0.46013071895424834, "val_f1_majority_macro": 0.7208536005441715, "val_acc_majority": 0.964368906910534, "val_f1_individual_binary": 0.40804996530187376, "val_f1_individual_macro": 0.6927755431446989, "val_acc_individual": 0.9566498958174519, "train_time_millis": 115977.30907402001, "eval_time_millis": 14947.10735802073}, "Epoch6": {"train_loss_means": 0.019231528043746948, "val_loss_mean": 0.0960119441151619, "val_f1_majority_bin": 0.48439821693907875, "val_f1_majority_macro": 0.7344910805695882, "val_acc_majority": 0.9700629798981969, "val_f1_individual_binary": 0.41598119858989424, "val_f1_individual_macro": 0.6982013536774565, "val_acc_individual": 0.9621131270010672, "train_time_millis": 115724.10212596878, "eval_time_millis": 16888.797797029838}, "Epoch7": {"train_loss_means": 0.018652861937880516, "val_loss_mean": 0.0955076515674591, "val_f1_majority_bin": 0.4494680851063829, "val_f1_majority_macro": 0.7155053310061563, "val_acc_majority": 0.9642826330773876, "val_f1_individual_binary": 0.39493136219640973, "val_f1_individual_macro": 0.6861366447582943, "val_acc_individual": 0.9563195609086751, "train_time_millis": 115702.23104598699, "eval_time_millis": 17070.87091100402}, "Epoch8": {"train_loss_means": 0.017945509403944016, "val_loss_mean": 0.10294922441244125, "val_f1_majority_bin": 0.4583901773533424, "val_f1_majority_macro": 0.720352823987821, "val_acc_majority": 0.9657492882408766, "val_f1_individual_binary": 0.39985564778058463, "val_f1_individual_macro": 0.6889779575537238, "val_acc_individual": 0.957742542054175, "train_time_millis": 115711.65155799827, "eval_time_millis": 16932.933566975407}, "Epoch9": {"train_loss_means": 0.01733190007507801, "val_loss_mean": 0.10877211391925812, "val_f1_majority_bin": 0.478955007256894, "val_f1_majority_macro": 0.7314972431029502, "val_acc_majority": 0.96902769390044, "val_f1_individual_binary": 0.40842911877394633, "val_f1_individual_macro": 0.6940697461198703, "val_acc_individual": 0.9607663769883621, "train_time_millis": 115673.80495998077, "eval_time_millis": 16921.292160986923}, "Test_results": {"test_f1_majority_binary": 0.5403726708074533, "test_f1_majority_macro": 0.763619648031289, "test_acc_majority": 0.9744629453886636, "test_f1_individual_binary": 0.4494290375203915, "test_f1_individual_macro": 0.7158627562759322, "test_acc_individual": 0.965695990242415, "test_time_millis": 15669.408189016394, "dataset_size": 57970, "number_of_annotations": 196766, "train_size": 117912, "val_size": 39354, "test_size": 39500}}