{"Epoch0": {"train_loss_means": 0.06780607253313065, "val_loss_mean": 0.057784538716077805, "val_f1_majority_bin": 0.4392614188532556, "val_f1_majority_macro": 0.7063584087411606, "val_acc_majority": 0.9493103751207942, "val_f1_individual_binary": 0.4070499370541335, "val_f1_individual_macro": 0.6901511256058332, "val_acc_individual": 0.9488136207208839, "train_time_millis": 85813.33795400133, "eval_time_millis": 13713.16317200035}, "Epoch1": {"train_loss_means": 0.05415451154112816, "val_loss_mean": 0.05747334659099579, "val_f1_majority_bin": 0.47727272727272724, "val_f1_majority_macro": 0.7281273624483896, "val_acc_majority": 0.959588860581569, "val_f1_individual_binary": 0.42349457058242845, "val_f1_individual_macro": 0.7007665392021649, "val_acc_individual": 0.9576888244883174, "train_time_millis": 85892.51032299944, "eval_time_millis": 12794.70293200211}, "Epoch2": {"train_loss_means": 0.04862599074840546, "val_loss_mean": 0.05609181150794029, "val_f1_majority_bin": 0.4409171075837742, "val_f1_majority_macro": 0.7058043378155557, "val_acc_majority": 0.944302907845032, "val_f1_individual_binary": 0.40732265446224264, "val_f1_individual_macro": 0.6888860933374574, "val_acc_individual": 0.9437058503894222, "train_time_millis": 85695.71005000034, "eval_time_millis": 13911.299892999523}, "Epoch3": {"train_loss_means": 0.04399818927049637, "val_loss_mean": 0.05787549540400505, "val_f1_majority_bin": 0.42821985233798193, "val_f1_majority_macro": 0.6979359808401748, "val_acc_majority": 0.9387683387507687, "val_f1_individual_binary": 0.396551724137931, "val_f1_individual_macro": 0.6822532778550259, "val_acc_individual": 0.9391414598804564, "train_time_millis": 85900.33600699826, "eval_time_millis": 13900.02678000019}, "Epoch4": {"train_loss_means": 0.03982001915574074, "val_loss_mean": 0.06372459977865219, "val_f1_majority_bin": 0.4394618834080717, "val_f1_majority_macro": 0.7052974282404545, "val_acc_majority": 0.9450935605727839, "val_f1_individual_binary": 0.40420560747663553, "val_f1_individual_macro": 0.6875706810986004, "val_acc_individual": 0.9445752581054156, "train_time_millis": 85807.37194600079, "eval_time_millis": 13931.027810998785}, "Epoch5": {"train_loss_means": 0.036646533757448196, "val_loss_mean": 0.07019947469234467, "val_f1_majority_bin": 0.4231082180634662, "val_f1_majority_macro": 0.6950940635286453, "val_acc_majority": 0.9377141351137661, "val_f1_individual_binary": 0.39079646017699116, "val_f1_individual_macro": 0.678971772132974, "val_acc_individual": 0.9376562216989676, "train_time_millis": 85759.97723499677, "eval_time_millis": 13976.671369000542}, "Epoch6": {"train_loss_means": 0.03381384536623955, "val_loss_mean": 0.07720410078763962, "val_f1_majority_bin": 0.4169944925255704, "val_f1_majority_macro": 0.6912606796193798, "val_acc_majority": 0.9349029254150927, "val_f1_individual_binary": 0.3810511756569848, "val_f1_individual_macro": 0.6734186647809753, "val_acc_individual": 0.9351566745154863, "train_time_millis": 85630.47728500169, "eval_time_millis": 13869.87681699975}, "Epoch7": {"train_loss_means": 0.03165377303957939, "val_loss_mean": 0.07917298376560211, "val_f1_majority_bin": 0.4065524944154877, "val_f1_majority_macro": 0.6846747441502823, "val_acc_majority": 0.9299833084424142, "val_f1_individual_binary": 0.3720472440944882, "val_f1_individual_macro": 0.6676769328865524, "val_acc_individual": 0.93066473464952, "train_time_millis": 85949.94607300032, "eval_time_millis": 13798.273417000019}, "Epoch8": {"train_loss_means": 0.030154382809996605, "val_loss_mean": 0.08571433275938034, "val_f1_majority_bin": 0.41640378548895896, "val_f1_majority_macro": 0.6909909894046338, "val_acc_majority": 0.9349907757181762, "val_f1_individual_binary": 0.3853146853146853, "val_f1_individual_macro": 0.6758665117117839, "val_acc_individual": 0.9363158848034776, "train_time_millis": 85919.08016800153, "eval_time_millis": 13710.35203000065}, "Epoch9": {"train_loss_means": 0.02927504852414131, "val_loss_mean": 0.08836735785007477, "val_f1_majority_bin": 0.42028985507246375, "val_f1_majority_macro": 0.693419411832831, "val_acc_majority": 0.9367477817798472, "val_f1_individual_binary": 0.3837664649341403, "val_f1_individual_macro": 0.6753663721018099, "val_acc_individual": 0.9372939684839703, "train_time_millis": 85837.8326029997, "eval_time_millis": 13917.905836999125}, "Test_results": {"test_f1_majority_binary": 0.47727272727272724, "test_f1_majority_macro": 0.7281273624483896, "test_acc_majority": 0.959588860581569, "test_f1_individual_binary": 0.42349457058242845, "test_f1_individual_macro": 0.7007665392021649, "test_acc_individual": 0.9576888244883174, "test_time_millis": 13921.787572999165, "dataset_size": 56941, "number_of_annotations": 137775, "train_size": 82710, "val_size": 27605, "test_size": 27460}}