{"Epoch0": {"train_loss_means": 1.5763572454452515, "val_loss_mean": 1.1195859909057617, "val_f1_majority_bin": 0.4070660471916199, "val_f1_majority_macro": 0.6858249795038907, "val_acc_majority": 0.9331601858139038, "val_f1_individual_binary": 0.37734878063201904, "val_f1_individual_macro": 0.6700807131374856, "val_acc_individual": 0.9298169016838074, "train_acc_means": 0.9206451773643494, "train_time_millis": 185691.03569490835, "eval_time_millis": 33159.13424175233}, "Epoch1": {"train_loss_means": 0.991929292678833, "val_loss_mean": 0.9036960005760193, "val_f1_majority_bin": 0.48414984345436096, "val_f1_majority_macro": 0.7299030253291116, "val_acc_majority": 0.9535064697265625, "val_f1_individual_binary": 0.4356310963630676, "val_f1_individual_macro": 0.7041820197501423, "val_acc_individual": 0.947979211807251, "train_acc_means": 0.9444514513015747, "train_time_millis": 186501.53144495562, "eval_time_millis": 32749.92142478004}, "Epoch2": {"train_loss_means": 0.7891228795051575, "val_loss_mean": 0.8670281767845154, "val_f1_majority_bin": 0.48261758685112, "val_f1_majority_macro": 0.7298722144848728, "val_acc_majority": 0.9561904668807983, "val_f1_individual_binary": 0.4538958966732025, "val_f1_individual_macro": 0.7147879293545624, "val_acc_individual": 0.9534336924552917, "train_acc_means": 0.9514926075935364, "train_time_millis": 187337.63317437842, "eval_time_millis": 33164.44013128057}, "Epoch3": {"train_loss_means": 0.6755205392837524, "val_loss_mean": 0.8795558214187622, "val_f1_majority_bin": 0.46451613306999207, "val_f1_majority_macro": 0.7190625160264629, "val_acc_majority": 0.949696958065033, "val_f1_individual_binary": 0.43603935837745667, "val_f1_individual_macro": 0.7040584731690014, "val_acc_individual": 0.9467896819114685, "train_acc_means": 0.9573912620544434, "train_time_millis": 188127.27869860828, "eval_time_millis": 32971.844227053225}, "Epoch4": {"train_loss_means": 0.5819941163063049, "val_loss_mean": 0.9089096784591675, "val_f1_majority_bin": 0.4475524425506592, "val_f1_majority_macro": 0.7093838025701753, "val_acc_majority": 0.9452813863754272, "val_f1_individual_binary": 0.4203784465789795, "val_f1_individual_macro": 0.6949905232060946, "val_acc_individual": 0.9422345757484436, "train_acc_means": 0.9601036310195923, "train_time_millis": 188243.15635114908, "eval_time_millis": 32858.057683799416}, "Test_results": {"test_f1_majority_binary": 0.4080846905708313, "test_f1_majority_macro": 0.6901075135907083, "test_acc_majority": 0.9467670917510986, "test_f1_individual_binary": 0.4009779989719391, "test_f1_individual_macro": 0.6856634249550908, "test_acc_individual": 0.9434946775436401, "test_time_millis": 32976.27428686246, "dataset_size": 57784, "number_of_annotations": 173255}}