{"Epoch0": {"train_loss_means": 0.04427535831928253, "val_loss_mean": 0.044132355600595474, "val_f1_majority_bin": 0.04519774011299436, "val_f1_majority_macro": 0.493867146153063, "val_acc_majority": 0.8915971776779987, "val_f1_individual_binary": 0.08087091757387248, "val_f1_individual_macro": 0.5098358937046126, "val_acc_individual": 0.885242718446602, "train_time_millis": 4998.239208001905, "eval_time_millis": 4356.521607001923}, "Epoch1": {"train_loss_means": 0.04060652107000351, "val_loss_mean": 0.03801770508289337, "val_f1_majority_bin": 0.12300683371298404, "val_f1_majority_macro": 0.4896482470169997, "val_acc_majority": 0.7530468248877485, "val_f1_individual_binary": 0.14219269102990031, "val_f1_individual_macro": 0.4977023716661724, "val_acc_individual": 0.7493203883495145, "train_time_millis": 4899.284623999847, "eval_time_millis": 3257.899809999799}, "Epoch2": {"train_loss_means": 0.03399118781089783, "val_loss_mean": 0.03985128179192543, "val_f1_majority_bin": 0.2393162393162393, "val_f1_majority_macro": 0.6048297291216318, "val_acc_majority": 0.9429121231558691, "val_f1_individual_binary": 0.24657534246575347, "val_f1_individual_macro": 0.6065567850029031, "val_acc_individual": 0.9359223300970874, "train_time_millis": 4912.796702999913, "eval_time_millis": 4288.55959700013}, "Epoch3": {"train_loss_means": 0.028151586651802063, "val_loss_mean": 0.03208472207188606, "val_f1_majority_bin": 0.1921708185053381, "val_f1_majority_macro": 0.5560783595522814, "val_acc_majority": 0.8543938422065427, "val_f1_individual_binary": 0.21250000000000002, "val_f1_individual_macro": 0.5657789079229123, "val_acc_individual": 0.8532038834951456, "train_time_millis": 4915.577449999546, "eval_time_millis": 4302.250608998293}, "Epoch4": {"train_loss_means": 0.0234235767275095, "val_loss_mean": 0.03525593504309654, "val_f1_majority_bin": 0.2639593908629442, "val_f1_majority_macro": 0.6071594283996337, "val_acc_majority": 0.9069916613213599, "val_f1_individual_binary": 0.2621082621082621, "val_f1_individual_macro": 0.6040693425565274, "val_acc_individual": 0.8994174757281553, "train_time_millis": 4941.162152001198, "eval_time_millis": 4290.160304000892}, "Epoch5": {"train_loss_means": 0.02048642747104168, "val_loss_mean": 0.03334223851561546, "val_f1_majority_bin": 0.18831168831168832, "val_f1_majority_macro": 0.5496718583907196, "val_acc_majority": 0.8396407953816549, "val_f1_individual_binary": 0.21102661596958175, "val_f1_individual_macro": 0.5606387405107425, "val_acc_individual": 0.8388349514563107, "train_time_millis": 4945.893322001211, "eval_time_millis": 4289.267258998734}, "Epoch6": {"train_loss_means": 0.01817971095442772, "val_loss_mean": 0.035391151905059814, "val_f1_majority_bin": 0.20863309352517986, "val_f1_majority_macro": 0.5655841523963927, "val_acc_majority": 0.8588838999358563, "val_f1_individual_binary": 0.23044397463002114, "val_f1_individual_macro": 0.5763081536609588, "val_acc_individual": 0.8586407766990292, "train_time_millis": 4927.111983997747, "eval_time_millis": 4339.128731997334}, "Epoch7": {"train_loss_means": 0.017163043841719627, "val_loss_mean": 0.038548942655324936, "val_f1_majority_bin": 0.23580786026200873, "val_f1_majority_macro": 0.5876166334885675, "val_acc_majority": 0.8877485567671585, "val_f1_individual_binary": 0.2487437185929648, "val_f1_individual_macro": 0.5929114215860447, "val_acc_individual": 0.883883495145631, "train_time_millis": 4930.1537859973905, "eval_time_millis": 4316.6197309983545}, "Epoch8": {"train_loss_means": 0.015726720914244652, "val_loss_mean": 0.038390934467315674, "val_f1_majority_bin": 0.23140495867768593, "val_f1_majority_macro": 0.58336590075748, "val_acc_majority": 0.8806927517639512, "val_f1_individual_binary": 0.24113475177304963, "val_f1_individual_macro": 0.5866134939317966, "val_acc_individual": 0.8753398058252427, "train_time_millis": 4905.22397499808, "eval_time_millis": 4298.780130000523}, "Epoch9": {"train_loss_means": 0.01494923047721386, "val_loss_mean": 0.04050220176577568, "val_f1_majority_bin": 0.25116279069767444, "val_f1_majority_macro": 0.5978514607983723, "val_acc_majority": 0.8967286722257858, "val_f1_individual_binary": 0.259946949602122, "val_f1_individual_macro": 0.6007465734811364, "val_acc_individual": 0.8916504854368932, "train_time_millis": 4901.3314790026925, "eval_time_millis": 3787.6563070021803}, "Test_results": {"test_f1_majority_binary": 0.2393162393162393, "test_f1_majority_macro": 0.6048297291216318, "test_acc_majority": 0.9429121231558691, "test_f1_individual_binary": 0.24657534246575347, "test_f1_individual_macro": 0.6065567850029031, "test_acc_individual": 0.9359223300970874, "test_time_millis": 3944.1646140003286, "dataset_size": 4414, "number_of_annotations": 14729, "train_size": 4700, "val_size": 5150, "test_size": 4879}}