{"Epoch0": {"train_loss_means": 0.200977623462677, "val_loss_mean": 0.16051660478115082, "val_f1_majority_bin": 0.5333333333333333, "val_f1_majority_macro": 0.6589743589743591, "val_acc_majority": 0.7052631578947368, "val_f1_individual_binary": 0.46120689655172414, "val_f1_individual_macro": 0.61223223615465, "val_acc_individual": 0.6710526315789473, "train_time_millis": 583.5005089757033, "eval_time_millis": 316.67868699878454}, "Epoch1": {"train_loss_means": 0.143095463514328, "val_loss_mean": 0.12878262996673584, "val_f1_majority_bin": 0.6511627906976744, "val_f1_majority_macro": 0.7745609871855719, "val_acc_majority": 0.8421052631578947, "val_f1_individual_binary": 0.54320987654321, "val_f1_individual_macro": 0.7097320285726083, "val_acc_individual": 0.8052631578947368, "train_time_millis": 582.7025379985571, "eval_time_millis": 1232.883121992927}, "Epoch2": {"train_loss_means": 0.10237559676170349, "val_loss_mean": 0.12839634716510773, "val_f1_majority_bin": 0.6352941176470588, "val_f1_majority_macro": 0.7651046859421735, "val_acc_majority": 0.8368421052631579, "val_f1_individual_binary": 0.5139318885448917, "val_f1_individual_macro": 0.6913853260602487, "val_acc_individual": 0.7934210526315789, "train_time_millis": 584.7280349698849, "eval_time_millis": 1485.3622919763438}, "Epoch3": {"train_loss_means": 0.08984255790710449, "val_loss_mean": 0.15048553049564362, "val_f1_majority_bin": 0.676470588235294, "val_f1_majority_macro": 0.8029788838612368, "val_acc_majority": 0.8842105263157894, "val_f1_individual_binary": 0.5433070866141733, "val_f1_individual_macro": 0.7258399572091403, "val_acc_individual": 0.8473684210526315, "train_time_millis": 575.4197030328214, "eval_time_millis": 1792.207297985442}, "Epoch4": {"train_loss_means": 0.07788847386837006, "val_loss_mean": 0.13208456337451935, "val_f1_majority_bin": 0.6428571428571429, "val_f1_majority_macro": 0.7707528957528957, "val_acc_majority": 0.8421052631578947, "val_f1_individual_binary": 0.5233644859813085, "val_f1_individual_macro": 0.6978790736828978, "val_acc_individual": 0.7986842105263158, "train_time_millis": 570.6568010500632, "eval_time_millis": 1434.696962009184}, "Epoch5": {"train_loss_means": 0.07647374272346497, "val_loss_mean": 0.15698325634002686, "val_f1_majority_bin": 0.7058823529411765, "val_f1_majority_macro": 0.8208898944193062, "val_acc_majority": 0.8947368421052632, "val_f1_individual_binary": 0.5612648221343873, "val_f1_individual_macro": 0.7368281490308874, "val_acc_individual": 0.8539473684210527, "train_time_millis": 585.0531090400182, "eval_time_millis": 1486.9141730014235}, "Epoch6": {"train_loss_means": 0.07911929488182068, "val_loss_mean": 0.1472911834716797, "val_f1_majority_bin": 0.676056338028169, "val_f1_majority_macro": 0.80081134053512, "val_acc_majority": 0.8789473684210526, "val_f1_individual_binary": 0.5313653136531366, "val_f1_individual_macro": 0.7148419842885378, "val_acc_individual": 0.8328947368421052, "train_time_millis": 579.884191043675, "eval_time_millis": 926.5900760074146}, "Epoch7": {"train_loss_means": 0.07119818776845932, "val_loss_mean": 0.1643778383731842, "val_f1_majority_bin": 0.7272727272727272, "val_f1_majority_macro": 0.834973943254198, "val_acc_majority": 0.9052631578947369, "val_f1_individual_binary": 0.5725806451612903, "val_f1_individual_macro": 0.7446236559139785, "val_acc_individual": 0.8605263157894737, "train_time_millis": 573.9319029962644, "eval_time_millis": 1177.1647689747624}, "Epoch8": {"train_loss_means": 0.07420513033866882, "val_loss_mean": 0.15540079772472382, "val_f1_majority_bin": 0.6944444444444444, "val_f1_majority_macro": 0.8115079365079365, "val_acc_majority": 0.8842105263157894, "val_f1_individual_binary": 0.5488721804511278, "val_f1_individual_macro": 0.7265892002734109, "val_acc_individual": 0.8421052631578947, "train_time_millis": 581.3330099917948, "eval_time_millis": 1742.609712004196}, "Epoch9": {"train_loss_means": 0.07220909744501114, "val_loss_mean": 0.15949492156505585, "val_f1_majority_bin": 0.7058823529411765, "val_f1_majority_macro": 0.8208898944193062, "val_acc_majority": 0.8947368421052632, "val_f1_individual_binary": 0.5482625482625482, "val_f1_individual_macro": 0.7277395215539545, "val_acc_individual": 0.8460526315789474, "train_time_millis": 582.0884099812247, "eval_time_millis": 518.7105250079185}, "Test_results": {"test_f1_majority_binary": 0.7272727272727272, "test_f1_majority_macro": 0.834973943254198, "test_acc_majority": 0.9052631578947369, "test_f1_individual_binary": 0.5725806451612903, "test_f1_individual_macro": 0.7446236559139785, "test_acc_individual": 0.8605263157894737, "test_time_millis": 2145.244735002052, "dataset_size": 495, "number_of_annotations": 1980, "train_size": 456, "val_size": 760, "test_size": 764}}