{"Epoch0": {"train_loss_means": 0.3040695786476135, "val_loss_mean": 0.22476738691329956, "val_f1_majority_bin": 0.5344352722167969, "val_f1_majority_macro": 0.7591615721258029, "val_acc_majority": 0.9688536524772644, "val_f1_individual_binary": 0.5344352722167969, "val_f1_individual_macro": 0.7591615721258029, "val_acc_individual": 0.9688536524772644, "train_acc_means": 0.9640751481056213, "train_time_millis": 307162.9375, "eval_time_millis": 15552.9189453125}, "Epoch1": {"train_loss_means": 0.1917485147714615, "val_loss_mean": 0.23090346157550812, "val_f1_majority_bin": 0.4759725332260132, "val_f1_majority_macro": 0.726992511021443, "val_acc_majority": 0.9577957987785339, "val_f1_individual_binary": 0.4759725332260132, "val_f1_individual_macro": 0.726992511021443, "val_acc_individual": 0.9577957987785339, "train_acc_means": 0.9661247134208679, "train_time_millis": 307076.09375, "eval_time_millis": 14472.5048828125}, "Epoch2": {"train_loss_means": 0.13710729777812958, "val_loss_mean": 0.2827756106853485, "val_f1_majority_bin": 0.4579439163208008, "val_f1_majority_macro": 0.7178437968455255, "val_acc_majority": 0.9572429060935974, "val_f1_individual_binary": 0.4579439163208008, "val_f1_individual_macro": 0.7178437968455255, "val_acc_individual": 0.9572429060935974, "train_acc_means": 0.9691414833068848, "train_time_millis": 311810.59375, "eval_time_millis": 15247.447265625}, "Test_results": {"test_f1_majority_binary": 0.4672897160053253, "test_f1_majority_macro": 0.7227106568589311, "test_acc_majority": 0.9579878449440002, "test_f1_individual_binary": 0.4672897160053253, "test_f1_individual_macro": 0.7227106568589311, "test_acc_individual": 0.9579878449440002, "test_time_millis": 10235.271484375, "dataset_size": 58011, "number_of_annotations": 58011}}