{"Epoch0": {"train_loss_means": 0.4768316149711609, "val_loss_mean": 0.4006813168525696, "val_f1_majority_bin": 0.015037594363093376, "val_f1_majority_macro": 0.5046770251151763, "val_acc_majority": 0.9886981248855591, "val_f1_individual_binary": 0.009493670426309109, "val_f1_individual_macro": 0.5007332945510831, "val_acc_individual": 0.9840748906135559, "train_acc_means": 0.9328893423080444, "train_time_millis": 32420.168051030487, "eval_time_millis": 22694.732890930027}, "Epoch1": {"train_loss_means": 0.24852989614009857, "val_loss_mean": 0.18309994041919708, "val_f1_majority_bin": 0.4881889820098877, "val_f1_majority_macro": 0.7398183599489869, "val_acc_majority": 0.983176589012146, "val_f1_individual_binary": 0.4354194402694702, "val_f1_individual_macro": 0.7122115098847404, "val_acc_individual": 0.9784273505210876, "train_acc_means": 0.9829661846160889, "train_time_millis": 32698.553576134145, "eval_time_millis": 22767.27920770645}, "Epoch2": {"train_loss_means": 0.09168339520692825, "val_loss_mean": 0.19092150032520294, "val_f1_majority_bin": 0.48910412192344666, "val_f1_majority_macro": 0.7399185652043574, "val_acc_majority": 0.9817962050437927, "val_f1_individual_binary": 0.43761754035949707, "val_f1_individual_macro": 0.712985841423339, "val_acc_individual": 0.9771807789802551, "train_acc_means": 0.9918032884597778, "train_time_millis": 32797.82296111807, "eval_time_millis": 22772.15318987146}, "Epoch3": {"train_loss_means": 0.04679818078875542, "val_loss_mean": 0.323801726102829, "val_f1_majority_bin": 0.5290322303771973, "val_f1_majority_macro": 0.7613244536212753, "val_acc_majority": 0.9874040484428406, "val_f1_individual_binary": 0.4500792324542999, "val_f1_individual_macro": 0.7205538654758468, "val_acc_individual": 0.9823449850082397, "train_acc_means": 0.9937244057655334, "train_time_millis": 32798.27692732215, "eval_time_millis": 22610.499545931816}, "Test_results": {"test_f1_majority_binary": 0.516339898109436, "test_f1_majority_macro": 0.7549353861660058, "test_acc_majority": 0.9872325658798218, "test_f1_individual_binary": 0.40474173426628113, "test_f1_individual_macro": 0.6978437415573959, "test_acc_individual": 0.9821627736091614, "test_time_millis": 22607.138293329626, "dataset_size": 30991, "number_of_annotations": 30991}}