{"Epoch0": {"train_loss_means": 0.30485019087791443, "val_loss_mean": 0.21061743795871735, "val_f1_majority_bin": 0.49803921580314636, "val_f1_majority_macro": 0.7433793505063963, "val_acc_majority": 0.9779348373413086, "val_f1_individual_binary": 0.3888404667377472, "val_f1_individual_macro": 0.6859030221681823, "val_acc_individual": 0.966854989528656, "train_acc_means": 0.969841480255127, "train_time_millis": 143814.38156000013, "eval_time_millis": 22655.43285700005}, "Epoch1": {"train_loss_means": 0.15548904240131378, "val_loss_mean": 0.2042437195777893, "val_f1_majority_bin": 0.4253632724285126, "val_f1_majority_macro": 0.7029921472443618, "val_acc_majority": 0.9625064730644226, "val_f1_individual_binary": 0.38711676001548767, "val_f1_individual_macro": 0.6813977263444435, "val_acc_individual": 0.9532140493392944, "train_acc_means": 0.97265625, "train_time_millis": 144622.97999299972, "eval_time_millis": 22886.443809999946}, "Epoch2": {"train_loss_means": 0.09865862876176834, "val_loss_mean": 0.2593260109424591, "val_f1_majority_bin": 0.4804992079734802, "val_f1_majority_macro": 0.7328702721303906, "val_acc_majority": 0.9712980389595032, "val_f1_individual_binary": 0.40584880113601685, "val_f1_individual_macro": 0.6927402726385763, "val_acc_individual": 0.9606137275695801, "train_acc_means": 0.978515625, "train_time_millis": 144093.43642900058, "eval_time_millis": 22874.390162000054}, "Test_results": {"test_f1_majority_binary": 0.4794117510318756, "test_f1_majority_macro": 0.7318482955643413, "test_acc_majority": 0.969490647315979, "test_f1_individual_binary": 0.39459457993507385, "test_f1_individual_macro": 0.6863324923631351, "test_acc_individual": 0.957673966884613, "test_time_millis": 22690.73053899956, "dataset_size": 58011, "number_of_annotations": 58011}}