{"Epoch0": {"train_loss_means": 0.20746159553527832, "val_loss_mean": 0.16732490062713623, "val_f1_majority_bin": 0.6412213740458015, "val_f1_majority_macro": 0.7262331769827401, "val_acc_majority": 0.7526315789473684, "val_f1_individual_binary": 0.5276595744680852, "val_f1_individual_macro": 0.6581155015197568, "val_acc_individual": 0.7078947368421052, "train_time_millis": 1220.3334280000036, "eval_time_millis": 2318.8520479999966}, "Epoch1": {"train_loss_means": 0.14166416227817535, "val_loss_mean": 0.1712513566017151, "val_f1_majority_bin": 0.5999999999999999, "val_f1_majority_macro": 0.7466666666666666, "val_acc_majority": 0.8315789473684211, "val_f1_individual_binary": 0.5714285714285714, "val_f1_individual_macro": 0.7402597402597402, "val_acc_individual": 0.85, "train_time_millis": 1197.1014860000082, "eval_time_millis": 2090.650691999997}, "Epoch2": {"train_loss_means": 0.1098286435008049, "val_loss_mean": 0.14523039758205414, "val_f1_majority_bin": 0.6548672566371682, "val_f1_majority_macro": 0.7543999204534155, "val_acc_majority": 0.7947368421052632, "val_f1_individual_binary": 0.5816326530612246, "val_f1_individual_macro": 0.7181212910696193, "val_acc_individual": 0.7842105263157895, "train_time_millis": 1224.4578950000005, "eval_time_millis": 1324.407753999992}, "Epoch3": {"train_loss_means": 0.08776199817657471, "val_loss_mean": 0.13556431233882904, "val_f1_majority_bin": 0.6530612244897959, "val_f1_majority_macro": 0.7662469243016355, "val_acc_majority": 0.8210526315789474, "val_f1_individual_binary": 0.591715976331361, "val_f1_individual_macro": 0.737482353647914, "val_acc_individual": 0.8184210526315789, "train_time_millis": 1193.921858000067, "eval_time_millis": 1329.0674060000356}, "Epoch4": {"train_loss_means": 0.07050065696239471, "val_loss_mean": 0.15506158769130707, "val_f1_majority_bin": 0.6808510638297872, "val_f1_majority_macro": 0.7879779794673412, "val_acc_majority": 0.8421052631578947, "val_f1_individual_binary": 0.6375, "val_f1_individual_macro": 0.7704166666666667, "val_acc_individual": 0.8473684210526315, "train_time_millis": 1206.7468540000164, "eval_time_millis": 1827.3639969999067}, "Epoch5": {"train_loss_means": 0.05948682874441147, "val_loss_mean": 0.16957055032253265, "val_f1_majority_bin": 0.6391752577319586, "val_f1_majority_macro": 0.7577501730355906, "val_acc_majority": 0.8157894736842105, "val_f1_individual_binary": 0.5939393939393939, "val_f1_individual_macro": 0.7406671759612936, "val_acc_individual": 0.8236842105263158, "train_time_millis": 1197.4800399999594, "eval_time_millis": 2275.6374470000083}, "Epoch6": {"train_loss_means": 0.05625801533460617, "val_loss_mean": 0.18422651290893555, "val_f1_majority_bin": 0.6732673267326733, "val_f1_majority_macro": 0.7774938784201001, "val_acc_majority": 0.8263157894736842, "val_f1_individual_binary": 0.6046511627906976, "val_f1_individual_macro": 0.7445024521436482, "val_acc_individual": 0.8210526315789474, "train_time_millis": 1222.6523570000154, "eval_time_millis": 2303.5503349999544}, "Epoch7": {"train_loss_means": 0.05481722578406334, "val_loss_mean": 0.18733064830303192, "val_f1_majority_bin": 0.7010309278350516, "val_f1_majority_macro": 0.7992787148009179, "val_acc_majority": 0.8473684210526315, "val_f1_individual_binary": 0.6380368098159509, "val_f1_individual_macro": 0.7696046695645918, "val_acc_individual": 0.8447368421052631, "train_time_millis": 1203.6354699999947, "eval_time_millis": 1603.1026809999958}, "Epoch8": {"train_loss_means": 0.04927371069788933, "val_loss_mean": 0.21752005815505981, "val_f1_majority_bin": 0.6888888888888888, "val_f1_majority_macro": 0.7961685823754788, "val_acc_majority": 0.8526315789473684, "val_f1_individual_binary": 0.6308724832214765, "val_f1_individual_macro": 0.7704280583046825, "val_acc_individual": 0.8552631578947368, "train_time_millis": 1199.5610799999668, "eval_time_millis": 1271.6683139999532}, "Epoch9": {"train_loss_means": 0.048197463154792786, "val_loss_mean": 0.2218734472990036, "val_f1_majority_bin": 0.6888888888888888, "val_f1_majority_macro": 0.7961685823754788, "val_acc_majority": 0.8526315789473684, "val_f1_individual_binary": 0.6394557823129252, "val_f1_individual_macro": 0.776497874843249, "val_acc_individual": 0.8605263157894737, "train_time_millis": 1205.3265690000217, "eval_time_millis": 1857.2590669999727}, "Test_results": {"test_f1_majority_binary": 0.6888888888888888, "test_f1_majority_macro": 0.7961685823754788, "test_acc_majority": 0.8526315789473684, "test_f1_individual_binary": 0.6394557823129252, "test_f1_individual_macro": 0.776497874843249, "test_acc_individual": 0.8605263157894737, "test_time_millis": 2296.6475700000046, "dataset_size": 894, "number_of_annotations": 1788, "train_size": 1026, "val_size": 380, "test_size": 382}}