{"Epoch0": {"train_loss_means": 0.26377546787261963, "val_loss_mean": 0.25777822732925415, "val_f1_majority_bin": 0.45041322314049587, "val_f1_majority_macro": 0.47426321534383287, "val_acc_majority": 0.47534516765285995, "val_f1_individual_binary": 0.43859649122807015, "val_f1_individual_macro": 0.470077061813412, "val_acc_individual": 0.47194719471947194, "train_time_millis": 19868.646374000036, "eval_time_millis": 4166.574039999887}, "Epoch1": {"train_loss_means": 0.25107869505882263, "val_loss_mean": 0.24870693683624268, "val_f1_majority_bin": 0.4615384615384615, "val_f1_majority_macro": 0.5625, "val_acc_majority": 0.5857988165680473, "val_f1_individual_binary": 0.45414847161572053, "val_f1_individual_macro": 0.5612917424391599, "val_acc_individual": 0.5874587458745875, "train_time_millis": 19961.49367499993, "eval_time_millis": 4197.882651000327}, "Epoch2": {"train_loss_means": 0.23062418401241302, "val_loss_mean": 0.2518916726112366, "val_f1_majority_bin": 0.4109589041095891, "val_f1_majority_macro": 0.5863658786475923, "val_acc_majority": 0.6607495069033531, "val_f1_individual_binary": 0.3964497041420118, "val_f1_individual_macro": 0.5815200465790151, "val_acc_individual": 0.6633663366336634, "train_time_millis": 20031.486027000028, "eval_time_millis": 4189.176546999988}, "Epoch3": {"train_loss_means": 0.19367185235023499, "val_loss_mean": 0.2557981014251709, "val_f1_majority_bin": 0.4421768707482993, "val_f1_majority_macro": 0.6071995464852608, "val_acc_majority": 0.6765285996055227, "val_f1_individual_binary": 0.4463768115942029, "val_f1_individual_macro": 0.6130384634672283, "val_acc_individual": 0.6848184818481848, "train_time_millis": 20071.365361000062, "eval_time_millis": 4177.74214200017}, "Epoch4": {"train_loss_means": 0.14113710820674896, "val_loss_mean": 0.33025258779525757, "val_f1_majority_bin": 0.46416382252559724, "val_f1_majority_macro": 0.6232053509299276, "val_acc_majority": 0.6903353057199211, "val_f1_individual_binary": 0.46647230320699706, "val_f1_individual_macro": 0.6279427108670198, "val_acc_individual": 0.698019801980198, "train_time_millis": 20092.638373000227, "eval_time_millis": 2692.341611000302}, "Epoch5": {"train_loss_means": 0.09449661523103714, "val_loss_mean": 0.3926846981048584, "val_f1_majority_bin": 0.43636363636363634, "val_f1_majority_macro": 0.6133103702792472, "val_acc_majority": 0.6942800788954635, "val_f1_individual_binary": 0.4382716049382716, "val_f1_individual_macro": 0.6166583249916584, "val_acc_individual": 0.6996699669966997, "train_time_millis": 20112.666721000096, "eval_time_millis": 4192.713174999881}, "Epoch6": {"train_loss_means": 0.07953803986310959, "val_loss_mean": 0.4339786469936371, "val_f1_majority_bin": 0.416058394160584, "val_f1_majority_macro": 0.5999210889721839, "val_acc_majority": 0.6844181459566075, "val_f1_individual_binary": 0.411214953271028, "val_f1_individual_macro": 0.599546870574908, "val_acc_individual": 0.6881188118811881, "train_time_millis": 20124.0619350001, "eval_time_millis": 3179.3420829999377}, "Epoch7": {"train_loss_means": 0.05745922029018402, "val_loss_mean": 0.5005345344543457, "val_f1_majority_bin": 0.42063492063492064, "val_f1_majority_macro": 0.6145169353830772, "val_acc_majority": 0.7120315581854043, "val_f1_individual_binary": 0.4189189189189189, "val_f1_individual_macro": 0.6155729965773634, "val_acc_individual": 0.7161716171617162, "train_time_millis": 20136.029495000002, "eval_time_millis": 4207.845309999811}, "Epoch8": {"train_loss_means": 0.04804100841283798, "val_loss_mean": 0.5400298833847046, "val_f1_majority_bin": 0.3983402489626555, "val_f1_majority_macro": 0.6053796975731778, "val_acc_majority": 0.7140039447731755, "val_f1_individual_binary": 0.39145907473309605, "val_f1_individual_macro": 0.6038928026726704, "val_acc_individual": 0.7178217821782178, "train_time_millis": 20133.651718999772, "eval_time_millis": 3181.4223649998894}, "Epoch9": {"train_loss_means": 0.0441773347556591, "val_loss_mean": 0.5448282957077026, "val_f1_majority_bin": 0.4049586776859504, "val_f1_majority_macro": 0.609215090138312, "val_acc_majority": 0.7159763313609467, "val_f1_individual_binary": 0.4028268551236749, "val_f1_individual_macro": 0.6104554081861646, "val_acc_individual": 0.7211221122112211, "train_time_millis": 20135.799863000102, "eval_time_millis": 4191.39991100019}, "Test_results": {"test_f1_majority_binary": 0.4049586776859504, "test_f1_majority_macro": 0.609215090138312, "test_acc_majority": 0.7159763313609467, "test_f1_individual_binary": 0.4028268551236749, "test_f1_individual_macro": 0.6104554081861646, "test_acc_individual": 0.7211221122112211, "test_time_millis": 4204.2137399998865, "dataset_size": 2787, "number_of_annotations": 3265, "train_size": 1878, "val_size": 606, "test_size": 781}}