{"Epoch0": {"train_loss_means": 2.0218963623046875, "val_loss_mean": 1.8914433717727661, "val_f1_majority_bin": 0.0, "val_f1_majority_macro": 0.4968944099378882, "val_acc_majority": 0.9876543283462524, "val_f1_individual_binary": 0.0, "val_f1_individual_macro": 0.4949400953821101, "val_acc_individual": 0.9799631237983704, "train_acc_means": 0.8401163220405579, "train_time_millis": 17652.90156402625, "eval_time_millis": 3762.8016480011865}, "Epoch1": {"train_loss_means": 1.9532607793807983, "val_loss_mean": 1.8156911134719849, "val_f1_majority_bin": 0.0, "val_f1_majority_macro": 0.4968944099378882, "val_acc_majority": 0.9876543283462524, "val_f1_individual_binary": 0.0, "val_f1_individual_macro": 0.49675475197032914, "val_acc_individual": 0.987102746963501, "train_acc_means": 0.9780829548835754, "train_time_millis": 17799.700725008734, "eval_time_millis": 3769.293528981507}, "Epoch2": {"train_loss_means": 1.886792778968811, "val_loss_mean": 1.8214696645736694, "val_f1_majority_bin": 0.0, "val_f1_majority_macro": 0.4968944099378882, "val_acc_majority": 0.9876543283462524, "val_f1_individual_binary": 0.0, "val_f1_individual_macro": 0.49675475197032914, "val_acc_individual": 0.987102746963501, "train_acc_means": 0.9845640659332275, "train_time_millis": 17889.779853983782, "eval_time_millis": 3768.2244640309364}, "Epoch3": {"train_loss_means": 1.8349394798278809, "val_loss_mean": 1.7094950675964355, "val_f1_majority_bin": 0.0, "val_f1_majority_macro": 0.4968944099378882, "val_acc_majority": 0.9876543283462524, "val_f1_individual_binary": 0.0, "val_f1_individual_macro": 0.49675475197032914, "val_acc_individual": 0.987102746963501, "train_acc_means": 0.9851269721984863, "train_time_millis": 17913.233661907725, "eval_time_millis": 3768.7463860493153}, "Epoch4": {"train_loss_means": 1.7949249744415283, "val_loss_mean": 1.6743210554122925, "val_f1_majority_bin": 0.0, "val_f1_majority_macro": 0.4968944099378882, "val_acc_majority": 0.9876543283462524, "val_f1_individual_binary": 0.0, "val_f1_individual_macro": 0.49675475197032914, "val_acc_individual": 0.987102746963501, "train_acc_means": 0.9853147268295288, "train_time_millis": 17942.030982929282, "eval_time_millis": 3773.7202619900927}, "Epoch5": {"train_loss_means": 1.755814790725708, "val_loss_mean": 1.6414164304733276, "val_f1_majority_bin": 0.0, "val_f1_majority_macro": 0.4968944099378882, "val_acc_majority": 0.9876543283462524, "val_f1_individual_binary": 0.0, "val_f1_individual_macro": 0.49675475197032914, "val_acc_individual": 0.987102746963501, "train_acc_means": 0.9852087497711182, "train_time_millis": 17958.729841047898, "eval_time_millis": 3769.564966089092}, "Epoch6": {"train_loss_means": 1.7273612022399902, "val_loss_mean": 1.6146634817123413, "val_f1_majority_bin": 0.0, "val_f1_majority_macro": 0.4968944099378882, "val_acc_majority": 0.9876543283462524, "val_f1_individual_binary": 0.0, "val_f1_individual_macro": 0.49675475197032914, "val_acc_individual": 0.987102746963501, "train_acc_means": 0.985102117061615, "train_time_millis": 17982.294408022426, "eval_time_millis": 3781.3242099946365}, "Epoch7": {"train_loss_means": 1.6988065242767334, "val_loss_mean": 1.592034935951233, "val_f1_majority_bin": 0.0, "val_f1_majority_macro": 0.4968944099378882, "val_acc_majority": 0.9876543283462524, "val_f1_individual_binary": 0.0, "val_f1_individual_macro": 0.49675475197032914, "val_acc_individual": 0.987102746963501, "train_acc_means": 0.9852448105812073, "train_time_millis": 17964.482484036125, "eval_time_millis": 3769.864263944328}, "Epoch8": {"train_loss_means": 1.675912857055664, "val_loss_mean": 1.5759564638137817, "val_f1_majority_bin": 0.0, "val_f1_majority_macro": 0.4968944099378882, "val_acc_majority": 0.9876543283462524, "val_f1_individual_binary": 0.0, "val_f1_individual_macro": 0.49675475197032914, "val_acc_individual": 0.987102746963501, "train_acc_means": 0.9849361777305603, "train_time_millis": 17959.171439986676, "eval_time_millis": 3769.56602698192}, "Epoch9": {"train_loss_means": 1.651389718055725, "val_loss_mean": 1.5599584579467773, "val_f1_majority_bin": 0.0, "val_f1_majority_macro": 0.4968944099378882, "val_acc_majority": 0.9876543283462524, "val_f1_individual_binary": 0.0, "val_f1_individual_macro": 0.49675475197032914, "val_acc_individual": 0.987102746963501, "train_acc_means": 0.9852702021598816, "train_time_millis": 17982.36795095727, "eval_time_millis": 3769.2216580035165}, "Test_results": {"test_f1_majority_binary": 0.0, "test_f1_majority_macro": 0.49669565217391304, "test_acc_majority": 0.9868693947792053, "test_f1_individual_binary": 0.0, "test_f1_individual_macro": 0.49580229395766817, "test_acc_individual": 0.9833489656448364, "test_time_millis": 3738.732257974334, "dataset_size": 7388, "number_of_annotations": 21866}}