{"Epoch0": {"train_loss_means": 1.7505346536636353, "val_loss_mean": 1.2734051942825317, "val_f1_majority_bin": 0.2610526382923126, "val_f1_majority_macro": 0.6136139133610261, "val_acc_majority": 0.9353114366531372, "val_f1_individual_binary": 0.28859061002731323, "val_f1_individual_macro": 0.6241289705463358, "val_acc_individual": 0.923662543296814, "train_acc_means": 0.9288913011550903, "train_time_millis": 685599.9375, "eval_time_millis": 43718.03125}, "Epoch1": {"train_loss_means": 1.1831870079040527, "val_loss_mean": 1.0870087146759033, "val_f1_majority_bin": 0.37354084849357605, "val_f1_majority_macro": 0.6791725044667204, "val_acc_majority": 0.9703280329704285, "val_f1_individual_binary": 0.3693045675754547, "val_f1_individual_macro": 0.6741683429147618, "val_acc_individual": 0.9594135880470276, "train_acc_means": 0.9525754451751709, "train_time_millis": 682879.375, "eval_time_millis": 41595.31640625}, "Epoch2": {"train_loss_means": 0.9827322363853455, "val_loss_mean": 1.0656648874282837, "val_f1_majority_bin": 0.34220531582832336, "val_f1_majority_macro": 0.6629338071253367, "val_acc_majority": 0.9681164622306824, "val_f1_individual_binary": 0.3712671399116516, "val_f1_individual_macro": 0.675285816371605, "val_acc_individual": 0.9599279761314392, "train_acc_means": 0.9565740823745728, "train_time_millis": 687776.125, "eval_time_millis": 40821.1171875}, "Epoch3": {"train_loss_means": 0.8381034731864929, "val_loss_mean": 1.0672330856323242, "val_f1_majority_bin": 0.3095238208770752, "val_f1_majority_macro": 0.6437310945679147, "val_acc_majority": 0.9572429060935974, "val_f1_individual_binary": 0.34550195932388306, "val_f1_individual_macro": 0.6593091098980596, "val_acc_individual": 0.9483538866043091, "train_acc_means": 0.9607951641082764, "train_time_millis": 686654.0625, "eval_time_millis": 40769.05078125}, "Epoch4": {"train_loss_means": 0.7300062775611877, "val_loss_mean": 1.143031358718872, "val_f1_majority_bin": 0.33670035004615784, "val_f1_majority_macro": 0.6590180982412153, "val_acc_majority": 0.9636933207511902, "val_f1_individual_binary": 0.34082669019699097, "val_f1_individual_macro": 0.6582936661935571, "val_acc_individual": 0.9532407522201538, "train_acc_means": 0.9633421897888184, "train_time_millis": 684815.125, "eval_time_millis": 44220.4765625}, "Test_results": {"test_f1_majority_binary": 0.37804877758026123, "test_f1_majority_macro": 0.6793340995351813, "test_acc_majority": 0.9624101519584656, "test_f1_individual_binary": 0.36706212162971497, "test_f1_individual_macro": 0.6714399774010084, "test_acc_individual": 0.9534155130386353, "test_time_millis": 43330.6953125, "dataset_size": 58011, "number_of_annotations": 211225}}