{"Epoch0": {"train_loss_means": 0.057694487273693085, "val_loss_mean": 0.05367886647582054, "val_f1_majority_bin": 0.4803804994054697, "val_f1_majority_macro": 0.7304178985242384, "val_acc_majority": 0.9623275862068965, "val_f1_individual_binary": 0.4173602853745541, "val_f1_individual_macro": 0.6962281084314766, "val_acc_individual": 0.9522335681037214, "train_time_millis": 125823.23206309229, "eval_time_millis": 18363.180630025454}, "Epoch1": {"train_loss_means": 0.04738466814160347, "val_loss_mean": 0.05683420971035957, "val_f1_majority_bin": 0.5547445255474451, "val_f1_majority_macro": 0.7705990005041246, "val_acc_majority": 0.9737068965517242, "val_f1_individual_binary": 0.4514978601997147, "val_f1_individual_macro": 0.7160469291410121, "val_acc_individual": 0.9625179733385324, "train_time_millis": 125910.39610106964, "eval_time_millis": 18349.652428063564}, "Epoch2": {"train_loss_means": 0.041831403970718384, "val_loss_mean": 0.05294894799590111, "val_f1_majority_bin": 0.5442536327608983, "val_f1_majority_macro": 0.7644406781636333, "val_acc_majority": 0.9702586206896552, "val_f1_individual_binary": 0.45053174347405744, "val_f1_individual_macro": 0.7144696760504412, "val_acc_individual": 0.9584480783759414, "train_time_millis": 125741.74524308182, "eval_time_millis": 18392.284887027927}, "Epoch3": {"train_loss_means": 0.03693592548370361, "val_loss_mean": 0.06253527849912643, "val_f1_majority_bin": 0.5565217391304348, "val_f1_majority_macro": 0.7714638904448265, "val_acc_majority": 0.9736206896551725, "val_f1_individual_binary": 0.4520833333333333, "val_f1_individual_macro": 0.7160777841621835, "val_acc_individual": 0.9615431481977921, "train_time_millis": 125737.88859206252, "eval_time_millis": 18392.815032973886}, "Epoch4": {"train_loss_means": 0.033587031066417694, "val_loss_mean": 0.0640154629945755, "val_f1_majority_bin": 0.5138539042821159, "val_f1_majority_macro": 0.7483131879707464, "val_acc_majority": 0.9667241379310345, "val_f1_individual_binary": 0.44939024390243903, "val_f1_individual_macro": 0.7132336947941104, "val_acc_individual": 0.9559866448955718, "train_time_millis": 125736.19200696703, "eval_time_millis": 18331.814592005685}, "Epoch5": {"train_loss_means": 0.03061387501657009, "val_loss_mean": 0.08190952986478806, "val_f1_majority_bin": 0.5367316341829086, "val_f1_majority_macro": 0.7615092067865681, "val_acc_majority": 0.9733620689655172, "val_f1_individual_binary": 0.43349753694581283, "val_f1_individual_macro": 0.7065877061685542, "val_acc_individual": 0.9607632880851997, "train_time_millis": 125757.87621107884, "eval_time_millis": 18306.195749901235}, "Epoch6": {"train_loss_means": 0.02867487072944641, "val_loss_mean": 0.08879111707210541, "val_f1_majority_bin": 0.5487804878048781, "val_f1_majority_macro": 0.7678253042289117, "val_acc_majority": 0.9744827586206897, "val_f1_individual_binary": 0.4420828905419766, "val_f1_individual_macro": 0.7111036589680972, "val_acc_individual": 0.9616162600833476, "train_time_millis": 125885.41329605505, "eval_time_millis": 18353.386642993428}, "Epoch7": {"train_loss_means": 0.027082782238721848, "val_loss_mean": 0.08428367972373962, "val_f1_majority_bin": 0.5258855585831063, "val_f1_majority_macro": 0.7551977423468367, "val_acc_majority": 0.97, "val_f1_individual_binary": 0.44451510333863276, "val_f1_individual_macro": 0.7111895216139446, "val_acc_individual": 0.9574245119781639, "train_time_millis": 125701.5088009648, "eval_time_millis": 18251.046960009262}, "Epoch8": {"train_loss_means": 0.02604704163968563, "val_loss_mean": 0.08611657470464706, "val_f1_majority_bin": 0.5127551020408163, "val_f1_majority_macro": 0.7478568515200512, "val_acc_majority": 0.9670689655172414, "val_f1_individual_binary": 0.443014705882353, "val_f1_individual_macro": 0.7099721127188471, "val_acc_individual": 0.9556941973533497, "train_time_millis": 125541.9729850255, "eval_time_millis": 18210.882634972222}, "Epoch9": {"train_loss_means": 0.024964360520243645, "val_loss_mean": 0.09309101849794388, "val_f1_majority_bin": 0.5173333333333333, "val_f1_majority_macro": 0.7506043058648849, "val_acc_majority": 0.9687931034482758, "val_f1_individual_binary": 0.44373808010171645, "val_f1_individual_macro": 0.7107818631628704, "val_acc_individual": 0.9573514000926084, "train_time_millis": 125521.70885610394, "eval_time_millis": 18227.933412068523}, "Test_results": {"test_f1_majority_binary": 0.5547445255474451, "test_f1_majority_macro": 0.7705990005041246, "test_acc_majority": 0.9737068965517242, "test_f1_individual_binary": 0.4514978601997147, "test_f1_individual_macro": 0.7160469291410121, "test_acc_individual": 0.9625179733385324, "test_time_millis": 18256.682393955998, "dataset_size": 58004, "number_of_annotations": 204898, "train_size": 122931, "val_size": 41033, "test_size": 40934}}