{"batch_size": 32, "num_epochs": 10, "learning_rate": 5e-06, "annotator_ids": ["2", "26", "35", "49", "52", "61"], "seed": 2222, "type": "NO VERDICTS TEXT + SITUATION text", "sbert_model": "sentence-transformers/all-distilroberta-v1", "model_name": "sbert", "use_authors_embeddings": false, "authors_embedding_path": "none", "author_encoder": "composite_uid", "split_type": "sit", "train_stats": "Training Size: 1738, NTA labels 1704, YTA labels 34", "val_stats": "Validation Size: 554, NTA labels 536, YTA labels 18", "test_stats": "Test Size: 532, NTA labels 517, YTA labels 15", "epochs": 10, "optimizer": {"lr": 5e-06, "betas": [0.9, 0.999], "eps": 1e-06, "weight_decay": 0.0, "correct_bias": true}, "loss_type": "focal", "test_metrics": {"accuracy": 0.9332129963898917, "f1_weighted": 0.9433860252684985, "macro": 0.6334078512027185, "micro": 0.9332129963898917, "binary": 0.3018867924528302, "accuracy_majority": 0.9281314168377823, "macro_majority": 0.6379028317719287, "binary_majority": 0.3137254901960784, "run_time_millis": 2272.113791001175, "loss_mean": 0.033447347581386566}, "checkpoint_dir": "../results/perso_scalability_0/GE'surprise-comp_uid_6_annos/2023-12-09_17:06:49:557072_best_model_sampled.pt", "val_metrics": [{"accuracy": 0.7509025270758123, "f1_weighted": 0.8308402703963964, "macro": 0.4738768993613742, "micro": 0.7509025270758123, "binary": 0.09210526315789475, "accuracy_majority": 0.7474332648870636, "macro_majority": 0.4776181880019883, "binary_majority": 0.1021897810218978, "run_time_millis": 2294.490988999314, "loss_mean": 0.0353723019361496}, {"accuracy": 0.6516245487364621, "f1_weighted": 0.761923796576121, "macro": 0.43912712775723245, "micro": 0.6516245487364621, "binary": 0.09389671361502347, "accuracy_majority": 0.6509240246406571, "macro_majority": 0.4442132116004296, "binary_majority": 0.10526315789473685, "run_time_millis": 2285.348872001123, "loss_mean": 0.034583210945129395}, {"accuracy": 0.759927797833935, "f1_weighted": 0.8369216196514683, "macro": 0.49011466572553575, "micro": 0.759927797833935, "binary": 0.11920529801324502, "accuracy_majority": 0.757700205338809, "macro_majority": 0.4957707426646076, "binary_majority": 0.1323529411764706, "run_time_millis": 865.7983379998768, "loss_mean": 0.03430552780628204}, {"accuracy": 0.8357400722021661, "f1_weighted": 0.884743054583746, "macro": 0.5370232617939039, "micro": 0.8357400722021661, "binary": 0.1651376146788991, "accuracy_majority": 0.837782340862423, "macro_majority": 0.5477435963747075, "binary_majority": 0.18556701030927836, "run_time_millis": 2279.7059019994776, "loss_mean": 0.034019216895103455}, {"accuracy": 0.8628158844765343, "f1_weighted": 0.9012152319330584, "macro": 0.558269335683411, "micro": 0.8628158844765343, "binary": 0.19148936170212763, "accuracy_majority": 0.864476386036961, "macro_majority": 0.570064205457464, "binary_majority": 0.21428571428571427, "run_time_millis": 2292.1235310004704, "loss_mean": 0.033565834164619446}, {"accuracy": 0.8537906137184116, "f1_weighted": 0.8953528014204095, "macro": 0.5424148796231149, "micro": 0.8537906137184115, "binary": 0.16494845360824742, "accuracy_majority": 0.8562628336755647, "macro_majority": 0.553608841399539, "binary_majority": 0.18604651162790695, "run_time_millis": 2291.6207630005374, "loss_mean": 0.032677605748176575}, {"accuracy": 0.907942238267148, "f1_weighted": 0.9278684864051449, "macro": 0.5949073078411974, "micro": 0.907942238267148, "binary": 0.23880597014925373, "accuracy_majority": 0.9075975359342916, "macro_majority": 0.6065035103154794, "binary_majority": 0.2622950819672131, "run_time_millis": 2311.956399000337, "loss_mean": 0.033130060881376266}, {"accuracy": 0.9332129963898917, "f1_weighted": 0.9433860252684985, "macro": 0.6334078512027185, "micro": 0.9332129963898917, "binary": 0.3018867924528302, "accuracy_majority": 0.9281314168377823, "macro_majority": 0.6379028317719287, "binary_majority": 0.3137254901960784, "run_time_millis": 2272.4897659991257, "loss_mean": 0.033447347581386566}, {"accuracy": 0.9097472924187726, "f1_weighted": 0.9289600481767724, "macro": 0.5972197987553074, "micro": 0.9097472924187726, "binary": 0.24242424242424243, "accuracy_majority": 0.9075975359342916, "macro_majority": 0.6065035103154794, "binary_majority": 0.2622950819672131, "run_time_millis": 1820.1691459998983, "loss_mean": 0.03260186314582825}, {"accuracy": 0.924187725631769, "f1_weighted": 0.9377716917714429, "macro": 0.6179310344827587, "micro": 0.924187725631769, "binary": 0.2758620689655173, "accuracy_majority": 0.917864476386037, "macro_majority": 0.6210706504824153, "binary_majority": 0.2857142857142857, "run_time_millis": 2268.3584799997334, "loss_mean": 0.03310972452163696}],