{"Epoch0": {"train_loss_means": 0.27846071124076843, "val_loss_mean": 0.2747487723827362, "val_f1_majority_bin": 0.4534534534534535, "val_f1_majority_macro": 0.5735280735280736, "val_acc_majority": 0.6073354908306364, "val_f1_individual_binary": 0.4217252396166134, "val_f1_individual_macro": 0.5572123651393762, "val_acc_individual": 0.5986696230598669, "train_time_millis": 44966.63730102591, "eval_time_millis": 4892.92365196161}, "Epoch1": {"train_loss_means": 0.2601490020751953, "val_loss_mean": 0.2785341441631317, "val_f1_majority_bin": 0.42474916387959866, "val_f1_majority_macro": 0.5754319067805637, "val_acc_majority": 0.6289104638619202, "val_f1_individual_binary": 0.4187134502923976, "val_f1_individual_macro": 0.5751049693385273, "val_acc_individual": 0.6326681448632668, "train_time_millis": 44494.4022919517, "eval_time_millis": 6776.238400954753}, "Epoch2": {"train_loss_means": 0.22009702026844025, "val_loss_mean": 0.29609715938568115, "val_f1_majority_bin": 0.41733547351524886, "val_f1_majority_macro": 0.5612266319647731, "val_acc_majority": 0.6084142394822006, "val_f1_individual_binary": 0.40315315315315314, "val_f1_individual_macro": 0.5558120001189308, "val_acc_individual": 0.6082779009608278, "train_time_millis": 44517.151974956505, "eval_time_millis": 4897.976605105214}, "Epoch3": {"train_loss_means": 0.15782219171524048, "val_loss_mean": 0.3350917100906372, "val_f1_majority_bin": 0.4340770791075051, "val_f1_majority_macro": 0.6145403764383962, "val_acc_majority": 0.6990291262135923, "val_f1_individual_binary": 0.40988372093023256, "val_f1_individual_macro": 0.6043472122986148, "val_acc_individual": 0.6999260901699926, "train_time_millis": 44522.61483599432, "eval_time_millis": 4898.663309053518}, "Epoch4": {"train_loss_means": 0.10573860257863998, "val_loss_mean": 0.4797912836074829, "val_f1_majority_bin": 0.4559068219633943, "val_f1_majority_macro": 0.5974665793775472, "val_acc_majority": 0.6472491909385113, "val_f1_individual_binary": 0.431791221826809, "val_f1_individual_macro": 0.5873395185891963, "val_acc_individual": 0.6459719142645972, "train_time_millis": 44528.264191001654, "eval_time_millis": 4897.4597450578585}, "Epoch5": {"train_loss_means": 0.07433086633682251, "val_loss_mean": 0.4793473482131958, "val_f1_majority_bin": 0.4444444444444444, "val_f1_majority_macro": 0.5729684908789385, "val_acc_majority": 0.6116504854368932, "val_f1_individual_binary": 0.43171806167400884, "val_f1_individual_macro": 0.5723662610928442, "val_acc_individual": 0.6186252771618626, "train_time_millis": 44535.762483021244, "eval_time_millis": 4932.988048065454}, "Epoch6": {"train_loss_means": 0.05137960612773895, "val_loss_mean": 0.7660195231437683, "val_f1_majority_bin": 0.45744680851063824, "val_f1_majority_macro": 0.6101187530925284, "val_acc_majority": 0.6699029126213593, "val_f1_individual_binary": 0.4338896020539153, "val_f1_individual_macro": 0.6025182312293448, "val_acc_individual": 0.6740576496674058, "train_time_millis": 44575.44965099078, "eval_time_millis": 4897.120608016849}, "Epoch7": {"train_loss_means": 0.04557374119758606, "val_loss_mean": 0.8252836465835571, "val_f1_majority_bin": 0.459203036053131, "val_f1_majority_macro": 0.6222164389007178, "val_acc_majority": 0.6925566343042071, "val_f1_individual_binary": 0.42779291553133514, "val_f1_individual_macro": 0.6074055855547142, "val_acc_individual": 0.6895787139689579, "train_time_millis": 44519.81796894688, "eval_time_millis": 4896.766631049104}, "Epoch8": {"train_loss_means": 0.03473861515522003, "val_loss_mean": 1.006267786026001, "val_f1_majority_bin": 0.4529058116232465, "val_f1_majority_macro": 0.6257148984315495, "val_acc_majority": 0.7055016181229773, "val_f1_individual_binary": 0.4194008559201141, "val_f1_individual_macro": 0.6082041686084361, "val_acc_individual": 0.6991869918699187, "train_time_millis": 44521.639595972374, "eval_time_millis": 4898.379993974231}, "Epoch9": {"train_loss_means": 0.030770257115364075, "val_loss_mean": 1.1024576425552368, "val_f1_majority_bin": 0.4234800838574423, "val_f1_majority_macro": 0.6118852852112193, "val_acc_majority": 0.703344120819849, "val_f1_individual_binary": 0.39999999999999997, "val_f1_individual_macro": 0.6022537971582558, "val_acc_individual": 0.70509977827051, "train_time_millis": 44521.9276919961, "eval_time_millis": 4896.597757004201}, "Test_results": {"test_f1_majority_binary": 0.4234800838574423, "test_f1_majority_macro": 0.6118852852112193, "test_acc_majority": 0.703344120819849, "test_f1_individual_binary": 0.39999999999999997, "test_f1_individual_macro": 0.6022537971582558, "test_acc_individual": 0.70509977827051, "test_time_millis": 6931.601842050441, "dataset_size": 4890, "number_of_annotations": 7112, "train_size": 4143, "val_size": 1353, "test_size": 1616}}