{"Epoch0": {"train_loss_means": 0.27704769372940063, "val_loss_mean": 0.2528536915779114, "val_f1_majority_bin": 0.6195732155997056, "val_f1_majority_macro": 0.7164316059941468, "val_acc_majority": 0.749515503875969, "val_f1_individual_binary": 0.5979933110367892, "val_f1_individual_macro": 0.7137000333214034, "val_acc_individual": 0.7604623355918693, "train_time_millis": 11027.914618956856, "eval_time_millis": 5485.1491609588265}, "Epoch1": {"train_loss_means": 0.22296635806560516, "val_loss_mean": 0.23903945088386536, "val_f1_majority_bin": 0.7115869017632241, "val_f1_majority_macro": 0.7656359705666514, "val_acc_majority": 0.7781007751937985, "val_f1_individual_binary": 0.6627185561195713, "val_f1_individual_macro": 0.7392175215112495, "val_acc_individual": 0.7616580310880829, "train_time_millis": 11017.304208013229, "eval_time_millis": 4726.779162068851}, "Epoch2": {"train_loss_means": 0.19133329391479492, "val_loss_mean": 0.25839149951934814, "val_f1_majority_bin": 0.6406249999999999, "val_f1_majority_macro": 0.7272977941176471, "val_acc_majority": 0.7548449612403101, "val_f1_individual_binary": 0.616522018643523, "val_f1_individual_macro": 0.7221238252062381, "val_acc_individual": 0.7622558788361897, "train_time_millis": 10955.250072991475, "eval_time_millis": 5478.741824044846}, "Epoch3": {"train_loss_means": 0.16877606511116028, "val_loss_mean": 0.25943195819854736, "val_f1_majority_bin": 0.7261640798226163, "val_f1_majority_macro": 0.7567997679663856, "val_acc_majority": 0.7606589147286822, "val_f1_individual_binary": 0.6676543209876543, "val_f1_individual_macro": 0.7213981594914884, "val_acc_individual": 0.7317656436827421, "train_time_millis": 11019.6418549167, "eval_time_millis": 5457.482130965218}, "Epoch4": {"train_loss_means": 0.15248101949691772, "val_loss_mean": 0.26602903008461, "val_f1_majority_bin": 0.6970248937462052, "val_f1_majority_macro": 0.7479481582797936, "val_acc_majority": 0.7582364341085271, "val_f1_individual_binary": 0.6508972267536705, "val_f1_individual_macro": 0.7244734639587792, "val_acc_individual": 0.7441211638102829, "train_time_millis": 10979.188680066727, "eval_time_millis": 5480.454277945682}, "Epoch5": {"train_loss_means": 0.14215342700481415, "val_loss_mean": 0.40509316325187683, "val_f1_majority_bin": 0.658872077028886, "val_f1_majority_macro": 0.7366910871307482, "val_acc_majority": 0.7596899224806202, "val_f1_individual_binary": 0.6274875621890547, "val_f1_individual_macro": 0.7259138690710669, "val_acc_individual": 0.7612594659226783, "train_time_millis": 10924.867206951603, "eval_time_millis": 5480.193043011241}, "Epoch6": {"train_loss_means": 0.133934885263443, "val_loss_mean": 0.3895667493343353, "val_f1_majority_bin": 0.6702269692923899, "val_f1_majority_macro": 0.741197134836309, "val_acc_majority": 0.7606589147286822, "val_f1_individual_binary": 0.6363636363636364, "val_f1_individual_macro": 0.7282205432339481, "val_acc_individual": 0.7592666400956556, "train_time_millis": 11062.438857043162, "eval_time_millis": 5478.196793003008}, "Epoch7": {"train_loss_means": 0.12698866426944733, "val_loss_mean": 0.46766161918640137, "val_f1_majority_bin": 0.6444759206798867, "val_f1_majority_macro": 0.7298226436978226, "val_acc_majority": 0.7567829457364341, "val_f1_individual_binary": 0.6183915411727011, "val_f1_individual_macro": 0.7230786339269145, "val_acc_individual": 0.7626544440015942, "train_time_millis": 11009.338699979708, "eval_time_millis": 5479.930958012119}, "Epoch8": {"train_loss_means": 0.12262892723083496, "val_loss_mean": 0.48668602108955383, "val_f1_majority_bin": 0.6335493160547156, "val_f1_majority_macro": 0.7238575349897529, "val_acc_majority": 0.7533914728682171, "val_f1_individual_binary": 0.6091205211726385, "val_f1_individual_macro": 0.7184276163141401, "val_acc_individual": 0.7608609007572739, "train_time_millis": 11045.156752923504, "eval_time_millis": 5478.257203940302}, "Epoch9": {"train_loss_means": 0.11834392696619034, "val_loss_mean": 0.46906232833862305, "val_f1_majority_bin": 0.6597653554175293, "val_f1_majority_macro": 0.7378707329532589, "val_acc_majority": 0.7611434108527132, "val_f1_individual_binary": 0.6297103706010588, "val_f1_individual_macro": 0.7277489581943023, "val_acc_individual": 0.7630530091669988, "train_time_millis": 11005.456372047774, "eval_time_millis": 5486.5865600295365}, "Test_results": {"test_f1_majority_binary": 0.7115869017632241, "test_f1_majority_macro": 0.7656359705666514, "test_acc_majority": 0.7781007751937985, "test_f1_individual_binary": 0.6627185561195713, "test_f1_individual_macro": 0.7392175215112495, "test_acc_individual": 0.7616580310880829, "test_time_millis": 5489.17670105584, "dataset_size": 7103, "number_of_annotations": 16281, "train_size": 6200, "val_size": 5018, "test_size": 5063}}