{"Epoch0": {"train_loss_means": 0.5246506929397583, "val_loss_mean": 0.40689003467559814, "val_f1_majority_bin": 0.4714003801345825, "val_f1_majority_macro": 0.7090388363154594, "val_acc_majority": 0.9031267166137695, "val_f1_individual_binary": 0.379437655210495, "val_f1_individual_macro": 0.6518911923306993, "val_acc_individual": 0.8651317954063416, "train_acc_means": 0.8525000214576721, "train_time_millis": 23807.390599977225, "eval_time_millis": 11026.3331590686}, "Epoch1": {"train_loss_means": 0.375314325094223, "val_loss_mean": 0.42312830686569214, "val_f1_majority_bin": 0.4855813980102539, "val_f1_majority_macro": 0.7151157902577436, "val_acc_majority": 0.9000542163848877, "val_f1_individual_binary": 0.3963233232498169, "val_f1_individual_macro": 0.6592632923225799, "val_acc_individual": 0.8621690273284912, "train_acc_means": 0.8894230723381042, "train_time_millis": 23908.752435003407, "eval_time_millis": 11047.993325046264}, "Epoch2": {"train_loss_means": 0.25405940413475037, "val_loss_mean": 0.42749977111816406, "val_f1_majority_bin": 0.48184818029403687, "val_f1_majority_macro": 0.6998289191289562, "val_acc_majority": 0.8581239581108093, "val_f1_individual_binary": 0.43973615765571594, "val_f1_individual_macro": 0.6687165772728778, "val_acc_individual": 0.8269860148429871, "train_acc_means": 0.9243590235710144, "train_time_millis": 24188.191366032697, "eval_time_millis": 11155.334371025674}, "Test_results": {"test_f1_majority_binary": 0.45618727803230286, "test_f1_majority_macro": 0.6856215944975922, "test_acc_majority": 0.8530634641647339, "test_f1_individual_binary": 0.4339471459388733, "test_f1_individual_macro": 0.6654842481515619, "test_acc_individual": 0.8257440328598022, "test_time_millis": 11017.127781058662, "dataset_size": 16262, "number_of_annotations": 16262}}