{"Epoch0": {"train_loss_means": 0.08739122003316879, "val_loss_mean": 0.08786296844482422, "val_f1_majority_bin": 0.23463687150837986, "val_f1_majority_macro": 0.40654920498495917, "val_acc_majority": 0.45634920634920634, "val_f1_individual_binary": 0.23463687150837986, "val_f1_individual_macro": 0.40654920498495917, "val_acc_individual": 0.45634920634920634, "train_time_millis": 682.5566609999214, "eval_time_millis": 202.23844999998164}, "Epoch1": {"train_loss_means": 0.07294122129678726, "val_loss_mean": 0.07124797254800797, "val_f1_majority_bin": 0.3448275862068966, "val_f1_majority_macro": 0.5744756487735514, "val_acc_majority": 0.6984126984126984, "val_f1_individual_binary": 0.3448275862068966, "val_f1_individual_macro": 0.5744756487735514, "val_acc_individual": 0.6984126984126984, "train_time_millis": 677.4816170000122, "eval_time_millis": 202.25285100002566}, "Epoch2": {"train_loss_means": 0.047692906111478806, "val_loss_mean": 0.056455809623003006, "val_f1_majority_bin": 0.5263157894736842, "val_f1_majority_macro": 0.7329565524549628, "val_acc_majority": 0.8928571428571429, "val_f1_individual_binary": 0.5263157894736842, "val_f1_individual_macro": 0.7329565524549628, "val_acc_individual": 0.8928571428571429, "train_time_millis": 637.9697190000115, "eval_time_millis": 202.1771299999955}, "Epoch3": {"train_loss_means": 0.02232457511126995, "val_loss_mean": 0.08551304787397385, "val_f1_majority_bin": 0.6, "val_f1_majority_macro": 0.7827586206896553, "val_acc_majority": 0.9365079365079365, "val_f1_individual_binary": 0.6, "val_f1_individual_macro": 0.7827586206896553, "val_acc_individual": 0.9365079365079365, "train_time_millis": 599.0846380000221, "eval_time_millis": 201.83252499998616}, "Epoch4": {"train_loss_means": 0.010607646778225899, "val_loss_mean": 0.0950569212436676, "val_f1_majority_bin": 0.6341463414634146, "val_f1_majority_macro": 0.8008744666280356, "val_acc_majority": 0.9404761904761905, "val_f1_individual_binary": 0.6341463414634146, "val_f1_individual_macro": 0.8008744666280356, "val_acc_individual": 0.9404761904761905, "train_time_millis": 671.4744620001056, "eval_time_millis": 201.3958109999976}, "Epoch5": {"train_loss_means": 0.005125838797539473, "val_loss_mean": 0.19125720858573914, "val_f1_majority_bin": 0.588235294117647, "val_f1_majority_macro": 0.7792240300375469, "val_acc_majority": 0.9444444444444444, "val_f1_individual_binary": 0.588235294117647, "val_f1_individual_macro": 0.7792240300375469, "val_acc_individual": 0.9444444444444444, "train_time_millis": 627.3139340000853, "eval_time_millis": 201.6815139999153}, "Epoch6": {"train_loss_means": 0.003139699576422572, "val_loss_mean": 0.1605881303548813, "val_f1_majority_bin": 0.6500000000000001, "val_f1_majority_macro": 0.8099137931034484, "val_acc_majority": 0.9444444444444444, "val_f1_individual_binary": 0.6500000000000001, "val_f1_individual_macro": 0.8099137931034484, "val_acc_individual": 0.9444444444444444, "train_time_millis": 688.7463489999845, "eval_time_millis": 201.594972999942}, "Epoch7": {"train_loss_means": 0.002349455375224352, "val_loss_mean": 0.15604117512702942, "val_f1_majority_bin": 0.6190476190476191, "val_f1_majority_macro": 0.7922077922077921, "val_acc_majority": 0.9365079365079365, "val_f1_individual_binary": 0.6190476190476191, "val_f1_individual_macro": 0.7922077922077921, "val_acc_individual": 0.9365079365079365, "train_time_millis": 685.7232060000342, "eval_time_millis": 202.22136000006685}, "Epoch8": {"train_loss_means": 0.0015827652532607317, "val_loss_mean": 0.1927165687084198, "val_f1_majority_bin": 0.6486486486486486, "val_f1_majority_macro": 0.810405694774003, "val_acc_majority": 0.9484126984126984, "val_f1_individual_binary": 0.6486486486486486, "val_f1_individual_macro": 0.810405694774003, "val_acc_individual": 0.9484126984126984, "train_time_millis": 625.4332230000728, "eval_time_millis": 201.69906399996762}, "Epoch9": {"train_loss_means": 0.0011717351153492928, "val_loss_mean": 0.20594125986099243, "val_f1_majority_bin": 0.611111111111111, "val_f1_majority_macro": 0.7905982905982906, "val_acc_majority": 0.9444444444444444, "val_f1_individual_binary": 0.611111111111111, "val_f1_individual_macro": 0.7905982905982906, "val_acc_individual": 0.9444444444444444, "train_time_millis": 626.6057960000353, "eval_time_millis": 201.5260919999946}, "Test_results": {"test_f1_majority_binary": 0.6486486486486486, "test_f1_majority_macro": 0.810405694774003, "test_acc_majority": 0.9484126984126984, "test_f1_individual_binary": 0.6486486486486486, "test_f1_individual_macro": 0.810405694774003, "test_acc_individual": 0.9484126984126984, "test_time_millis": 202.93553799990605, "dataset_size": 755, "number_of_annotations": 755, "train_size": 251, "val_size": 252, "test_size": 252}}