{"Epoch0": {"train_loss_means": 0.06979256868362427, "val_loss_mean": 0.06372320652008057, "val_f1_majority_bin": 0.46562123039806996, "val_f1_majority_macro": 0.7228792158357206, "val_acc_majority": 0.9616980805810134, "val_f1_individual_binary": 0.3862359550561798, "val_f1_individual_macro": 0.680639037524092, "val_acc_individual": 0.952034684301512, "train_time_millis": 117627.29863600004, "eval_time_millis": 17503.696485999968}, "Epoch1": {"train_loss_means": 0.058265406638383865, "val_loss_mean": 0.06391536444425583, "val_f1_majority_bin": 0.5000000000000001, "val_f1_majority_macro": 0.7398326435126867, "val_acc_majority": 0.9609199377485734, "val_f1_individual_binary": 0.42139595564253096, "val_f1_individual_macro": 0.697993881573772, "val_acc_individual": 0.9513212413906649, "train_time_millis": 117814.56681600002, "eval_time_millis": 17380.850304000036}, "Epoch2": {"train_loss_means": 0.051947664469480515, "val_loss_mean": 0.06464457511901855, "val_f1_majority_bin": 0.49362688296639623, "val_f1_majority_macro": 0.7370015954191629, "val_acc_majority": 0.9622168424693066, "val_f1_individual_binary": 0.42559014710913445, "val_f1_individual_macro": 0.700795873977648, "val_acc_individual": 0.9539280520264523, "train_time_millis": 117787.65036899995, "eval_time_millis": 17333.466769999974}, "Epoch3": {"train_loss_means": 0.046803172677755356, "val_loss_mean": 0.07331837713718414, "val_f1_majority_bin": 0.5107344632768362, "val_f1_majority_macro": 0.7456355824272884, "val_acc_majority": 0.9625626837281688, "val_f1_individual_binary": 0.4282384282384283, "val_f1_individual_macro": 0.7018343952076047, "val_acc_individual": 0.9528853277721373, "train_time_millis": 117736.07322799989, "eval_time_millis": 17288.505815999997}, "Epoch4": {"train_loss_means": 0.04240821674466133, "val_loss_mean": 0.0736774280667305, "val_f1_majority_bin": 0.5046343975283214, "val_f1_majority_macro": 0.7414648004066858, "val_acc_majority": 0.9584125886218225, "val_f1_individual_binary": 0.43515673017824213, "val_f1_individual_macro": 0.7043804101258857, "val_acc_individual": 0.9495650742255028, "train_time_millis": 117674.88644300011, "eval_time_millis": 17263.81179400005}, "Epoch5": {"train_loss_means": 0.03912707045674324, "val_loss_mean": 0.0781661719083786, "val_f1_majority_bin": 0.47574626865671643, "val_f1_majority_macro": 0.7251351470210146, "val_acc_majority": 0.9514093031298634, "val_f1_individual_binary": 0.4221784407542922, "val_f1_individual_macro": 0.696283860735994, "val_acc_individual": 0.9436654501550367, "train_time_millis": 117689.82140000003, "eval_time_millis": 17252.476231999935}, "Epoch6": {"train_loss_means": 0.03571386635303497, "val_loss_mean": 0.08443895727396011, "val_f1_majority_bin": 0.4893617021276595, "val_f1_majority_macro": 0.7327340685495751, "val_acc_majority": 0.9543489538301919, "val_f1_individual_binary": 0.42332361516034983, "val_f1_individual_macro": 0.6974225769881455, "val_acc_individual": 0.9457234585517109, "train_time_millis": 117659.77693100012, "eval_time_millis": 17302.660989999822}, "Epoch7": {"train_loss_means": 0.0341716967523098, "val_loss_mean": 0.0848427340388298, "val_f1_majority_bin": 0.4612706701479547, "val_f1_majority_macro": 0.7165562739813148, "val_acc_majority": 0.9464810651910773, "val_f1_individual_binary": 0.4139756484912652, "val_f1_individual_macro": 0.6909694182723733, "val_acc_individual": 0.939247592130176, "train_time_millis": 117659.64119700015, "eval_time_millis": 17425.779679000014}, "Epoch8": {"train_loss_means": 0.03251753747463226, "val_loss_mean": 0.09149480611085892, "val_f1_majority_bin": 0.459016393442623, "val_f1_majority_macro": 0.7152406865952478, "val_acc_majority": 0.9457893826733529, "val_f1_individual_binary": 0.4166014095536414, "val_f1_individual_macro": 0.6921179518986801, "val_acc_individual": 0.938671349779107, "train_time_millis": 117608.63152399997, "eval_time_millis": 17454.490043000078}, "Epoch9": {"train_loss_means": 0.03146440535783768, "val_loss_mean": 0.09828819334506989, "val_f1_majority_bin": 0.4731977818853974, "val_f1_majority_macro": 0.7236737208746715, "val_acc_majority": 0.950717620612139, "val_f1_individual_binary": 0.41629464285714285, "val_f1_individual_macro": 0.693053961929567, "val_acc_individual": 0.9425952857887661, "train_time_millis": 117424.517874, "eval_time_millis": 17348.990367999933}, "Test_results": {"test_f1_majority_binary": 0.49362688296639623, "test_f1_majority_macro": 0.7370015954191629, "test_acc_majority": 0.9622168424693066, "test_f1_individual_binary": 0.42559014710913445, "test_f1_individual_macro": 0.700795873977648, "test_acc_individual": 0.9539280520264523, "test_time_millis": 17526.001775000168, "dataset_size": 57853, "number_of_annotations": 182376, "train_size": 109646, "val_size": 36443, "test_size": 36287}}