{"Epoch0": {"train_loss_means": 0.05535284802317619, "val_loss_mean": 0.053383685648441315, "val_f1_majority_bin": 0.16417910447761191, "val_f1_majority_macro": 0.5509409474367294, "val_acc_majority": 0.8840479682512294, "val_f1_individual_binary": 0.17312531454453953, "val_f1_individual_macro": 0.5527444754540879, "val_acc_individual": 0.874955604038764, "train_time_millis": 3552.8080500662327, "eval_time_millis": 15647.131480975077}, "Epoch1": {"train_loss_means": 0.04754878208041191, "val_loss_mean": 0.044998764991760254, "val_f1_majority_bin": 0.19532211735740665, "val_f1_majority_macro": 0.5503966576182068, "val_acc_majority": 0.8308170131998964, "val_f1_individual_binary": 0.2154882154882155, "val_f1_individual_macro": 0.5577626988261086, "val_acc_individual": 0.8226698462631286, "train_time_millis": 3527.339414926246, "eval_time_millis": 15625.180730130523}, "Epoch2": {"train_loss_means": 0.0362648144364357, "val_loss_mean": 0.041975799947977066, "val_f1_majority_bin": 0.18769996445076428, "val_f1_majority_macro": 0.5377598452525312, "val_acc_majority": 0.8028642912604607, "val_f1_individual_binary": 0.2146837423013002, "val_f1_individual_macro": 0.5487982823040309, "val_acc_individual": 0.7962098533664823, "train_time_millis": 3547.3567568697035, "eval_time_millis": 15555.251780897379}, "Epoch3": {"train_loss_means": 0.027181532233953476, "val_loss_mean": 0.04687688499689102, "val_f1_majority_bin": 0.23804780876494022, "val_f1_majority_macro": 0.5828946893073781, "val_acc_majority": 0.8680010352859977, "val_f1_individual_binary": 0.2557262193478847, "val_f1_individual_macro": 0.5891872197924065, "val_acc_individual": 0.8598609772185296, "train_time_millis": 3540.2446179650724, "eval_time_millis": 13548.640771070495}, "Epoch4": {"train_loss_means": 0.022326532751321793, "val_loss_mean": 0.058587346225976944, "val_f1_majority_bin": 0.2727272727272727, "val_f1_majority_macro": 0.6112783278696772, "val_acc_majority": 0.9061340695367095, "val_f1_individual_binary": 0.27698863636363635, "val_f1_individual_macro": 0.6106816303505521, "val_acc_individual": 0.8966969404840428, "train_time_millis": 3549.474157160148, "eval_time_millis": 15670.143531169742}, "Epoch5": {"train_loss_means": 0.01966927945613861, "val_loss_mean": 0.06144152581691742, "val_f1_majority_bin": 0.2559627690517743, "val_f1_majority_macro": 0.5981859225680993, "val_acc_majority": 0.8896557674057458, "val_f1_individual_binary": 0.26589595375722547, "val_f1_individual_macro": 0.6005119997957108, "val_acc_individual": 0.8807905018012075, "train_time_millis": 3536.235620966181, "eval_time_millis": 15571.818619035184}, "Epoch6": {"train_loss_means": 0.017931506037712097, "val_loss_mean": 0.07118887454271317, "val_f1_majority_bin": 0.2682418346073662, "val_f1_majority_macro": 0.6099062275184648, "val_acc_majority": 0.9091536536968338, "val_f1_individual_binary": 0.2736958119030125, "val_f1_individual_macro": 0.6099103650751165, "val_acc_individual": 0.8996904967273834, "train_time_millis": 3563.5190720204264, "eval_time_millis": 13525.823892094195}, "Epoch7": {"train_loss_means": 0.01615486852824688, "val_loss_mean": 0.07896490395069122, "val_f1_majority_bin": 0.27279693486590034, "val_f1_majority_macro": 0.6147090218965421, "val_acc_majority": 0.91812613234406, "val_f1_individual_binary": 0.27491961414790994, "val_f1_individual_macro": 0.6130352200173614, "val_acc_individual": 0.908468212491755, "train_time_millis": 3554.1465799324214, "eval_time_millis": 15565.956566948444}, "Epoch8": {"train_loss_means": 0.015728557482361794, "val_loss_mean": 0.08311137557029724, "val_f1_majority_bin": 0.2714285714285714, "val_f1_majority_macro": 0.6147764150820442, "val_acc_majority": 0.9208006211715987, "val_f1_individual_binary": 0.2727272727272727, "val_f1_individual_macro": 0.6126937182356135, "val_acc_individual": 0.9111066010452078, "train_time_millis": 3566.283856984228, "eval_time_millis": 13931.12056911923}, "Epoch9": {"train_loss_means": 0.015136257745325565, "val_loss_mean": 0.08574052155017853, "val_f1_majority_bin": 0.27699917559769166, "val_f1_majority_macro": 0.6185396442420157, "val_acc_majority": 0.9243378483306013, "val_f1_individual_binary": 0.27476313522825146, "val_f1_individual_macro": 0.6146837026152041, "val_acc_individual": 0.9145568014612614, "train_time_millis": 3556.3083910383284, "eval_time_millis": 15009.58241103217}, "Test_results": {"test_f1_majority_binary": 0.27699917559769166, "test_f1_majority_macro": 0.6185396442420157, "test_acc_majority": 0.9243378483306013, "test_f1_individual_binary": 0.27476313522825146, "test_f1_individual_macro": 0.6146837026152041, "test_acc_individual": 0.9145568014612614, "test_time_millis": 15603.356464067474, "dataset_size": 24242, "number_of_annotations": 82542, "train_size": 3750, "val_size": 39418, "test_size": 39374}}