{"Epoch0": {"train_loss_means": 0.10220513492822647, "val_loss_mean": 0.067091204226017, "val_f1_majority_bin": 0.529032258064516, "val_f1_majority_macro": 0.710918478518308, "val_acc_majority": 0.8253588516746412, "val_f1_individual_binary": 0.48387096774193555, "val_f1_individual_macro": 0.6862510291145872, "val_acc_individual": 0.816793893129771, "train_time_millis": 1612.0206829999688, "eval_time_millis": 2455.493844999978}, "Epoch1": {"train_loss_means": 0.04433231055736542, "val_loss_mean": 0.07210531085729599, "val_f1_majority_bin": 0.4352331606217617, "val_f1_majority_macro": 0.6328576378536491, "val_acc_majority": 0.7392344497607656, "val_f1_individual_binary": 0.4035087719298246, "val_f1_individual_macro": 0.6188275566966196, "val_acc_individual": 0.7404580152671756, "train_time_millis": 1702.3855420000018, "eval_time_millis": 2470.300664999968}, "Epoch2": {"train_loss_means": 0.03558127209544182, "val_loss_mean": 0.04791826382279396, "val_f1_majority_bin": 0.5874125874125874, "val_f1_majority_macro": 0.7511377511377512, "val_acc_majority": 0.8588516746411483, "val_f1_individual_binary": 0.5411764705882353, "val_f1_individual_macro": 0.7261691008977622, "val_acc_individual": 0.851145038167939, "train_time_millis": 1634.1202830000157, "eval_time_millis": 2452.0197250000138}, "Epoch3": {"train_loss_means": 0.023521224036812782, "val_loss_mean": 0.0753381997346878, "val_f1_majority_bin": 0.6458333333333333, "val_f1_majority_macro": 0.7999436936936937, "val_acc_majority": 0.9186602870813397, "val_f1_individual_binary": 0.6017699115044248, "val_f1_individual_macro": 0.7768207846292178, "val_acc_individual": 0.9141221374045801, "train_time_millis": 1691.045923000047, "eval_time_millis": 2468.18740599997}, "Epoch4": {"train_loss_means": 0.015856469050049782, "val_loss_mean": 0.04993502423167229, "val_f1_majority_bin": 0.679245283018868, "val_f1_majority_macro": 0.8163349702765573, "val_acc_majority": 0.9186602870813397, "val_f1_individual_binary": 0.6299212598425198, "val_f1_individual_macro": 0.7894448861644738, "val_acc_individual": 0.9103053435114504, "train_time_millis": 1644.4876170000953, "eval_time_millis": 2458.6190879999776}, "Epoch5": {"train_loss_means": 0.011597124859690666, "val_loss_mean": 0.07453753054141998, "val_f1_majority_bin": 0.6593406593406593, "val_f1_majority_macro": 0.8088649605428129, "val_acc_majority": 0.9258373205741627, "val_f1_individual_binary": 0.6226415094339622, "val_f1_individual_macro": 0.7900893322116733, "val_acc_individual": 0.9236641221374046, "train_time_millis": 1640.3381690000742, "eval_time_millis": 2465.57937099999}, "Epoch6": {"train_loss_means": 0.010219667106866837, "val_loss_mean": 0.09735870361328125, "val_f1_majority_bin": 0.6744186046511628, "val_f1_majority_macro": 0.8185426356589147, "val_acc_majority": 0.9330143540669856, "val_f1_individual_binary": 0.64, "val_f1_individual_macro": 0.8010126582278481, "val_acc_individual": 0.9312977099236641, "train_time_millis": 1600.7716729999402, "eval_time_millis": 2474.2515330000288}, "Epoch7": {"train_loss_means": 0.008348683826625347, "val_loss_mean": 0.09926062822341919, "val_f1_majority_bin": 0.6818181818181818, "val_f1_majority_macro": 0.822192513368984, "val_acc_majority": 0.9330143540669856, "val_f1_individual_binary": 0.6470588235294118, "val_f1_individual_macro": 0.8045019276209426, "val_acc_individual": 0.9312977099236641, "train_time_millis": 1593.0647330000056, "eval_time_millis": 1442.4364469999773}, "Epoch8": {"train_loss_means": 0.006589518394321203, "val_loss_mean": 0.11702554672956467, "val_f1_majority_bin": 0.6588235294117646, "val_f1_majority_macro": 0.8101041748257225, "val_acc_majority": 0.930622009569378, "val_f1_individual_binary": 0.6262626262626262, "val_f1_individual_macro": 0.7936371087056018, "val_acc_individual": 0.9293893129770993, "train_time_millis": 1646.4360120000947, "eval_time_millis": 2467.535708000014}, "Epoch9": {"train_loss_means": 0.006310108117759228, "val_loss_mean": 0.125777468085289, "val_f1_majority_bin": 0.6585365853658537, "val_f1_majority_macro": 0.8107006534256325, "val_acc_majority": 0.9330143540669856, "val_f1_individual_binary": 0.625, "val_f1_individual_macro": 0.79359243697479, "val_acc_individual": 0.9312977099236641, "train_time_millis": 1651.1986259999958, "eval_time_millis": 2451.2680230000115}, "Test_results": {"test_f1_majority_binary": 0.6818181818181818, "test_f1_majority_macro": 0.822192513368984, "test_acc_majority": 0.9330143540669856, "test_f1_individual_binary": 0.6470588235294118, "test_f1_individual_macro": 0.8045019276209426, "test_acc_individual": 0.9312977099236641, "test_time_millis": 2466.277855000044, "dataset_size": 1359, "number_of_annotations": 1693, "train_size": 640, "val_size": 524, "test_size": 529}}