{"Epoch0": {"train_loss_means": 2.523768901824951, "val_loss_mean": 2.419987201690674, "val_f1_majority_bin": 0.03966532275080681, "val_f1_majority_macro": 0.17552483286539142, "val_acc_majority": 0.19791217148303986, "val_f1_individual_binary": 0.05145008862018585, "val_f1_individual_macro": 0.3592757910208228, "val_acc_individual": 0.5071657299995422, "train_acc_means": 0.43747544288635254, "train_time_millis": 1949.7638121247292, "eval_time_millis": 43217.040123883635}, "Epoch1": {"train_loss_means": 2.432981014251709, "val_loss_mean": 2.374450206756592, "val_f1_majority_bin": 0.027944112196564674, "val_f1_majority_macro": 0.48027585218879093, "val_acc_majority": 0.8739539384841919, "val_f1_individual_binary": 0.052159927785396576, "val_f1_individual_macro": 0.39149595018472316, "val_acc_individual": 0.5807287693023682, "train_acc_means": 0.5621324181556702, "train_time_millis": 1916.5946003049612, "eval_time_millis": 43178.64162661135}, "Epoch2": {"train_loss_means": 2.3963069915771484, "val_loss_mean": 2.3578078746795654, "val_f1_majority_bin": 0.006289307959377766, "val_f1_majority_macro": 0.4962342272161119, "val_acc_majority": 0.9727374911308289, "val_f1_individual_binary": 0.0521368607878685, "val_f1_individual_macro": 0.40554253321343026, "val_acc_individual": 0.6156426072120667, "train_acc_means": 0.5854986906051636, "train_time_millis": 1912.5849287956953, "eval_time_millis": 43208.09232303873}, "Epoch3": {"train_loss_means": 2.411616325378418, "val_loss_mean": 2.3334648609161377, "val_f1_majority_bin": 0.0, "val_f1_majority_macro": 0.4949675395407607, "val_acc_majority": 0.9800707697868347, "val_f1_individual_binary": 0.05073936656117439, "val_f1_individual_macro": 0.4202702862002479, "val_acc_individual": 0.6558164358139038, "train_acc_means": 0.6449316740036011, "train_time_millis": 1903.3587011508644, "eval_time_millis": 43393.88859504834}, "Epoch4": {"train_loss_means": 2.295180320739746, "val_loss_mean": 2.3201324939727783, "val_f1_majority_bin": 0.008695651777088642, "val_f1_majority_macro": 0.49938093866973793, "val_acc_majority": 0.9803295731544495, "val_f1_individual_binary": 0.04862721636891365, "val_f1_individual_macro": 0.4270010478786622, "val_acc_individual": 0.6768562197685242, "train_acc_means": 0.6642981767654419, "train_time_millis": 1917.5438489764929, "eval_time_millis": 43240.3822792694}, "Epoch5": {"train_loss_means": 2.195659875869751, "val_loss_mean": 2.305469512939453, "val_f1_majority_bin": 0.0, "val_f1_majority_macro": 0.4951215262653541, "val_acc_majority": 0.980674684047699, "val_f1_individual_binary": 0.048383306711912155, "val_f1_individual_macro": 0.4320175434039646, "val_acc_individual": 0.6911368370056152, "train_acc_means": 0.6974492073059082, "train_time_millis": 1904.7607271932065, "eval_time_millis": 43451.01556694135}, "Epoch6": {"train_loss_means": 2.1972005367279053, "val_loss_mean": 2.2951812744140625, "val_f1_majority_bin": 0.0, "val_f1_majority_macro": 0.4951215262653541, "val_acc_majority": 0.980674684047699, "val_f1_individual_binary": 0.04771209880709648, "val_f1_individual_macro": 0.43581823298570954, "val_acc_individual": 0.7028002142906189, "train_acc_means": 0.7166253328323364, "train_time_millis": 1906.9021102041006, "eval_time_millis": 43406.91813500598}, "Epoch7": {"train_loss_means": 2.1521425247192383, "val_loss_mean": 2.285411834716797, "val_f1_majority_bin": 0.0, "val_f1_majority_macro": 0.49514351670368917, "val_acc_majority": 0.980760931968689, "val_f1_individual_binary": 0.047414880245923996, "val_f1_individual_macro": 0.43891106813734265, "val_acc_individual": 0.7120749950408936, "train_acc_means": 0.7009844779968262, "train_time_millis": 1921.6871289536357, "eval_time_millis": 43218.04185025394}, "Epoch8": {"train_loss_means": 2.166095495223999, "val_loss_mean": 2.2762179374694824, "val_f1_majority_bin": 0.0, "val_f1_majority_macro": 0.49514351670368917, "val_acc_majority": 0.980760931968689, "val_f1_individual_binary": 0.04724958539009094, "val_f1_individual_macro": 0.44235257676566, "val_acc_individual": 0.7222899794578552, "train_acc_means": 0.7263146042823792, "train_time_millis": 1910.250778310001, "eval_time_millis": 43480.582564137876}, "Epoch9": {"train_loss_means": 2.0745973587036133, "val_loss_mean": 2.268120527267456, "val_f1_majority_bin": 0.0, "val_f1_majority_macro": 0.49514351670368917, "val_acc_majority": 0.980760931968689, "val_f1_individual_binary": 0.046427927911281586, "val_f1_individual_macro": 0.4448194323102055, "val_acc_individual": 0.7307007908821106, "train_acc_means": 0.7480277419090271, "train_time_millis": 1907.8237689100206, "eval_time_millis": 43347.60764800012}, "Test_results": {"test_f1_majority_binary": 0.0, "test_f1_majority_macro": 0.49527583053946966, "test_acc_majority": 0.9812802076339722, "test_f1_individual_binary": 0.051066115498542786, "test_f1_individual_macro": 0.44746471931278, "test_acc_individual": 0.7318481206893921, "test_time_millis": 43328.54921603575, "dataset_size": 23461, "number_of_annotations": 79804}}