{"Epoch0": {"train_loss_means": 0.850970447063446, "val_loss_mean": 0.8245965838432312, "val_f1_majority_bin": 0.0, "val_f1_majority_macro": 0.42584167424931757, "val_acc_majority": 0.741679847240448, "val_f1_individual_binary": 0.25, "val_f1_individual_macro": 0.5343799682034975, "val_acc_individual": 0.7080665826797485, "train_acc_means": 0.6744318604469299, "train_time_millis": 10127.327566966414, "eval_time_millis": 1521.7809429741465}, "Epoch1": {"train_loss_means": 0.829696536064148, "val_loss_mean": 0.8271766901016235, "val_f1_majority_bin": 0.0, "val_f1_majority_macro": 0.42584167424931757, "val_acc_majority": 0.741679847240448, "val_f1_individual_binary": 0.25, "val_f1_individual_macro": 0.5343799682034975, "val_acc_individual": 0.7080665826797485, "train_acc_means": 0.717894434928894, "train_time_millis": 9458.590505004395, "eval_time_millis": 1525.9729190147482}, "Epoch2": {"train_loss_means": 0.8288446664810181, "val_loss_mean": 0.8229280710220337, "val_f1_majority_bin": 0.0, "val_f1_majority_macro": 0.42584167424931757, "val_acc_majority": 0.741679847240448, "val_f1_individual_binary": 0.17670682072639465, "val_f1_individual_macro": 0.5102879147970404, "val_acc_individual": 0.7375159859657288, "train_acc_means": 0.7166169285774231, "train_time_millis": 9457.046607974917, "eval_time_millis": 1532.3984990245663}, "Epoch3": {"train_loss_means": 0.806984007358551, "val_loss_mean": 0.8388749361038208, "val_f1_majority_bin": 0.20465116202831268, "val_f1_majority_macro": 0.5206636902778703, "val_acc_majority": 0.7290015816688538, "val_f1_individual_binary": 0.23239436745643616, "val_f1_individual_macro": 0.5309076682316118, "val_acc_individual": 0.7208706736564636, "train_acc_means": 0.7432228326797485, "train_time_millis": 9454.145505966153, "eval_time_millis": 1531.0156040359288}, "Test_results": {"test_f1_majority_binary": 0.1111111119389534, "test_f1_majority_macro": 0.4778170396544955, "test_acc_majority": 0.7353383302688599, "test_f1_individual_binary": 0.2074074000120163, "test_f1_individual_macro": 0.5277093855218855, "test_acc_individual": 0.7449344396591187, "test_time_millis": 1611.7805449757725, "dataset_size": 3284, "number_of_annotations": 4128}}