{"Epoch0": {"train_loss_means": 0.044191859662532806, "val_loss_mean": 0.03664487600326538, "val_f1_majority_bin": 0.1347517730496454, "val_f1_majority_macro": 0.5248967778897252, "val_acc_majority": 0.8452758402029169, "val_f1_individual_binary": 0.18404907975460125, "val_f1_individual_macro": 0.5497037931653787, "val_acc_individual": 0.8466269459926965, "train_time_millis": 15807.72270198213, "eval_time_millis": 3200.0241539790295}, "Epoch1": {"train_loss_means": 0.03178850933909416, "val_loss_mean": 0.028064318001270294, "val_f1_majority_bin": 0.19574468085106383, "val_f1_majority_macro": 0.5654982397061075, "val_acc_majority": 0.8801521876981611, "val_f1_individual_binary": 0.25, "val_f1_individual_macro": 0.5920708760192348, "val_acc_individual": 0.8789160099942341, "train_time_millis": 15862.256483989768, "eval_time_millis": 3807.583957997849}, "Epoch2": {"train_loss_means": 0.024952471256256104, "val_loss_mean": 0.027675772085785866, "val_f1_majority_bin": 0.2090909090909091, "val_f1_majority_macro": 0.5748931028072133, "val_acc_majority": 0.8896639188332276, "val_f1_individual_binary": 0.25388601036269426, "val_f1_individual_macro": 0.597048880207297, "val_acc_individual": 0.8892946377090141, "train_time_millis": 15845.199436997063, "eval_time_millis": 4189.36765298713}, "Epoch3": {"train_loss_means": 0.021557006984949112, "val_loss_mean": 0.030343856662511826, "val_f1_majority_bin": 0.2598870056497175, "val_f1_majority_macro": 0.6079414873730616, "val_acc_majority": 0.9169308814204186, "val_f1_individual_binary": 0.2852664576802508, "val_f1_individual_macro": 0.619291705498602, "val_acc_individual": 0.9123582548529694, "train_time_millis": 15867.628287000116, "eval_time_millis": 4221.391344006406}, "Epoch4": {"train_loss_means": 0.01778390258550644, "val_loss_mean": 0.03379841893911362, "val_f1_majority_bin": 0.2767295597484277, "val_f1_majority_macro": 0.6191661154334793, "val_acc_majority": 0.9270767279644896, "val_f1_individual_binary": 0.2852233676975945, "val_f1_individual_macro": 0.6214390454123151, "val_acc_individual": 0.9200461272342879, "train_time_millis": 15854.24744701595, "eval_time_millis": 4229.151956009446}, "Epoch5": {"train_loss_means": 0.015225064940750599, "val_loss_mean": 0.03505345806479454, "val_f1_majority_bin": 0.24210526315789474, "val_f1_majority_macro": 0.5967611336032389, "val_acc_majority": 0.9086873811033608, "val_f1_individual_binary": 0.2570162481536189, "val_f1_individual_macro": 0.6026575741744558, "val_acc_individual": 0.9033250048049203, "train_time_millis": 15865.795168007025, "eval_time_millis": 4219.498493999708}, "Epoch6": {"train_loss_means": 0.013353066518902779, "val_loss_mean": 0.049219727516174316, "val_f1_majority_bin": 0.27868852459016397, "val_f1_majority_macro": 0.6248323889441585, "val_acc_majority": 0.9441978440076094, "val_f1_individual_binary": 0.29004329004329005, "val_f1_individual_macro": 0.6285292878213232, "val_acc_individual": 0.9369594464731885, "train_time_millis": 15927.66501501319, "eval_time_millis": 4249.862739990931}, "Epoch7": {"train_loss_means": 0.01291636098176241, "val_loss_mean": 0.04866314306855202, "val_f1_majority_bin": 0.2962962962962963, "val_f1_majority_macro": 0.6324144614969391, "val_acc_majority": 0.9397590361445783, "val_f1_individual_binary": 0.29702970297029707, "val_f1_individual_macro": 0.6305873694126306, "val_acc_individual": 0.9317701326157986, "train_time_millis": 15873.033340991242, "eval_time_millis": 4198.292660003062}, "Epoch8": {"train_loss_means": 0.011475004255771637, "val_loss_mean": 0.05753660574555397, "val_f1_majority_bin": 0.3157894736842105, "val_f1_majority_macro": 0.6450657894736842, "val_acc_majority": 0.9505389980976537, "val_f1_individual_binary": 0.3031674208144796, "val_f1_individual_macro": 0.6361280701021415, "val_acc_individual": 0.9408033826638478, "train_time_millis": 15859.363413997926, "eval_time_millis": 4197.308089002036}, "Epoch9": {"train_loss_means": 0.011409725993871689, "val_loss_mean": 0.05706650763750076, "val_f1_majority_bin": 0.3103448275862069, "val_f1_majority_macro": 0.6420058568477447, "val_acc_majority": 0.9492707672796449, "val_f1_individual_binary": 0.29777777777777775, "val_f1_individual_macro": 0.6330190616490335, "val_acc_individual": 0.9392658081875841, "train_time_millis": 15877.551624987973, "eval_time_millis": 4234.175820980454}, "Test_results": {"test_f1_majority_binary": 0.3157894736842105, "test_f1_majority_macro": 0.6450657894736842, "test_acc_majority": 0.9505389980976537, "test_f1_individual_binary": 0.3031674208144796, "test_f1_individual_macro": 0.6361280701021415, "test_acc_individual": 0.9408033826638478, "test_time_millis": 4217.5326730066445, "dataset_size": 7871, "number_of_annotations": 25845, "train_size": 15645, "val_size": 5203, "test_size": 4997}}