{"Epoch0": {"train_loss_means": 0.25744035840034485, "val_loss_mean": 0.24086488783359528, "val_f1_majority_bin": 0.7377260981912145, "val_f1_majority_macro": 0.7951520832277786, "val_acc_majority": 0.8112505811250581, "val_f1_individual_binary": 0.6703959958781097, "val_f1_individual_macro": 0.7431716929657708, "val_acc_individual": 0.7637936491191054, "train_time_millis": 59183.8983320049, "eval_time_millis": 8252.643325948156}, "Epoch1": {"train_loss_means": 0.20911967754364014, "val_loss_mean": 0.22067907452583313, "val_f1_majority_bin": 0.754006968641115, "val_f1_majority_macro": 0.8154408753216038, "val_acc_majority": 0.8358902835890284, "val_f1_individual_binary": 0.7031773910266647, "val_f1_individual_macro": 0.7783708932289684, "val_acc_individual": 0.8038822660618209, "train_time_millis": 59292.00865700841, "eval_time_millis": 8231.225251976866}, "Epoch2": {"train_loss_means": 0.17772740125656128, "val_loss_mean": 0.243369922041893, "val_f1_majority_bin": 0.7471590909090908, "val_f1_majority_macro": 0.8120729801470126, "val_acc_majority": 0.8344955834495583, "val_f1_individual_binary": 0.69166530211233, "val_f1_individual_macro": 0.7725698699496364, "val_acc_individual": 0.8013503534128072, "train_time_millis": 59395.63098899089, "eval_time_millis": 8190.784847014584}, "Epoch3": {"train_loss_means": 0.1612197756767273, "val_loss_mean": 0.24685105681419373, "val_f1_majority_bin": 0.749827705031013, "val_f1_majority_macro": 0.8112519794884985, "val_acc_majority": 0.8312412831241283, "val_f1_individual_binary": 0.7070142768466791, "val_f1_individual_macro": 0.778071626197033, "val_acc_individual": 0.8008228716109295, "train_time_millis": 59402.22141996492, "eval_time_millis": 8259.076104965061}, "Epoch4": {"train_loss_means": 0.14616572856903076, "val_loss_mean": 0.24883563816547394, "val_f1_majority_bin": 0.7395171537484118, "val_f1_majority_macro": 0.7946119493082235, "val_acc_majority": 0.8093909809390981, "val_f1_individual_binary": 0.7122093023255813, "val_f1_individual_macro": 0.7741374380480366, "val_acc_individual": 0.7911172064563773, "train_time_millis": 59536.25910001574, "eval_time_millis": 8268.073527957313}, "Epoch5": {"train_loss_means": 0.1341659128665924, "val_loss_mean": 0.2828231155872345, "val_f1_majority_bin": 0.7505183137525917, "val_f1_majority_macro": 0.8120367400636863, "val_acc_majority": 0.8321710832171083, "val_f1_individual_binary": 0.7049640961598501, "val_f1_individual_macro": 0.7771952411965599, "val_acc_individual": 0.8006118788901783, "train_time_millis": 59563.05561802583, "eval_time_millis": 8262.180597055703}, "Epoch6": {"train_loss_means": 0.12512394785881042, "val_loss_mean": 0.31133967638015747, "val_f1_majority_bin": 0.7446540880503145, "val_f1_majority_macro": 0.7974745366505259, "val_acc_majority": 0.8112505811250581, "val_f1_individual_binary": 0.7155060083972782, "val_f1_individual_macro": 0.7762245003400382, "val_acc_individual": 0.7926996518620107, "train_time_millis": 59442.6215949934, "eval_time_millis": 7258.319445012603}, "Epoch7": {"train_loss_means": 0.11595682799816132, "val_loss_mean": 0.37740737199783325, "val_f1_majority_bin": 0.7507002801120447, "val_f1_majority_macro": 0.8134155541130856, "val_acc_majority": 0.8344955834495583, "val_f1_individual_binary": 0.7066496977410118, "val_f1_individual_macro": 0.7805660104866675, "val_acc_individual": 0.8054647114674544, "train_time_millis": 59435.418765002396, "eval_time_millis": 8247.395864047576}, "Epoch8": {"train_loss_means": 0.10808788239955902, "val_loss_mean": 0.385842502117157, "val_f1_majority_bin": 0.751004016064257, "val_f1_majority_macro": 0.8092626917928123, "val_acc_majority": 0.8270571827057183, "val_f1_individual_binary": 0.71, "val_f1_individual_macro": 0.7775602848357339, "val_acc_individual": 0.7980799662411647, "train_time_millis": 59321.27244700678, "eval_time_millis": 8261.215213977266}, "Epoch9": {"train_loss_means": 0.10203205049037933, "val_loss_mean": 0.40173518657684326, "val_f1_majority_bin": 0.7491638795986622, "val_f1_majority_macro": 0.8077846473162531, "val_acc_majority": 0.8256624825662483, "val_f1_individual_binary": 0.7100878521660102, "val_f1_individual_macro": 0.7775916761639374, "val_acc_individual": 0.7980799662411647, "train_time_millis": 59578.73245299561, "eval_time_millis": 8284.47649301961}, "Test_results": {"test_f1_majority_binary": 0.7507002801120447, "test_f1_majority_macro": 0.8134155541130856, "test_acc_majority": 0.8344955834495583, "test_f1_individual_binary": 0.7066496977410118, "test_f1_individual_macro": 0.7805660104866675, "test_acc_individual": 0.8054647114674544, "test_time_millis": 8239.726189000066, "dataset_size": 10753, "number_of_annotations": 47367, "train_size": 28411, "val_size": 9479, "test_size": 9477}}