{"Epoch0": {"train_loss_means": 0.26875564455986023, "val_loss_mean": 0.25333231687545776, "val_f1_majority_bin": 0.0, "val_f1_majority_macro": 0.4297385620915033, "val_acc_majority": 0.7535816618911175, "val_f1_individual_binary": 0.0, "val_f1_individual_macro": 0.43437500000000007, "val_acc_individual": 0.7679558011049724, "train_time_millis": 124515.52511984482, "eval_time_millis": 3242.365049663931}, "Epoch1": {"train_loss_means": 0.26684772968292236, "val_loss_mean": 0.2524373531341553, "val_f1_majority_bin": 0.2170542635658915, "val_f1_majority_macro": 0.5197749349463904, "val_acc_majority": 0.7106017191977078, "val_f1_individual_binary": 0.20253164556962025, "val_f1_individual_macro": 0.5169284733872197, "val_acc_individual": 0.7215469613259669, "train_time_millis": 124490.95748877153, "eval_time_millis": 5272.506777197123}, "Epoch2": {"train_loss_means": 0.25820934772491455, "val_loss_mean": 0.2565705180168152, "val_f1_majority_bin": 0.28975265017667845, "val_f1_majority_macro": 0.5545798291314659, "val_acc_majority": 0.7120343839541547, "val_f1_individual_binary": 0.2824207492795389, "val_f1_individual_macro": 0.5561112632248686, "val_acc_individual": 0.7248618784530386, "train_time_millis": 124517.80245173723, "eval_time_millis": 5277.509476058185}, "Epoch3": {"train_loss_means": 0.23436932265758514, "val_loss_mean": 0.2750025987625122, "val_f1_majority_bin": 0.3278008298755187, "val_f1_majority_macro": 0.4866575265351335, "val_acc_majority": 0.5358166189111748, "val_f1_individual_binary": 0.30971993410214166, "val_f1_individual_macro": 0.4807120036262994, "val_acc_individual": 0.5370165745856353, "train_time_millis": 124500.72272494435, "eval_time_millis": 5257.9117943532765}, "Epoch4": {"train_loss_means": 0.20062355697155, "val_loss_mean": 0.30963319540023804, "val_f1_majority_bin": 0.3086053412462908, "val_f1_majority_macro": 0.5442932277525128, "val_acc_majority": 0.666189111747851, "val_f1_individual_binary": 0.3014354066985646, "val_f1_individual_macro": 0.5458326458780179, "val_acc_individual": 0.6773480662983425, "train_time_millis": 124519.5743907243, "eval_time_millis": 3252.6069581508636}, "Epoch5": {"train_loss_means": 0.1584872603416443, "val_loss_mean": 0.36787092685699463, "val_f1_majority_bin": 0.31007751937984496, "val_f1_majority_macro": 0.5227295426433416, "val_acc_majority": 0.6174785100286533, "val_f1_individual_binary": 0.30416666666666664, "val_f1_individual_macro": 0.5265194235588972, "val_acc_individual": 0.630939226519337, "train_time_millis": 124539.10459810868, "eval_time_millis": 3245.453401003033}, "Epoch6": {"train_loss_means": 0.12908166646957397, "val_loss_mean": 0.4199453890323639, "val_f1_majority_bin": 0.31547619047619047, "val_f1_majority_macro": 0.5492475292003594, "val_acc_majority": 0.670487106017192, "val_f1_individual_binary": 0.3017031630170316, "val_f1_individual_macro": 0.5482783148895022, "val_acc_individual": 0.6828729281767956, "train_time_millis": 124539.63597305119, "eval_time_millis": 3250.517108011991}, "Epoch7": {"train_loss_means": 0.10570432990789413, "val_loss_mean": 0.4526765048503876, "val_f1_majority_bin": 0.3196125907990315, "val_f1_majority_macro": 0.5168764886853754, "val_acc_majority": 0.5974212034383954, "val_f1_individual_binary": 0.3031496062992126, "val_f1_individual_macro": 0.5156301026887768, "val_acc_individual": 0.6088397790055249, "train_time_millis": 124590.6313881278, "eval_time_millis": 3248.40253777802}, "Epoch8": {"train_loss_means": 0.09168417751789093, "val_loss_mean": 0.6048457026481628, "val_f1_majority_bin": 0.3135135135135135, "val_f1_majority_macro": 0.5329750803435014, "val_acc_majority": 0.6361031518624641, "val_f1_individual_binary": 0.29890109890109895, "val_f1_individual_macro": 0.5317383723287783, "val_acc_individual": 0.6475138121546962, "train_time_millis": 124570.37914916873, "eval_time_millis": 5279.714905191213}, "Epoch9": {"train_loss_means": 0.08004172146320343, "val_loss_mean": 0.6869474053382874, "val_f1_majority_bin": 0.31678486997635935, "val_f1_majority_macro": 0.5098826713705024, "val_acc_majority": 0.5859598853868195, "val_f1_individual_binary": 0.30174081237911027, "val_f1_individual_macro": 0.511272571696129, "val_acc_individual": 0.6011049723756906, "train_time_millis": 124556.80512264371, "eval_time_millis": 5272.189783863723}, "Test_results": {"test_f1_majority_binary": 0.28975265017667845, "test_f1_majority_macro": 0.5545798291314659, "test_acc_majority": 0.7120343839541547, "test_f1_individual_binary": 0.2824207492795389, "test_f1_individual_macro": 0.5561112632248686, "test_acc_individual": 0.7248618784530386, "test_time_millis": 5270.843021105975, "dataset_size": 3772, "number_of_annotations": 4835, "train_size": 2799, "val_size": 905, "test_size": 1131}}