{"Epoch0": {"train_loss_means": 1.0436815023422241, "val_loss_mean": 0.9870073795318604, "val_f1_majority_bin": 0.0, "val_f1_majority_macro": 0.49607309686361073, "val_acc_majority": 0.98441481590271, "val_f1_individual_binary": 0.0, "val_f1_individual_macro": 0.4965851957336743, "val_acc_individual": 0.9864334464073181, "train_acc_means": 0.9795953035354614, "train_time_millis": 73503.704044997, "eval_time_millis": 14699.87300701905}, "Epoch1": {"train_loss_means": 0.9223951101303101, "val_loss_mean": 0.9424928426742554, "val_f1_majority_bin": 0.0, "val_f1_majority_macro": 0.49607309686361073, "val_acc_majority": 0.98441481590271, "val_f1_individual_binary": 0.0, "val_f1_individual_macro": 0.4965851957336743, "val_acc_individual": 0.9864334464073181, "train_acc_means": 0.9867560863494873, "train_time_millis": 73377.8120779898, "eval_time_millis": 14634.488417999819}, "Epoch2": {"train_loss_means": 0.8805486559867859, "val_loss_mean": 0.8711286187171936, "val_f1_majority_bin": 0.15228426456451416, "val_f1_majority_macro": 0.5718462015377548, "val_acc_majority": 0.982988715171814, "val_f1_individual_binary": 0.1875, "val_f1_individual_macro": 0.5899625626383871, "val_acc_individual": 0.9849901795387268, "train_acc_means": 0.9861422777175903, "train_time_millis": 73802.55306599429, "eval_time_millis": 14526.603736972902}, "Epoch3": {"train_loss_means": 0.7995051145553589, "val_loss_mean": 0.7851791977882385, "val_f1_majority_bin": 0.22966507077217102, "val_f1_majority_macro": 0.6064541012473657, "val_acc_majority": 0.9671997427940369, "val_f1_individual_binary": 0.22065064311027527, "val_f1_individual_macro": 0.6022073349240724, "val_acc_individual": 0.9681907296180725, "train_acc_means": 0.9822928309440613, "train_time_millis": 73695.42619099957, "eval_time_millis": 14502.602544991532}, "Epoch4": {"train_loss_means": 0.717068076133728, "val_loss_mean": 0.7209783792495728, "val_f1_majority_bin": 0.35975611209869385, "val_f1_majority_macro": 0.6744393250676524, "val_acc_majority": 0.9786085486412048, "val_f1_individual_binary": 0.3489208519458771, "val_f1_individual_macro": 0.6691506452195671, "val_acc_individual": 0.9791017174720764, "train_acc_means": 0.9746302366256714, "train_time_millis": 73431.82712799171, "eval_time_millis": 14655.291774019133}, "Epoch5": {"train_loss_means": 0.6686670184135437, "val_loss_mean": 0.6912549734115601, "val_f1_majority_bin": 0.38805970549583435, "val_f1_majority_macro": 0.6887186947278221, "val_acc_majority": 0.9791178703308105, "val_f1_individual_binary": 0.3702422082424164, "val_f1_individual_macro": 0.6797785369617333, "val_acc_individual": 0.9789862632751465, "train_acc_means": 0.9733296036720276, "train_time_millis": 73477.28500899393, "eval_time_millis": 14660.511861002306}, "Epoch6": {"train_loss_means": 0.6259292960166931, "val_loss_mean": 0.6624239087104797, "val_f1_majority_bin": 0.4010695219039917, "val_f1_majority_macro": 0.6947195984029411, "val_acc_majority": 0.9771824479103088, "val_f1_individual_binary": 0.37106919288635254, "val_f1_individual_macro": 0.6796536220112471, "val_acc_individual": 0.9769079685211182, "train_acc_means": 0.9750002026557922, "train_time_millis": 73339.59435799625, "eval_time_millis": 14687.721509981202}, "Epoch7": {"train_loss_means": 0.5910627841949463, "val_loss_mean": 0.6595922112464905, "val_f1_majority_bin": 0.38383838534355164, "val_f1_majority_macro": 0.6855775763666397, "val_acc_majority": 0.975145161151886, "val_f1_individual_binary": 0.34962964057922363, "val_f1_individual_macro": 0.66835304084443, "val_acc_individual": 0.9746565222740173, "train_acc_means": 0.9737756252288818, "train_time_millis": 73358.50859599304, "eval_time_millis": 14724.399941012962}, "Epoch8": {"train_loss_means": 0.5247883796691895, "val_loss_mean": 0.6193116903305054, "val_f1_majority_bin": 0.41826921701431274, "val_f1_majority_macro": 0.7028384347206544, "val_acc_majority": 0.9753488898277283, "val_f1_individual_binary": 0.37130802869796753, "val_f1_individual_macro": 0.6790674997304815, "val_acc_individual": 0.9741946458816528, "train_acc_means": 0.9732795357704163, "train_time_millis": 73370.55641200277, "eval_time_millis": 14512.252043001354}, "Epoch9": {"train_loss_means": 0.5030874013900757, "val_loss_mean": 0.627435564994812, "val_f1_majority_bin": 0.36666667461395264, "val_f1_majority_macro": 0.6753976541018412, "val_acc_majority": 0.9690333008766174, "val_f1_individual_binary": 0.32923832535743713, "val_f1_individual_macro": 0.656549404051621, "val_acc_individual": 0.9684793949127197, "train_acc_means": 0.9731187224388123, "train_time_millis": 73785.66779999528, "eval_time_millis": 14524.851181020495}, "Test_results": {"test_f1_majority_binary": 0.34730538725852966, "test_f1_majority_macro": 0.6651027808943114, "test_acc_majority": 0.9666734337806702, "test_f1_individual_binary": 0.30455636978149414, "test_f1_individual_macro": 0.6438001326705693, "test_acc_individual": 0.9668949842453003, "test_time_millis": 14749.781130987685, "dataset_size": 49294, "number_of_annotations": 87322}}