{"Epoch0": {"train_loss_means": 1.1590391397476196, "val_loss_mean": 1.1989240646362305, "val_f1_majority_bin": 0.0, "val_f1_majority_macro": 0.49177444386963265, "val_acc_majority": 0.9676302671432495, "val_f1_individual_binary": 0.0352090522646904, "val_f1_individual_macro": 0.46907971898535084, "val_acc_individual": 0.8236409425735474, "train_acc_means": 0.7245142459869385, "train_time_millis": 5922.159634064883, "eval_time_millis": 19739.986057160422}, "Epoch1": {"train_loss_means": 1.0722438097000122, "val_loss_mean": 1.1620941162109375, "val_f1_majority_bin": 0.0, "val_f1_majority_macro": 0.49177444386963265, "val_acc_majority": 0.9676302671432495, "val_f1_individual_binary": 0.03306485712528229, "val_f1_individual_macro": 0.4813806336493669, "val_acc_individual": 0.8689231276512146, "train_acc_means": 0.8122833371162415, "train_time_millis": 5913.249006960541, "eval_time_millis": 19652.19719801098}, "Epoch2": {"train_loss_means": 0.9882663488388062, "val_loss_mean": 1.135900855064392, "val_f1_majority_bin": 0.0, "val_f1_majority_macro": 0.49177444386963265, "val_acc_majority": 0.9676302671432495, "val_f1_individual_binary": 0.02137608639895916, "val_f1_individual_macro": 0.4886956687767304, "val_acc_individual": 0.9158142805099487, "train_acc_means": 0.8834441900253296, "train_time_millis": 6046.524947974831, "eval_time_millis": 19609.926600940526}, "Epoch3": {"train_loss_means": 0.9098862409591675, "val_loss_mean": 1.1177356243133545, "val_f1_majority_bin": 0.0, "val_f1_majority_macro": 0.49177444386963265, "val_acc_majority": 0.9676302671432495, "val_f1_individual_binary": 0.021838035434484482, "val_f1_individual_macro": 0.49497182844405896, "val_acc_individual": 0.938225507736206, "train_acc_means": 0.9248936176300049, "train_time_millis": 5995.5381660256535, "eval_time_millis": 19969.3680559285}, "Epoch4": {"train_loss_means": 0.8442130088806152, "val_loss_mean": 1.1024502515792847, "val_f1_majority_bin": 0.0, "val_f1_majority_macro": 0.49177444386963265, "val_acc_majority": 0.9676302671432495, "val_f1_individual_binary": 0.01799100451171398, "val_f1_individual_macro": 0.49940180625918695, "val_acc_individual": 0.9623606204986572, "train_acc_means": 0.9542778134346008, "train_time_millis": 5952.136054867879, "eval_time_millis": 19681.93790409714}, "Epoch5": {"train_loss_means": 0.796990156173706, "val_loss_mean": 1.096319556236267, "val_f1_majority_bin": 0.0, "val_f1_majority_macro": 0.49177444386963265, "val_acc_majority": 0.9676302671432495, "val_f1_individual_binary": 0.0069084628485143185, "val_f1_individual_macro": 0.49505393924943003, "val_acc_individual": 0.9669578075408936, "train_acc_means": 0.9666916131973267, "train_time_millis": 5930.024306988344, "eval_time_millis": 19629.090724978596}, "Epoch6": {"train_loss_means": 0.7510523200035095, "val_loss_mean": 1.0943636894226074, "val_f1_majority_bin": 0.0, "val_f1_majority_macro": 0.49177444386963265, "val_acc_majority": 0.9676302671432495, "val_f1_individual_binary": 0.007272727321833372, "val_f1_individual_macro": 0.49566649150464176, "val_acc_individual": 0.9686242938041687, "train_acc_means": 0.9740133881568909, "train_time_millis": 5954.2924030683935, "eval_time_millis": 19831.887035164982}, "Epoch7": {"train_loss_means": 0.7234936356544495, "val_loss_mean": 1.0951718091964722, "val_f1_majority_bin": 0.0, "val_f1_majority_macro": 0.49177444386963265, "val_acc_majority": 0.9676302671432495, "val_f1_individual_binary": 0.007017544005066156, "val_f1_individual_macro": 0.49524213642126585, "val_acc_individual": 0.9674749970436096, "train_acc_means": 0.9758694767951965, "train_time_millis": 5937.606354942545, "eval_time_millis": 19628.929066937417}, "Epoch8": {"train_loss_means": 0.6898803114891052, "val_loss_mean": 1.0821877717971802, "val_f1_majority_bin": 0.0, "val_f1_majority_macro": 0.49177444386963265, "val_acc_majority": 0.9676302671432495, "val_f1_individual_binary": 0.004089979454874992, "val_f1_individual_macro": 0.49494896762730234, "val_acc_individual": 0.9720147252082825, "train_acc_means": 0.9779115915298462, "train_time_millis": 5960.987978149205, "eval_time_millis": 19656.163556035608}, "Epoch9": {"train_loss_means": 0.6663634777069092, "val_loss_mean": 1.0826059579849243, "val_f1_majority_bin": 0.0, "val_f1_majority_macro": 0.49177444386963265, "val_acc_majority": 0.9676302671432495, "val_f1_individual_binary": 0.0, "val_f1_individual_macro": 0.4930078079477916, "val_acc_individual": 0.9724169373512268, "train_acc_means": 0.9764118194580078, "train_time_millis": 5948.3850579708815, "eval_time_millis": 19886.15410006605}, "Test_results": {"test_f1_majority_binary": 0.0, "test_f1_majority_macro": 0.4913399709603817, "test_acc_majority": 0.9659496545791626, "test_f1_individual_binary": 0.01698513887822628, "test_f1_individual_macro": 0.5016915466454147, "test_acc_individual": 0.9731671810150146, "test_time_millis": 19628.406388917938, "dataset_size": 21022, "number_of_annotations": 37107}}