{"Epoch0": {"train_loss_means": 0.029554547742009163, "val_loss_mean": 0.024344241246581078, "val_f1_majority_bin": 0.4711111111111111, "val_f1_majority_macro": 0.730325705858799, "val_acc_majority": 0.979486295466299, "val_f1_individual_binary": 0.4336043360433604, "val_f1_individual_macro": 0.7104767318995056, "val_acc_individual": 0.9752510420613869, "train_time_millis": 119033.74912599975, "eval_time_millis": 19114.621456996247}, "Epoch1": {"train_loss_means": 0.022077471017837524, "val_loss_mean": 0.024234237149357796, "val_f1_majority_bin": 0.4531590413943355, "val_f1_majority_macro": 0.7210618245002014, "val_acc_majority": 0.9783657990001724, "val_f1_individual_binary": 0.42311770943796395, "val_f1_individual_macro": 0.7049698670491096, "val_acc_individual": 0.9742326638878362, "train_time_millis": 118880.76779200492, "eval_time_millis": 19204.832914998406}, "Epoch2": {"train_loss_means": 0.018379146233201027, "val_loss_mean": 0.026112833991646767, "val_f1_majority_bin": 0.39999999999999997, "val_f1_majority_macro": 0.692919846486391, "val_acc_majority": 0.9723323564902603, "val_f1_individual_binary": 0.3870967741935484, "val_f1_individual_macro": 0.6854660321537761, "val_acc_individual": 0.968501326259947, "train_time_millis": 118931.00408300234, "eval_time_millis": 18944.12434399419}, "Epoch3": {"train_loss_means": 0.015193989500403404, "val_loss_mean": 0.027777735143899918, "val_f1_majority_bin": 0.3594009983361065, "val_f1_majority_macro": 0.6711839305709644, "val_acc_majority": 0.9668160661954835, "val_f1_individual_binary": 0.3583815028901734, "val_f1_individual_macro": 0.6697181451982869, "val_acc_individual": 0.9631962864721485, "train_time_millis": 118934.57443700026, "eval_time_millis": 19070.905064996623}, "Epoch4": {"train_loss_means": 0.012895732186734676, "val_loss_mean": 0.031212398782372475, "val_f1_majority_bin": 0.3112391930835735, "val_f1_majority_macro": 0.6450020932099343, "val_acc_majority": 0.9588002068608861, "val_f1_individual_binary": 0.3146148308135349, "val_f1_individual_macro": 0.6456507483319542, "val_acc_individual": 0.9549071618037135, "train_time_millis": 118942.66689300275, "eval_time_millis": 19298.17579799419}, "Epoch5": {"train_loss_means": 0.011913946829736233, "val_loss_mean": 0.03529255464673042, "val_f1_majority_bin": 0.42588726513569936, "val_f1_majority_macro": 0.7068930275073436, "val_acc_majority": 0.9762971901396311, "val_f1_individual_binary": 0.401635155850792, "val_f1_individual_macro": 0.6937198339290812, "val_acc_individual": 0.9722669571807503, "train_time_millis": 118841.50993400544, "eval_time_millis": 19118.067811999936}, "Epoch6": {"train_loss_means": 0.010936670936644077, "val_loss_mean": 0.03603121265769005, "val_f1_majority_bin": 0.4171779141104295, "val_f1_majority_macro": 0.7023155694258949, "val_acc_majority": 0.9754352697810722, "val_f1_individual_binary": 0.38922155688622756, "val_f1_individual_macro": 0.6871875578327601, "val_acc_individual": 0.9710117468738159, "train_time_millis": 119032.63873000105, "eval_time_millis": 19290.93467599887}, "Epoch7": {"train_loss_means": 0.010333454236388206, "val_loss_mean": 0.036203186959028244, "val_f1_majority_bin": 0.38447319778188543, "val_f1_majority_macro": 0.6848898222064791, "val_acc_majority": 0.9712980520599896, "val_f1_individual_binary": 0.36801453884597907, "val_f1_individual_macro": 0.6755510339371967, "val_acc_individual": 0.9670566502463054, "train_time_millis": 118760.79516900063, "eval_time_millis": 19271.38657499745}, "Epoch8": {"train_loss_means": 0.0099575724452734, "val_loss_mean": 0.037126895040273666, "val_f1_majority_bin": 0.3734290843806104, "val_f1_majority_macro": 0.6790093273715654, "val_acc_majority": 0.9699189794862955, "val_f1_individual_binary": 0.36024844720496896, "val_f1_individual_macro": 0.671352293777923, "val_acc_individual": 0.9658488063660478, "train_time_millis": 118732.04127699864, "eval_time_millis": 19247.088739997707}, "Epoch9": {"train_loss_means": 0.009723546914756298, "val_loss_mean": 0.03962165489792824, "val_f1_majority_bin": 0.4236252545824847, "val_f1_majority_macro": 0.7055827149062646, "val_acc_majority": 0.975607653852784, "val_f1_individual_binary": 0.39004975124378105, "val_f1_individual_macro": 0.6875889844066743, "val_acc_individual": 0.9709643804471391, "train_time_millis": 118785.92730999662, "eval_time_millis": 19256.970173999434}, "Test_results": {"test_f1_majority_binary": 0.4711111111111111, "test_f1_majority_macro": 0.730325705858799, "test_acc_majority": 0.979486295466299, "test_f1_individual_binary": 0.4336043360433604, "test_f1_individual_macro": 0.7104767318995056, "test_acc_individual": 0.9752510420613869, "test_time_millis": 19204.852428003505, "dataset_size": 58011, "number_of_annotations": 211225, "train_size": 126641, "val_size": 42224, "test_size": 42360}}