{"Epoch0": {"train_loss_means": 0.035707227885723114, "val_loss_mean": 0.02831432968378067, "val_f1_majority_bin": 0.35185185185185186, "val_f1_majority_macro": 0.6593382482008074, "val_acc_majority": 0.9368800721370604, "val_f1_individual_binary": 0.36069364161849715, "val_f1_individual_macro": 0.6646642163058172, "val_acc_individual": 0.9402032871972318, "train_time_millis": 29714.577307982836, "eval_time_millis": 6221.535417949781}, "Epoch1": {"train_loss_means": 0.022325651720166206, "val_loss_mean": 0.028099512681365013, "val_f1_majority_bin": 0.3878205128205129, "val_f1_majority_macro": 0.6788519151929748, "val_acc_majority": 0.9425909227532311, "val_f1_individual_binary": 0.39759036144578314, "val_f1_individual_macro": 0.6846437033086495, "val_acc_individual": 0.9459342560553633, "train_time_millis": 29619.2442959873, "eval_time_millis": 6179.63377101114}, "Epoch2": {"train_loss_means": 0.01785079389810562, "val_loss_mean": 0.03230417147278786, "val_f1_majority_bin": 0.36535433070866136, "val_f1_majority_macro": 0.6667772205898708, "val_acc_majority": 0.9394349263600842, "val_f1_individual_binary": 0.38600723763570566, "val_f1_individual_macro": 0.6785982302402789, "val_acc_individual": 0.9449610726643599, "train_time_millis": 29633.856417960487, "eval_time_millis": 5158.977304003201}, "Epoch3": {"train_loss_means": 0.013508408330380917, "val_loss_mean": 0.0471842885017395, "val_f1_majority_bin": 0.4199134199134199, "val_f1_majority_macro": 0.6995254473068578, "val_acc_majority": 0.9597234746017433, "val_f1_individual_binary": 0.43926788685524126, "val_f1_individual_macro": 0.7102179054281794, "val_acc_individual": 0.9635596885813149, "train_time_millis": 29473.977490037214, "eval_time_millis": 6000.591067015193}, "Epoch4": {"train_loss_means": 0.0111137256026268, "val_loss_mean": 0.05392211675643921, "val_f1_majority_bin": 0.4121212121212121, "val_f1_majority_macro": 0.6947049516471198, "val_acc_majority": 0.9562669071235347, "val_f1_individual_binary": 0.42283950617283955, "val_f1_individual_macro": 0.7009423886758416, "val_acc_individual": 0.9595588235294118, "train_time_millis": 29491.955681995023, "eval_time_millis": 6119.885214022361}, "Epoch5": {"train_loss_means": 0.009632601402699947, "val_loss_mean": 0.05340421572327614, "val_f1_majority_bin": 0.4093567251461988, "val_f1_majority_macro": 0.692837799853287, "val_acc_majority": 0.954463480613165, "val_f1_individual_binary": 0.4311377245508982, "val_f1_individual_macro": 0.7049114694102931, "val_acc_individual": 0.9589100346020761, "train_time_millis": 29625.421233009547, "eval_time_millis": 6141.085082956124}, "Epoch6": {"train_loss_means": 0.0080046271905303, "val_loss_mean": 0.06182838976383209, "val_f1_majority_bin": 0.4122448979591837, "val_f1_majority_macro": 0.6948882470760187, "val_acc_majority": 0.9567177637511272, "val_f1_individual_binary": 0.43601895734597157, "val_f1_individual_macro": 0.7080167562859288, "val_acc_individual": 0.9613970588235294, "train_time_millis": 29596.476353995968, "eval_time_millis": 6181.480308994651}, "Epoch7": {"train_loss_means": 0.007380737457424402, "val_loss_mean": 0.06435617059469223, "val_f1_majority_bin": 0.4130879345603272, "val_f1_majority_macro": 0.695349646350294, "val_acc_majority": 0.956868049293658, "val_f1_individual_binary": 0.4270015698587127, "val_f1_individual_macro": 0.7032818476988283, "val_acc_individual": 0.9605320069204152, "train_time_millis": 29645.81170398742, "eval_time_millis": 6078.746713988949}, "Epoch8": {"train_loss_means": 0.006494913715869188, "val_loss_mean": 0.06894116848707199, "val_f1_majority_bin": 0.41025641025641024, "val_f1_majority_macro": 0.6943805415768033, "val_acc_majority": 0.9585211902614968, "val_f1_individual_binary": 0.42996742671009774, "val_f1_individual_macro": 0.7051973359923378, "val_acc_individual": 0.9621539792387543, "train_time_millis": 29435.807108995505, "eval_time_millis": 6158.983362955041}, "Epoch9": {"train_loss_means": 0.006003574933856726, "val_loss_mean": 0.07282180339097977, "val_f1_majority_bin": 0.41333333333333333, "val_f1_majority_macro": 0.6964006843988179, "val_acc_majority": 0.9603246167718665, "val_f1_individual_binary": 0.43760683760683766, "val_f1_individual_macro": 0.7096191186526735, "val_acc_individual": 0.964424740484429, "train_time_millis": 29537.984334980138, "eval_time_millis": 6169.828968006186}, "Test_results": {"test_f1_majority_binary": 0.41333333333333333, "test_f1_majority_macro": 0.6964006843988179, "test_acc_majority": 0.9603246167718665, "test_f1_individual_binary": 0.43760683760683766, "test_f1_individual_macro": 0.7096191186526735, "test_acc_individual": 0.964424740484429, "test_time_millis": 6158.960803004447, "dataset_size": 33234, "number_of_annotations": 46168, "train_size": 27718, "val_size": 9248, "test_size": 9202}}