{"Epoch0": {"train_loss_means": 2.0357325077056885, "val_loss_mean": 1.8979344367980957, "val_f1_majority_bin": 0.0, "val_f1_majority_macro": 0.47628973423658155, "val_acc_majority": 0.9094527363777161, "val_f1_individual_binary": 0.053658537566661835, "val_f1_individual_macro": 0.4942351822711776, "val_acc_individual": 0.8780257701873779, "train_acc_means": 0.7811153531074524, "train_time_millis": 16740.453125, "eval_time_millis": 2816.838623046875}, "Epoch1": {"train_loss_means": 1.7189416885375977, "val_loss_mean": 1.6243234872817993, "val_f1_majority_bin": 0.4609375, "val_f1_majority_macro": 0.6911300954960091, "val_acc_majority": 0.8626865744590759, "val_f1_individual_binary": 0.4461206793785095, "val_f1_individual_macro": 0.6757655343748811, "val_acc_individual": 0.8384155631065369, "train_acc_means": 0.8629422783851624, "train_time_millis": 16759.814453125, "eval_time_millis": 2810.859619140625}, "Epoch2": {"train_loss_means": 1.3895573616027832, "val_loss_mean": 1.5314544439315796, "val_f1_majority_bin": 0.49275362491607666, "val_f1_majority_macro": 0.717258675154935, "val_acc_majority": 0.89552241563797, "val_f1_individual_binary": 0.48221343755722046, "val_f1_individual_macro": 0.7060362214200608, "val_acc_individual": 0.8764539361000061, "train_acc_means": 0.8782147169113159, "train_time_millis": 16708.4921875, "eval_time_millis": 2798.29296875}, "Epoch3": {"train_loss_means": 1.1620886325836182, "val_loss_mean": 1.5095069408416748, "val_f1_majority_bin": 0.4901960790157318, "val_f1_majority_macro": 0.7163051267018435, "val_acc_majority": 0.8965173959732056, "val_f1_individual_binary": 0.48064085841178894, "val_f1_individual_macro": 0.7056687258288681, "val_acc_individual": 0.8777114152908325, "train_acc_means": 0.897204577922821, "train_time_millis": 16735.244140625, "eval_time_millis": 2796.114013671875}, "Epoch4": {"train_loss_means": 0.9966428875923157, "val_loss_mean": 1.501269817352295, "val_f1_majority_bin": 0.46473029255867004, "val_f1_majority_macro": 0.6959038676702735, "val_acc_majority": 0.8716418147087097, "val_f1_individual_binary": 0.49668875336647034, "val_f1_individual_macro": 0.7065555145559418, "val_acc_individual": 0.856648862361908, "train_acc_means": 0.9089398980140686, "train_time_millis": 16684.923828125, "eval_time_millis": 2792.363037109375}, "Epoch5": {"train_loss_means": 0.8840177655220032, "val_loss_mean": 1.5110806226730347, "val_f1_majority_bin": 0.48148149251937866, "val_f1_majority_macro": 0.7095255790907965, "val_acc_majority": 0.8885571956634521, "val_f1_individual_binary": 0.5049019455909729, "val_f1_individual_macro": 0.7160283334393981, "val_acc_individual": 0.872995913028717, "train_acc_means": 0.9189038276672363, "train_time_millis": 16760.5859375, "eval_time_millis": 2794.7275390625}, "Test_results": {"test_f1_majority_binary": 0.4528301954269409, "test_f1_majority_macro": 0.6931963085435172, "test_acc_majority": 0.8815117478370667, "test_f1_individual_binary": 0.5097560882568359, "test_f1_individual_macro": 0.718051372342232, "test_acc_individual": 0.8719337582588196, "test_time_millis": 2745.145263671875, "dataset_size": 4890, "number_of_annotations": 15508}}