{"Epoch0": {"train_loss_means": 0.1724180281162262, "val_loss_mean": 0.15310628712177277, "val_f1_majority_bin": 0.5213032581453634, "val_f1_majority_macro": 0.6200036172906493, "val_acc_majority": 0.6456400742115028, "val_f1_individual_binary": 0.47735191637630664, "val_f1_individual_macro": 0.5982265199859061, "val_acc_individual": 0.6345919610231425, "train_time_millis": 1691.8971929999316, "eval_time_millis": 2724.332730000242}, "Epoch1": {"train_loss_means": 0.11784780770540237, "val_loss_mean": 0.1577541083097458, "val_f1_majority_bin": 0.6075949367088607, "val_f1_majority_macro": 0.7485061484971176, "val_acc_majority": 0.8274582560296846, "val_f1_individual_binary": 0.6144578313253012, "val_f1_individual_macro": 0.7583739538305896, "val_acc_individual": 0.8440925700365408, "train_time_millis": 1727.7093379998405, "eval_time_millis": 2732.347936000224}, "Epoch2": {"train_loss_means": 0.08403030037879944, "val_loss_mean": 0.14736014604568481, "val_f1_majority_bin": 0.6594982078853046, "val_f1_majority_macro": 0.7702997923031029, "val_acc_majority": 0.8237476808905381, "val_f1_individual_binary": 0.6323907455012853, "val_f1_individual_macro": 0.7591323240674822, "val_acc_individual": 0.8258221680876979, "train_time_millis": 1793.0977350006287, "eval_time_millis": 2725.8963590002168}, "Epoch3": {"train_loss_means": 0.05879601091146469, "val_loss_mean": 0.1539599597454071, "val_f1_majority_bin": 0.6689419795221843, "val_f1_majority_macro": 0.7726875502706463, "val_acc_majority": 0.8200371057513914, "val_f1_individual_binary": 0.6323529411764707, "val_f1_individual_macro": 0.7553985127276195, "val_acc_individual": 0.8172959805115713, "train_time_millis": 1758.1823009995787, "eval_time_millis": 2714.082339000015}, "Epoch4": {"train_loss_means": 0.04966913163661957, "val_loss_mean": 0.22818206250667572, "val_f1_majority_bin": 0.6460176991150443, "val_f1_majority_macro": 0.7760604927500104, "val_acc_majority": 0.8515769944341373, "val_f1_individual_binary": 0.6601941747572815, "val_f1_individual_macro": 0.7907122411670878, "val_acc_individual": 0.8721071863580999, "train_time_millis": 1725.211099000262, "eval_time_millis": 2725.5362949999835}, "Epoch5": {"train_loss_means": 0.038421809673309326, "val_loss_mean": 0.21279627084732056, "val_f1_majority_bin": 0.6721991701244813, "val_f1_majority_macro": 0.7889072314182741, "val_acc_majority": 0.8534322820037106, "val_f1_individual_binary": 0.6666666666666667, "val_f1_individual_macro": 0.790454313425217, "val_acc_individual": 0.8635809987819733, "train_time_millis": 1788.0992860000333, "eval_time_millis": 2726.9839919999868}, "Epoch6": {"train_loss_means": 0.034080300480127335, "val_loss_mean": 0.22818849980831146, "val_f1_majority_bin": 0.6666666666666666, "val_f1_majority_macro": 0.7848303393213574, "val_acc_majority": 0.849721706864564, "val_f1_individual_binary": 0.6726726726726727, "val_f1_individual_macro": 0.7947015005838536, "val_acc_individual": 0.8672350791717418, "train_time_millis": 1793.540450999899, "eval_time_millis": 2720.2651019997575}, "Epoch7": {"train_loss_means": 0.03076356090605259, "val_loss_mean": 0.26388126611709595, "val_f1_majority_bin": 0.6550218340611353, "val_f1_majority_macro": 0.7809855931200846, "val_acc_majority": 0.8534322820037106, "val_f1_individual_binary": 0.6666666666666666, "val_f1_individual_macro": 0.7937704094448631, "val_acc_individual": 0.8721071863580999, "train_time_millis": 1681.1678349995418, "eval_time_millis": 2276.633440999831}, "Epoch8": {"train_loss_means": 0.028567083179950714, "val_loss_mean": 0.26587632298469543, "val_f1_majority_bin": 0.658008658008658, "val_f1_majority_macro": 0.7823691460055097, "val_acc_majority": 0.8534322820037106, "val_f1_individual_binary": 0.668769716088328, "val_f1_individual_macro": 0.7947622165347301, "val_acc_individual": 0.8721071863580999, "train_time_millis": 1762.1653369997148, "eval_time_millis": 2732.3103250000713}, "Epoch9": {"train_loss_means": 0.026189863681793213, "val_loss_mean": 0.27983617782592773, "val_f1_majority_bin": 0.6428571428571429, "val_f1_majority_macro": 0.7745901639344263, "val_acc_majority": 0.8515769944341373, "val_f1_individual_binary": 0.6601307189542484, "val_f1_individual_macro": 0.7911432037885013, "val_acc_individual": 0.8733252131546894, "train_time_millis": 1729.597530999854, "eval_time_millis": 1811.4109730004202}, "Test_results": {"test_f1_majority_binary": 0.658008658008658, "test_f1_majority_macro": 0.7823691460055097, "test_acc_majority": 0.8534322820037106, "test_f1_individual_binary": 0.668769716088328, "test_f1_individual_macro": 0.7947622165347301, "test_acc_individual": 0.8721071863580999, "test_time_millis": 1747.6167750000968, "dataset_size": 1536, "number_of_annotations": 2314, "train_size": 702, "val_size": 821, "test_size": 791}}