{"Epoch0": {"train_loss_means": 0.2603573799133301, "val_loss_mean": 0.2506169080734253, "val_f1_majority_bin": 0.7320703653585927, "val_f1_majority_macro": 0.7959218682317043, "val_acc_majority": 0.8158995815899581, "val_f1_individual_binary": 0.656611623976076, "val_f1_individual_macro": 0.7320945187275644, "val_acc_individual": 0.7533619723571162, "train_time_millis": 57471.86225000769, "eval_time_millis": 8363.840785052162}, "Epoch1": {"train_loss_means": 0.23223315179347992, "val_loss_mean": 0.2517825961112976, "val_f1_majority_bin": 0.7249466950959489, "val_f1_majority_macro": 0.7956339693096325, "val_acc_majority": 0.8200836820083682, "val_f1_individual_binary": 0.6460152838427947, "val_f1_individual_macro": 0.7309434738350827, "val_acc_individual": 0.7577512140455734, "train_time_millis": 57608.05312800221, "eval_time_millis": 7484.089254983701}, "Epoch2": {"train_loss_means": 0.21815179288387299, "val_loss_mean": 0.25460606813430786, "val_f1_majority_bin": 0.7320061255742726, "val_f1_majority_macro": 0.8075918478338653, "val_acc_majority": 0.8372849837284984, "val_f1_individual_binary": 0.6293747254356421, "val_f1_individual_macro": 0.7279320326293861, "val_acc_individual": 0.7636346656705267, "train_time_millis": 57730.694581987336, "eval_time_millis": 8359.774654032663}, "Epoch3": {"train_loss_means": 0.20397911965847015, "val_loss_mean": 0.25985974073410034, "val_f1_majority_bin": 0.7205574912891985, "val_f1_majority_macro": 0.7903450170083942, "val_acc_majority": 0.8135750813575081, "val_f1_individual_binary": 0.6467834693058713, "val_f1_individual_macro": 0.7286575356429636, "val_acc_individual": 0.7533619723571162, "train_time_millis": 57515.59324900154, "eval_time_millis": 8358.461577969138}, "Epoch4": {"train_loss_means": 0.1966608315706253, "val_loss_mean": 0.27217844128608704, "val_f1_majority_bin": 0.7181688125894135, "val_f1_majority_macro": 0.7912469407299685, "val_acc_majority": 0.8168293816829382, "val_f1_individual_binary": 0.642053252813615, "val_f1_individual_macro": 0.7287407099170694, "val_acc_individual": 0.7564437803511393, "train_time_millis": 57622.391679964494, "eval_time_millis": 8385.128876951057}, "Epoch5": {"train_loss_means": 0.19068773090839386, "val_loss_mean": 0.2758328914642334, "val_f1_majority_bin": 0.7211469534050179, "val_f1_majority_macro": 0.7936660119622269, "val_acc_majority": 0.8191538819153882, "val_f1_individual_binary": 0.6419243986254295, "val_f1_individual_macro": 0.7288541447196875, "val_acc_individual": 0.7567239447142323, "train_time_millis": 57769.08844098216, "eval_time_millis": 8404.96080002049}, "Epoch6": {"train_loss_means": 0.18712152540683746, "val_loss_mean": 0.27813565731048584, "val_f1_majority_bin": 0.7209631728045326, "val_f1_majority_macro": 0.7923154964368684, "val_acc_majority": 0.8168293816829382, "val_f1_individual_binary": 0.64210955552535, "val_f1_individual_macro": 0.7274136937595453, "val_acc_individual": 0.7541090773253643, "train_time_millis": 57505.299356998876, "eval_time_millis": 6787.603141972795}, "Epoch7": {"train_loss_means": 0.1841261386871338, "val_loss_mean": 0.28233715891838074, "val_f1_majority_bin": 0.7175141242937854, "val_f1_majority_macro": 0.7894569928468234, "val_acc_majority": 0.8140399814039981, "val_f1_individual_binary": 0.6397616468039002, "val_f1_individual_macro": 0.7250974710644358, "val_acc_individual": 0.7515875980575271, "train_time_millis": 57628.666920005344, "eval_time_millis": 8350.009350047912}, "Epoch8": {"train_loss_means": 0.18107397854328156, "val_loss_mean": 0.2887042462825775, "val_f1_majority_bin": 0.7230989956958392, "val_f1_majority_macro": 0.7951808596085799, "val_acc_majority": 0.8205485820548583, "val_f1_individual_binary": 0.6416494845360825, "val_f1_individual_macro": 0.7286459713183207, "val_acc_individual": 0.7565371684721703, "train_time_millis": 57622.98511900008, "eval_time_millis": 7346.475630009081}, "Epoch9": {"train_loss_means": 0.1784011274576187, "val_loss_mean": 0.29971936345100403, "val_f1_majority_bin": 0.7241867043847241, "val_f1_majority_macro": 0.7945725765690933, "val_acc_majority": 0.8186889818688982, "val_f1_individual_binary": 0.6437686668476785, "val_f1_individual_macro": 0.7285035505056898, "val_acc_individual": 0.7549495704146433, "train_time_millis": 57629.48367994977, "eval_time_millis": 8344.475977995899}, "Test_results": {"test_f1_majority_binary": 0.7320061255742726, "test_f1_majority_macro": 0.8075918478338653, "test_acc_majority": 0.8372849837284984, "test_f1_individual_binary": 0.6293747254356421, "test_f1_individual_macro": 0.7279320326293861, "test_acc_individual": 0.7636346656705267, "test_time_millis": 7562.1027299785055, "dataset_size": 10753, "number_of_annotations": 53548, "train_size": 32131, "val_size": 10708, "test_size": 10709}}