{"Epoch0": {"train_loss_means": 0.06197362020611763, "val_loss_mean": 0.05725529417395592, "val_f1_majority_bin": 0.2561576354679803, "val_f1_majority_macro": 0.594921154141544, "val_acc_majority": 0.8782258064516129, "val_f1_individual_binary": 0.2525050100200401, "val_f1_individual_macro": 0.593249496692908, "val_acc_individual": 0.8786991869918699, "train_time_millis": 9929.695451000043, "eval_time_millis": 3241.338432999328}, "Epoch1": {"train_loss_means": 0.04622327908873558, "val_loss_mean": 0.042178891599178314, "val_f1_majority_bin": 0.2920634920634921, "val_f1_majority_macro": 0.594530591297335, "val_acc_majority": 0.8201612903225807, "val_f1_individual_binary": 0.26666666666666666, "val_f1_individual_macro": 0.5788982259570494, "val_acc_individual": 0.8104065040650407, "train_time_millis": 9934.374113000558, "eval_time_millis": 3227.326080000239}, "Epoch2": {"train_loss_means": 0.035513442009687424, "val_loss_mean": 0.03999384492635727, "val_f1_majority_bin": 0.302405498281787, "val_f1_majority_macro": 0.6048345444812315, "val_acc_majority": 0.8362903225806452, "val_f1_individual_binary": 0.27823691460055094, "val_f1_individual_macro": 0.5908146224920159, "val_acc_individual": 0.8295934959349593, "train_time_millis": 9911.202611999215, "eval_time_millis": 3243.6448929993276}, "Epoch3": {"train_loss_means": 0.02993733435869217, "val_loss_mean": 0.040224798023700714, "val_f1_majority_bin": 0.3333333333333333, "val_f1_majority_macro": 0.6269554753309267, "val_acc_majority": 0.8580645161290322, "val_f1_individual_binary": 0.3048780487804878, "val_f1_individual_macro": 0.6109392064069894, "val_acc_individual": 0.8517073170731707, "train_time_millis": 9978.222890000325, "eval_time_millis": 3259.7759710006358}, "Epoch4": {"train_loss_means": 0.02602642960846424, "val_loss_mean": 0.04300753027200699, "val_f1_majority_bin": 0.3904761904761905, "val_f1_majority_macro": 0.6670442626389762, "val_acc_majority": 0.896774193548387, "val_f1_individual_binary": 0.34980988593155893, "val_f1_individual_macro": 0.644499537560374, "val_acc_individual": 0.8887804878048781, "train_time_millis": 9954.23528200081, "eval_time_millis": 3261.3069340004586}, "Epoch5": {"train_loss_means": 0.02235998399555683, "val_loss_mean": 0.045164428651332855, "val_f1_majority_bin": 0.38834951456310685, "val_f1_majority_macro": 0.6664702717934268, "val_acc_majority": 0.8983870967741936, "val_f1_individual_binary": 0.3444227005870842, "val_f1_individual_macro": 0.6425075020935066, "val_acc_individual": 0.8910569105691057, "train_time_millis": 9952.63691800028, "eval_time_millis": 3263.660715999322}, "Epoch6": {"train_loss_means": 0.0200034212321043, "val_loss_mean": 0.04843393713235855, "val_f1_majority_bin": 0.39593908629441626, "val_f1_majority_macro": 0.6719073442860606, "val_acc_majority": 0.9040322580645161, "val_f1_individual_binary": 0.3543788187372709, "val_f1_individual_macro": 0.6491809273046665, "val_acc_individual": 0.896910569105691, "train_time_millis": 9938.041755000086, "eval_time_millis": 3247.3122950004836}, "Epoch7": {"train_loss_means": 0.019305899739265442, "val_loss_mean": 0.05034257844090462, "val_f1_majority_bin": 0.39378238341968913, "val_f1_majority_macro": 0.6713118301007497, "val_acc_majority": 0.9056451612903226, "val_f1_individual_binary": 0.3553719008264463, "val_f1_individual_macro": 0.6501532995131173, "val_acc_individual": 0.8985365853658537, "train_time_millis": 9994.917822999923, "eval_time_millis": 3261.0773619999236}, "Epoch8": {"train_loss_means": 0.018005885183811188, "val_loss_mean": 0.05297292768955231, "val_f1_majority_bin": 0.38709677419354843, "val_f1_majority_macro": 0.6687009590235397, "val_acc_majority": 0.9080645161290323, "val_f1_individual_binary": 0.3620689655172414, "val_f1_individual_macro": 0.6550056399869006, "val_acc_individual": 0.9037398373983739, "train_time_millis": 9955.258536000656, "eval_time_millis": 3225.1746359997924}, "Epoch9": {"train_loss_means": 0.01748688519001007, "val_loss_mean": 0.05343915522098541, "val_f1_majority_bin": 0.37837837837837834, "val_f1_majority_macro": 0.6641347229582523, "val_acc_majority": 0.907258064516129, "val_f1_individual_binary": 0.354978354978355, "val_f1_individual_macro": 0.6512936781924125, "val_acc_individual": 0.9030894308943089, "train_time_millis": 9979.22317299981, "eval_time_millis": 3262.294047999603}, "Test_results": {"test_f1_majority_binary": 0.38709677419354843, "test_f1_majority_macro": 0.6687009590235397, "test_acc_majority": 0.9080645161290323, "test_f1_individual_binary": 0.3620689655172414, "test_f1_individual_macro": 0.6550056399869006, "test_acc_individual": 0.9037398373983739, "test_time_millis": 3201.2693880005827, "dataset_size": 6218, "number_of_annotations": 15170, "train_size": 9137, "val_size": 3075, "test_size": 2958}}