{"Epoch0": {"train_loss_means": 0.0197839867323637, "val_loss_mean": 0.018308231607079506, "val_f1_majority_bin": 0.0705596107055961, "val_f1_majority_macro": 0.4928212080425835, "val_acc_majority": 0.8443833384255016, "val_f1_individual_binary": 0.05714285714285715, "val_f1_individual_macro": 0.4871635610766046, "val_acc_individual": 0.8477420843185881, "train_time_millis": 2538.488002959639, "eval_time_millis": 9671.190547058359}, "Epoch1": {"train_loss_means": 0.018368063494563103, "val_loss_mean": 0.01708216220140457, "val_f1_majority_bin": 0.18223234624145787, "val_f1_majority_macro": 0.5817667278371204, "val_acc_majority": 0.9634382319991852, "val_f1_individual_binary": 0.17094017094017097, "val_f1_individual_macro": 0.5769052161505658, "val_acc_individual": 0.9664340504065978, "train_time_millis": 2528.920558979735, "eval_time_millis": 9673.57477301266}, "Epoch2": {"train_loss_means": 0.015496614389121532, "val_loss_mean": 0.014191394671797752, "val_f1_majority_bin": 0.11208084519981626, "val_f1_majority_macro": 0.5006884954479696, "val_acc_majority": 0.8031367756390672, "val_f1_individual_binary": 0.08900523560209425, "val_f1_individual_macro": 0.4881152952266742, "val_acc_individual": 0.7992963838745025, "train_time_millis": 2542.8825080161914, "eval_time_millis": 9613.081349991262}, "Epoch3": {"train_loss_means": 0.010735918767750263, "val_loss_mean": 0.011882663704454899, "val_f1_majority_bin": 0.24000000000000005, "val_f1_majority_macro": 0.6033359910700048, "val_acc_majority": 0.9361442102047052, "val_f1_individual_binary": 0.19799139167862265, "val_f1_individual_macro": 0.5822008394518579, "val_acc_individual": 0.9355210796470385, "train_time_millis": 2540.3256689896807, "eval_time_millis": 9615.509417024441}, "Epoch4": {"train_loss_means": 0.005682431627064943, "val_loss_mean": 0.013388728722929955, "val_f1_majority_bin": 0.27566807313642755, "val_f1_majority_macro": 0.6242291335196588, "val_acc_majority": 0.9475506670740401, "val_f1_individual_binary": 0.23529411764705882, "val_f1_individual_macro": 0.6042609970417059, "val_acc_individual": 0.9482669127400657, "train_time_millis": 2528.334758011624, "eval_time_millis": 7657.968434039503}, "Epoch5": {"train_loss_means": 0.004046888090670109, "val_loss_mean": 0.016372065991163254, "val_f1_majority_bin": 0.31818181818181823, "val_f1_majority_macro": 0.6488632787541841, "val_acc_majority": 0.9602810876871372, "val_f1_individual_binary": 0.2689434364994664, "val_f1_individual_macro": 0.624320863206907, "val_acc_individual": 0.9604936847569064, "train_time_millis": 2514.9073699722067, "eval_time_millis": 7519.367959932424}, "Epoch6": {"train_loss_means": 0.003096486208960414, "val_loss_mean": 0.017287779599428177, "val_f1_majority_bin": 0.33158813263525305, "val_f1_majority_macro": 0.6557494820008156, "val_acc_majority": 0.9609939912414707, "val_f1_individual_binary": 0.2808145766345123, "val_f1_individual_macro": 0.630465074655973, "val_acc_individual": 0.9613011130976411, "train_time_millis": 2531.5144800115377, "eval_time_millis": 7632.5407029362395}, "Epoch7": {"train_loss_means": 0.0022715453524142504, "val_loss_mean": 0.021955173462629318, "val_f1_majority_bin": 0.3905882352941176, "val_f1_majority_macro": 0.688553889676414, "val_acc_majority": 0.9736225684896629, "val_f1_individual_binary": 0.34175334323922735, "val_f1_individual_macro": 0.6643629236413751, "val_acc_individual": 0.9744506603610358, "train_time_millis": 2537.814641953446, "eval_time_millis": 7488.648956990801}, "Epoch8": {"train_loss_means": 0.0019684855360537767, "val_loss_mean": 0.02529953233897686, "val_f1_majority_bin": 0.39889196675900285, "val_f1_majority_macro": 0.6938175142193623, "val_acc_majority": 0.9778999898156635, "val_f1_individual_binary": 0.36298932384341637, "val_f1_individual_macro": 0.676247856903535, "val_acc_individual": 0.979352903858354, "train_time_millis": 2522.156808990985, "eval_time_millis": 9513.721227063797}, "Epoch9": {"train_loss_means": 0.0018873574445024133, "val_loss_mean": 0.025719525292515755, "val_f1_majority_bin": 0.4044943820224719, "val_f1_majority_macro": 0.696749835965079, "val_acc_majority": 0.9784092066401874, "val_f1_individual_binary": 0.3633093525179856, "val_f1_individual_macro": 0.6764674070485128, "val_acc_individual": 0.9795835976699925, "train_time_millis": 2524.266539956443, "eval_time_millis": 9571.50062196888}, "Test_results": {"test_f1_majority_binary": 0.4044943820224719, "test_f1_majority_macro": 0.696749835965079, "test_acc_majority": 0.9784092066401874, "test_f1_individual_binary": 0.3633093525179856, "test_f1_individual_macro": 0.6764674070485128, "test_acc_individual": 0.9795835976699925, "test_time_millis": 7719.947488978505, "dataset_size": 21066, "number_of_annotations": 37247, "train_size": 2478, "val_size": 17339, "test_size": 17430}}