{"Epoch0": {"train_loss_means": 0.07234261184930801, "val_loss_mean": 0.06437502056360245, "val_f1_majority_bin": 0.4467680608365019, "val_f1_majority_macro": 0.7035854183621889, "val_acc_majority": 0.9260952380952381, "val_f1_individual_binary": 0.4079885877318117, "val_f1_individual_macro": 0.6846829862809827, "val_acc_individual": 0.9274855844836624, "train_time_millis": 34690.10266700025, "eval_time_millis": 4586.549356999967}, "Epoch1": {"train_loss_means": 0.05672161653637886, "val_loss_mean": 0.0617445670068264, "val_f1_majority_bin": 0.4569589702333065, "val_f1_majority_macro": 0.7052148542487964, "val_acc_majority": 0.9142857142857143, "val_f1_individual_binary": 0.4104750304506699, "val_f1_individual_macro": 0.6824610446370997, "val_acc_individual": 0.9154289708195003, "train_time_millis": 34718.889204000334, "eval_time_millis": 6618.409663000421}, "Epoch2": {"train_loss_means": 0.04494629055261612, "val_loss_mean": 0.07105463743209839, "val_f1_majority_bin": 0.447289156626506, "val_f1_majority_macro": 0.6981973449198263, "val_acc_majority": 0.9067936507936508, "val_f1_individual_binary": 0.40683760683760684, "val_f1_individual_macro": 0.6787937383669986, "val_acc_individual": 0.9090511969246898, "train_time_millis": 34668.98680600025, "eval_time_millis": 4685.946446999878}, "Epoch3": {"train_loss_means": 0.03431937098503113, "val_loss_mean": 0.09029288589954376, "val_f1_majority_bin": 0.4340974212034384, "val_f1_majority_macro": 0.6895302488488977, "val_acc_majority": 0.8996825396825396, "val_f1_individual_binary": 0.39222042139384117, "val_f1_individual_macro": 0.6693766904269716, "val_acc_individual": 0.9017123886073738, "train_time_millis": 34708.40487900023, "eval_time_millis": 4598.917179999262}, "Epoch4": {"train_loss_means": 0.027118507772684097, "val_loss_mean": 0.09730660915374756, "val_f1_majority_bin": 0.41611624834874505, "val_f1_majority_macro": 0.6770100769701017, "val_acc_majority": 0.8877460317460317, "val_f1_individual_binary": 0.3730158730158731, "val_f1_individual_macro": 0.6562339376575821, "val_acc_individual": 0.8895684081775292, "train_time_millis": 34711.75389799919, "eval_time_millis": 6613.424859999213}, "Epoch5": {"train_loss_means": 0.022824008017778397, "val_loss_mean": 0.13119377195835114, "val_f1_majority_bin": 0.45312500000000006, "val_f1_majority_macro": 0.7049842016029594, "val_acc_majority": 0.92, "val_f1_individual_binary": 0.4129554655870445, "val_f1_individual_macro": 0.6861601241994074, "val_acc_individual": 0.923990913856369, "train_time_millis": 34614.63556099989, "eval_time_millis": 6612.068560000807}, "Epoch6": {"train_loss_means": 0.02042980305850506, "val_loss_mean": 0.13607877492904663, "val_f1_majority_bin": 0.4287974683544304, "val_f1_majority_macro": 0.6894781211715546, "val_acc_majority": 0.9083174603174603, "val_f1_individual_binary": 0.39156626506024095, "val_f1_individual_macro": 0.6719982794781234, "val_acc_individual": 0.9117595666608422, "train_time_millis": 34663.06758799965, "eval_time_millis": 5601.206047999767}, "Epoch7": {"train_loss_means": 0.017748553305864334, "val_loss_mean": 0.1437351405620575, "val_f1_majority_bin": 0.4426751592356688, "val_f1_majority_macro": 0.6971896563392364, "val_acc_majority": 0.9111111111111111, "val_f1_individual_binary": 0.39853747714808047, "val_f1_individual_macro": 0.676046301982821, "val_acc_individual": 0.9137690022715359, "train_time_millis": 34699.7837709996, "eval_time_millis": 6619.579269000496}, "Epoch8": {"train_loss_means": 0.01658007875084877, "val_loss_mean": 0.16301915049552917, "val_f1_majority_bin": 0.4317789291882556, "val_f1_majority_macro": 0.6933428637169349, "val_acc_majority": 0.9164444444444444, "val_f1_individual_binary": 0.3984010659560293, "val_f1_individual_macro": 0.6780935253579875, "val_acc_individual": 0.921107810588852, "train_time_millis": 34648.8114849999, "eval_time_millis": 6614.439541000138}, "Epoch9": {"train_loss_means": 0.015426039695739746, "val_loss_mean": 0.1818268895149231, "val_f1_majority_bin": 0.44131455399061037, "val_f1_majority_macro": 0.7003985095455265, "val_acc_majority": 0.9244444444444444, "val_f1_individual_binary": 0.4075416968817984, "val_f1_individual_macro": 0.6847823298707323, "val_acc_individual": 0.9286213524375327, "train_time_millis": 34697.18679200014, "eval_time_millis": 5854.817714000092}, "Test_results": {"test_f1_majority_binary": 0.44131455399061037, "test_f1_majority_macro": 0.7003985095455265, "test_acc_majority": 0.9244444444444444, "test_f1_individual_binary": 0.4075416968817984, "test_f1_individual_macro": 0.6847823298707323, "test_acc_individual": 0.9286213524375327, "test_time_millis": 6616.296098999555, "dataset_size": 39376, "number_of_annotations": 56931, "train_size": 34077, "val_size": 11446, "test_size": 11408}}