{"Epoch0": {"train_loss_means": 0.05429389327764511, "val_loss_mean": 0.04618365690112114, "val_f1_majority_bin": 0.4385026737967914, "val_f1_majority_macro": 0.7097969878978554, "val_acc_majority": 0.9634146341463414, "val_f1_individual_binary": 0.4057114721811915, "val_f1_individual_macro": 0.6924911286060955, "val_acc_individual": 0.9599389292708023, "train_time_millis": 82258.10501503292, "eval_time_millis": 13356.219923007302}, "Epoch1": {"train_loss_means": 0.043522320687770844, "val_loss_mean": 0.04676029831171036, "val_f1_majority_bin": 0.4154696132596685, "val_f1_majority_macro": 0.69574206122063, "val_acc_majority": 0.9539198606271777, "val_f1_individual_binary": 0.3892726533929297, "val_f1_individual_macro": 0.6816339217273488, "val_acc_individual": 0.9501145076172458, "train_time_millis": 82393.97656399524, "eval_time_millis": 13362.530080019496}, "Epoch2": {"train_loss_means": 0.038029033690690994, "val_loss_mean": 0.048036523163318634, "val_f1_majority_bin": 0.4024514811031665, "val_f1_majority_macro": 0.6879187936428894, "val_acc_majority": 0.9490418118466899, "val_f1_individual_binary": 0.38022813688212925, "val_f1_individual_macro": 0.675971637678241, "val_acc_individual": 0.9458992996780511, "train_time_millis": 82325.02144499449, "eval_time_millis": 13349.961344036274}, "Epoch3": {"train_loss_means": 0.03329547122120857, "val_loss_mean": 0.05073053762316704, "val_f1_majority_bin": 0.39542143600416235, "val_f1_majority_macro": 0.6845055723136408, "val_acc_majority": 0.949390243902439, "val_f1_individual_binary": 0.3752417794970987, "val_f1_individual_macro": 0.6736195372959286, "val_acc_individual": 0.9463971588834678, "train_time_millis": 82457.84533495316, "eval_time_millis": 13365.734955004882}, "Epoch4": {"train_loss_means": 0.02912863716483116, "val_loss_mean": 0.0546504482626915, "val_f1_majority_bin": 0.3740875912408759, "val_f1_majority_macro": 0.6713559068535152, "val_acc_majority": 0.9402439024390243, "val_f1_individual_binary": 0.35566133968038083, "val_f1_individual_macro": 0.6612997976731196, "val_acc_individual": 0.9371037870490225, "train_time_millis": 82436.10591301695, "eval_time_millis": 13362.470795982517}, "Epoch5": {"train_loss_means": 0.026103099808096886, "val_loss_mean": 0.05946546420454979, "val_f1_majority_bin": 0.3765144454799627, "val_f1_majority_macro": 0.6729741780102331, "val_acc_majority": 0.9417247386759582, "val_f1_individual_binary": 0.3551077136900625, "val_f1_individual_macro": 0.6613809743075617, "val_acc_individual": 0.938398220983106, "train_time_millis": 82422.8156330064, "eval_time_millis": 13341.899048013147}, "Epoch6": {"train_loss_means": 0.02416433021426201, "val_loss_mean": 0.06218603998422623, "val_f1_majority_bin": 0.33822393822393826, "val_f1_majority_macro": 0.6493335246162386, "val_acc_majority": 0.9253484320557491, "val_f1_individual_binary": 0.32628223703274417, "val_f1_individual_macro": 0.6426770911957954, "val_acc_individual": 0.9228318231604102, "train_time_millis": 82440.11032098206, "eval_time_millis": 13370.924178976566}, "Epoch7": {"train_loss_means": 0.02259509451687336, "val_loss_mean": 0.06788846105337143, "val_f1_majority_bin": 0.3544520547945205, "val_f1_majority_macro": 0.6599261008186993, "val_acc_majority": 0.9343205574912892, "val_f1_individual_binary": 0.3389722310884136, "val_f1_individual_macro": 0.6513592008833753, "val_acc_individual": 0.9312622390387998, "train_time_millis": 82332.14370696805, "eval_time_millis": 13419.345614034683}, "Epoch8": {"train_loss_means": 0.02181956171989441, "val_loss_mean": 0.06769553571939468, "val_f1_majority_bin": 0.35744680851063826, "val_f1_majority_macro": 0.6613949672573848, "val_acc_majority": 0.9342334494773519, "val_f1_individual_binary": 0.34022257551669316, "val_f1_individual_macro": 0.6519455461583606, "val_acc_individual": 0.931129476584022, "train_time_millis": 82429.6416459838, "eval_time_millis": 13338.349335012026}, "Epoch9": {"train_loss_means": 0.021114269271492958, "val_loss_mean": 0.06929495930671692, "val_f1_majority_bin": 0.35641891891891897, "val_f1_majority_macro": 0.6607131332287468, "val_acc_majority": 0.9336236933797909, "val_f1_individual_binary": 0.3380637023021129, "val_f1_individual_macro": 0.6506476305754438, "val_acc_individual": 0.9303329018553553, "train_time_millis": 82300.58949702652, "eval_time_millis": 13333.301943959668}, "Test_results": {"test_f1_majority_binary": 0.4385026737967914, "test_f1_majority_macro": 0.7097969878978554, "test_acc_majority": 0.9634146341463414, "test_f1_individual_binary": 0.4057114721811915, "test_f1_individual_macro": 0.6924911286060955, "test_acc_individual": 0.9599389292708023, "test_time_millis": 13331.22191898292, "dataset_size": 57414, "number_of_annotations": 151257, "train_size": 90900, "val_size": 30129, "test_size": 30228}}