{"Epoch0": {"train_loss_means": 3.1886043548583984, "val_loss_mean": 2.9770171642303467, "val_f1_majority_bin": 0.0, "val_f1_majority_macro": 0.415935295129926, "val_acc_majority": 0.7121390700340271, "val_f1_individual_binary": 0.31664758920669556, "val_f1_individual_macro": 0.5558531801145206, "val_acc_individual": 0.6846829056739807, "train_acc_means": 0.6473464369773865, "train_time_millis": 673553.8942209678, "eval_time_millis": 128920.20140698878}, "Epoch1": {"train_loss_means": 3.033937931060791, "val_loss_mean": 3.040727376937866, "val_f1_majority_bin": 0.2075471729040146, "val_f1_majority_macro": 0.5124030265300258, "val_acc_majority": 0.703005313873291, "val_f1_individual_binary": 0.3356078565120697, "val_f1_individual_macro": 0.5646471702729049, "val_acc_individual": 0.68514484167099, "train_acc_means": 0.6920793652534485, "train_time_millis": 665515.4494320159, "eval_time_millis": 124159.53991899733}, "Epoch2": {"train_loss_means": 2.6702167987823486, "val_loss_mean": 3.05583119392395, "val_f1_majority_bin": 0.24024483561515808, "val_f1_majority_macro": 0.5295367581993972, "val_acc_majority": 0.7074248790740967, "val_f1_individual_binary": 0.34439486265182495, "val_f1_individual_macro": 0.5705721210758283, "val_acc_individual": 0.6896983981132507, "train_acc_means": 0.7397441864013672, "train_time_millis": 667670.7700340194, "eval_time_millis": 123687.14490300044}, "Test_results": {"test_f1_majority_binary": 0.18858954310417175, "test_f1_majority_macro": 0.5012038611151132, "test_acc_majority": 0.6971310377120972, "test_f1_individual_binary": 0.34946009516716003, "test_f1_individual_macro": 0.5760573161052996, "test_acc_individual": 0.6971734166145325, "test_time_millis": 114388.10951501364, "dataset_size": 16868, "number_of_annotations": 77207}}