{"Epoch0": {"train_loss_means": 0.039269670844078064, "val_loss_mean": 0.028982242569327354, "val_f1_majority_bin": 0.22459893048128343, "val_f1_majority_macro": 0.5829353502143153, "val_acc_majority": 0.8908132530120482, "val_f1_individual_binary": 0.23246492985971945, "val_f1_individual_macro": 0.5865563452955811, "val_acc_individual": 0.8898158803222095, "train_time_millis": 10460.692808963358, "eval_time_millis": 3297.096508089453}, "Epoch1": {"train_loss_means": 0.02625623531639576, "val_loss_mean": 0.02342810295522213, "val_f1_majority_bin": 0.2594594594594595, "val_f1_majority_macro": 0.6020081595152417, "val_acc_majority": 0.8968373493975904, "val_f1_individual_binary": 0.2641509433962264, "val_f1_individual_macro": 0.6049712245938661, "val_acc_individual": 0.8990218642117376, "train_time_millis": 10468.663970008492, "eval_time_millis": 3297.1369167789817}, "Epoch2": {"train_loss_means": 0.01754775270819664, "val_loss_mean": 0.029073214158415794, "val_f1_majority_bin": 0.3652173913043478, "val_f1_majority_macro": 0.6682442721968413, "val_acc_majority": 0.9450301204819277, "val_f1_individual_binary": 0.38311688311688313, "val_f1_individual_macro": 0.6772598262664488, "val_acc_individual": 0.9453394706559264, "train_time_millis": 10569.390607997775, "eval_time_millis": 3314.335131086409}, "Epoch3": {"train_loss_means": 0.012840392999351025, "val_loss_mean": 0.03368256613612175, "val_f1_majority_bin": 0.28767123287671237, "val_f1_majority_macro": 0.6231184849642526, "val_acc_majority": 0.9216867469879518, "val_f1_individual_binary": 0.3097112860892388, "val_f1_individual_macro": 0.6348434683375732, "val_acc_individual": 0.9243383199079401, "train_time_millis": 10512.222178280354, "eval_time_millis": 3327.83775171265}, "Epoch4": {"train_loss_means": 0.009409588761627674, "val_loss_mean": 0.04387267306447029, "val_f1_majority_bin": 0.3275862068965517, "val_f1_majority_macro": 0.6484387727396145, "val_acc_majority": 0.9412650602409639, "val_f1_individual_binary": 0.3492063492063492, "val_f1_individual_macro": 0.6591594500288187, "val_acc_individual": 0.94102416570771, "train_time_millis": 10476.319018751383, "eval_time_millis": 3316.763793118298}, "Epoch5": {"train_loss_means": 0.008194861002266407, "val_loss_mean": 0.05541287362575531, "val_f1_majority_bin": 0.4175824175824176, "val_f1_majority_macro": 0.6984598247756143, "val_acc_majority": 0.9600903614457831, "val_f1_individual_binary": 0.43724696356275305, "val_f1_individual_macro": 0.7082580828253735, "val_acc_individual": 0.9600115074798619, "train_time_millis": 10452.49703573063, "eval_time_millis": 1633.174852002412}, "Epoch6": {"train_loss_means": 0.0074394382536411285, "val_loss_mean": 0.06441966444253922, "val_f1_majority_bin": 0.4444444444444445, "val_f1_majority_macro": 0.7134843581445524, "val_acc_majority": 0.9661144578313253, "val_f1_individual_binary": 0.4383561643835616, "val_f1_individual_macro": 0.710043966641506, "val_acc_individual": 0.964614499424626, "train_time_millis": 10438.806323800236, "eval_time_millis": 3306.3384601846337}, "Epoch7": {"train_loss_means": 0.006620293483138084, "val_loss_mean": 0.06820010393857956, "val_f1_majority_bin": 0.5, "val_f1_majority_macro": 0.7426356589147287, "val_acc_majority": 0.9713855421686747, "val_f1_individual_binary": 0.4734299516908213, "val_f1_individual_macro": 0.7286349165422231, "val_acc_individual": 0.9686421173762946, "train_time_millis": 10433.567957021296, "eval_time_millis": 3321.0131898522377}, "Epoch8": {"train_loss_means": 0.006396794691681862, "val_loss_mean": 0.0663101002573967, "val_f1_majority_bin": 0.4470588235294118, "val_f1_majority_macro": 0.7143889994737684, "val_acc_majority": 0.9646084337349398, "val_f1_individual_binary": 0.43290043290043284, "val_f1_individual_macro": 0.7067046428748556, "val_acc_individual": 0.9623130034522439, "train_time_millis": 10430.080676451325, "eval_time_millis": 3298.502149991691}, "Epoch9": {"train_loss_means": 0.006096768192946911, "val_loss_mean": 0.0682079941034317, "val_f1_majority_bin": 0.45783132530120485, "val_f1_majority_macro": 0.7201710066070734, "val_acc_majority": 0.9661144578313253, "val_f1_individual_binary": 0.43636363636363634, "val_f1_individual_macro": 0.708972073677956, "val_acc_individual": 0.9643268124280783, "train_time_millis": 10459.953711833805, "eval_time_millis": 3292.9231403395534}, "Test_results": {"test_f1_majority_binary": 0.5, "test_f1_majority_macro": 0.7426356589147287, "test_acc_majority": 0.9713855421686747, "test_f1_individual_binary": 0.4734299516908213, "test_f1_individual_macro": 0.7286349165422231, "test_acc_individual": 0.9686421173762946, "test_time_millis": 3295.660424977541, "dataset_size": 6614, "number_of_annotations": 17374, "train_size": 10483, "val_size": 3476, "test_size": 3415}}