{"Epoch0": {"train_loss_means": 0.05161604657769203, "val_loss_mean": 0.04599111154675484, "val_f1_majority_bin": 0.4949494949494949, "val_f1_majority_macro": 0.7408405148343229, "val_acc_majority": 0.9741423892432339, "val_f1_individual_binary": 0.4155339805825242, "val_f1_individual_macro": 0.6985815356570324, "val_acc_individual": 0.9643778550971621, "train_time_millis": 127189.51688899688, "eval_time_millis": 17857.346718999906}, "Epoch1": {"train_loss_means": 0.041009657084941864, "val_loss_mean": 0.043063778430223465, "val_f1_majority_bin": 0.5064516129032258, "val_f1_majority_macro": 0.7464510986939084, "val_acc_majority": 0.9736252370280986, "val_f1_individual_binary": 0.4324522760646109, "val_f1_individual_macro": 0.7067732556980671, "val_acc_individual": 0.9634074179270515, "train_time_millis": 127166.58599999937, "eval_time_millis": 17828.58582300105}, "Epoch2": {"train_loss_means": 0.03636070340871811, "val_loss_mean": 0.043808404356241226, "val_f1_majority_bin": 0.4846526655896607, "val_f1_majority_macro": 0.7352641233637921, "val_acc_majority": 0.9725047405619721, "val_f1_individual_binary": 0.4305907937658572, "val_f1_individual_macro": 0.7056855411225205, "val_acc_individual": 0.9628156879452768, "train_time_millis": 127374.12175100326, "eval_time_millis": 17838.315125998633}, "Epoch3": {"train_loss_means": 0.03259870037436485, "val_loss_mean": 0.04717481508851051, "val_f1_majority_bin": 0.5499999999999999, "val_f1_majority_macro": 0.7698421795097867, "val_acc_majority": 0.9798310636097225, "val_f1_individual_binary": 0.447199657973493, "val_f1_individual_macro": 0.7157309406117662, "val_acc_individual": 0.9693957253426116, "train_time_millis": 127271.45058300084, "eval_time_millis": 17840.428062001592}, "Epoch4": {"train_loss_means": 0.02922259271144867, "val_loss_mean": 0.05102359503507614, "val_f1_majority_bin": 0.5077186963979416, "val_f1_majority_macro": 0.7475156852309324, "val_acc_majority": 0.9752628857093605, "val_f1_individual_binary": 0.43788819875776397, "val_f1_individual_macro": 0.7101064245174284, "val_acc_individual": 0.9657269994556085, "train_time_millis": 127188.22416199691, "eval_time_millis": 17853.460292993987}, "Epoch5": {"train_loss_means": 0.026783796027302742, "val_loss_mean": 0.05686873197555542, "val_f1_majority_bin": 0.49093904448105435, "val_f1_majority_macro": 0.7386323314629903, "val_acc_majority": 0.9733666609205309, "val_f1_individual_binary": 0.4369114877589454, "val_f1_individual_macro": 0.7093224032150298, "val_acc_individual": 0.9646145470898719, "train_time_millis": 127179.38554899592, "eval_time_millis": 17853.833608001878}, "Epoch6": {"train_loss_means": 0.024391137063503265, "val_loss_mean": 0.0625249594449997, "val_f1_majority_bin": 0.48796147672552165, "val_f1_majority_macro": 0.7369172779314247, "val_acc_majority": 0.9725047405619721, "val_f1_individual_binary": 0.4278933917488134, "val_f1_individual_macro": 0.7043636530289707, "val_acc_individual": 0.9629103647423608, "train_time_millis": 127193.6493539979, "eval_time_millis": 17829.15911100281}, "Epoch7": {"train_loss_means": 0.02257280796766281, "val_loss_mean": 0.06435367465019226, "val_f1_majority_bin": 0.4854961832061068, "val_f1_majority_macro": 0.735275476409475, "val_acc_majority": 0.9709532839165661, "val_f1_individual_binary": 0.42545831892078867, "val_f1_individual_macro": 0.7025523363937457, "val_acc_individual": 0.9606854600108878, "train_time_millis": 127219.14652099804, "eval_time_millis": 17818.721049996384}, "Epoch8": {"train_loss_means": 0.021623149514198303, "val_loss_mean": 0.07004324346780777, "val_f1_majority_bin": 0.49448818897637803, "val_f1_majority_macro": 0.7401325698304727, "val_acc_majority": 0.9723323564902603, "val_f1_individual_binary": 0.4271284271284271, "val_f1_individual_macro": 0.7038488231131942, "val_acc_individual": 0.96241331155767, "train_time_millis": 127404.22891599883, "eval_time_millis": 17808.69191399688}, "Epoch9": {"train_loss_means": 0.021100644022226334, "val_loss_mean": 0.07277270406484604, "val_f1_majority_bin": 0.5056726094003241, "val_f1_majority_macro": 0.7460846333848037, "val_acc_majority": 0.9737114290639545, "val_f1_individual_binary": 0.4293618590925858, "val_f1_individual_macro": 0.7052234363016452, "val_acc_individual": 0.9633837487277805, "train_time_millis": 127261.05455999641, "eval_time_millis": 17848.676347995934}, "Test_results": {"test_f1_majority_binary": 0.5499999999999999, "test_f1_majority_macro": 0.7698421795097867, "test_acc_majority": 0.9798310636097225, "test_f1_individual_binary": 0.447199657973493, "test_f1_individual_macro": 0.7157309406117662, "test_acc_individual": 0.9693957253426116, "test_time_millis": 17959.906202995626, "dataset_size": 58011, "number_of_annotations": 211225, "train_size": 126747, "val_size": 42249, "test_size": 42229}}