{"Epoch0": {"train_loss_means": 3.6312901973724365, "val_loss_mean": 3.7329349517822266, "val_f1_majority_bin": 0.0, "val_f1_majority_macro": 0.4173641884129328, "val_acc_majority": 0.716338038444519, "val_f1_individual_binary": 0.06675063073635101, "val_f1_individual_macro": 0.44186558963762645, "val_acc_individual": 0.6939755082130432, "train_acc_means": 0.6797447204589844, "train_time_millis": 1459067.6346539985, "eval_time_millis": 267504.7767360229}, "Epoch1": {"train_loss_means": 3.574749708175659, "val_loss_mean": 3.720726728439331, "val_f1_majority_bin": 0.0, "val_f1_majority_macro": 0.4173641884129328, "val_acc_majority": 0.716338038444519, "val_f1_individual_binary": 0.019725844264030457, "val_f1_individual_macro": 0.42036353260024273, "val_acc_individual": 0.6972794532775879, "train_acc_means": 0.7156597375869751, "train_time_millis": 1463787.541928934, "eval_time_millis": 268090.4835649999}, "Epoch2": {"train_loss_means": 3.5570640563964844, "val_loss_mean": 3.719498872756958, "val_f1_majority_bin": 0.0, "val_f1_majority_macro": 0.4173641884129328, "val_acc_majority": 0.716338038444519, "val_f1_individual_binary": 0.014782462269067764, "val_f1_individual_macro": 0.41795574990049467, "val_acc_individual": 0.6972278356552124, "train_acc_means": 0.7151003479957581, "train_time_millis": 1439096.6202080017, "eval_time_millis": 265978.1539819669}, "Epoch3": {"train_loss_means": 3.527587890625, "val_loss_mean": 3.7198617458343506, "val_f1_majority_bin": 0.0, "val_f1_majority_macro": 0.4173641884129328, "val_acc_majority": 0.716338038444519, "val_f1_individual_binary": 0.03970707952976227, "val_f1_individual_macro": 0.42933907494170304, "val_acc_individual": 0.6953693628311157, "train_acc_means": 0.7157325148582458, "train_time_millis": 1432906.7155320663, "eval_time_millis": 265181.892478955}, "Epoch4": {"train_loss_means": 3.500170946121216, "val_loss_mean": 3.714627981185913, "val_f1_majority_bin": 0.0, "val_f1_majority_macro": 0.4173641884129328, "val_acc_majority": 0.716338038444519, "val_f1_individual_binary": 0.0418342724442482, "val_f1_individual_macro": 0.42937779941021087, "val_acc_individual": 0.6925817131996155, "train_acc_means": 0.7212426066398621, "train_time_millis": 1410012.2019889532, "eval_time_millis": 261456.91521896515}, "Epoch5": {"train_loss_means": 3.4541165828704834, "val_loss_mean": 3.700547933578491, "val_f1_majority_bin": 0.0, "val_f1_majority_macro": 0.4173641884129328, "val_acc_majority": 0.716338038444519, "val_f1_individual_binary": 0.06308557093143463, "val_f1_individual_macro": 0.4387726701054898, "val_acc_individual": 0.6902586221694946, "train_acc_means": 0.724997878074646, "train_time_millis": 1413051.4762279345, "eval_time_millis": 262837.0820929995}, "Epoch6": {"train_loss_means": 3.397793769836426, "val_loss_mean": 3.687584161758423, "val_f1_majority_bin": 0.0, "val_f1_majority_macro": 0.4173641884129328, "val_acc_majority": 0.716338038444519, "val_f1_individual_binary": 0.11189427226781845, "val_f1_individual_macro": 0.46124589642858915, "val_acc_individual": 0.6877806782722473, "train_acc_means": 0.734747588634491, "train_time_millis": 1415171.4778690366, "eval_time_millis": 263269.0109870164}, "Epoch7": {"train_loss_means": 3.352919101715088, "val_loss_mean": 3.6970527172088623, "val_f1_majority_bin": 0.0, "val_f1_majority_macro": 0.4173641884129328, "val_acc_majority": 0.716338038444519, "val_f1_individual_binary": 0.15647530555725098, "val_f1_individual_macro": 0.4771561194182371, "val_acc_individual": 0.6738423705101013, "train_acc_means": 0.7419576048851013, "train_time_millis": 1418036.6356089944, "eval_time_millis": 262956.2380659627}, "Epoch8": {"train_loss_means": 3.318025827407837, "val_loss_mean": 3.6960151195526123, "val_f1_majority_bin": 0.001982160611078143, "val_f1_majority_macro": 0.41832813494832827, "val_acc_majority": 0.716338038444519, "val_f1_individual_binary": 0.1440536081790924, "val_f1_individual_macro": 0.4749338878826332, "val_acc_individual": 0.6834443211555481, "train_acc_means": 0.7503901720046997, "train_time_millis": 1416351.5750789084, "eval_time_millis": 264283.5030169226}, "Test_results": {"test_f1_majority_binary": 0.0, "test_f1_majority_macro": 0.4139696169088507, "test_acc_majority": 0.7063961625099182, "test_f1_individual_binary": 0.1101706326007843, "test_f1_individual_macro": 0.45389974962586377, "test_acc_individual": 0.6702514290809631, "test_time_millis": 262868.97089204285, "dataset_size": 17699, "number_of_annotations": 95778}}