{"Epoch0": {"train_loss_means": 0.061775509268045425, "val_loss_mean": 0.050231944769620895, "val_f1_majority_bin": 0.328125, "val_f1_majority_macro": 0.6457801870748299, "val_acc_majority": 0.9306451612903226, "val_f1_individual_binary": 0.3006134969325153, "val_f1_individual_macro": 0.6307325726420818, "val_acc_individual": 0.9258536585365854, "train_time_millis": 10654.270916999849, "eval_time_millis": 2250.9899449996738}, "Epoch1": {"train_loss_means": 0.044943347573280334, "val_loss_mean": 0.03978607431054115, "val_f1_majority_bin": 0.2746268656716418, "val_f1_majority_macro": 0.5806700761924642, "val_acc_majority": 0.8040322580645162, "val_f1_individual_binary": 0.2551143200962696, "val_f1_individual_macro": 0.5693695307945157, "val_acc_individual": 0.7986991869918699, "train_time_millis": 10647.30028699978, "eval_time_millis": 3024.78307399997}, "Epoch2": {"train_loss_means": 0.03606734052300453, "val_loss_mean": 0.038937635719776154, "val_f1_majority_bin": 0.2839506172839506, "val_f1_majority_macro": 0.5881719691243501, "val_acc_majority": 0.8129032258064516, "val_f1_individual_binary": 0.27135678391959794, "val_f1_individual_macro": 0.581513281761816, "val_acc_individual": 0.8113821138211382, "train_time_millis": 10642.21736700074, "eval_time_millis": 2246.9842190002964}, "Epoch3": {"train_loss_means": 0.030408073216676712, "val_loss_mean": 0.03988000378012657, "val_f1_majority_bin": 0.3345454545454545, "val_f1_majority_macro": 0.6257761286332715, "val_acc_majority": 0.8524193548387097, "val_f1_individual_binary": 0.3063328424153166, "val_f1_individual_macro": 0.6101212740681957, "val_acc_individual": 0.8468292682926829, "train_time_millis": 10673.28404699947, "eval_time_millis": 3268.259733999912}, "Epoch4": {"train_loss_means": 0.02675521932542324, "val_loss_mean": 0.042579203844070435, "val_f1_majority_bin": 0.37446808510638296, "val_f1_majority_macro": 0.6544946216177795, "val_acc_majority": 0.8814516129032258, "val_f1_individual_binary": 0.3310580204778157, "val_f1_individual_macro": 0.6303025544517044, "val_acc_individual": 0.8725203252032521, "train_time_millis": 10652.794995000477, "eval_time_millis": 3282.6494950004417}, "Epoch5": {"train_loss_means": 0.02279178984463215, "val_loss_mean": 0.04810943827033043, "val_f1_majority_bin": 0.3891402714932127, "val_f1_majority_macro": 0.6646896576589569, "val_acc_majority": 0.8911290322580645, "val_f1_individual_binary": 0.3460837887067395, "val_f1_individual_macro": 0.6409940457549052, "val_acc_individual": 0.8832520325203252, "train_time_millis": 10656.86331300003, "eval_time_millis": 2756.184901000779}, "Epoch6": {"train_loss_means": 0.020932292565703392, "val_loss_mean": 0.0543326735496521, "val_f1_majority_bin": 0.4236453201970443, "val_f1_majority_macro": 0.6861309604937791, "val_acc_majority": 0.9056451612903226, "val_f1_individual_binary": 0.3747534516765286, "val_f1_individual_macro": 0.6592888293293151, "val_acc_individual": 0.896910569105691, "train_time_millis": 10623.28781800079, "eval_time_millis": 1933.682308999778}, "Epoch7": {"train_loss_means": 0.019535018131136894, "val_loss_mean": 0.05402297526597977, "val_f1_majority_bin": 0.4075829383886256, "val_f1_majority_macro": 0.6762462951088126, "val_acc_majority": 0.8991935483870968, "val_f1_individual_binary": 0.3612167300380228, "val_f1_individual_macro": 0.6507363877786132, "val_acc_individual": 0.8907317073170732, "train_time_millis": 10722.047051000118, "eval_time_millis": 3268.7408350002443}, "Epoch8": {"train_loss_means": 0.01812565326690674, "val_loss_mean": 0.06027262657880783, "val_f1_majority_bin": 0.4183673469387755, "val_f1_majority_macro": 0.6842274563065156, "val_acc_majority": 0.9080645161290323, "val_f1_individual_binary": 0.37860082304526754, "val_f1_individual_macro": 0.6626408070028598, "val_acc_individual": 0.9017886178861788, "train_time_millis": 10697.272656000678, "eval_time_millis": 3283.976712999902}, "Epoch9": {"train_loss_means": 0.017752742394804955, "val_loss_mean": 0.059437770396471024, "val_f1_majority_bin": 0.4079601990049751, "val_f1_majority_macro": 0.6778721574226279, "val_acc_majority": 0.9040322580645161, "val_f1_individual_binary": 0.3724696356275304, "val_f1_individual_macro": 0.6588302916468628, "val_acc_individual": 0.8991869918699187, "train_time_millis": 10688.072117999582, "eval_time_millis": 3283.77823899973}, "Test_results": {"test_f1_majority_binary": 0.328125, "test_f1_majority_macro": 0.6457801870748299, "test_acc_majority": 0.9306451612903226, "test_f1_individual_binary": 0.3006134969325153, "test_f1_individual_macro": 0.6307325726420818, "test_acc_individual": 0.9258536585365854, "test_time_millis": 3286.236132999875, "dataset_size": 6218, "number_of_annotations": 15170, "train_size": 9137, "val_size": 3075, "test_size": 2958}}