{"Epoch0": {"train_loss_means": 0.04289153218269348, "val_loss_mean": 0.03390346094965935, "val_f1_majority_bin": 0.30150753768844224, "val_f1_majority_macro": 0.6275173930501723, "val_acc_majority": 0.9128526645768025, "val_f1_individual_binary": 0.31241283124128316, "val_f1_individual_macro": 0.6315884190162273, "val_acc_individual": 0.9081081081081082, "train_time_millis": 16649.981888011098, "eval_time_millis": 4169.708568995702}, "Epoch1": {"train_loss_means": 0.03008093126118183, "val_loss_mean": 0.033263105899095535, "val_f1_majority_bin": 0.248, "val_f1_majority_macro": 0.5920272108843537, "val_acc_majority": 0.8821316614420063, "val_f1_individual_binary": 0.2636871508379888, "val_f1_individual_macro": 0.5983407792827463, "val_acc_individual": 0.8771668219944082, "train_time_millis": 16685.150612000143, "eval_time_millis": 4160.845952006639}, "Epoch2": {"train_loss_means": 0.021957363933324814, "val_loss_mean": 0.03906033933162689, "val_f1_majority_bin": 0.25, "val_f1_majority_macro": 0.5933888511216859, "val_acc_majority": 0.883385579937304, "val_f1_individual_binary": 0.26251390433815347, "val_f1_individual_macro": 0.5975370864382255, "val_acc_individual": 0.8764212488350419, "train_time_millis": 16678.447621001396, "eval_time_millis": 4140.179531998001}, "Epoch3": {"train_loss_means": 0.017783964052796364, "val_loss_mean": 0.04913376644253731, "val_f1_majority_bin": 0.3295454545454546, "val_f1_majority_macro": 0.6451974120769741, "val_acc_majority": 0.9260188087774295, "val_f1_individual_binary": 0.32608695652173914, "val_f1_individual_macro": 0.6415285070135961, "val_acc_individual": 0.9191053122087605, "train_time_millis": 16704.463145986665, "eval_time_millis": 4147.874064990901}, "Epoch4": {"train_loss_means": 0.014884852804243565, "val_loss_mean": 0.06260669231414795, "val_f1_majority_bin": 0.3333333333333333, "val_f1_majority_macro": 0.6481358923450254, "val_acc_majority": 0.9297805642633229, "val_f1_individual_binary": 0.32573289902280134, "val_f1_individual_macro": 0.6424038160594434, "val_acc_individual": 0.9228331780055918, "train_time_millis": 16686.89702299889, "eval_time_millis": 4158.053448001738}, "Epoch5": {"train_loss_means": 0.013539648614823818, "val_loss_mean": 0.05802550166845322, "val_f1_majority_bin": 0.2857142857142857, "val_f1_majority_macro": 0.6185852981969486, "val_acc_majority": 0.9090909090909091, "val_f1_individual_binary": 0.28687415426251694, "val_f1_individual_macro": 0.617063340768532, "val_acc_individual": 0.9017707362534949, "train_time_millis": 16668.553230992984, "eval_time_millis": 3142.7722759981407}, "Epoch6": {"train_loss_means": 0.012421389110386372, "val_loss_mean": 0.08542324602603912, "val_f1_majority_bin": 0.39999999999999997, "val_f1_majority_macro": 0.6862295081967213, "val_acc_majority": 0.9473354231974922, "val_f1_individual_binary": 0.36257309941520466, "val_f1_individual_macro": 0.6652838091771138, "val_acc_individual": 0.939049394221808, "train_time_millis": 16709.810020998702, "eval_time_millis": 4156.582530005835}, "Epoch7": {"train_loss_means": 0.012057371437549591, "val_loss_mean": 0.07273627817630768, "val_f1_majority_bin": 0.30526315789473685, "val_f1_majority_macro": 0.6306315789473684, "val_acc_majority": 0.9172413793103448, "val_f1_individual_binary": 0.305916305916306, "val_f1_individual_macro": 0.6289968099273668, "val_acc_individual": 0.9103448275862069, "train_time_millis": 16688.647324001067, "eval_time_millis": 4133.279029003461}, "Epoch8": {"train_loss_means": 0.011379909701645374, "val_loss_mean": 0.08877065032720566, "val_f1_majority_bin": 0.39436619718309857, "val_f1_majority_macro": 0.6830754870429928, "val_acc_majority": 0.9460815047021943, "val_f1_individual_binary": 0.36575875486381326, "val_f1_individual_macro": 0.6669240132972158, "val_acc_individual": 0.9392357875116496, "train_time_millis": 16632.072751002852, "eval_time_millis": 3153.773439989891}, "Epoch9": {"train_loss_means": 0.011238829232752323, "val_loss_mean": 0.09260222315788269, "val_f1_majority_bin": 0.40298507462686567, "val_f1_majority_macro": 0.6884035320778308, "val_acc_majority": 0.9498432601880877, "val_f1_individual_binary": 0.37295081967213123, "val_f1_individual_macro": 0.6715369212596157, "val_acc_individual": 0.9429636533084809, "train_time_millis": 16673.031916012405, "eval_time_millis": 3133.4912849997636}, "Test_results": {"test_f1_majority_binary": 0.40298507462686567, "test_f1_majority_macro": 0.6884035320778308, "test_acc_majority": 0.9498432601880877, "test_f1_individual_binary": 0.37295081967213123, "test_f1_individual_macro": 0.6715369212596157, "test_acc_individual": 0.9429636533084809, "test_time_millis": 2158.068753997213, "dataset_size": 8010, "number_of_annotations": 27103, "train_size": 16586, "val_size": 5365, "test_size": 5152}}