{"Epoch0": {"train_loss_means": 0.5684765577316284, "val_loss_mean": 0.5690684914588928, "val_f1_majority_bin": 0.0, "val_f1_majority_macro": 0.49394812680115274, "val_acc_majority": 0.9760820269584656, "val_f1_individual_binary": 0.0, "val_f1_individual_macro": 0.49483747609942635, "val_acc_individual": 0.979560911655426, "train_acc_means": 0.9780303239822388, "train_time_millis": 10039.25741603598, "eval_time_millis": 1461.848724167794}, "Epoch1": {"train_loss_means": 0.5136063694953918, "val_loss_mean": 0.5435597896575928, "val_f1_majority_bin": 0.0, "val_f1_majority_macro": 0.49394812680115274, "val_acc_majority": 0.9760820269584656, "val_f1_individual_binary": 0.0, "val_f1_individual_macro": 0.49483747609942635, "val_acc_individual": 0.979560911655426, "train_acc_means": 0.9795454740524292, "train_time_millis": 9978.53843215853, "eval_time_millis": 1445.1122912578285}, "Epoch2": {"train_loss_means": 0.4576782286167145, "val_loss_mean": 0.4753366708755493, "val_f1_majority_bin": 0.0, "val_f1_majority_macro": 0.49394812680115274, "val_acc_majority": 0.9760820269584656, "val_f1_individual_binary": 0.0, "val_f1_individual_macro": 0.49483747609942635, "val_acc_individual": 0.979560911655426, "train_acc_means": 0.9792508482933044, "train_time_millis": 9978.346520103514, "eval_time_millis": 1452.6142687536776}, "Epoch3": {"train_loss_means": 0.30197787284851074, "val_loss_mean": 0.3990457057952881, "val_f1_majority_bin": 0.24242424964904785, "val_f1_majority_macro": 0.6139573330519356, "val_acc_majority": 0.9715262055397034, "val_f1_individual_binary": 0.1702127605676651, "val_f1_individual_macro": 0.5775919321116714, "val_acc_individual": 0.9704769253730774, "train_acc_means": 0.9791666865348816, "train_time_millis": 9978.971586097032, "eval_time_millis": 1449.5111019350588}, "Epoch4": {"train_loss_means": 0.15117211639881134, "val_loss_mean": 0.4120723605155945, "val_f1_majority_bin": 0.25, "val_f1_majority_macro": 0.6162587412587412, "val_acc_majority": 0.965831458568573, "val_f1_individual_binary": 0.16949152946472168, "val_f1_individual_macro": 0.5752606678609159, "val_acc_individual": 0.9629068970680237, "train_acc_means": 0.989393949508667, "train_time_millis": 10017.155968118459, "eval_time_millis": 1464.8169409483671}, "Epoch5": {"train_loss_means": 0.08415965735912323, "val_loss_mean": 0.7569646835327148, "val_f1_majority_bin": 0.1538461595773697, "val_f1_majority_macro": 0.5705646954201867, "val_acc_majority": 0.9749430418014526, "val_f1_individual_binary": 0.11764705926179886, "val_f1_individual_macro": 0.5530719956694334, "val_acc_individual": 0.9772899150848389, "train_acc_means": 0.9924242496490479, "train_time_millis": 9992.664673831314, "eval_time_millis": 1447.0568890683353}, "Test_results": {"test_f1_majority_binary": 0.0, "test_f1_majority_macro": 0.4948075748320097, "test_acc_majority": 0.9794437885284424, "test_f1_individual_binary": 0.08695652335882187, "test_f1_individual_macro": 0.5392799401978339, "test_acc_individual": 0.9833597540855408, "test_time_millis": 1362.9279197193682, "dataset_size": 4338, "number_of_annotations": 4338}}