{"Epoch0": {"train_loss_means": 0.034992557018995285, "val_loss_mean": 0.029890822246670723, "val_f1_majority_bin": 0.21052631578947367, "val_f1_majority_macro": 0.585088309206102, "val_acc_majority": 0.9232245681381958, "val_f1_individual_binary": 0.26666666666666666, "val_f1_individual_macro": 0.6112586189153031, "val_acc_individual": 0.9167152009318579, "train_time_millis": 15477.520688000368, "eval_time_millis": 3909.2701510089682}, "Epoch1": {"train_loss_means": 0.02401774190366268, "val_loss_mean": 0.028552940115332603, "val_f1_majority_bin": 0.11620795107033638, "val_f1_majority_macro": 0.5064783949706809, "val_acc_majority": 0.8150991682661548, "val_f1_individual_binary": 0.17682403433476396, "val_f1_individual_macro": 0.5359330853516876, "val_acc_individual": 0.8138225587264609, "train_time_millis": 15524.181455999496, "eval_time_millis": 2189.146015996812}, "Epoch2": {"train_loss_means": 0.01788359321653843, "val_loss_mean": 0.03469105437397957, "val_f1_majority_bin": 0.18999999999999997, "val_f1_majority_macro": 0.5673171565276828, "val_acc_majority": 0.8963531669865643, "val_f1_individual_binary": 0.22788203753351208, "val_f1_individual_macro": 0.5838028856566682, "val_acc_individual": 0.8881770529994176, "train_time_millis": 15451.908721996006, "eval_time_millis": 3909.5096539967926}, "Epoch3": {"train_loss_means": 0.013271358795464039, "val_loss_mean": 0.03962184488773346, "val_f1_majority_bin": 0.22929936305732482, "val_f1_majority_macro": 0.5942724501376216, "val_acc_majority": 0.9225847728726807, "val_f1_individual_binary": 0.2504065040650406, "val_f1_individual_macro": 0.6014084755279265, "val_acc_individual": 0.9105028149873811, "train_time_millis": 15485.788261998096, "eval_time_millis": 3911.902043997543}, "Epoch4": {"train_loss_means": 0.010791945271193981, "val_loss_mean": 0.056542880833148956, "val_f1_majority_bin": 0.23684210526315788, "val_f1_majority_macro": 0.598918698899232, "val_acc_majority": 0.925783749200256, "val_f1_individual_binary": 0.2682926829268293, "val_f1_individual_macro": 0.6125591704107831, "val_acc_individual": 0.918462434478742, "train_time_millis": 15533.66546399775, "eval_time_millis": 3912.7315939986147}, "Epoch5": {"train_loss_means": 0.00976208969950676, "val_loss_mean": 0.05466574430465698, "val_f1_majority_bin": 0.24113475177304966, "val_f1_majority_macro": 0.6026444278128229, "val_acc_majority": 0.9315419065898912, "val_f1_individual_binary": 0.27636363636363637, "val_f1_individual_macro": 0.6177757476321873, "val_acc_individual": 0.9227334498155698, "train_time_millis": 15520.131536002737, "eval_time_millis": 3916.3398280070396}, "Epoch6": {"train_loss_means": 0.0085752597078681, "val_loss_mean": 0.07891833782196045, "val_f1_majority_bin": 0.3010752688172043, "val_f1_majority_macro": 0.6398221711708837, "val_acc_majority": 0.9584133077415227, "val_f1_individual_binary": 0.32105263157894737, "val_f1_individual_macro": 0.647524904783628, "val_acc_individual": 0.9499126383226558, "train_time_millis": 15478.723205000279, "eval_time_millis": 3913.283080997644}, "Epoch7": {"train_loss_means": 0.008052535355091095, "val_loss_mean": 0.0763264149427414, "val_f1_majority_bin": 0.32, "val_f1_majority_macro": 0.6487640449438202, "val_acc_majority": 0.9564939219449776, "val_f1_individual_binary": 0.315, "val_f1_individual_macro": 0.6436644112300546, "val_acc_individual": 0.9468064453504174, "train_time_millis": 15490.753502992447, "eval_time_millis": 3915.5230690084863}, "Epoch8": {"train_loss_means": 0.007895088754594326, "val_loss_mean": 0.0797291100025177, "val_f1_majority_bin": 0.31192660550458723, "val_f1_majority_macro": 0.6435337369584586, "val_acc_majority": 0.9520153550863724, "val_f1_individual_binary": 0.3059360730593607, "val_f1_individual_macro": 0.6375584663755847, "val_acc_individual": 0.9409823335274704, "train_time_millis": 15474.46770699753, "eval_time_millis": 3909.404990001349}, "Epoch9": {"train_loss_means": 0.007429181132465601, "val_loss_mean": 0.08574225008487701, "val_f1_majority_bin": 0.33333333333333337, "val_f1_majority_macro": 0.6561056105610561, "val_acc_majority": 0.9590531030070377, "val_f1_individual_binary": 0.3256997455470738, "val_f1_individual_macro": 0.6494781904645249, "val_acc_individual": 0.9485536788973015, "train_time_millis": 15523.611520999111, "eval_time_millis": 3914.8506979981903}, "Test_results": {"test_f1_majority_binary": 0.3010752688172043, "test_f1_majority_macro": 0.6398221711708837, "test_acc_majority": 0.9584133077415227, "test_f1_individual_binary": 0.32105263157894737, "test_f1_individual_macro": 0.647524904783628, "test_acc_individual": 0.9499126383226558, "test_time_millis": 3915.8202199905645, "dataset_size": 7871, "number_of_annotations": 25845, "train_size": 15676, "val_size": 5151, "test_size": 5018}}