{"Epoch0": {"train_loss_means": 0.06511985510587692, "val_loss_mean": 0.059295233339071274, "val_f1_majority_bin": 0.42525399129172714, "val_f1_majority_macro": 0.692034171932915, "val_acc_majority": 0.9231366459627329, "val_f1_individual_binary": 0.3902012248468941, "val_f1_individual_macro": 0.6759617250600554, "val_acc_individual": 0.9279661016949152, "train_time_millis": 58331.93685900005, "eval_time_millis": 9477.422963999743}, "Epoch1": {"train_loss_means": 0.049917206168174744, "val_loss_mean": 0.06253740191459656, "val_f1_majority_bin": 0.440905280804694, "val_f1_majority_macro": 0.7032752002787312, "val_acc_majority": 0.9352678571428571, "val_f1_individual_binary": 0.4033790918690602, "val_f1_individual_macro": 0.6863404560133131, "val_acc_individual": 0.9416081025217032, "train_time_millis": 58284.74134099997, "eval_time_millis": 9483.204950000072}, "Epoch2": {"train_loss_means": 0.03983432799577713, "val_loss_mean": 0.06589100509881973, "val_f1_majority_bin": 0.42795830778663396, "val_f1_majority_macro": 0.6893967646853283, "val_acc_majority": 0.9094526397515528, "val_f1_individual_binary": 0.3880819366852887, "val_f1_individual_macro": 0.6712335611408897, "val_acc_individual": 0.9150992145514676, "train_time_millis": 58342.499735000274, "eval_time_millis": 8463.93888900002}, "Epoch3": {"train_loss_means": 0.0311993807554245, "val_loss_mean": 0.09243787080049515, "val_f1_majority_bin": 0.42016806722689076, "val_f1_majority_macro": 0.6865543132420063, "val_acc_majority": 0.9129464285714286, "val_f1_individual_binary": 0.38725099601593627, "val_f1_individual_macro": 0.672378882546842, "val_acc_individual": 0.9205250103348491, "train_time_millis": 58298.490064999896, "eval_time_millis": 9471.486156000537}, "Epoch4": {"train_loss_means": 0.025923093780875206, "val_loss_mean": 0.09301509708166122, "val_f1_majority_bin": 0.404561824729892, "val_f1_majority_macro": 0.6760957154480418, "val_acc_majority": 0.9037267080745341, "val_f1_individual_binary": 0.3708318065225357, "val_f1_individual_macro": 0.6615521089596695, "val_acc_individual": 0.9112753203803224, "train_time_millis": 58306.10985900057, "eval_time_millis": 9453.04293800018}, "Epoch5": {"train_loss_means": 0.022718418389558792, "val_loss_mean": 0.12613753974437714, "val_f1_majority_bin": 0.4212144504227517, "val_f1_majority_macro": 0.6911065259831167, "val_acc_majority": 0.9269215838509317, "val_f1_individual_binary": 0.38933841028081867, "val_f1_individual_macro": 0.6771433192840588, "val_acc_individual": 0.9337019429516329, "train_time_millis": 58349.437820000276, "eval_time_millis": 9470.403643999816}, "Epoch6": {"train_loss_means": 0.020220894366502762, "val_loss_mean": 0.12471366673707962, "val_f1_majority_bin": 0.42826855123674906, "val_f1_majority_macro": 0.693058883548349, "val_acc_majority": 0.921486801242236, "val_f1_individual_binary": 0.39546049759930163, "val_f1_individual_macro": 0.6787123156439098, "val_acc_individual": 0.9284311699049194, "train_time_millis": 58316.501584000434, "eval_time_millis": 9481.61458100003}, "Epoch7": {"train_loss_means": 0.018229808658361435, "val_loss_mean": 0.15510918200016022, "val_f1_majority_bin": 0.42479338842975206, "val_f1_majority_macro": 0.6944567004010808, "val_acc_majority": 0.9324534161490683, "val_f1_individual_binary": 0.3970741901776385, "val_f1_individual_macro": 0.6828534854122768, "val_acc_individual": 0.9403679206283588, "train_time_millis": 58294.682572000056, "eval_time_millis": 9469.216316999336}, "Epoch8": {"train_loss_means": 0.01707414537668228, "val_loss_mean": 0.1637880951166153, "val_f1_majority_bin": 0.4301948051948052, "val_f1_majority_macro": 0.6969822085429022, "val_acc_majority": 0.9318711180124224, "val_f1_individual_binary": 0.4012345679012345, "val_f1_individual_macro": 0.6847848574000187, "val_acc_individual": 0.9398511781727987, "train_time_millis": 58286.73277500002, "eval_time_millis": 9475.871035000637}, "Epoch9": {"train_loss_means": 0.016270363703370094, "val_loss_mean": 0.16874846816062927, "val_f1_majority_bin": 0.42998352553542013, "val_f1_majority_macro": 0.697151193519489, "val_acc_majority": 0.9328416149068323, "val_f1_individual_binary": 0.4008350730688936, "val_f1_individual_macro": 0.6848146225407532, "val_acc_individual": 0.940677966101695, "train_time_millis": 58291.891000999385, "eval_time_millis": 9469.496591999814}, "Test_results": {"test_f1_majority_binary": 0.440905280804694, "test_f1_majority_macro": 0.7032752002787312, "test_acc_majority": 0.9352678571428571, "test_f1_individual_binary": 0.4033790918690602, "test_f1_individual_macro": 0.6863404560133131, "test_acc_individual": 0.9416081025217032, "test_time_millis": 9474.88076100035, "dataset_size": 51682, "number_of_annotations": 96716, "train_size": 58133, "val_size": 19352, "test_size": 19231}}