{"Epoch0": {"train_loss_means": 1.3263267278671265, "val_loss_mean": 0.8267660140991211, "val_f1_majority_bin": 0.4262877404689789, "val_f1_majority_macro": 0.7059317969116046, "val_acc_majority": 0.9718592166900635, "val_f1_individual_binary": 0.40108034014701843, "val_f1_individual_macro": 0.6930243728828878, "val_acc_individual": 0.9706728458404541, "train_acc_means": 0.9489656090736389, "train_time_millis": 199434.9676561542, "eval_time_millis": 35025.44495416805}, "Epoch1": {"train_loss_means": 0.7339835166931152, "val_loss_mean": 0.6557508111000061, "val_f1_majority_bin": 0.45940592885017395, "val_f1_majority_macro": 0.723623062943237, "val_acc_majority": 0.9762153625488281, "val_f1_individual_binary": 0.43231114745140076, "val_f1_individual_macro": 0.7097400057639911, "val_acc_individual": 0.9749049544334412, "train_acc_means": 0.9720737934112549, "train_time_millis": 200255.92633290216, "eval_time_millis": 35124.388037016615}, "Epoch2": {"train_loss_means": 0.572368860244751, "val_loss_mean": 0.5954374670982361, "val_f1_majority_bin": 0.43738317489624023, "val_f1_majority_macro": 0.7119791317135513, "val_acc_majority": 0.9737759232521057, "val_f1_individual_binary": 0.4225156307220459, "val_f1_individual_macro": 0.7042215272651151, "val_acc_individual": 0.9725244045257568, "train_acc_means": 0.9763461351394653, "train_time_millis": 201210.88905096985, "eval_time_millis": 35162.25104406476}, "Epoch3": {"train_loss_means": 0.46639981865882874, "val_loss_mean": 0.6014025807380676, "val_f1_majority_bin": 0.3931357264518738, "val_f1_majority_macro": 0.6878517524747595, "val_acc_majority": 0.9661090970039368, "val_f1_individual_binary": 0.3789224326610565, "val_f1_individual_macro": 0.6805413033286479, "val_acc_individual": 0.9653165936470032, "train_acc_means": 0.9783982038497925, "train_time_millis": 201167.38374601118, "eval_time_millis": 35355.8143558912}, "Epoch4": {"train_loss_means": 0.3949448764324188, "val_loss_mean": 0.643748939037323, "val_f1_majority_bin": 0.46709129214286804, "val_f1_majority_macro": 0.7279641487814239, "val_acc_majority": 0.9781320691108704, "val_f1_individual_binary": 0.4689542353153229, "val_f1_individual_macro": 0.7289933729597082, "val_acc_individual": 0.9785088300704956, "train_acc_means": 0.9799770712852478, "train_time_millis": 201490.74922595173, "eval_time_millis": 35267.92792510241}, "Test_results": {"test_f1_majority_binary": 0.5094736814498901, "test_f1_majority_macro": 0.7495556101728638, "test_acc_majority": 0.9797038435935974, "test_f1_individual_binary": 0.486144095659256, "test_f1_individual_macro": 0.7375929455653605, "test_acc_individual": 0.9785411953926086, "test_time_millis": 35336.020407034084, "dataset_size": 57414, "number_of_annotations": 151257}}