{"Epoch0": {"train_loss_means": 0.7994551062583923, "val_loss_mean": 0.7734019756317139, "val_f1_majority_bin": 0.0, "val_f1_majority_macro": 0.4311440677966102, "val_acc_majority": 0.7579143643379211, "val_f1_individual_binary": 0.0, "val_f1_individual_macro": 0.4337455830388693, "val_acc_individual": 0.7659906148910522, "train_acc_means": 0.7240971922874451, "train_time_millis": 8541.319627999997, "eval_time_millis": 899.3284200000744}, "Epoch1": {"train_loss_means": 0.7744161486625671, "val_loss_mean": 0.7588753700256348, "val_f1_majority_bin": 0.15853658318519592, "val_f1_majority_macro": 0.503444116858751, "val_acc_majority": 0.74301677942276, "val_f1_individual_binary": 0.17112299799919128, "val_f1_individual_macro": 0.5147852416184406, "val_acc_individual": 0.7581903338432312, "train_acc_means": 0.7477946281433105, "train_time_millis": 6605.242116999989, "eval_time_millis": 888.0088280000109}, "Epoch2": {"train_loss_means": 0.7017845511436462, "val_loss_mean": 0.7582319378852844, "val_f1_majority_bin": 0.23350253701210022, "val_f1_majority_macro": 0.5306623294688283, "val_acc_majority": 0.7188081741333008, "val_f1_individual_binary": 0.28205129504203796, "val_f1_individual_macro": 0.5608729692699159, "val_acc_individual": 0.7379094958305359, "train_acc_means": 0.7589337229728699, "train_time_millis": 6562.057443999947, "eval_time_millis": 887.8394060000119}, "Epoch3": {"train_loss_means": 0.5378457307815552, "val_loss_mean": 0.8696249127388, "val_f1_majority_bin": 0.25, "val_f1_majority_macro": 0.5305944055944056, "val_acc_majority": 0.6983240246772766, "val_f1_individual_binary": 0.31506848335266113, "val_f1_individual_macro": 0.5565241455652414, "val_acc_individual": 0.6879875063896179, "train_acc_means": 0.8229478597640991, "train_time_millis": 6627.619224, "eval_time_millis": 895.6366470000603}, "Test_results": {"test_f1_majority_binary": 0.18478260934352875, "test_f1_majority_macro": 0.5122630992196209, "test_acc_majority": 0.7321428656578064, "test_f1_individual_binary": 0.261904776096344, "test_f1_individual_macro": 0.5420422471091687, "test_acc_individual": 0.7134052515029907, "test_time_millis": 939.8511949999602, "dataset_size": 2787, "number_of_annotations": 3263}}