{"Epoch0": {"train_loss_means": 0.022440491244196892, "val_loss_mean": 0.015939615666866302, "val_f1_majority_bin": 0.27639751552795033, "val_f1_majority_macro": 0.6228090615948867, "val_acc_majority": 0.9409528636594019, "val_f1_individual_binary": 0.24157955865272937, "val_f1_individual_macro": 0.6058216410601932, "val_acc_individual": 0.9424009879156744, "train_time_millis": 32437.310377999893, "eval_time_millis": 7024.518203001207}, "Epoch1": {"train_loss_means": 0.01287110522389412, "val_loss_mean": 0.015329612419009209, "val_f1_majority_bin": 0.3307984790874524, "val_f1_majority_macro": 0.6538643070492971, "val_acc_majority": 0.9553978712620375, "val_f1_individual_binary": 0.2935251798561151, "val_f1_individual_macro": 0.6355928369820637, "val_acc_individual": 0.9566904824909588, "train_time_millis": 32495.689092998873, "eval_time_millis": 6865.89592099881}, "Epoch2": {"train_loss_means": 0.008876703679561615, "val_loss_mean": 0.01750856637954712, "val_f1_majority_bin": 0.22115384615384617, "val_f1_majority_macro": 0.5889075811828621, "val_acc_majority": 0.9178915357323872, "val_f1_individual_binary": 0.1887125220458554, "val_f1_individual_macro": 0.5730006435670317, "val_acc_individual": 0.9188497838934463, "train_time_millis": 32503.68261099902, "eval_time_millis": 6930.279493999478}, "Epoch3": {"train_loss_means": 0.005947641097009182, "val_loss_mean": 0.020095279440283775, "val_f1_majority_bin": 0.30281690140845074, "val_f1_majority_macro": 0.6383958324076955, "val_acc_majority": 0.9498226051697922, "val_f1_individual_binary": 0.2652519893899204, "val_f1_individual_macro": 0.6199891333810915, "val_acc_individual": 0.9511334568227926, "train_time_millis": 32503.352354000526, "eval_time_millis": 6915.445532999001}, "Epoch4": {"train_loss_means": 0.004690298344939947, "val_loss_mean": 0.021924035623669624, "val_f1_majority_bin": 0.3041958041958042, "val_f1_majority_macro": 0.6390161245538579, "val_acc_majority": 0.9495691839837811, "val_f1_individual_binary": 0.26912928759894456, "val_f1_individual_macro": 0.6219254760681345, "val_acc_individual": 0.9511334568227926, "train_time_millis": 32485.851880001064, "eval_time_millis": 7020.997363999413}, "Epoch5": {"train_loss_means": 0.0035329393576830626, "val_loss_mean": 0.024430975317955017, "val_f1_majority_bin": 0.3155893536121673, "val_f1_majority_macro": 0.645997586754963, "val_acc_majority": 0.954384186517993, "val_f1_individual_binary": 0.2832369942196532, "val_f1_individual_macro": 0.6303365391442184, "val_acc_individual": 0.9562494487077711, "train_time_millis": 32429.531174999283, "eval_time_millis": 7023.081335000825}, "Epoch6": {"train_loss_means": 0.0031918378081172705, "val_loss_mean": 0.025969943031668663, "val_f1_majority_bin": 0.28376068376068375, "val_f1_majority_macro": 0.6280965403144494, "val_acc_majority": 0.946908261530664, "val_f1_individual_binary": 0.2512820512820513, "val_f1_individual_macro": 0.6123040383385683, "val_acc_individual": 0.9484872541236659, "train_time_millis": 32554.248432999884, "eval_time_millis": 6957.142700000986}, "Epoch7": {"train_loss_means": 0.0027973800897598267, "val_loss_mean": 0.0284733846783638, "val_f1_majority_bin": 0.3354564755838641, "val_f1_majority_macro": 0.6575081633453833, "val_acc_majority": 0.9603395843892549, "val_f1_individual_binary": 0.2972536348949919, "val_f1_individual_macro": 0.6387651080845398, "val_acc_individual": 0.9616300608626621, "train_time_millis": 32371.065928000462, "eval_time_millis": 6956.273824000164}, "Epoch8": {"train_loss_means": 0.002488496247678995, "val_loss_mean": 0.029588494449853897, "val_f1_majority_bin": 0.3254817987152034, "val_f1_majority_macro": 0.6524582069243575, "val_acc_majority": 0.9600861632032438, "val_f1_individual_binary": 0.2894308943089431, "val_f1_individual_macro": 0.6348101930631709, "val_acc_individual": 0.961453647349387, "train_time_millis": 32472.80573399985, "eval_time_millis": 6958.511466998971}, "Epoch9": {"train_loss_means": 0.0024254866875708103, "val_loss_mean": 0.029639776796102524, "val_f1_majority_bin": 0.3291139240506329, "val_f1_majority_macro": 0.6541715929854732, "val_acc_majority": 0.9597060314242271, "val_f1_individual_binary": 0.2948717948717949, "val_f1_individual_macro": 0.6374585731728589, "val_acc_individual": 0.9611890270794743, "train_time_millis": 32496.424836999722, "eval_time_millis": 7036.005337999086}, "Test_results": {"test_f1_majority_binary": 0.3354564755838641, "test_f1_majority_macro": 0.6575081633453833, "test_acc_majority": 0.9603395843892549, "test_f1_individual_binary": 0.2972536348949919, "test_f1_individual_macro": 0.6387651080845398, "test_acc_individual": 0.9616300608626621, "test_time_millis": 7020.371291999254, "dataset_size": 39376, "number_of_annotations": 56931, "train_size": 34068, "val_size": 11337, "test_size": 11526}}