{"Epoch0": {"train_loss_means": 1.1657328605651855, "val_loss_mean": 1.1491584777832031, "val_f1_majority_bin": 0.0, "val_f1_majority_macro": 0.4901041666666667, "val_acc_majority": 0.9611848592758179, "val_f1_individual_binary": 0.0972222238779068, "val_f1_individual_macro": 0.5283870911982299, "val_acc_individual": 0.9225729703903198, "train_acc_means": 0.7891101837158203, "train_time_millis": 7899.812884046696, "eval_time_millis": 1628.5538150114007}, "Epoch1": {"train_loss_means": 1.1250439882278442, "val_loss_mean": 1.1185930967330933, "val_f1_majority_bin": 0.0, "val_f1_majority_macro": 0.4901041666666667, "val_acc_majority": 0.9611848592758179, "val_f1_individual_binary": 0.0, "val_f1_individual_macro": 0.49228908376171754, "val_acc_individual": 0.9696247577667236, "train_acc_means": 0.9556066393852234, "train_time_millis": 7960.287201975007, "eval_time_millis": 1629.5402770047076}, "Epoch2": {"train_loss_means": 1.0882636308670044, "val_loss_mean": 1.0926038026809692, "val_f1_majority_bin": 0.0, "val_f1_majority_macro": 0.4901041666666667, "val_acc_majority": 0.9611848592758179, "val_f1_individual_binary": 0.0, "val_f1_individual_macro": 0.49228908376171754, "val_acc_individual": 0.9696247577667236, "train_acc_means": 0.9746308922767639, "train_time_millis": 7982.408681011293, "eval_time_millis": 1628.3078420092352}, "Epoch3": {"train_loss_means": 1.0627635717391968, "val_loss_mean": 1.0709280967712402, "val_f1_majority_bin": 0.0, "val_f1_majority_macro": 0.4901041666666667, "val_acc_majority": 0.9611848592758179, "val_f1_individual_binary": 0.0, "val_f1_individual_macro": 0.49228908376171754, "val_acc_individual": 0.9696247577667236, "train_acc_means": 0.9748122096061707, "train_time_millis": 7988.696364976931, "eval_time_millis": 1734.3975539552048}, "Epoch4": {"train_loss_means": 1.0425745248794556, "val_loss_mean": 1.0633280277252197, "val_f1_majority_bin": 0.0, "val_f1_majority_macro": 0.4901041666666667, "val_acc_majority": 0.9611848592758179, "val_f1_individual_binary": 0.0, "val_f1_individual_macro": 0.49228908376171754, "val_acc_individual": 0.9696247577667236, "train_acc_means": 0.9751975536346436, "train_time_millis": 7997.450196999125, "eval_time_millis": 1629.0243210387416}, "Epoch5": {"train_loss_means": 1.0265296697616577, "val_loss_mean": 1.0498331785202026, "val_f1_majority_bin": 0.0, "val_f1_majority_macro": 0.4901041666666667, "val_acc_majority": 0.9611848592758179, "val_f1_individual_binary": 0.0, "val_f1_individual_macro": 0.49228908376171754, "val_acc_individual": 0.9696247577667236, "train_acc_means": 0.9746285676956177, "train_time_millis": 7995.001497969497, "eval_time_millis": 1629.157431947533}, "Epoch6": {"train_loss_means": 1.014141321182251, "val_loss_mean": 1.0401027202606201, "val_f1_majority_bin": 0.0, "val_f1_majority_macro": 0.4901041666666667, "val_acc_majority": 0.9611848592758179, "val_f1_individual_binary": 0.0, "val_f1_individual_macro": 0.49228908376171754, "val_acc_individual": 0.9696247577667236, "train_acc_means": 0.9754524230957031, "train_time_millis": 7991.293724975549, "eval_time_millis": 1628.3903339644894}, "Epoch7": {"train_loss_means": 1.0020678043365479, "val_loss_mean": 1.0305424928665161, "val_f1_majority_bin": 0.0, "val_f1_majority_macro": 0.4901041666666667, "val_acc_majority": 0.9611848592758179, "val_f1_individual_binary": 0.0, "val_f1_individual_macro": 0.49228908376171754, "val_acc_individual": 0.9696247577667236, "train_acc_means": 0.9749841094017029, "train_time_millis": 7982.244888029527, "eval_time_millis": 1632.859756005928}, "Epoch8": {"train_loss_means": 0.9930559396743774, "val_loss_mean": 1.026123285293579, "val_f1_majority_bin": 0.0, "val_f1_majority_macro": 0.4901041666666667, "val_acc_majority": 0.9611848592758179, "val_f1_individual_binary": 0.0, "val_f1_individual_macro": 0.49228908376171754, "val_acc_individual": 0.9696247577667236, "train_acc_means": 0.974419355392456, "train_time_millis": 7991.725150030106, "eval_time_millis": 1625.4324279725552}, "Epoch9": {"train_loss_means": 0.9810989499092102, "val_loss_mean": 1.0182454586029053, "val_f1_majority_bin": 0.0, "val_f1_majority_macro": 0.4901041666666667, "val_acc_majority": 0.9611848592758179, "val_f1_individual_binary": 0.0, "val_f1_individual_macro": 0.49228908376171754, "val_acc_individual": 0.9696247577667236, "train_acc_means": 0.9752231240272522, "train_time_millis": 7984.769289032556, "eval_time_millis": 1617.558805970475}, "Test_results": {"test_f1_majority_binary": 0.0, "test_f1_majority_macro": 0.4909478168264111, "test_acc_majority": 0.9644351601600647, "test_f1_individual_binary": 0.0, "test_f1_individual_macro": 0.4926905132192846, "test_acc_individual": 0.9711833000183105, "test_time_millis": 1574.3979020044208, "dataset_size": 4890, "number_of_annotations": 8334}}