{"Epoch0": {"train_loss_means": 0.05216667801141739, "val_loss_mean": 0.05070300027728081, "val_f1_majority_bin": 0.27672131147540985, "val_f1_majority_macro": 0.6079061855847424, "val_acc_majority": 0.887643883059998, "val_f1_individual_binary": 0.24118589743589747, "val_f1_individual_macro": 0.5911354396971698, "val_acc_individual": 0.8906592772197206, "train_time_millis": 0, "eval_time_millis": 0}, "Epoch1": {"train_loss_means": 0.04122694954276085, "val_loss_mean": 0.041374292224645615, "val_f1_majority_bin": 0.28929690998656515, "val_f1_majority_macro": 0.5990476274546355, "val_acc_majority": 0.8383416522359173, "val_f1_individual_binary": 0.2464352972827549, "val_f1_individual_macro": 0.577933592638532, "val_acc_individual": 0.8382981180002309, "train_time_millis": 0, "eval_time_millis": 0}, "Epoch2": {"train_loss_means": 0.03045526333153248, "val_loss_mean": 0.046201515942811966, "val_f1_majority_bin": 0.3393167342211928, "val_f1_majority_macro": 0.6377993175768945, "val_acc_majority": 0.883773046755628, "val_f1_individual_binary": 0.2957142857142857, "val_f1_individual_macro": 0.6168936960539774, "val_acc_individual": 0.886156332986953, "train_time_millis": 0, "eval_time_millis": 0}, "Epoch3": {"train_loss_means": 0.021552491933107376, "val_loss_mean": 0.05332208797335625, "val_f1_majority_bin": 0.34617664493183165, "val_f1_majority_macro": 0.6423589526548052, "val_acc_majority": 0.887643883059998, "val_f1_individual_binary": 0.29831006612784716, "val_f1_individual_macro": 0.6192383611761972, "val_acc_individual": 0.8897355963514606, "train_time_millis": 0, "eval_time_millis": 0}, "Epoch4": {"train_loss_means": 0.015074320137500763, "val_loss_mean": 0.07635851949453354, "val_f1_majority_bin": 0.3555555555555555, "val_f1_majority_macro": 0.6531327862760508, "val_acc_majority": 0.9084241621676683, "val_f1_individual_binary": 0.3112128146453089, "val_f1_individual_macro": 0.632423314805941, "val_acc_individual": 0.9131162683292923, "train_time_millis": 0, "eval_time_millis": 0}, "Epoch5": {"train_loss_means": 0.012251055799424648, "val_loss_mean": 0.10186926275491714, "val_f1_majority_bin": 0.3672014260249554, "val_f1_majority_macro": 0.6644239627964017, "val_acc_majority": 0.9276764795762453, "val_f1_individual_binary": 0.32454128440366975, "val_f1_individual_macro": 0.6443679066395248, "val_acc_individual": 0.9319939960743563, "train_time_millis": 0, "eval_time_millis": 0}, "Epoch6": {"train_loss_means": 0.009935322217643261, "val_loss_mean": 0.11110014468431473, "val_f1_majority_bin": 0.3806038426349496, "val_f1_majority_macro": 0.6720450851166226, "val_acc_majority": 0.9310379953142508, "val_f1_individual_binary": 0.3331357439241256, "val_f1_individual_macro": 0.6495001776937738, "val_acc_individual": 0.9350536889504676, "train_time_millis": 0, "eval_time_millis": 0}, "Epoch7": {"train_loss_means": 0.009508587419986725, "val_loss_mean": 0.1208558902144432, "val_f1_majority_bin": 0.3773234200743494, "val_f1_majority_macro": 0.670610195865389, "val_acc_majority": 0.931751044107161, "val_f1_individual_binary": 0.329483282674772, "val_f1_individual_macro": 0.6480290136820026, "val_acc_individual": 0.9363237501443251, "train_time_millis": 0, "eval_time_millis": 0}, "Epoch8": {"train_loss_means": 0.008208703249692917, "val_loss_mean": 0.1158517524600029, "val_f1_majority_bin": 0.3706233988044406, "val_f1_majority_macro": 0.6653528628101173, "val_acc_majority": 0.9249261485178771, "val_f1_individual_binary": 0.32887402452619846, "val_f1_individual_macro": 0.646111289279842, "val_acc_individual": 0.9304930146634338, "train_time_millis": 0, "eval_time_millis": 0}, "Epoch9": {"train_loss_means": 0.008294264785945415, "val_loss_mean": 0.11609986424446106, "val_f1_majority_bin": 0.3687821612349914, "val_f1_majority_macro": 0.66446472150985, "val_acc_majority": 0.9250280126311501, "val_f1_individual_binary": 0.3245663122551763, "val_f1_individual_macro": 0.6439156849646701, "val_acc_individual": 0.930319824500635, "train_time_millis": 0, "eval_time_millis": 0}, "Test_results": {"test_f1_majority_binary": 0.3773234200743494, "test_f1_majority_macro": 0.670610195865389, "test_acc_majority": 0.931751044107161, "test_f1_individual_binary": 0.329483282674772, "test_f1_individual_macro": 0.6480290136820026, "test_acc_individual": 0.9363237501443251, "test_time_millis": 0, "dataset_size": 22011, "number_of_annotations": 38902, "train_size": 4060, "val_size": 17322, "test_size": 17520}}