{"Epoch0": {"train_loss_means": 2.242805242538452, "val_loss_mean": 2.23384165763855, "val_f1_majority_bin": 0.0, "val_f1_majority_macro": 0.41125801282051283, "val_acc_majority": 0.6985369324684143, "val_f1_individual_binary": 0.17055144906044006, "val_f1_individual_macro": 0.49252302300005024, "val_acc_individual": 0.6967996954917908, "train_acc_means": 0.6733675599098206, "train_time_millis": 319489.23893400934, "eval_time_millis": 61971.0497019114}, "Epoch1": {"train_loss_means": 2.210131883621216, "val_loss_mean": 2.225054979324341, "val_f1_majority_bin": 0.0, "val_f1_majority_macro": 0.41125801282051283, "val_acc_majority": 0.6985369324684143, "val_f1_individual_binary": 0.12810297310352325, "val_f1_individual_macro": 0.4750618085392843, "val_acc_individual": 0.7043848633766174, "train_acc_means": 0.7169684171676636, "train_time_millis": 316481.9226290565, "eval_time_millis": 62264.175611082464}, "Epoch2": {"train_loss_means": 2.1768007278442383, "val_loss_mean": 2.226494073867798, "val_f1_majority_bin": 0.04025423899292946, "val_f1_majority_macro": 0.428315201335596, "val_acc_majority": 0.691731870174408, "val_f1_individual_binary": 0.13106940686702728, "val_f1_individual_macro": 0.47375319205699196, "val_acc_individual": 0.6969035863876343, "train_acc_means": 0.7155383825302124, "train_time_millis": 316953.89535697177, "eval_time_millis": 61871.980667929165}, "Epoch3": {"train_loss_means": 2.114600419998169, "val_loss_mean": 2.222724676132202, "val_f1_majority_bin": 0.22240392863750458, "val_f1_majority_macro": 0.509053734675434, "val_acc_majority": 0.6764205694198608, "val_f1_individual_binary": 0.21249696612358093, "val_f1_individual_macro": 0.499244846466894, "val_acc_individual": 0.6634455323219299, "train_acc_means": 0.7414928078651428, "train_time_millis": 307610.38253607694, "eval_time_millis": 60742.535314988345}, "Epoch4": {"train_loss_means": 2.0589287281036377, "val_loss_mean": 2.2195096015930176, "val_f1_majority_bin": 0.1970357447862625, "val_f1_majority_macro": 0.5011811574292397, "val_acc_majority": 0.6866281032562256, "val_f1_individual_binary": 0.2164948433637619, "val_f1_individual_macro": 0.5093406033154984, "val_acc_individual": 0.6841230392456055, "train_acc_means": 0.7641602158546448, "train_time_millis": 304406.6033370327, "eval_time_millis": 60080.608977004886}, "Epoch5": {"train_loss_means": 2.008793830871582, "val_loss_mean": 2.238100051879883, "val_f1_majority_bin": 0.3132372200489044, "val_f1_majority_macro": 0.5362141989823452, "val_acc_majority": 0.6434161067008972, "val_f1_individual_binary": 0.3405560851097107, "val_f1_individual_macro": 0.5477454423790409, "val_acc_individual": 0.6426641941070557, "train_acc_means": 0.7912894487380981, "train_time_millis": 302032.657734002, "eval_time_millis": 59950.948755024}, "Test_results": {"test_f1_majority_binary": 0.33516818284988403, "test_f1_majority_macro": 0.5377775537943643, "test_acc_majority": 0.6265888214111328, "test_f1_individual_binary": 0.34627649188041687, "test_f1_individual_macro": 0.5473895289245335, "test_acc_individual": 0.6367521286010742, "test_time_millis": 59475.21902702283, "dataset_size": 14642, "number_of_annotations": 48255}}