{"Epoch0": {"train_loss_means": 0.612983763217926, "val_loss_mean": 0.5447325706481934, "val_f1_majority_bin": 0.6953175067901611, "val_f1_majority_macro": 0.7104548272474652, "val_acc_majority": 0.7112461924552917, "val_f1_individual_binary": 0.6600578427314758, "val_f1_individual_macro": 0.6968142811048625, "val_acc_individual": 0.7012704014778137, "train_acc_means": 0.671875, "train_time_millis": 20058.80015599996, "eval_time_millis": 2856.8091580000328}, "Epoch1": {"train_loss_means": 0.4500184655189514, "val_loss_mean": 0.5360884666442871, "val_f1_majority_bin": 0.7051871418952942, "val_f1_majority_macro": 0.7255420656145479, "val_acc_majority": 0.7270516753196716, "val_f1_individual_binary": 0.6669487953186035, "val_f1_individual_macro": 0.7084346765844207, "val_acc_individual": 0.7143375873565674, "train_acc_means": 0.7970753312110901, "train_time_millis": 19539.8209330001, "eval_time_millis": 2853.9081330000045}, "Epoch2": {"train_loss_means": 0.2701438367366791, "val_loss_mean": 0.6706017851829529, "val_f1_majority_bin": 0.6803278923034668, "val_f1_majority_macro": 0.7120149749519689, "val_acc_majority": 0.7155015468597412, "val_f1_individual_binary": 0.6525945663452148, "val_f1_individual_macro": 0.7042329966417817, "val_acc_individual": 0.713248610496521, "train_acc_means": 0.8924278616905212, "train_time_millis": 19519.73875900012, "eval_time_millis": 2849.068023999962}, "Test_results": {"test_f1_majority_binary": 0.7064868211746216, "test_f1_majority_macro": 0.722746557889482, "test_acc_majority": 0.7237001061439514, "test_f1_individual_binary": 0.6739305853843689, "test_f1_individual_macro": 0.7059665916092746, "test_acc_individual": 0.7094570398330688, "test_time_millis": 2872.5571990000844, "dataset_size": 8279, "number_of_annotations": 8279}}