{"Epoch0": {"train_loss_means": 0.019417785108089447, "val_loss_mean": 0.012034316547214985, "val_f1_majority_bin": 0.3319672131147541, "val_f1_majority_macro": 0.6532710812103173, "val_acc_majority": 0.9510142749812172, "val_f1_individual_binary": 0.297029702970297, "val_f1_individual_macro": 0.6365445244086059, "val_acc_individual": 0.953695652173913, "train_time_millis": 29582.51088399993, "eval_time_millis": 4011.078852000537}, "Epoch1": {"train_loss_means": 0.009581614285707474, "val_loss_mean": 0.01680707186460495, "val_f1_majority_bin": 0.4, "val_f1_majority_macro": 0.6917792358162871, "val_acc_majority": 0.9679939894815928, "val_f1_individual_binary": 0.3773584905660377, "val_f1_individual_macro": 0.6813361211174648, "val_acc_individual": 0.971304347826087, "train_time_millis": 28987.870614999338, "eval_time_millis": 6050.243955000042}, "Epoch2": {"train_loss_means": 0.005278112832456827, "val_loss_mean": 0.024844268336892128, "val_f1_majority_bin": 0.4171779141104295, "val_f1_majority_macro": 0.7012722595814008, "val_acc_majority": 0.97145003756574, "val_f1_individual_binary": 0.3836317135549872, "val_f1_individual_macro": 0.6851247578824967, "val_acc_individual": 0.9738043478260869, "train_time_millis": 28970.780128000115, "eval_time_millis": 6055.474042999776}, "Epoch3": {"train_loss_means": 0.003772904397919774, "val_loss_mean": 0.026688121259212494, "val_f1_majority_bin": 0.39420289855072466, "val_f1_majority_macro": 0.6890412873008155, "val_acc_majority": 0.968595041322314, "val_f1_individual_binary": 0.3694581280788178, "val_f1_individual_macro": 0.6776155817675404, "val_acc_individual": 0.9721739130434782, "train_time_millis": 28968.073699999877, "eval_time_millis": 6018.526181999732}, "Epoch4": {"train_loss_means": 0.002849217038601637, "val_loss_mean": 0.024735508486628532, "val_f1_majority_bin": 0.36363636363636365, "val_f1_majority_macro": 0.6717817561807332, "val_acc_majority": 0.9610818933132983, "val_f1_individual_binary": 0.33537832310838445, "val_f1_individual_macro": 0.6586165246271641, "val_acc_individual": 0.9646739130434783, "train_time_millis": 28933.563469000546, "eval_time_millis": 5169.238541000595}, "Epoch5": {"train_loss_means": 0.0019799841102212667, "val_loss_mean": 0.03980199992656708, "val_f1_majority_bin": 0.4482758620689656, "val_f1_majority_macro": 0.7179935377933153, "val_acc_majority": 0.9759579263711495, "val_f1_individual_binary": 0.4210526315789474, "val_f1_individual_macro": 0.7050439810901715, "val_acc_individual": 0.9784782608695652, "train_time_millis": 28945.069136999336, "eval_time_millis": 6055.183526999826}, "Epoch6": {"train_loss_means": 0.002027678769081831, "val_loss_mean": 0.04507998004555702, "val_f1_majority_bin": 0.45038167938931295, "val_f1_majority_macro": 0.719672752631505, "val_acc_majority": 0.9783621337340346, "val_f1_individual_binary": 0.42622950819672123, "val_f1_individual_macro": 0.7082791641563877, "val_acc_individual": 0.9809782608695652, "train_time_millis": 29005.76369800001, "eval_time_millis": 6012.405065000166}, "Epoch7": {"train_loss_means": 0.001639343099668622, "val_loss_mean": 0.046791043132543564, "val_f1_majority_bin": 0.46441947565543074, "val_f1_majority_macro": 0.7267278701592341, "val_acc_majority": 0.9785123966942149, "val_f1_individual_binary": 0.4408945686900958, "val_f1_individual_macro": 0.7156095555895882, "val_acc_individual": 0.9809782608695652, "train_time_millis": 29038.624327000434, "eval_time_millis": 4031.9316309996793}, "Epoch8": {"train_loss_means": 0.0015200779307633638, "val_loss_mean": 0.046043090522289276, "val_f1_majority_bin": 0.46494464944649444, "val_f1_majority_macro": 0.7269120823733737, "val_acc_majority": 0.9782118707738543, "val_f1_individual_binary": 0.4444444444444445, "val_f1_individual_macro": 0.7173839584677296, "val_acc_individual": 0.9809782608695652, "train_time_millis": 28952.270136000152, "eval_time_millis": 6055.883801999698}, "Epoch9": {"train_loss_means": 0.0012487301137298346, "val_loss_mean": 0.05074639618396759, "val_f1_majority_bin": 0.48, "val_f1_majority_macro": 0.7350229709035222, "val_acc_majority": 0.980465815176559, "val_f1_individual_binary": 0.47183098591549294, "val_f1_individual_macro": 0.7317755062057041, "val_acc_individual": 0.9836956521739131, "train_time_millis": 28976.331312000184, "eval_time_millis": 5078.770756000267}, "Test_results": {"test_f1_majority_binary": 0.48, "test_f1_majority_macro": 0.7350229709035222, "test_acc_majority": 0.980465815176559, "test_f1_individual_binary": 0.47183098591549294, "test_f1_individual_macro": 0.7317755062057041, "test_acc_individual": 0.9836956521739131, "test_time_millis": 6033.223944999918, "dataset_size": 33234, "number_of_annotations": 46168, "train_size": 27632, "val_size": 9200, "test_size": 9336}}