{"Epoch0": {"train_loss_means": 0.03728422150015831, "val_loss_mean": 0.0350131019949913, "val_f1_majority_bin": 0.03870967741935484, "val_f1_majority_macro": 0.36277644442636514, "val_acc_majority": 0.527584020291693, "val_f1_individual_binary": 0.05921308920919362, "val_f1_individual_macro": 0.3755690398208234, "val_acc_individual": 0.5358447049778974, "train_time_millis": 689.0816889972484, "eval_time_millis": 4115.49795099927}, "Epoch1": {"train_loss_means": 0.03562121465802193, "val_loss_mean": 0.03488481044769287, "val_f1_majority_bin": 0.05006954102920723, "val_f1_majority_macro": 0.3847883639437617, "val_acc_majority": 0.5668991756499683, "val_f1_individual_binary": 0.06451612903225806, "val_f1_individual_macro": 0.39536365457824074, "val_acc_individual": 0.5763982317893523, "train_time_millis": 694.1649809996306, "eval_time_millis": 4173.99091000334}, "Epoch2": {"train_loss_means": 0.0356709286570549, "val_loss_mean": 0.03472181409597397, "val_f1_majority_bin": 0.046511627906976744, "val_f1_majority_macro": 0.3565891472868217, "val_acc_majority": 0.5060240963855421, "val_f1_individual_binary": 0.06745737583395107, "val_f1_individual_macro": 0.37052163031448465, "val_acc_individual": 0.5164328272150682, "train_time_millis": 688.7375010010146, "eval_time_millis": 4073.9138319986523}, "Epoch3": {"train_loss_means": 0.035076167434453964, "val_loss_mean": 0.03461366891860962, "val_f1_majority_bin": 0.053763440860215055, "val_f1_majority_macro": 0.38082362914380047, "val_acc_majority": 0.553582752060875, "val_f1_individual_binary": 0.06949494949494948, "val_f1_individual_macro": 0.3895577130528587, "val_acc_individual": 0.5573707476455891, "train_time_millis": 694.2765019994113, "eval_time_millis": 3451.476859001559}, "Epoch4": {"train_loss_means": 0.0346364751458168, "val_loss_mean": 0.03450325131416321, "val_f1_majority_bin": 0.05405405405405406, "val_f1_majority_macro": 0.4340831727022925, "val_acc_majority": 0.689283449587825, "val_f1_individual_binary": 0.07325581395348836, "val_f1_individual_macro": 0.44487105687312917, "val_acc_individual": 0.693638285604459, "train_time_millis": 693.7953820015537, "eval_time_millis": 4113.893566001934}, "Epoch5": {"train_loss_means": 0.03359685465693474, "val_loss_mean": 0.03437715396285057, "val_f1_majority_bin": 0.05905511811023623, "val_f1_majority_macro": 0.43920254015867066, "val_acc_majority": 0.6968928344958782, "val_f1_individual_binary": 0.07516147974163241, "val_f1_individual_macro": 0.447094700574022, "val_acc_individual": 0.6972900249855852, "train_time_millis": 693.8371130017913, "eval_time_millis": 3614.828112000396}, "Epoch6": {"train_loss_means": 0.03324649855494499, "val_loss_mean": 0.03431807830929756, "val_f1_majority_bin": 0.06356968215158924, "val_f1_majority_macro": 0.46202163524701495, "val_acc_majority": 0.7571337983512999, "val_f1_individual_binary": 0.08413284132841328, "val_f1_individual_macro": 0.4735104599968771, "val_acc_individual": 0.7614837593695944, "train_time_millis": 686.4187909995962, "eval_time_millis": 4112.069885999517}, "Epoch7": {"train_loss_means": 0.0325184091925621, "val_loss_mean": 0.03424162417650223, "val_f1_majority_bin": 0.06796116504854369, "val_f1_majority_macro": 0.46395870068619743, "val_acc_majority": 0.7564996829422955, "val_f1_individual_binary": 0.08309037900874636, "val_f1_individual_macro": 0.4719193316341053, "val_acc_individual": 0.7582164136075341, "train_time_millis": 692.2508779971395, "eval_time_millis": 4113.741142999061}, "Epoch8": {"train_loss_means": 0.032257694751024246, "val_loss_mean": 0.034207407385110855, "val_f1_majority_bin": 0.07216494845360825, "val_f1_majority_macro": 0.4710065523179104, "val_acc_majority": 0.771718452758402, "val_f1_individual_binary": 0.08595548733691483, "val_f1_individual_macro": 0.4775597496005677, "val_acc_individual": 0.7710935998462426, "train_time_millis": 691.6858369986585, "eval_time_millis": 4121.200254998257}, "Epoch9": {"train_loss_means": 0.03225705400109291, "val_loss_mean": 0.03418915718793869, "val_f1_majority_bin": 0.07272727272727274, "val_f1_majority_macro": 0.47189993105486067, "val_acc_majority": 0.7736207989854154, "val_f1_individual_binary": 0.08648648648648648, "val_f1_individual_macro": 0.47832171981003063, "val_acc_individual": 0.7726311743225063, "train_time_millis": 691.1252440004318, "eval_time_millis": 4098.252304000198}, "Test_results": {"test_f1_majority_binary": 0.07272727272727274, "test_f1_majority_macro": 0.47189993105486067, "test_acc_majority": 0.7736207989854154, "test_f1_individual_binary": 0.08648648648648648, "test_f1_individual_macro": 0.47832171981003063, "test_acc_individual": 0.7726311743225063, "test_time_millis": 4094.1275139994104, "dataset_size": 3277, "number_of_annotations": 10800, "train_size": 600, "val_size": 5203, "test_size": 4997}}