{"Epoch0": {"train_loss_means": 0.05026918277144432, "val_loss_mean": 0.04750911891460419, "val_f1_majority_bin": 0.5511811023622047, "val_f1_majority_macro": 0.7692754614403534, "val_acc_majority": 0.9754310344827586, "val_f1_individual_binary": 0.4565469293163384, "val_f1_individual_macro": 0.7193793220231767, "val_acc_individual": 0.9655510124133878, "train_time_millis": 124389.82840301469, "eval_time_millis": 17382.691256992985}, "Epoch1": {"train_loss_means": 0.03978855535387993, "val_loss_mean": 0.04613618925213814, "val_f1_majority_bin": 0.5266272189349113, "val_f1_majority_macro": 0.7562100754592866, "val_acc_majority": 0.9724137931034482, "val_f1_individual_binary": 0.4615384615384615, "val_f1_individual_macro": 0.7214143798008105, "val_acc_individual": 0.9638371324339544, "train_time_millis": 124681.11867300468, "eval_time_millis": 17506.849157973193}, "Epoch2": {"train_loss_means": 0.03472527489066124, "val_loss_mean": 0.04796788468956947, "val_f1_majority_bin": 0.5365853658536585, "val_f1_majority_macro": 0.7615503124513145, "val_acc_majority": 0.9737931034482759, "val_f1_individual_binary": 0.4633233532934132, "val_f1_individual_macro": 0.7225873353907266, "val_acc_individual": 0.9648899444213207, "train_time_millis": 124841.20847703889, "eval_time_millis": 15506.967483030166}, "Epoch3": {"train_loss_means": 0.030720317736268044, "val_loss_mean": 0.047352373600006104, "val_f1_majority_bin": 0.4971910112359551, "val_f1_majority_macro": 0.740635704835338, "val_acc_majority": 0.9691379310344828, "val_f1_individual_binary": 0.4561648620328327, "val_f1_individual_macro": 0.718205872144006, "val_acc_individual": 0.9618784124574591, "train_time_millis": 124518.3508709888, "eval_time_millis": 17379.846101044677}, "Epoch4": {"train_loss_means": 0.02742213010787964, "val_loss_mean": 0.06287120282649994, "val_f1_majority_bin": 0.5405405405405405, "val_f1_majority_macro": 0.7638682499787457, "val_acc_majority": 0.9750862068965517, "val_f1_individual_binary": 0.46790074832611267, "val_f1_individual_macro": 0.7254156223720851, "val_acc_individual": 0.9669221163969346, "train_time_millis": 124471.86449897708, "eval_time_millis": 16928.323886997532}, "Epoch5": {"train_loss_means": 0.024720996618270874, "val_loss_mean": 0.07216797024011612, "val_f1_majority_bin": 0.5497470489038787, "val_f1_majority_macro": 0.7689682738658377, "val_acc_majority": 0.9769827586206896, "val_f1_individual_binary": 0.4621643612693247, "val_f1_individual_macro": 0.7227391705877093, "val_acc_individual": 0.9676321523884142, "train_time_millis": 124335.84356395295, "eval_time_millis": 17480.083230009768}, "Epoch6": {"train_loss_means": 0.022574925795197487, "val_loss_mean": 0.07212187349796295, "val_f1_majority_bin": 0.5007235890014472, "val_f1_majority_macro": 0.7426981932745473, "val_acc_majority": 0.9702586206896552, "val_f1_individual_binary": 0.4562162162162162, "val_f1_individual_macro": 0.718546703487713, "val_acc_individual": 0.9630536444433563, "train_time_millis": 124426.26108799595, "eval_time_millis": 17533.898904977832}, "Epoch7": {"train_loss_means": 0.021178310737013817, "val_loss_mean": 0.08146895468235016, "val_f1_majority_bin": 0.5214723926380369, "val_f1_majority_macro": 0.7538176226095985, "val_acc_majority": 0.973103448275862, "val_f1_individual_binary": 0.4618885096700796, "val_f1_individual_macro": 0.7219688092253547, "val_acc_individual": 0.9652572044169135, "train_time_millis": 124372.53725301707, "eval_time_millis": 17425.356822030153}, "Epoch8": {"train_loss_means": 0.02047702670097351, "val_loss_mean": 0.08682668209075928, "val_f1_majority_bin": 0.5270049099836334, "val_f1_majority_macro": 0.757105536137507, "val_acc_majority": 0.9750862068965517, "val_f1_individual_binary": 0.4635021938571998, "val_f1_individual_macro": 0.7232576832709381, "val_acc_individual": 0.9670690203951717, "train_time_millis": 124396.56377001666, "eval_time_millis": 17388.649488973897}, "Epoch9": {"train_loss_means": 0.01965540274977684, "val_loss_mean": 0.08506675064563751, "val_f1_majority_bin": 0.5238095238095238, "val_f1_majority_macro": 0.7552587716522143, "val_acc_majority": 0.9741379310344828, "val_f1_individual_binary": 0.4617772603802872, "val_f1_individual_macro": 0.7221222445703026, "val_acc_individual": 0.9660406924075117, "train_time_millis": 124712.87314401707, "eval_time_millis": 17077.714427025057}, "Test_results": {"test_f1_majority_binary": 0.5497470489038787, "test_f1_majority_macro": 0.7689682738658377, "test_acc_majority": 0.9769827586206896, "test_f1_individual_binary": 0.4621643612693247, "test_f1_individual_macro": 0.7227391705877093, "test_acc_individual": 0.9676321523884142, "test_time_millis": 16394.04227596242, "dataset_size": 58004, "number_of_annotations": 204898, "train_size": 123066, "val_size": 40843, "test_size": 40989}}