{"Epoch0": {"train_loss_means": 0.04602392762899399, "val_loss_mean": 0.04144661873579025, "val_f1_majority_bin": 0.47704590818363274, "val_f1_majority_macro": 0.7257174799960197, "val_acc_majority": 0.9511695088994502, "val_f1_individual_binary": 0.41179624664879355, "val_f1_individual_macro": 0.6923605958667864, "val_acc_individual": 0.9482327403142844, "train_time_millis": 59630.89625599969, "eval_time_millis": 10291.886462000548}, "Epoch1": {"train_loss_means": 0.033244501799345016, "val_loss_mean": 0.04919338598847389, "val_f1_majority_bin": 0.46529080675422135, "val_f1_majority_macro": 0.7186720752735609, "val_acc_majority": 0.9468828627341348, "val_f1_individual_binary": 0.39919354838709675, "val_f1_individual_macro": 0.6848435685893106, "val_acc_individual": 0.9437497050634703, "train_time_millis": 59509.23929000419, "eval_time_millis": 10280.14869600156}, "Epoch2": {"train_loss_means": 0.025178899988532066, "val_loss_mean": 0.054190944880247116, "val_f1_majority_bin": 0.4263157894736842, "val_f1_majority_macro": 0.6970669588053393, "val_acc_majority": 0.9390550740844283, "val_f1_individual_binary": 0.3687150837988827, "val_f1_individual_macro": 0.6675061227017478, "val_acc_individual": 0.936010570525223, "train_time_millis": 59612.56725799467, "eval_time_millis": 10192.204762999609}, "Epoch3": {"train_loss_means": 0.0199567973613739, "val_loss_mean": 0.06543954461812973, "val_f1_majority_bin": 0.44074074074074077, "val_f1_majority_macro": 0.7055533749822829, "val_acc_majority": 0.943714472090206, "val_f1_individual_binary": 0.3809523809523809, "val_f1_individual_macro": 0.6748484794835024, "val_acc_individual": 0.940493605776037, "train_time_millis": 59636.53154599888, "eval_time_millis": 10308.359553004266}, "Epoch4": {"train_loss_means": 0.01718217507004738, "val_loss_mean": 0.07556835561990738, "val_f1_majority_bin": 0.44208494208494215, "val_f1_majority_macro": 0.706893836948669, "val_acc_majority": 0.9461373590532103, "val_f1_individual_binary": 0.3835051546391753, "val_f1_individual_macro": 0.6769659693377866, "val_acc_individual": 0.9435609456844887, "train_time_millis": 59588.02650900179, "eval_time_millis": 10303.486575001443}, "Epoch5": {"train_loss_means": 0.0148246418684721, "val_loss_mean": 0.09706427901983261, "val_f1_majority_bin": 0.4469026548672566, "val_f1_majority_macro": 0.7112906114106688, "val_acc_majority": 0.9534060199422235, "val_f1_individual_binary": 0.3923444976076555, "val_f1_individual_macro": 0.6836937422943706, "val_acc_individual": 0.9520551177386627, "train_time_millis": 59583.056188996125, "eval_time_millis": 8103.303817995766}, "Epoch6": {"train_loss_means": 0.013755274936556816, "val_loss_mean": 0.10591419786214828, "val_f1_majority_bin": 0.4630225080385852, "val_f1_majority_macro": 0.7193090035443548, "val_acc_majority": 0.9533128319821079, "val_f1_individual_binary": 0.40324449594438005, "val_f1_individual_macro": 0.6889549909867512, "val_acc_individual": 0.9513944599122269, "train_time_millis": 59619.89289300254, "eval_time_millis": 10295.111833998817}, "Epoch7": {"train_loss_means": 0.013115274719893932, "val_loss_mean": 0.1032722219824791, "val_f1_majority_bin": 0.4502074688796681, "val_f1_majority_macro": 0.712175643894415, "val_acc_majority": 0.9506103811387568, "val_f1_individual_binary": 0.39038031319910516, "val_f1_individual_macro": 0.6817645271961925, "val_acc_individual": 0.9485630692275022, "train_time_millis": 59614.11996099923, "eval_time_millis": 10303.451034997124}, "Epoch8": {"train_loss_means": 0.012127620168030262, "val_loss_mean": 0.12634418904781342, "val_f1_majority_bin": 0.4509090909090909, "val_f1_majority_macro": 0.714479112978895, "val_acc_majority": 0.9577858540676545, "val_f1_individual_binary": 0.4018445322793149, "val_f1_individual_macro": 0.6898122426470968, "val_acc_individual": 0.957151620971167, "train_time_millis": 59650.59398899757, "eval_time_millis": 10175.064980998286}, "Epoch9": {"train_loss_means": 0.011950290761888027, "val_loss_mean": 0.12106014043092728, "val_f1_majority_bin": 0.4500574052812859, "val_f1_majority_macro": 0.7133974074145734, "val_acc_majority": 0.9553629671046501, "val_f1_individual_binary": 0.3997517070142769, "val_f1_individual_macro": 0.6880169341772226, "val_acc_individual": 0.9543674201311878, "train_time_millis": 59611.46482899494, "eval_time_millis": 10280.047333995753}, "Test_results": {"test_f1_majority_binary": 0.4509090909090909, "test_f1_majority_macro": 0.714479112978895, "test_acc_majority": 0.9577858540676545, "test_f1_individual_binary": 0.4018445322793149, "test_f1_individual_macro": 0.6898122426470968, "test_acc_individual": 0.957151620971167, "test_time_millis": 10278.941566997673, "dataset_size": 53677, "number_of_annotations": 105770, "train_size": 63518, "val_size": 21191, "test_size": 21061}}