{"Epoch0": {"train_loss_means": 0.29168689250946045, "val_loss_mean": 0.16957134008407593, "val_f1_majority_bin": 0.5091575384140015, "val_f1_majority_macro": 0.7486647286276555, "val_acc_majority": 0.9769005179405212, "val_f1_individual_binary": 0.40494459867477417, "val_f1_individual_macro": 0.6939652853431334, "val_acc_individual": 0.966917872428894, "train_acc_means": 0.9723977446556091, "train_time_millis": 140645.39656200213, "eval_time_millis": 21759.225414018147}, "Epoch1": {"train_loss_means": 0.13328436017036438, "val_loss_mean": 0.16652750968933105, "val_f1_majority_bin": 0.4148148000240326, "val_f1_majority_macro": 0.6968242154809986, "val_acc_majority": 0.9591449499130249, "val_f1_individual_binary": 0.3717183768749237, "val_f1_individual_macro": 0.6728662464386298, "val_acc_individual": 0.9500924348831177, "train_acc_means": 0.9747529625892639, "train_time_millis": 139702.30601300136, "eval_time_millis": 21955.651485011913}, "Epoch2": {"train_loss_means": 0.08212856948375702, "val_loss_mean": 0.25448229908943176, "val_f1_majority_bin": 0.4887459874153137, "val_f1_majority_macro": 0.7373319842426358, "val_acc_majority": 0.9725909233093262, "val_f1_individual_binary": 0.40407854318618774, "val_f1_individual_macro": 0.6923876626526114, "val_acc_individual": 0.9626048803329468, "train_acc_means": 0.9783145785331726, "train_time_millis": 139804.02294997475, "eval_time_millis": 21929.091839992907}, "Test_results": {"test_f1_majority_binary": 0.4811784029006958, "test_f1_majority_macro": 0.7335743717470045, "test_acc_majority": 0.9726794958114624, "test_f1_individual_binary": 0.41569218039512634, "test_f1_individual_macro": 0.6983793851434473, "test_acc_individual": 0.9633216261863708, "test_time_millis": 22002.850015007425, "dataset_size": 58011, "number_of_annotations": 58011}}