{"Epoch0": {"train_loss_means": 0.700009286403656, "val_loss_mean": 0.4931667745113373, "val_f1_majority_bin": 0.34062498807907104, "val_f1_majority_macro": 0.6535956563935984, "val_acc_majority": 0.9363595247268677, "val_f1_individual_binary": 0.33930703997612, "val_f1_individual_macro": 0.6538868597263107, "val_acc_individual": 0.9398062229156494, "train_acc_means": 0.9645323753356934, "train_time_millis": 84975.43250599847, "eval_time_millis": 12826.23926600354}, "Epoch1": {"train_loss_means": 0.4110110402107239, "val_loss_mean": 0.37676477432250977, "val_f1_majority_bin": 0.398703396320343, "val_f1_majority_macro": 0.684681871810499, "val_acc_majority": 0.944050669670105, "val_f1_individual_binary": 0.41860464215278625, "val_f1_individual_macro": 0.6972578886942447, "val_acc_individual": 0.9537389874458313, "train_acc_means": 0.9620819091796875, "train_time_millis": 85162.41818900016, "eval_time_millis": 12778.04523499799}, "Epoch2": {"train_loss_means": 0.29432618618011475, "val_loss_mean": 0.3826417922973633, "val_f1_majority_bin": 0.42553192377090454, "val_f1_majority_macro": 0.7022124865274839, "val_acc_majority": 0.9592821598052979, "val_f1_individual_binary": 0.4460431635379791, "val_f1_individual_macro": 0.7143786373976361, "val_acc_individual": 0.9664743542671204, "train_acc_means": 0.9687795639038086, "train_time_millis": 85360.94680399765, "eval_time_millis": 12878.327457998239}, "Epoch3": {"train_loss_means": 0.22398677468299866, "val_loss_mean": 0.40031781792640686, "val_f1_majority_bin": 0.45370370149612427, "val_f1_majority_macro": 0.7176546577754683, "val_acc_majority": 0.964409589767456, "val_f1_individual_binary": 0.4651162922382355, "val_f1_individual_macro": 0.7248305104610793, "val_acc_individual": 0.9699575304985046, "train_acc_means": 0.9724017381668091, "train_time_millis": 85515.41346399972, "eval_time_millis": 12987.170448999677}, "Test_results": {"test_f1_majority_binary": 0.467980295419693, "test_f1_majority_macro": 0.7256542416393796, "test_acc_majority": 0.9676694869995117, "test_f1_individual_binary": 0.4737864136695862, "test_f1_individual_macro": 0.7294148662268916, "test_acc_individual": 0.9709134101867676, "test_time_millis": 12984.226161999686, "dataset_size": 33234, "number_of_annotations": 46168}}