{"Epoch0": {"train_loss_means": 0.26281094551086426, "val_loss_mean": 0.2544732093811035, "val_f1_majority_bin": 0.2926829268292683, "val_f1_majority_macro": 0.5567246525370074, "val_acc_majority": 0.7140039447731755, "val_f1_individual_binary": 0.27615062761506276, "val_f1_individual_macro": 0.5491750054827627, "val_acc_individual": 0.7145214521452146, "train_time_millis": 22457.796659999985, "eval_time_millis": 3162.345763999838}, "Epoch1": {"train_loss_means": 0.2526635527610779, "val_loss_mean": 0.2528228759765625, "val_f1_majority_bin": 0.4472843450479233, "val_f1_majority_macro": 0.6002470227379417, "val_acc_majority": 0.6587771203155819, "val_f1_individual_binary": 0.4402173913043478, "val_f1_individual_macro": 0.5980707809602308, "val_acc_individual": 0.6600660066006601, "train_time_millis": 22453.40598499979, "eval_time_millis": 2600.661984999988}, "Epoch2": {"train_loss_means": 0.23129120469093323, "val_loss_mean": 0.25443828105926514, "val_f1_majority_bin": 0.4324324324324324, "val_f1_majority_macro": 0.5992245727621772, "val_acc_majority": 0.6686390532544378, "val_f1_individual_binary": 0.41618497109826585, "val_f1_individual_macro": 0.5914643100295025, "val_acc_individual": 0.6666666666666666, "train_time_millis": 22487.244112999633, "eval_time_millis": 3617.2145220002676}, "Epoch3": {"train_loss_means": 0.19890113174915314, "val_loss_mean": 0.2632085382938385, "val_f1_majority_bin": 0.43278688524590164, "val_f1_majority_macro": 0.5943906217484798, "val_acc_majority": 0.6587771203155819, "val_f1_individual_binary": 0.41322314049586784, "val_f1_individual_macro": 0.5811698741348597, "val_acc_individual": 0.6485148514851485, "train_time_millis": 22523.59905200001, "eval_time_millis": 4631.647143000009}, "Epoch4": {"train_loss_means": 0.14956814050674438, "val_loss_mean": 0.3071514666080475, "val_f1_majority_bin": 0.4333333333333334, "val_f1_majority_macro": 0.5976190476190476, "val_acc_majority": 0.6646942800788954, "val_f1_individual_binary": 0.4289693593314763, "val_f1_individual_macro": 0.5943205530537804, "val_acc_individual": 0.6617161716171617, "train_time_millis": 22531.48022000005, "eval_time_millis": 4620.696700999815}, "Epoch5": {"train_loss_means": 0.10029687732458115, "val_loss_mean": 0.37184831500053406, "val_f1_majority_bin": 0.4303030303030303, "val_f1_majority_macro": 0.5777246145667199, "val_acc_majority": 0.6291913214990138, "val_f1_individual_binary": 0.4260651629072682, "val_f1_individual_macro": 0.5721961730895504, "val_acc_individual": 0.6221122112211221, "train_time_millis": 22545.059196999773, "eval_time_millis": 4024.8307990000285}, "Epoch6": {"train_loss_means": 0.0717255249619484, "val_loss_mean": 0.4310535192489624, "val_f1_majority_bin": 0.4338983050847458, "val_f1_majority_macro": 0.6008156337662951, "val_acc_majority": 0.6706114398422091, "val_f1_individual_binary": 0.4318181818181819, "val_f1_individual_macro": 0.599630021141649, "val_acc_individual": 0.66996699669967, "train_time_millis": 22550.382269000238, "eval_time_millis": 2604.679500000202}, "Epoch7": {"train_loss_means": 0.059115298092365265, "val_loss_mean": 0.4996924102306366, "val_f1_majority_bin": 0.4210526315789474, "val_f1_majority_macro": 0.6075851393188854, "val_acc_majority": 0.6962524654832347, "val_f1_individual_binary": 0.4113924050632911, "val_f1_individual_macro": 0.6019015596745027, "val_acc_individual": 0.693069306930693, "train_time_millis": 22561.67711800026, "eval_time_millis": 4632.0960429998195}, "Epoch8": {"train_loss_means": 0.044927384704351425, "val_loss_mean": 0.616468071937561, "val_f1_majority_bin": 0.3555555555555556, "val_f1_majority_macro": 0.5858893113645965, "val_acc_majority": 0.7140039447731755, "val_f1_individual_binary": 0.34944237918215615, "val_f1_individual_macro": 0.5819322182231035, "val_acc_individual": 0.7112211221122112, "train_time_millis": 22544.358571999965, "eval_time_millis": 4635.039194000001}, "Epoch9": {"train_loss_means": 0.04271337389945984, "val_loss_mean": 0.542452335357666, "val_f1_majority_bin": 0.40310077519379844, "val_f1_majority_macro": 0.5996985357450474, "val_acc_majority": 0.6962524654832347, "val_f1_individual_binary": 0.3922829581993569, "val_f1_individual_macro": 0.5912580162805885, "val_acc_individual": 0.6881188118811881, "train_time_millis": 22526.267749, "eval_time_millis": 4124.930516999939}, "Test_results": {"test_f1_majority_binary": 0.3555555555555556, "test_f1_majority_macro": 0.5858893113645965, "test_acc_majority": 0.7140039447731755, "test_f1_individual_binary": 0.34944237918215615, "test_f1_individual_macro": 0.5819322182231035, "test_acc_individual": 0.7112211221122112, "test_time_millis": 3767.622446000132, "dataset_size": 2787, "number_of_annotations": 3265, "train_size": 1878, "val_size": 606, "test_size": 781}}