{"Epoch0": {"train_loss_means": 0.7093979120254517, "val_loss_mean": 0.6695769429206848, "val_f1_majority_bin": 0.0, "val_f1_majority_macro": 0.41074188562596603, "val_acc_majority": 0.6970492005348206, "val_f1_individual_binary": 0.0, "val_f1_individual_macro": 0.4137854115547624, "val_acc_individual": 0.7058599591255188, "train_acc_means": 0.6261904835700989, "train_time_millis": 4329.892223002389, "eval_time_millis": 2687.262056861073}, "Epoch1": {"train_loss_means": 0.6972030997276306, "val_loss_mean": 0.6755053400993347, "val_f1_majority_bin": 0.25718194246292114, "val_f1_majority_macro": 0.5115146452696425, "val_acc_majority": 0.643934428691864, "val_f1_individual_binary": 0.26841244101524353, "val_f1_individual_macro": 0.5233980884251457, "val_acc_individual": 0.6598173379898071, "train_acc_means": 0.6074404716491699, "train_time_millis": 4331.770051037893, "eval_time_millis": 2692.286033881828}, "Epoch2": {"train_loss_means": 0.6509448885917664, "val_loss_mean": 0.6846356987953186, "val_f1_majority_bin": 0.27234041690826416, "val_f1_majority_macro": 0.5267885496529511, "val_acc_majority": 0.663606584072113, "val_f1_individual_binary": 0.24873095750808716, "val_f1_individual_macro": 0.5153816825280533, "val_acc_individual": 0.6621004343032837, "train_acc_means": 0.6854166388511658, "train_time_millis": 4336.542954901233, "eval_time_millis": 2697.165648918599}, "Test_results": {"test_f1_majority_binary": 0.262773722410202, "test_f1_majority_macro": 0.524531169396814, "test_acc_majority": 0.6686351895332336, "test_f1_individual_binary": 0.24918566644191742, "test_f1_individual_macro": 0.5132939444508231, "test_acc_individual": 0.6566107869148254, "test_time_millis": 2806.235684081912, "dataset_size": 4156, "number_of_annotations": 4156}}