{"Epoch0": {"train_loss_means": 0.049490656703710556, "val_loss_mean": 0.04633229598402977, "val_f1_majority_bin": 0.22123893805309733, "val_f1_majority_macro": 0.5817480779504333, "val_acc_majority": 0.8924862553451436, "val_f1_individual_binary": 0.19128113879003558, "val_f1_individual_macro": 0.5675416513115557, "val_acc_individual": 0.8949072200705243, "train_time_millis": 4149.785779000013, "eval_time_millis": 9692.76246000004}, "Epoch1": {"train_loss_means": 0.03959532827138901, "val_loss_mean": 0.03709806501865387, "val_f1_majority_bin": 0.2553763440860215, "val_f1_majority_macro": 0.579962465633638, "val_acc_majority": 0.8307880268784361, "val_f1_individual_binary": 0.2151797603195739, "val_f1_individual_macro": 0.5598156688314467, "val_acc_individual": 0.8296433319845078, "train_time_millis": 4149.261647999992, "eval_time_millis": 9541.283115999931}, "Epoch2": {"train_loss_means": 0.029299423098564148, "val_loss_mean": 0.03736395761370659, "val_f1_majority_bin": 0.29796839729119634, "val_f1_majority_macro": 0.614181154778096, "val_acc_majority": 0.8733455508043169, "val_f1_individual_binary": 0.2558218022274722, "val_f1_individual_macro": 0.593060260999938, "val_acc_individual": 0.8725359847390023, "train_time_millis": 4141.905459999862, "eval_time_millis": 7943.966826000178}, "Epoch3": {"train_loss_means": 0.02042822539806366, "val_loss_mean": 0.041960641741752625, "val_f1_majority_bin": 0.31241830065359477, "val_f1_majority_macro": 0.6271708374196538, "val_acc_majority": 0.8928935043779271, "val_f1_individual_binary": 0.2775800711743772, "val_f1_individual_macro": 0.6103045823457405, "val_acc_individual": 0.8943869587837447, "train_time_millis": 4133.639899000173, "eval_time_millis": 9532.951621999928}, "Epoch4": {"train_loss_means": 0.01572059467434883, "val_loss_mean": 0.04650897532701492, "val_f1_majority_bin": 0.289810547875064, "val_f1_majority_macro": 0.6057045504057927, "val_acc_majority": 0.858786397882305, "val_f1_individual_binary": 0.24969249692496925, "val_f1_individual_macro": 0.5859258120431647, "val_acc_individual": 0.8589513844730909, "train_time_millis": 4126.633124000136, "eval_time_millis": 9575.734996999927}, "Epoch5": {"train_loss_means": 0.012151598930358887, "val_loss_mean": 0.06475400924682617, "val_f1_majority_bin": 0.3364016736401674, "val_f1_majority_macro": 0.6467091570542427, "val_acc_majority": 0.9192628792506617, "val_f1_individual_binary": 0.29876796714579057, "val_f1_individual_macro": 0.6284651474320071, "val_acc_individual": 0.9210358980287878, "train_time_millis": 4156.354588999875, "eval_time_millis": 7488.968630000045}, "Epoch6": {"train_loss_means": 0.010375185869634151, "val_loss_mean": 0.06421656906604767, "val_f1_majority_bin": 0.31814996496145764, "val_f1_majority_macro": 0.6323691582506141, "val_acc_majority": 0.9009366727754021, "val_f1_individual_binary": 0.28022212729602736, "val_f1_individual_macro": 0.6139927017420708, "val_acc_individual": 0.9025955257529337, "train_time_millis": 4141.010735999998, "eval_time_millis": 8508.218986999964}, "Epoch7": {"train_loss_means": 0.009284093976020813, "val_loss_mean": 0.07729510962963104, "val_f1_majority_bin": 0.324553950722175, "val_f1_majority_macro": 0.6407520931387449, "val_acc_majority": 0.91905925473427, "val_f1_individual_binary": 0.28941908713692943, "val_f1_individual_macro": 0.6237422953284892, "val_acc_individual": 0.9208046707902191, "train_time_millis": 4127.908380000008, "eval_time_millis": 8553.05174099999}, "Epoch8": {"train_loss_means": 0.008533989079296589, "val_loss_mean": 0.08901903033256531, "val_f1_majority_bin": 0.3251231527093596, "val_f1_majority_macro": 0.6441762631333582, "val_acc_majority": 0.9302586031358175, "val_f1_individual_binary": 0.29931972789115646, "val_f1_individual_macro": 0.6324833077465546, "val_acc_individual": 0.9345048846754148, "train_time_millis": 4154.039898999827, "eval_time_millis": 8520.66627399995}, "Epoch9": {"train_loss_means": 0.007791336625814438, "val_loss_mean": 0.09104031324386597, "val_f1_majority_bin": 0.3245967741935484, "val_f1_majority_macro": 0.6443378466721548, "val_acc_majority": 0.9317857870087558, "val_f1_individual_binary": 0.2943777637397347, "val_f1_individual_macro": 0.6302723287879348, "val_acc_individual": 0.9354297936296896, "train_time_millis": 4155.140091000021, "eval_time_millis": 9220.283047999828}, "Test_results": {"test_f1_majority_binary": 0.3245967741935484, "test_f1_majority_macro": 0.6443378466721548, "test_acc_majority": 0.9317857870087558, "test_f1_individual_binary": 0.2943777637397347, "test_f1_individual_macro": 0.6302723287879348, "test_acc_individual": 0.9354297936296896, "test_time_millis": 9579.737730000033, "dataset_size": 22085, "number_of_annotations": 38839, "train_size": 4088, "val_size": 17299, "test_size": 17452}}