{"Epoch0": {"train_loss_means": 0.5550081133842468, "val_loss_mean": 0.549239456653595, "val_f1_majority_bin": 0.0, "val_f1_majority_macro": 0.48728260301874965, "val_acc_majority": 0.9503921866416931, "val_f1_individual_binary": 0.0, "val_f1_individual_macro": 0.48965882976842856, "val_acc_individual": 0.9594734907150269, "train_acc_means": 0.9556180238723755, "train_time_millis": 6310.898186056875, "eval_time_millis": 18383.08122707531}, "Epoch1": {"train_loss_means": 0.48012495040893555, "val_loss_mean": 0.4965457022190094, "val_f1_majority_bin": 0.0, "val_f1_majority_macro": 0.48728260301874965, "val_acc_majority": 0.9503921866416931, "val_f1_individual_binary": 0.0, "val_f1_individual_macro": 0.48965882976842856, "val_acc_individual": 0.9594734907150269, "train_acc_means": 0.9571629166603088, "train_time_millis": 6310.683577088639, "eval_time_millis": 18455.113094998524}, "Epoch2": {"train_loss_means": 0.36502858996391296, "val_loss_mean": 0.4639883041381836, "val_f1_majority_bin": 0.1459074765443802, "val_f1_majority_macro": 0.5603698440373547, "val_acc_majority": 0.9511052370071411, "val_f1_individual_binary": 0.1403091549873352, "val_f1_individual_macro": 0.5594602608110228, "val_acc_individual": 0.9582611918449402, "train_acc_means": 0.9599719047546387, "train_time_millis": 6316.58950203564, "eval_time_millis": 18478.16686797887}, "Epoch3": {"train_loss_means": 0.24056527018547058, "val_loss_mean": 0.5430026054382324, "val_f1_majority_bin": 0.19627749919891357, "val_f1_majority_macro": 0.5856669734796475, "val_acc_majority": 0.9516145586967468, "val_f1_individual_binary": 0.1894024759531021, "val_f1_individual_macro": 0.5840515970982878, "val_acc_individual": 0.9584921002388, "train_acc_means": 0.9796348214149475, "train_time_millis": 6317.711208947003, "eval_time_millis": 18465.949969016947}, "Test_results": {"test_f1_majority_binary": 0.16971713304519653, "test_f1_majority_macro": 0.5717428670066876, "test_acc_majority": 0.9491438865661621, "test_f1_individual_binary": 0.16411378979682922, "test_f1_individual_macro": 0.5708630816086249, "test_acc_individual": 0.9563927054405212, "test_time_millis": 18506.341734086163, "dataset_size": 21042, "number_of_annotations": 21042}}