{"Epoch0": {"train_loss_means": 0.07079161703586578, "val_loss_mean": 0.0690196231007576, "val_f1_majority_bin": 0.344733242134063, "val_f1_majority_macro": 0.6596966744977039, "val_acc_majority": 0.9512070897422837, "val_f1_individual_binary": 0.3163636363636364, "val_f1_individual_macro": 0.6469726600611408, "val_acc_individual": 0.9565869991917793, "train_time_millis": 58279.00831401348, "eval_time_millis": 8962.927139014937}, "Epoch1": {"train_loss_means": 0.05651028826832771, "val_loss_mean": 0.062063898891210556, "val_f1_majority_bin": 0.40748898678414097, "val_f1_majority_macro": 0.6893794394563661, "val_acc_majority": 0.945197107059183, "val_f1_individual_binary": 0.37163120567375885, "val_f1_individual_macro": 0.6724858802636111, "val_acc_individual": 0.9488511719201016, "train_time_millis": 58242.361473036, "eval_time_millis": 9046.91252601333}, "Epoch2": {"train_loss_means": 0.049851153045892715, "val_loss_mean": 0.06338765472173691, "val_f1_majority_bin": 0.42105263157894735, "val_f1_majority_macro": 0.6948769895426277, "val_acc_majority": 0.9406132219619028, "val_f1_individual_binary": 0.3811912225705329, "val_f1_individual_macro": 0.6756632381423574, "val_acc_individual": 0.9430204364392103, "train_time_millis": 58240.01047201455, "eval_time_millis": 9092.515709984582}, "Epoch3": {"train_loss_means": 0.04373693838715553, "val_loss_mean": 0.07375210523605347, "val_f1_majority_bin": 0.39839034205231394, "val_f1_majority_macro": 0.6831543984939681, "val_acc_majority": 0.9390852602628094, "val_f1_individual_binary": 0.35818992989165077, "val_f1_individual_macro": 0.6638719868657044, "val_acc_individual": 0.9418658353538852, "train_time_millis": 58412.14103298262, "eval_time_millis": 9096.203911001794}, "Epoch4": {"train_loss_means": 0.038833603262901306, "val_loss_mean": 0.08130455017089844, "val_f1_majority_bin": 0.3778040141676505, "val_f1_majority_macro": 0.674876351045075, "val_acc_majority": 0.9463176123051849, "val_f1_individual_binary": 0.33640552995391704, "val_f1_individual_macro": 0.6552461337010902, "val_acc_individual": 0.9501212331139591, "train_time_millis": 58151.920887990855, "eval_time_millis": 9083.499914966524}, "Epoch5": {"train_loss_means": 0.03416171297430992, "val_loss_mean": 0.08433602005243301, "val_f1_majority_bin": 0.39959636730575177, "val_f1_majority_macro": 0.6838404515282177, "val_acc_majority": 0.9393908526026281, "val_f1_individual_binary": 0.35818992989165077, "val_f1_individual_macro": 0.6638719868657044, "val_acc_individual": 0.9418658353538852, "train_time_millis": 58329.135381034575, "eval_time_millis": 9110.2100959979}, "Epoch6": {"train_loss_means": 0.030871914699673653, "val_loss_mean": 0.09768976271152496, "val_f1_majority_bin": 0.38105489773950485, "val_f1_majority_macro": 0.6751572270039412, "val_acc_majority": 0.941428134868086, "val_f1_individual_binary": 0.34089347079037796, "val_f1_individual_macro": 0.6559991774693702, "val_acc_individual": 0.9446368779586652, "train_time_millis": 58379.58189100027, "eval_time_millis": 9121.089217020199}, "Epoch7": {"train_loss_means": 0.02892831712961197, "val_loss_mean": 0.11887280642986298, "val_f1_majority_bin": 0.3507462686567164, "val_f1_majority_macro": 0.6615122739990964, "val_acc_majority": 0.9468269328715494, "val_f1_individual_binary": 0.313915857605178, "val_f1_individual_macro": 0.6442663579213629, "val_acc_individual": 0.9510449139822191, "train_time_millis": 58364.109905960504, "eval_time_millis": 9090.077976987232}, "Epoch8": {"train_loss_means": 0.027226390317082405, "val_loss_mean": 0.11299945414066315, "val_f1_majority_bin": 0.36936936936936937, "val_f1_majority_macro": 0.669748164893796, "val_acc_majority": 0.9429560965671794, "val_f1_individual_binary": 0.3311641359363702, "val_f1_individual_macro": 0.6516768937401101, "val_acc_individual": 0.9465996998037178, "train_time_millis": 58383.44750495162, "eval_time_millis": 9140.21970401518}, "Epoch9": {"train_loss_means": 0.026060733944177628, "val_loss_mean": 0.12431072443723679, "val_f1_majority_bin": 0.3501199040767386, "val_f1_majority_macro": 0.660645058421348, "val_acc_majority": 0.9447896506060914, "val_f1_individual_binary": 0.3134212567882079, "val_f1_individual_macro": 0.6434442515390598, "val_acc_individual": 0.9489089019743678, "train_time_millis": 58370.24061597185, "eval_time_millis": 8825.707281997893}, "Test_results": {"test_f1_majority_binary": 0.344733242134063, "test_f1_majority_macro": 0.6596966744977039, "test_acc_majority": 0.9512070897422837, "test_f1_individual_binary": 0.3163636363636364, "test_f1_individual_macro": 0.6469726600611408, "test_acc_individual": 0.9565869991917793, "test_time_millis": 9124.242261983454, "dataset_size": 49294, "number_of_annotations": 87322, "train_size": 52480, "val_size": 17322, "test_size": 17520}}