{"Epoch0": {"train_loss_means": 0.050765786319971085, "val_loss_mean": 0.04556198790669441, "val_f1_majority_bin": 0.44243792325056436, "val_f1_majority_macro": 0.7157920600125915, "val_acc_majority": 0.9787068965517242, "val_f1_individual_binary": 0.3397761953204476, "val_f1_individual_macro": 0.6616277372081314, "val_acc_individual": 0.9677651675068915, "train_time_millis": 111960.64201800618, "eval_time_millis": 17473.29300099227}, "Epoch1": {"train_loss_means": 0.041281651705503464, "val_loss_mean": 0.04522212594747543, "val_f1_majority_bin": 0.4132231404958677, "val_f1_majority_macro": 0.7003604697020631, "val_acc_majority": 0.9755172413793104, "val_f1_individual_binary": 0.33080568720379144, "val_f1_individual_macro": 0.656400497381351, "val_acc_individual": 0.964934065115355, "train_time_millis": 111982.98996100493, "eval_time_millis": 17465.29440599261}, "Epoch2": {"train_loss_means": 0.03419669345021248, "val_loss_mean": 0.054836101830005646, "val_f1_majority_bin": 0.40329218106995884, "val_f1_majority_macro": 0.6952623624377706, "val_acc_majority": 0.975, "val_f1_individual_binary": 0.3209169054441261, "val_f1_individual_macro": 0.6513941997898856, "val_acc_individual": 0.964685722800308, "train_time_millis": 112011.39257800241, "eval_time_millis": 17454.115394997643}, "Epoch3": {"train_loss_means": 0.028792958706617355, "val_loss_mean": 0.06698840856552124, "val_f1_majority_bin": 0.38235294117647056, "val_f1_majority_macro": 0.6847075390620955, "val_acc_majority": 0.9746551724137931, "val_f1_individual_binary": 0.311625663289918, "val_f1_individual_macro": 0.6467191417863031, "val_acc_individual": 0.9645615516427845, "train_time_millis": 111978.75311400276, "eval_time_millis": 17460.40856599575}, "Epoch4": {"train_loss_means": 0.025581620633602142, "val_loss_mean": 0.07986133545637131, "val_f1_majority_bin": 0.35815602836879434, "val_f1_majority_macro": 0.6710819017970495, "val_acc_majority": 0.9687931034482758, "val_f1_individual_binary": 0.31614255765199156, "val_f1_individual_macro": 0.6476360845176873, "val_acc_individual": 0.9594953684158244, "train_time_millis": 112032.32449998904, "eval_time_millis": 17413.447576007457}, "Epoch5": {"train_loss_means": 0.023738102987408638, "val_loss_mean": 0.08553695678710938, "val_f1_majority_bin": 0.34768211920529796, "val_f1_majority_macro": 0.6651227023712806, "val_acc_majority": 0.9660344827586207, "val_f1_individual_binary": 0.300395256916996, "val_f1_individual_macro": 0.6388520564365504, "val_acc_individual": 0.9560434102366703, "train_time_millis": 111997.51683000068, "eval_time_millis": 17378.092345999903}, "Epoch6": {"train_loss_means": 0.022260993719100952, "val_loss_mean": 0.09644678235054016, "val_f1_majority_bin": 0.3125, "val_f1_majority_macro": 0.64599609375, "val_acc_majority": 0.9601724137931035, "val_f1_individual_binary": 0.2885930190716085, "val_f1_individual_macro": 0.6315835007260814, "val_acc_individual": 0.9509027243151961, "train_time_millis": 112064.04678299441, "eval_time_millis": 17384.42052800383}, "Epoch7": {"train_loss_means": 0.02149517647922039, "val_loss_mean": 0.09926479309797287, "val_f1_majority_bin": 0.3222748815165877, "val_f1_majority_macro": 0.6516324112904869, "val_acc_majority": 0.9630172413793103, "val_f1_individual_binary": 0.2883156297420334, "val_f1_individual_macro": 0.6321164274156263, "val_acc_individual": 0.9534109816971714, "train_time_millis": 111954.81264099362, "eval_time_millis": 17471.95922100218}, "Epoch8": {"train_loss_means": 0.020736178383231163, "val_loss_mean": 0.11195257306098938, "val_f1_majority_bin": 0.33277310924369746, "val_f1_majority_macro": 0.6576053115340363, "val_acc_majority": 0.9657758620689655, "val_f1_individual_binary": 0.2940705128205128, "val_f1_individual_macro": 0.6357458845657704, "val_acc_individual": 0.9562420840887079, "train_time_millis": 112053.59463399509, "eval_time_millis": 17471.731036988785}, "Epoch9": {"train_loss_means": 0.020043371245265007, "val_loss_mean": 0.11534032970666885, "val_f1_majority_bin": 0.35379061371841153, "val_f1_majority_macro": 0.6689910412052271, "val_acc_majority": 0.9691379310344828, "val_f1_individual_binary": 0.2965487856838517, "val_f1_individual_macro": 0.6377163716875139, "val_acc_individual": 0.9589986837857303, "train_time_millis": 112005.84119799896, "eval_time_millis": 17292.23277399433}, "Test_results": {"test_f1_majority_binary": 0.44243792325056436, "test_f1_majority_macro": 0.7157920600125915, "test_acc_majority": 0.9787068965517242, "test_f1_individual_binary": 0.3397761953204476, "test_f1_individual_macro": 0.6616277372081314, "test_acc_individual": 0.9677651675068915, "test_time_millis": 17365.06170699431, "dataset_size": 58004, "number_of_annotations": 201410, "train_size": 120703, "val_size": 40267, "test_size": 40440}}