{"Epoch0": {"train_loss_means": 0.04771020635962486, "val_loss_mean": 0.050733283162117004, "val_f1_majority_bin": 0.19097586568730326, "val_f1_majority_macro": 0.5519974093779476, "val_acc_majority": 0.8429255373331975, "val_f1_individual_binary": 0.15887564925145128, "val_f1_individual_macro": 0.5355597206443415, "val_acc_individual": 0.841069160605011, "train_time_millis": 2296.5949669014663, "eval_time_millis": 6284.5025199931115}, "Epoch1": {"train_loss_means": 0.043231818825006485, "val_loss_mean": 0.047030139714479446, "val_f1_majority_bin": 0.22998673153471916, "val_f1_majority_macro": 0.5648868786897103, "val_acc_majority": 0.8226545787918916, "val_f1_individual_binary": 0.19427982478742592, "val_f1_individual_macro": 0.5463158705252347, "val_acc_individual": 0.8194781203094331, "train_time_millis": 2273.6817181576043, "eval_time_millis": 6286.150395870209}, "Epoch2": {"train_loss_means": 0.035358455032110214, "val_loss_mean": 0.04264357313513756, "val_f1_majority_bin": 0.21885087153001936, "val_f1_majority_macro": 0.536251754100762, "val_acc_majority": 0.7534888458795966, "val_f1_individual_binary": 0.18259576050576426, "val_f1_individual_macro": 0.5161936637559232, "val_acc_individual": 0.7462186814455606, "train_time_millis": 2292.3698069062084, "eval_time_millis": 6290.3813070151955}, "Epoch3": {"train_loss_means": 0.02441665716469288, "val_loss_mean": 0.049783553928136826, "val_f1_majority_bin": 0.23788546255506607, "val_f1_majority_macro": 0.5634195942057002, "val_acc_majority": 0.8061525924416828, "val_f1_individual_binary": 0.20116414435389987, "val_f1_individual_macro": 0.5440563217403622, "val_acc_individual": 0.8019281838124928, "train_time_millis": 2293.2708559092134, "eval_time_millis": 8305.219722911716}, "Epoch4": {"train_loss_means": 0.019708573818206787, "val_loss_mean": 0.05299128592014313, "val_f1_majority_bin": 0.2624309392265194, "val_f1_majority_macro": 0.5853444353674688, "val_acc_majority": 0.8368136905368239, "val_f1_individual_binary": 0.22096164235548352, "val_f1_individual_macro": 0.5638774988327091, "val_acc_individual": 0.8335065234961321, "train_time_millis": 2280.5899039376527, "eval_time_millis": 8305.055730976164}, "Epoch5": {"train_loss_means": 0.015139266848564148, "val_loss_mean": 0.07270518690347672, "val_f1_majority_bin": 0.27999999999999997, "val_f1_majority_macro": 0.6080603304868581, "val_acc_majority": 0.8826525415096261, "val_f1_individual_binary": 0.2403304543747653, "val_f1_individual_macro": 0.5885370729708166, "val_acc_individual": 0.8832121002193742, "train_time_millis": 2287.705341819674, "eval_time_millis": 8306.221491890028}, "Epoch6": {"train_loss_means": 0.011570865288376808, "val_loss_mean": 0.08197767287492752, "val_f1_majority_bin": 0.2795698924731183, "val_f1_majority_macro": 0.6082389428022269, "val_acc_majority": 0.8839767749821738, "val_f1_individual_binary": 0.2394526795895097, "val_f1_individual_macro": 0.5884734112969571, "val_acc_individual": 0.8844821614132318, "train_time_millis": 2296.6174581088126, "eval_time_millis": 6389.537367038429}, "Epoch7": {"train_loss_means": 0.00997709296643734, "val_loss_mean": 0.0993688553571701, "val_f1_majority_bin": 0.28957239309827454, "val_f1_majority_macro": 0.6189132934290891, "val_acc_majority": 0.9035346847305694, "val_f1_individual_binary": 0.25181818181818183, "val_f1_individual_macro": 0.6005423050627094, "val_acc_individual": 0.9049763306777509, "train_time_millis": 2279.052978847176, "eval_time_millis": 6279.087017988786}, "Epoch8": {"train_loss_means": 0.009332926943898201, "val_loss_mean": 0.10727725178003311, "val_f1_majority_bin": 0.2913077525450274, "val_f1_majority_macro": 0.6210038789962703, "val_acc_majority": 0.9078129774880309, "val_f1_individual_binary": 0.2566793893129771, "val_f1_individual_macro": 0.6044058123902971, "val_acc_individual": 0.910056575453181, "train_time_millis": 2294.6676490828395, "eval_time_millis": 6279.132907977328}, "Epoch9": {"train_loss_means": 0.009037216193974018, "val_loss_mean": 0.10751315206289291, "val_f1_majority_bin": 0.29411764705882354, "val_f1_majority_macro": 0.6221978487175047, "val_acc_majority": 0.9070999286951207, "val_f1_individual_binary": 0.2581252943947244, "val_f1_individual_macro": 0.6048475246611549, "val_acc_individual": 0.9090751645306546, "train_time_millis": 2303.6932561080903, "eval_time_millis": 6281.695602927357}, "Test_results": {"test_f1_majority_binary": 0.2913077525450274, "test_f1_majority_macro": 0.6210038789962703, "test_acc_majority": 0.9078129774880309, "test_f1_individual_binary": 0.2566793893129771, "test_f1_individual_macro": 0.6044058123902971, "test_acc_individual": 0.910056575453181, "test_time_millis": 6284.415679052472, "dataset_size": 21042, "number_of_annotations": 37278, "train_size": 2436, "val_size": 17322, "test_size": 17520}}