{"Epoch0": {"train_loss_means": 0.35132700204849243, "val_loss_mean": 0.33697980642318726, "val_f1_majority_bin": 0.48611111111111116, "val_f1_majority_macro": 0.5849358974358975, "val_acc_majority": 0.6084656084656085, "val_f1_individual_binary": 0.47663551401869164, "val_f1_individual_macro": 0.5796775303804507, "val_acc_individual": 0.6049382716049383, "train_time_millis": 5229.840687003161, "eval_time_millis": 3087.6723709952785}, "Epoch1": {"train_loss_means": 0.3435509502887726, "val_loss_mean": 0.342434287071228, "val_f1_majority_bin": 0.576, "val_f1_majority_macro": 0.3739375, "val_acc_majority": 0.43915343915343913, "val_f1_individual_binary": 0.570281124497992, "val_f1_individual_macro": 0.3704118800784533, "val_acc_individual": 0.43386243386243384, "train_time_millis": 5243.42681899725, "eval_time_millis": 3032.417932001408}, "Epoch2": {"train_loss_means": 0.3385712802410126, "val_loss_mean": 0.337367445230484, "val_f1_majority_bin": 0.2222222222222222, "val_f1_majority_macro": 0.4895833333333333, "val_acc_majority": 0.6296296296296297, "val_f1_individual_binary": 0.21561338289962825, "val_f1_individual_macro": 0.485841373530739, "val_acc_individual": 0.6278659611992945, "train_time_millis": 5288.54869800125, "eval_time_millis": 4068.0570830008946}, "Epoch3": {"train_loss_means": 0.33107686042785645, "val_loss_mean": 0.3333711624145508, "val_f1_majority_bin": 0.5257142857142857, "val_f1_majority_macro": 0.5584236453201971, "val_acc_majority": 0.5608465608465608, "val_f1_individual_binary": 0.5307692307692308, "val_f1_individual_macro": 0.5666875469807067, "val_acc_individual": 0.5696649029982364, "train_time_millis": 5248.228153999662, "eval_time_millis": 3255.0156860015704}, "Epoch4": {"train_loss_means": 0.32857438921928406, "val_loss_mean": 0.33822503685951233, "val_f1_majority_bin": 0.5727699530516432, "val_f1_majority_macro": 0.5106274007682459, "val_acc_majority": 0.5185185185185185, "val_f1_individual_binary": 0.5723270440251573, "val_f1_individual_macro": 0.5130711525346671, "val_acc_individual": 0.5202821869488536, "train_time_millis": 5222.038699001132, "eval_time_millis": 4057.3219720026827}, "Epoch5": {"train_loss_means": 0.31621652841567993, "val_loss_mean": 0.33554551005363464, "val_f1_majority_bin": 0.5416666666666666, "val_f1_majority_macro": 0.534274193548387, "val_acc_majority": 0.5343915343915344, "val_f1_individual_binary": 0.5331010452961672, "val_f1_individual_macro": 0.5272648083623693, "val_acc_individual": 0.527336860670194, "train_time_millis": 5263.277100995765, "eval_time_millis": 4062.4915739972494}, "Epoch6": {"train_loss_means": 0.3077787756919861, "val_loss_mean": 0.32909706234931946, "val_f1_majority_bin": 0.5103448275862068, "val_f1_majority_macro": 0.6028118987716442, "val_acc_majority": 0.6243386243386243, "val_f1_individual_binary": 0.4942263279445728, "val_f1_individual_macro": 0.5909077431448969, "val_acc_individual": 0.6137566137566137, "train_time_millis": 5248.287684000388, "eval_time_millis": 4053.933572002279}, "Epoch7": {"train_loss_means": 0.2926498353481293, "val_loss_mean": 0.33436352014541626, "val_f1_majority_bin": 0.525, "val_f1_majority_macro": 0.5881880733944954, "val_acc_majority": 0.5978835978835979, "val_f1_individual_binary": 0.5157232704402516, "val_f1_individual_macro": 0.5820625484621349, "val_acc_individual": 0.5925925925925926, "train_time_millis": 5243.799625997781, "eval_time_millis": 3494.130633000168}, "Epoch8": {"train_loss_means": 0.2805432379245758, "val_loss_mean": 0.3381885886192322, "val_f1_majority_bin": 0.46969696969696967, "val_f1_majority_macro": 0.5925720620842573, "val_acc_majority": 0.6296296296296297, "val_f1_individual_binary": 0.4467005076142132, "val_f1_individual_macro": 0.5760529565098094, "val_acc_individual": 0.6155202821869489, "train_time_millis": 5266.739571998187, "eval_time_millis": 4059.5244110008935}, "Epoch9": {"train_loss_means": 0.2728486657142639, "val_loss_mean": 0.33858558535575867, "val_f1_majority_bin": 0.5333333333333333, "val_f1_majority_macro": 0.6131578947368421, "val_acc_majority": 0.6296296296296297, "val_f1_individual_binary": 0.5078651685393257, "val_f1_individual_macro": 0.5950066045889661, "val_acc_individual": 0.6137566137566137, "train_time_millis": 5305.990217006183, "eval_time_millis": 4062.058456001978}, "Test_results": {"test_f1_majority_binary": 0.5333333333333333, "test_f1_majority_macro": 0.6131578947368421, "test_acc_majority": 0.6296296296296297, "test_f1_individual_binary": 0.5078651685393257, "test_f1_individual_macro": 0.5950066045889661, "test_acc_individual": 0.6137566137566137, "test_time_millis": 4153.9348239966785, "dataset_size": 547, "number_of_annotations": 1641, "train_size": 507, "val_size": 567, "test_size": 567}}