{"Epoch0": {"train_loss_means": 0.025684237480163574, "val_loss_mean": 0.022507643327116966, "val_f1_majority_bin": 0.11650485436893203, "val_f1_majority_macro": 0.5323265012585401, "val_acc_majority": 0.9020452099031216, "val_f1_individual_binary": 0.07692307692307693, "val_f1_individual_macro": 0.5132867132867134, "val_acc_individual": 0.9045092838196287, "train_time_millis": 4184.361214982346, "eval_time_millis": 2667.2840180108324}, "Epoch1": {"train_loss_means": 0.020711280405521393, "val_loss_mean": 0.017408745363354683, "val_f1_majority_bin": 0.11976047904191618, "val_f1_majority_macro": 0.51641483443521, "val_acc_majority": 0.8417653390742734, "val_f1_individual_binary": 0.09523809523809523, "val_f1_individual_macro": 0.5025953509365831, "val_acc_individual": 0.8362068965517241, "train_time_millis": 4169.3644359475, "eval_time_millis": 2678.635456948541}, "Epoch2": {"train_loss_means": 0.012232343666255474, "val_loss_mean": 0.01772509515285492, "val_f1_majority_bin": 0.2028985507246377, "val_f1_majority_macro": 0.5860775593198371, "val_acc_majority": 0.9407965554359526, "val_f1_individual_binary": 0.16822429906542058, "val_f1_individual_macro": 0.5688147964904278, "val_acc_individual": 0.9409814323607427, "train_time_millis": 4158.730380935594, "eval_time_millis": 2628.0797829385847}, "Epoch3": {"train_loss_means": 0.007460166234523058, "val_loss_mean": 0.015264016576111317, "val_f1_majority_bin": 0.19780219780219782, "val_f1_majority_macro": 0.5782446189916478, "val_acc_majority": 0.9214208826695371, "val_f1_individual_binary": 0.15384615384615385, "val_f1_individual_macro": 0.5558649495301078, "val_acc_individual": 0.919761273209549, "train_time_millis": 4172.7070399792865, "eval_time_millis": 2714.637410012074}, "Epoch4": {"train_loss_means": 0.004206521902233362, "val_loss_mean": 0.022945085540413857, "val_f1_majority_bin": 0.26229508196721313, "val_f1_majority_macro": 0.6186266728700841, "val_acc_majority": 0.9515608180839612, "val_f1_individual_binary": 0.2150537634408602, "val_f1_individual_macro": 0.5950397110054112, "val_acc_individual": 0.9515915119363395, "train_time_millis": 4164.083114010282, "eval_time_millis": 2641.6348239872605}, "Epoch5": {"train_loss_means": 0.0033851766493171453, "val_loss_mean": 0.030101722106337547, "val_f1_majority_bin": 0.24489795918367344, "val_f1_majority_macro": 0.612222335036834, "val_acc_majority": 0.9601722282023681, "val_f1_individual_binary": 0.1643835616438356, "val_f1_individual_macro": 0.5718282062381597, "val_acc_individual": 0.9595490716180372, "train_time_millis": 4162.603995995596, "eval_time_millis": 2638.483242946677}, "Epoch6": {"train_loss_means": 0.0025744354352355003, "val_loss_mean": 0.03529248386621475, "val_f1_majority_bin": 0.2727272727272727, "val_f1_majority_macro": 0.6275433497043199, "val_acc_majority": 0.9655543595263725, "val_f1_individual_binary": 0.1846153846153846, "val_f1_individual_macro": 0.5833276855303287, "val_acc_individual": 0.9648541114058355, "train_time_millis": 4174.308520974591, "eval_time_millis": 2154.6415960183367}, "Epoch7": {"train_loss_means": 0.00211735675111413, "val_loss_mean": 0.0452134944498539, "val_f1_majority_bin": 0.34285714285714286, "val_f1_majority_macro": 0.6651202883786538, "val_acc_majority": 0.9752421959095802, "val_f1_individual_binary": 0.23529411764705882, "val_f1_individual_macro": 0.6110703303243726, "val_acc_individual": 0.9741379310344828, "train_time_millis": 4145.050466991961, "eval_time_millis": 1710.8092278940603}, "Epoch8": {"train_loss_means": 0.002252292586490512, "val_loss_mean": 0.03530224785208702, "val_f1_majority_bin": 0.2727272727272727, "val_f1_majority_macro": 0.6275433497043199, "val_acc_majority": 0.9655543595263725, "val_f1_individual_binary": 0.1846153846153846, "val_f1_individual_macro": 0.5833276855303287, "val_acc_individual": 0.9648541114058355, "train_time_millis": 4154.646312003024, "eval_time_millis": 2641.1644449690357}, "Epoch9": {"train_loss_means": 0.0021727378480136395, "val_loss_mean": 0.041165415197610855, "val_f1_majority_bin": 0.3, "val_f1_majority_macro": 0.6422992299229923, "val_acc_majority": 0.9698600645855759, "val_f1_individual_binary": 0.20689655172413793, "val_f1_individual_macro": 0.5956727518593644, "val_acc_individual": 0.9694960212201591, "train_time_millis": 4137.717746081762, "eval_time_millis": 2648.4272449743003}, "Test_results": {"test_f1_majority_binary": 0.34285714285714286, "test_f1_majority_macro": 0.6651202883786538, "test_acc_majority": 0.9752421959095802, "test_f1_individual_binary": 0.23529411764705882, "test_f1_individual_macro": 0.6110703303243726, "test_acc_individual": 0.9741379310344828, "test_time_millis": 2638.1042760331184, "dataset_size": 4589, "number_of_annotations": 7428, "train_size": 4534, "val_size": 1508, "test_size": 1386}}