{"Epoch0": {"train_loss_means": 0.042525485157966614, "val_loss_mean": 0.03474823758006096, "val_f1_majority_bin": 0.18, "val_f1_majority_macro": 0.5636842105263158, "val_acc_majority": 0.9010856453558505, "val_f1_individual_binary": 0.2090680100755668, "val_f1_individual_macro": 0.5750116282043873, "val_acc_individual": 0.8901137357830271, "train_time_millis": 16000.197476998437, "eval_time_millis": 4318.37149898638}, "Epoch1": {"train_loss_means": 0.029750103130936623, "val_loss_mean": 0.0317106693983078, "val_f1_majority_bin": 0.1673003802281369, "val_f1_majority_macro": 0.5477838291576321, "val_acc_majority": 0.867913148371532, "val_f1_individual_binary": 0.20568070519098922, "val_f1_individual_macro": 0.5638836804848211, "val_acc_individual": 0.8580927384076991, "train_time_millis": 16010.605865012622, "eval_time_millis": 4315.648682008032}, "Epoch2": {"train_loss_means": 0.023724718019366264, "val_loss_mean": 0.03291507810354233, "val_f1_majority_bin": 0.18181818181818182, "val_f1_majority_macro": 0.5633905843110865, "val_acc_majority": 0.8968636911942099, "val_f1_individual_binary": 0.22727272727272724, "val_f1_individual_macro": 0.5831474076235261, "val_acc_individual": 0.8869641294838145, "train_time_millis": 16036.054915981367, "eval_time_millis": 4317.06602597842}, "Epoch3": {"train_loss_means": 0.02055269666016102, "val_loss_mean": 0.03427211567759514, "val_f1_majority_bin": 0.20652173913043478, "val_f1_majority_macro": 0.5799530790160475, "val_acc_majority": 0.9119420989143546, "val_f1_individual_binary": 0.2327469553450609, "val_f1_individual_macro": 0.5898558460197384, "val_acc_individual": 0.9007874015748032, "train_time_millis": 16029.441110993503, "eval_time_millis": 4316.462293994846}, "Epoch4": {"train_loss_means": 0.017541291192173958, "val_loss_mean": 0.03684753552079201, "val_f1_majority_bin": 0.20289855072463772, "val_f1_majority_macro": 0.5749134117405755, "val_acc_majority": 0.9004825090470446, "val_f1_individual_binary": 0.22682926829268293, "val_f1_individual_macro": 0.5835371600652858, "val_acc_individual": 0.8890638670166229, "train_time_millis": 16026.078539987793, "eval_time_millis": 4323.864128993591}, "Epoch5": {"train_loss_means": 0.01583956368267536, "val_loss_mean": 0.0439092181622982, "val_f1_majority_bin": 0.2162162162162162, "val_f1_majority_macro": 0.5898000273000273, "val_acc_majority": 0.9300361881785284, "val_f1_individual_binary": 0.2541254125412541, "val_f1_individual_macro": 0.6061831792935392, "val_acc_individual": 0.920909886264217, "train_time_millis": 16016.686424001819, "eval_time_millis": 4319.938226981321}, "Epoch6": {"train_loss_means": 0.014665422029793262, "val_loss_mean": 0.04027896374464035, "val_f1_majority_bin": 0.1923076923076923, "val_f1_majority_macro": 0.5691268191268191, "val_acc_majority": 0.8986731001206273, "val_f1_individual_binary": 0.22627737226277372, "val_f1_individual_macro": 0.583161310565776, "val_acc_individual": 0.8887139107611548, "train_time_millis": 16056.087509001372, "eval_time_millis": 4324.8714309884235}, "Epoch7": {"train_loss_means": 0.013352460227906704, "val_loss_mean": 0.048935968428850174, "val_f1_majority_bin": 0.2091503267973856, "val_f1_majority_macro": 0.5854477527126353, "val_acc_majority": 0.9270205066344994, "val_f1_individual_binary": 0.24319999999999997, "val_f1_individual_macro": 0.5997119851920407, "val_acc_individual": 0.9172353455818023, "train_time_millis": 16050.363769987598, "eval_time_millis": 4329.38879498397}, "Epoch8": {"train_loss_means": 0.012938410975039005, "val_loss_mean": 0.05115126445889473, "val_f1_majority_bin": 0.2027027027027027, "val_f1_majority_macro": 0.582727613977614, "val_acc_majority": 0.9288299155609168, "val_f1_individual_binary": 0.24836601307189543, "val_f1_individual_macro": 0.6029221450088632, "val_acc_individual": 0.9195100612423447, "train_time_millis": 16060.050403000787, "eval_time_millis": 4323.6236939847}, "Epoch9": {"train_loss_means": 0.012284520082175732, "val_loss_mean": 0.052944496273994446, "val_f1_majority_bin": 0.2097902097902098, "val_f1_majority_macro": 0.5870886126165042, "val_acc_majority": 0.9318455971049457, "val_f1_individual_binary": 0.24832214765100674, "val_f1_individual_macro": 0.6034854230963175, "val_acc_individual": 0.9216097987751531, "train_time_millis": 16032.805841998197, "eval_time_millis": 3715.905365999788}, "Test_results": {"test_f1_majority_binary": 0.2097902097902098, "test_f1_majority_macro": 0.5870886126165042, "test_acc_majority": 0.9318455971049457, "test_f1_individual_binary": 0.24832214765100674, "test_f1_individual_macro": 0.6034854230963175, "test_acc_individual": 0.9216097987751531, "test_time_millis": 4175.67320499802, "dataset_size": 8365, "number_of_annotations": 28896, "train_size": 17585, "val_size": 5715, "test_size": 5596}}