{"Epoch0": {"train_loss_means": 0.06386460363864899, "val_loss_mean": 0.060577403753995895, "val_f1_majority_bin": 0.5155131264916468, "val_f1_majority_macro": 0.7485801777472247, "val_acc_majority": 0.9646341463414634, "val_f1_individual_binary": 0.4429065743944636, "val_f1_individual_macro": 0.7103830496340593, "val_acc_individual": 0.9574116324438713, "train_time_millis": 90211.1967119854, "eval_time_millis": 11390.573362994473}, "Epoch1": {"train_loss_means": 0.050521742552518845, "val_loss_mean": 0.06063712015748024, "val_f1_majority_bin": 0.49221183800623053, "val_f1_majority_macro": 0.7349907669369244, "val_acc_majority": 0.957404181184669, "val_f1_individual_binary": 0.43391136801541424, "val_f1_individual_macro": 0.7042680468965845, "val_acc_individual": 0.9514267764441359, "train_time_millis": 90281.96741797728, "eval_time_millis": 11387.893411971163}, "Epoch2": {"train_loss_means": 0.04339037463068962, "val_loss_mean": 0.06468524783849716, "val_f1_majority_bin": 0.47680890538033394, "val_f1_majority_macro": 0.7255171480562213, "val_acc_majority": 0.9508710801393728, "val_f1_individual_binary": 0.43341321465251625, "val_f1_individual_macro": 0.7023315530397993, "val_acc_individual": 0.9452765929305955, "train_time_millis": 90408.6524519953, "eval_time_millis": 13407.669641950633}, "Epoch3": {"train_loss_means": 0.03670332953333855, "val_loss_mean": 0.07209136337041855, "val_f1_majority_bin": 0.4593837535014006, "val_f1_majority_macro": 0.7164660555619754, "val_acc_majority": 0.9495644599303136, "val_f1_individual_binary": 0.4219292158223456, "val_f1_individual_macro": 0.6965038065779321, "val_acc_individual": 0.9449128724002248, "train_time_millis": 90389.6419609664, "eval_time_millis": 13409.367120999377}, "Epoch4": {"train_loss_means": 0.031206786632537842, "val_loss_mean": 0.09031983464956284, "val_f1_majority_bin": 0.43159609120521175, "val_f1_majority_macro": 0.6997387781628857, "val_acc_majority": 0.939198606271777, "val_f1_individual_binary": 0.40563725490196084, "val_f1_individual_macro": 0.6858671053091469, "val_acc_individual": 0.9358529246437192, "train_time_millis": 90394.77271097712, "eval_time_millis": 13403.675895999186}, "Epoch5": {"train_loss_means": 0.028332984074950218, "val_loss_mean": 0.10243725776672363, "val_f1_majority_bin": 0.45244690674053556, "val_f1_majority_macro": 0.7126704067916692, "val_acc_majority": 0.9483449477351916, "val_f1_individual_binary": 0.41190893169877413, "val_f1_individual_macro": 0.6913876528494391, "val_acc_individual": 0.9444830208643322, "train_time_millis": 90318.32164002117, "eval_time_millis": 13512.175480020232}, "Epoch6": {"train_loss_means": 0.025629032403230667, "val_loss_mean": 0.10671968758106232, "val_f1_majority_bin": 0.43202668890742285, "val_f1_majority_macro": 0.7003660855961222, "val_acc_majority": 0.9406794425087108, "val_f1_individual_binary": 0.4054982817869416, "val_f1_individual_macro": 0.6861392081012914, "val_acc_individual": 0.937076348245875, "train_time_millis": 90354.77243497735, "eval_time_millis": 13082.465660991147}, "Epoch7": {"train_loss_means": 0.023322496563196182, "val_loss_mean": 0.13367603719234467, "val_f1_majority_bin": 0.44856348470806306, "val_f1_majority_macro": 0.7106854716168624, "val_acc_majority": 0.948170731707317, "val_f1_individual_binary": 0.4129301355578728, "val_f1_individual_macro": 0.6918058999405778, "val_acc_individual": 0.9441523658367226, "train_time_millis": 90285.37255601259, "eval_time_millis": 13393.172412994318}, "Epoch8": {"train_loss_means": 0.02221611700952053, "val_loss_mean": 0.13092245161533356, "val_f1_majority_bin": 0.43811219946571683, "val_f1_majority_macro": 0.7046081444276425, "val_acc_majority": 0.945034843205575, "val_f1_individual_binary": 0.40557583803518094, "val_f1_individual_macro": 0.6872066895707197, "val_acc_individual": 0.9407796845551036, "train_time_millis": 90291.44394601462, "eval_time_millis": 12413.630203984212}, "Epoch9": {"train_loss_means": 0.021290559321641922, "val_loss_mean": 0.13940660655498505, "val_f1_majority_bin": 0.4488636363636364, "val_f1_majority_macro": 0.7111465734776546, "val_acc_majority": 0.9493031358885018, "val_f1_individual_binary": 0.4083769633507853, "val_f1_individual_macro": 0.6894803023657661, "val_acc_individual": 0.9439539728201567, "train_time_millis": 90181.70117796399, "eval_time_millis": 13492.9131459794}, "Test_results": {"test_f1_majority_binary": 0.5155131264916468, "test_f1_majority_macro": 0.7485801777472247, "test_acc_majority": 0.9646341463414634, "test_f1_individual_binary": 0.4429065743944636, "test_f1_individual_macro": 0.7103830496340593, "test_acc_individual": 0.9574116324438713, "test_time_millis": 13400.960272992961, "dataset_size": 57414, "number_of_annotations": 151257, "train_size": 90765, "val_size": 30243, "test_size": 30249}}