{"Epoch0": {"train_loss_means": 2.043445587158203, "val_loss_mean": 1.9813482761383057, "val_f1_majority_bin": 0.044389642775058746, "val_f1_majority_macro": 0.4399055878255009, "val_acc_majority": 0.7192028760910034, "val_f1_individual_binary": 0.3135165572166443, "val_f1_individual_macro": 0.5648801761923884, "val_acc_individual": 0.7100899815559387, "train_acc_means": 0.6564472913742065, "train_time_millis": 152719.63146299822, "eval_time_millis": 28122.727527996176}, "Epoch1": {"train_loss_means": 1.935366153717041, "val_loss_mean": 2.046747922897339, "val_f1_majority_bin": 0.41950228810310364, "val_f1_majority_macro": 0.54881056259376, "val_acc_majority": 0.585869550704956, "val_f1_individual_binary": 0.43618738651275635, "val_f1_individual_macro": 0.5549790986553734, "val_acc_individual": 0.586688756942749, "train_acc_means": 0.7012053728103638, "train_time_millis": 151937.03537299734, "eval_time_millis": 27831.306854001014}, "Epoch2": {"train_loss_means": 1.6408785581588745, "val_loss_mean": 2.1367039680480957, "val_f1_majority_bin": 0.23420074582099915, "val_f1_majority_macro": 0.5243911008201192, "val_acc_majority": 0.7014492750167847, "val_f1_individual_binary": 0.2810344696044922, "val_f1_individual_macro": 0.5472147354127233, "val_acc_individual": 0.7036949396133423, "train_acc_means": 0.7575715780258179, "train_time_millis": 152545.04171000008, "eval_time_millis": 28075.582356999803}, "Test_results": {"test_f1_majority_binary": 0.23821765184402466, "test_f1_majority_macro": 0.5165240118332219, "test_acc_majority": 0.676727294921875, "test_f1_individual_binary": 0.28587380051612854, "test_f1_individual_macro": 0.5420057198873154, "test_acc_individual": 0.6852467060089111, "test_time_millis": 27824.398139004188, "dataset_size": 13768, "number_of_annotations": 41213}}