{"Epoch0": {"train_loss_means": 0.03960982710123062, "val_loss_mean": 0.028452910482883453, "val_f1_majority_bin": 0.15246636771300448, "val_f1_majority_macro": 0.5428291541640314, "val_acc_majority": 0.8761467889908257, "val_f1_individual_binary": 0.21136063408190225, "val_f1_individual_macro": 0.5718865889757411, "val_acc_individual": 0.8754953076120959, "train_time_millis": 13757.835885044187, "eval_time_millis": 3869.2899253219366}, "Epoch1": {"train_loss_means": 0.026057519018650055, "val_loss_mean": 0.02545614168047905, "val_f1_majority_bin": 0.1782178217821782, "val_f1_majority_macro": 0.5599861038735453, "val_acc_majority": 0.891218872870249, "val_f1_individual_binary": 0.22701149425287356, "val_f1_individual_macro": 0.5832606380641476, "val_acc_individual": 0.8877997914494264, "train_time_millis": 13730.943627189845, "eval_time_millis": 3861.17722466588}, "Epoch2": {"train_loss_means": 0.017273729667067528, "val_loss_mean": 0.03127887845039368, "val_f1_majority_bin": 0.24637681159420288, "val_f1_majority_macro": 0.6053435190434981, "val_acc_majority": 0.9318479685452162, "val_f1_individual_binary": 0.29218106995884774, "val_f1_individual_macro": 0.6271977406033256, "val_acc_individual": 0.9282586027111575, "train_time_millis": 13736.64923897013, "eval_time_millis": 3869.6446921676397}, "Epoch3": {"train_loss_means": 0.013298586942255497, "val_loss_mean": 0.03420661762356758, "val_f1_majority_bin": 0.22222222222222224, "val_f1_majority_macro": 0.5905867923805144, "val_acc_majority": 0.9220183486238532, "val_f1_individual_binary": 0.2776735459662289, "val_f1_individual_macro": 0.6175824945244637, "val_acc_individual": 0.9197080291970803, "train_time_millis": 13774.611074011773, "eval_time_millis": 3554.3041368946433}, "Epoch4": {"train_loss_means": 0.010897884145379066, "val_loss_mean": 0.04810518026351929, "val_f1_majority_bin": 0.3008849557522124, "val_f1_majority_macro": 0.637002532316392, "val_acc_majority": 0.9482306684141546, "val_f1_individual_binary": 0.3431372549019608, "val_f1_individual_macro": 0.6569748570305927, "val_acc_individual": 0.9441084462982273, "train_time_millis": 13733.120569959283, "eval_time_millis": 3847.421776037663}, "Epoch5": {"train_loss_means": 0.009945260360836983, "val_loss_mean": 0.0493839755654335, "val_f1_majority_bin": 0.2677165354330709, "val_f1_majority_macro": 0.6179608318190996, "val_acc_majority": 0.9390563564875491, "val_f1_individual_binary": 0.3237250554323725, "val_f1_individual_macro": 0.6451758005031433, "val_acc_individual": 0.9363920750782064, "train_time_millis": 13753.687412943691, "eval_time_millis": 3871.671811211854}, "Epoch6": {"train_loss_means": 0.008881335146725178, "val_loss_mean": 0.06158163771033287, "val_f1_majority_bin": 0.32653061224489793, "val_f1_majority_macro": 0.6520940129606344, "val_acc_majority": 0.9567496723460026, "val_f1_individual_binary": 0.35555555555555557, "val_f1_individual_macro": 0.6652100638016131, "val_acc_individual": 0.9516162669447341, "train_time_millis": 13744.618074968457, "eval_time_millis": 3881.6439267247915}, "Epoch7": {"train_loss_means": 0.008725201711058617, "val_loss_mean": 0.057691141963005066, "val_f1_majority_bin": 0.30909090909090914, "val_f1_majority_macro": 0.6416290711328101, "val_acc_majority": 0.9501965923984272, "val_f1_individual_binary": 0.35, "val_f1_individual_macro": 0.660854189336235, "val_acc_individual": 0.9457768508863399, "train_time_millis": 13736.850102897733, "eval_time_millis": 1749.1030278615654}, "Epoch8": {"train_loss_means": 0.008512027561664581, "val_loss_mean": 0.06339326500892639, "val_f1_majority_bin": 0.3434343434343434, "val_f1_majority_macro": 0.6607114148597386, "val_acc_majority": 0.9574049803407602, "val_f1_individual_binary": 0.3646408839779005, "val_f1_individual_macro": 0.6698583700340305, "val_acc_individual": 0.9520333680917622, "train_time_millis": 13791.69358778745, "eval_time_millis": 2939.0215380117297}, "Epoch9": {"train_loss_means": 0.008240400813519955, "val_loss_mean": 0.06709744036197662, "val_f1_majority_bin": 0.3225806451612903, "val_f1_majority_macro": 0.6506448342399894, "val_acc_majority": 0.9587155963302753, "val_f1_individual_binary": 0.35942028985507246, "val_f1_individual_macro": 0.6677577382212085, "val_acc_individual": 0.953910323253389, "train_time_millis": 13781.237047165632, "eval_time_millis": 3856.726290192455}, "Test_results": {"test_f1_majority_binary": 0.3225806451612903, "test_f1_majority_macro": 0.6506448342399894, "test_acc_majority": 0.9587155963302753, "test_f1_individual_binary": 0.35942028985507246, "test_f1_individual_macro": 0.6677577382212085, "test_acc_individual": 0.953910323253389, "test_time_millis": 3852.750795893371, "dataset_size": 7589, "number_of_annotations": 23814, "train_size": 14386, "val_size": 4795, "test_size": 4633}}