{"Epoch0": {"train_loss_means": 0.3129866421222687, "val_loss_mean": 0.27091360092163086, "val_f1_majority_bin": 0.6753424657534247, "val_f1_majority_macro": 0.7025515065369177, "val_acc_majority": 0.7050404480398258, "val_f1_individual_binary": 0.6494117647058824, "val_f1_individual_macro": 0.6979620919480416, "val_acc_individual": 0.7057661927330173, "train_time_millis": 2781.575363005686, "eval_time_millis": 3228.1333959981566}, "Epoch1": {"train_loss_means": 0.24227163195610046, "val_loss_mean": 0.25824183225631714, "val_f1_majority_bin": 0.7244094488188977, "val_f1_majority_macro": 0.7166513015047784, "val_acc_majority": 0.716863721219664, "val_f1_individual_binary": 0.6941807676434173, "val_f1_individual_macro": 0.706802614037536, "val_acc_individual": 0.707345971563981, "train_time_millis": 2778.021831996739, "eval_time_millis": 3962.5563439985854}, "Epoch2": {"train_loss_means": 0.1893697828054428, "val_loss_mean": 0.25863078236579895, "val_f1_majority_bin": 0.7085798816568047, "val_f1_majority_macro": 0.7484897260056311, "val_acc_majority": 0.7548226509023024, "val_f1_individual_binary": 0.6892369883779688, "val_f1_individual_macro": 0.7449426432975743, "val_acc_individual": 0.7571090047393365, "train_time_millis": 2738.810362003278, "eval_time_millis": 4004.8683489949326}, "Epoch3": {"train_loss_means": 0.15447403490543365, "val_loss_mean": 0.27479663491249084, "val_f1_majority_bin": 0.6974358974358974, "val_f1_majority_macro": 0.7370359584529406, "val_acc_majority": 0.7429993777224643, "val_f1_individual_binary": 0.6803607214428857, "val_f1_individual_macro": 0.7362038287788092, "val_acc_individual": 0.7480252764612955, "train_time_millis": 2757.2332470008405, "eval_time_millis": 3982.2520020024967}, "Epoch4": {"train_loss_means": 0.13186246156692505, "val_loss_mean": 0.2980739176273346, "val_f1_majority_bin": 0.7049180327868851, "val_f1_majority_macro": 0.7466897856242118, "val_acc_majority": 0.7535780958307405, "val_f1_individual_binary": 0.686414708886619, "val_f1_individual_macro": 0.7443664014491047, "val_acc_individual": 0.7575039494470774, "train_time_millis": 2802.6084440061823, "eval_time_millis": 4006.6211789962836}, "Epoch5": {"train_loss_means": 0.11048624664545059, "val_loss_mean": 0.3551473319530487, "val_f1_majority_bin": 0.6634225466342255, "val_f1_majority_macro": 0.7269661950738013, "val_acc_majority": 0.7417548226509023, "val_f1_individual_binary": 0.6565826330532212, "val_f1_individual_macro": 0.7348176965205111, "val_acc_individual": 0.7578988941548184, "train_time_millis": 2748.853462995612, "eval_time_millis": 3876.5328129957197}, "Epoch6": {"train_loss_means": 0.1039939746260643, "val_loss_mean": 0.3679735064506531, "val_f1_majority_bin": 0.6747572815533981, "val_f1_majority_macro": 0.735760845023413, "val_acc_majority": 0.7498444306160548, "val_f1_individual_binary": 0.6644106034968978, "val_f1_individual_macro": 0.7418072464461092, "val_acc_individual": 0.7650078988941548, "train_time_millis": 2729.6051739976974, "eval_time_millis": 3978.5984979971545}, "Epoch7": {"train_loss_means": 0.08667214214801788, "val_loss_mean": 0.377344012260437, "val_f1_majority_bin": 0.701062215477997, "val_f1_majority_macro": 0.7466281541525006, "val_acc_majority": 0.7548226509023024, "val_f1_individual_binary": 0.6846275752773375, "val_f1_individual_macro": 0.7481794451599554, "val_acc_individual": 0.764218009478673, "train_time_millis": 2755.0328990037087, "eval_time_millis": 3951.7162989941426}, "Epoch8": {"train_loss_means": 0.07820352911949158, "val_loss_mean": 0.4572441577911377, "val_f1_majority_bin": 0.649874055415617, "val_f1_majority_macro": 0.7218722723939183, "val_acc_majority": 0.7405102675793404, "val_f1_individual_binary": 0.6407995296884186, "val_f1_individual_macro": 0.7295582542881581, "val_acc_individual": 0.7586887835703001, "train_time_millis": 2806.116084000678, "eval_time_millis": 3944.7466199999326}, "Epoch9": {"train_loss_means": 0.07005571573972702, "val_loss_mean": 0.4487113058567047, "val_f1_majority_bin": 0.6795803066989508, "val_f1_majority_macro": 0.7392838242355513, "val_acc_majority": 0.7529558182949595, "val_f1_individual_binary": 0.6651558073654391, "val_f1_individual_macro": 0.7430053059258235, "val_acc_individual": 0.7665876777251185, "train_time_millis": 2726.283677002357, "eval_time_millis": 3979.431512998417}, "Test_results": {"test_f1_majority_binary": 0.701062215477997, "test_f1_majority_macro": 0.7466281541525006, "test_acc_majority": 0.7548226509023024, "test_f1_individual_binary": 0.6846275752773375, "test_f1_individual_macro": 0.7481794451599554, "test_acc_individual": 0.764218009478673, "test_time_millis": 3935.1208849984687, "dataset_size": 4129, "number_of_annotations": 6575, "train_size": 1470, "val_size": 2532, "test_size": 2573}}