{"batch_size": 32, "num_epochs": 10, "learning_rate": 1e-05, "annotator_ids": ["1", "2", "3"], "seed": 6789, "type": "NO VERDICTS TEXT + SITUATION text", "sbert_model": "sentence-transformers/all-distilroberta-v1", "model_name": "sbert", "use_authors_embeddings": false, "authors_embedding_path": "none", "author_encoder": "compositeUid", "split_type": "sit", "train_stats": "Training Size: 1695, NTA labels 989, YTA labels 706", "val_stats": "Validation Size: 567, NTA labels 336, YTA labels 231", "test_stats": "Test Size: 567, NTA labels 341, YTA labels 226", "epochs": 10, "optimizer": {"lr": 1e-05, "betas": [0.9, 0.999], "eps": 1e-06, "weight_decay": 0.0, "correct_bias": true}, "loss_type": "focal", "test_metrics": {"accuracy": 0.6525573192239859, "f1_weighted": 0.6538848216477798, "macro": 0.6431626866863669, "micro": 0.6525573192239859, "binary": 0.5852631578947368, "accuracy_majority": 0.6507936507936508, "macro_majority": 0.6445748803282425, "binary_majority": 0.5975609756097561, "run_time_millis": 3057.2313939992455, "loss_mean": 0.31814271211624146}, "checkpoint_dir": "../results/perso_scalability_4/ArMIS-compUid_3_annos/2023-12-14_04:50:39:232110_best_model_sampled.pt", "val_metrics": [{"accuracy": 0.6278659611992945, "f1_weighted": 0.5437635336156329, "macro": 0.4960297233654466, "micro": 0.6278659611992945, "binary": 0.2382671480144404, "accuracy_majority": 0.6402116402116402, "macro_majority": 0.5115536637275768, "binary_majority": 0.2608695652173913, "run_time_millis": 4094.9879469990265, "loss_mean": 0.33280646800994873}, {"accuracy": 0.41975308641975306, "f1_weighted": 0.2839766642372447, "macro": 0.32952466528888485, "micro": 0.41975308641975306, "binary": 0.5754838709677419, "accuracy_majority": 0.42857142857142855, "macro_majority": 0.3346805736636245, "binary_majority": 0.5846153846153846, "run_time_millis": 4107.127148003201, "loss_mean": 0.3345537781715393}, {"accuracy": 0.6472663139329806, "f1_weighted": 0.6395395689720889, "macro": 0.6211007457699607, "micro": 0.6472663139329806, "binary": 0.5215311004784688, "accuracy_majority": 0.6666666666666666, "macro_majority": 0.6436843522757878, "binary_majority": 0.5531914893617021, "run_time_millis": 3259.7847109936993, "loss_mean": 0.32246434688568115}, {"accuracy": 0.6525573192239859, "f1_weighted": 0.6538848216477798, "macro": 0.6431626866863669, "micro": 0.6525573192239859, "binary": 0.5852631578947368, "accuracy_majority": 0.6507936507936508, "macro_majority": 0.6445748803282425, "binary_majority": 0.5975609756097561, "run_time_millis": 4116.610987999593, "loss_mean": 0.31814271211624146}, {"accuracy": 0.6278659611992945, "f1_weighted": 0.5474969447801362, "macro": 0.500874034702724, "micro": 0.6278659611992945, "binary": 0.24911032028469754, "accuracy_majority": 0.6349206349206349, "macro_majority": 0.5149339780546773, "binary_majority": 0.2736842105263158, "run_time_millis": 4106.608779002272, "loss_mean": 0.38876745104789734}, {"accuracy": 0.527336860670194, "f1_weighted": 0.5101539899520974, "macro": 0.5206435331230285, "micro": 0.527336860670194, "binary": 0.5772870662460569, "accuracy_majority": 0.5343915343915344, "macro_majority": 0.5231651376146789, "binary_majority": 0.5963302752293578, "run_time_millis": 4089.1540560041904, "loss_mean": 0.3904362916946411}, {"accuracy": 0.5802469135802469, "f1_weighted": 0.5827134337727559, "macro": 0.5795550847457627, "micro": 0.5802469135802469, "binary": 0.5625, "accuracy_majority": 0.5608465608465608, "macro_majority": 0.5606497689399244, "binary_majority": 0.5699481865284974, "run_time_millis": 4093.94831800455, "loss_mean": 0.39036837220191956}, {"accuracy": 0.6278659611992945, "f1_weighted": 0.6209170537506415, "macro": 0.6022084567734987, "micro": 0.6278659611992945, "binary": 0.5011820330969268, "accuracy_majority": 0.6296296296296297, "macro_majority": 0.614869585468095, "binary_majority": 0.5394736842105263, "run_time_millis": 4097.312342004443, "loss_mean": 0.4022250771522522}, {"accuracy": 0.6102292768959435, "f1_weighted": 0.6068546386006703, "macro": 0.5899814471243042, "micro": 0.6102292768959435, "binary": 0.4988662131519274, "accuracy_majority": 0.6137566137566137, "macro_majority": 0.5992156862745098, "binary_majority": 0.5228758169934641, "run_time_millis": 4097.6339769986225, "loss_mean": 0.41753947734832764}, {"accuracy": 0.6102292768959435, "f1_weighted": 0.6100961091372143, "macro": 0.5961134944706417, "micro": 0.6102292768959435, "binary": 0.5206073752711498, "accuracy_majority": 0.6084656084656085, "macro_majority": 0.5990252293577981, "binary_majority": 0.5375, "run_time_millis": 3357.692246005172, "loss_mean": 0.4148985743522644}],