{"Epoch0": {"train_loss_means": 0.2964931130409241, "val_loss_mean": 0.29021480679512024, "val_f1_majority_bin": 0.0, "val_f1_majority_macro": 0.41609028030578815, "val_acc_majority": 0.7125935162094763, "val_f1_individual_binary": 0.0, "val_f1_individual_macro": 0.4199959847420197, "val_acc_individual": 0.7241259951540325, "train_time_millis": 97012.17597303912, "eval_time_millis": 10365.353289991617}, "Epoch1": {"train_loss_means": 0.29598355293273926, "val_loss_mean": 0.2899359166622162, "val_f1_majority_bin": 0.0, "val_f1_majority_macro": 0.41609028030578815, "val_acc_majority": 0.7125935162094763, "val_f1_individual_binary": 0.0, "val_f1_individual_macro": 0.4199959847420197, "val_acc_individual": 0.7241259951540325, "train_time_millis": 96531.25447407365, "eval_time_millis": 12368.423833046108}, "Epoch2": {"train_loss_means": 0.2955469489097595, "val_loss_mean": 0.28841567039489746, "val_f1_majority_bin": 0.0, "val_f1_majority_macro": 0.41609028030578815, "val_acc_majority": 0.7125935162094763, "val_f1_individual_binary": 0.0, "val_f1_individual_macro": 0.4199959847420197, "val_acc_individual": 0.7241259951540325, "train_time_millis": 96472.07436501049, "eval_time_millis": 12366.541933035478}, "Epoch3": {"train_loss_means": 0.29307466745376587, "val_loss_mean": 0.2850043773651123, "val_f1_majority_bin": 0.09034907597535934, "val_f1_majority_macro": 0.4637706423610718, "val_acc_majority": 0.7238154613466334, "val_f1_individual_binary": 0.07451923076923077, "val_f1_individual_macro": 0.45941893604777756, "val_acc_individual": 0.7334717895465559, "train_time_millis": 96475.51936598029, "eval_time_millis": 12361.862063058652}, "Epoch4": {"train_loss_means": 0.29013681411743164, "val_loss_mean": 0.2817912697792053, "val_f1_majority_bin": 0.44717444717444715, "val_f1_majority_macro": 0.6296022611812085, "val_acc_majority": 0.7194513715710723, "val_f1_individual_binary": 0.40462427745664736, "val_f1_individual_macro": 0.608547914786585, "val_acc_individual": 0.7147802007615092, "train_time_millis": 96468.66828098428, "eval_time_millis": 10336.283723940141}, "Epoch5": {"train_loss_means": 0.2874711751937866, "val_loss_mean": 0.279098778963089, "val_f1_majority_bin": 0.44717444717444715, "val_f1_majority_macro": 0.6296022611812085, "val_acc_majority": 0.7194513715710723, "val_f1_individual_binary": 0.40462427745664736, "val_f1_individual_macro": 0.608547914786585, "val_acc_individual": 0.7147802007615092, "train_time_millis": 96464.66324198991, "eval_time_millis": 12366.005953983404}, "Epoch6": {"train_loss_means": 0.2855936884880066, "val_loss_mean": 0.27764856815338135, "val_f1_majority_bin": 0.4842105263157894, "val_f1_majority_macro": 0.6483951059118258, "val_acc_majority": 0.7250623441396509, "val_f1_individual_binary": 0.4296710986703989, "val_f1_individual_macro": 0.6211358482544913, "val_acc_individual": 0.717895465559017, "train_time_millis": 96457.74143899325, "eval_time_millis": 12363.25889499858}, "Epoch7": {"train_loss_means": 0.2845747172832489, "val_loss_mean": 0.2770135998725891, "val_f1_majority_bin": 0.5123258306538049, "val_f1_majority_macro": 0.6561629153269024, "val_acc_majority": 0.7163341645885287, "val_f1_individual_binary": 0.4512428298279159, "val_f1_individual_macro": 0.6233405881142431, "val_acc_individual": 0.7019730010384216, "train_time_millis": 96459.5186059596, "eval_time_millis": 12365.447146003135}, "Epoch8": {"train_loss_means": 0.28450995683670044, "val_loss_mean": 0.2765386700630188, "val_f1_majority_bin": 0.5123258306538049, "val_f1_majority_macro": 0.6561629153269024, "val_acc_majority": 0.7163341645885287, "val_f1_individual_binary": 0.4512428298279159, "val_f1_individual_macro": 0.6233405881142431, "val_acc_individual": 0.7019730010384216, "train_time_millis": 96464.83310998883, "eval_time_millis": 12364.969077985734}, "Epoch9": {"train_loss_means": 0.28377294540405273, "val_loss_mean": 0.27652648091316223, "val_f1_majority_bin": 0.5123258306538049, "val_f1_majority_macro": 0.6561629153269024, "val_acc_majority": 0.7163341645885287, "val_f1_individual_binary": 0.4512428298279159, "val_f1_individual_macro": 0.6233405881142431, "val_acc_individual": 0.7019730010384216, "train_time_millis": 96486.82309000287, "eval_time_millis": 11346.272971946746}, "Test_results": {"test_f1_majority_binary": 0.4842105263157894, "test_f1_majority_macro": 0.6483951059118258, "test_acc_majority": 0.7250623441396509, "test_f1_individual_binary": 0.4296710986703989, "test_f1_individual_macro": 0.6211358482544913, "test_acc_individual": 0.717895465559017, "test_time_millis": 10332.156841061078, "dataset_size": 8365, "number_of_annotations": 15180, "train_size": 8958, "val_size": 2889, "test_size": 3333}}