{"Epoch0": {"train_loss_means": 0.2817651927471161, "val_loss_mean": 0.2064400017261505, "val_f1_majority_bin": 0.4516128897666931, "val_f1_majority_macro": 0.7152312769550413, "val_acc_majority": 0.959270179271698, "val_f1_individual_binary": 0.4516128897666931, "val_f1_individual_macro": 0.7152312769550413, "val_acc_individual": 0.959270179271698, "train_acc_means": 0.9713982939720154, "train_time_millis": 311620.625, "eval_time_millis": 10446.60546875}, "Epoch1": {"train_loss_means": 0.14662428200244904, "val_loss_mean": 0.20488157868385315, "val_f1_majority_bin": 0.5088757276535034, "val_f1_majority_macro": 0.7465436335660651, "val_acc_majority": 0.9694065451622009, "val_f1_individual_binary": 0.5088757276535034, "val_f1_individual_macro": 0.7465436335660651, "val_acc_individual": 0.9694065451622009, "train_acc_means": 0.9716286063194275, "train_time_millis": 307673.375, "eval_time_millis": 15269.4287109375}, "Epoch2": {"train_loss_means": 0.10362894833087921, "val_loss_mean": 0.25916123390197754, "val_f1_majority_bin": 0.5079365372657776, "val_f1_majority_macro": 0.7466132193284134, "val_acc_majority": 0.9714338183403015, "val_f1_individual_binary": 0.5079365372657776, "val_f1_individual_macro": 0.7466132193284134, "val_acc_individual": 0.9714338183403015, "train_acc_means": 0.9759809970855713, "train_time_millis": 303046.40625, "eval_time_millis": 15592.1572265625}, "Test_results": {"test_f1_majority_binary": 0.46979865431785583, "test_f1_majority_macro": 0.7274154334441305, "test_acc_majority": 0.9708862900733948, "test_f1_individual_binary": 0.46979865431785583, "test_f1_individual_macro": 0.7274154334441305, "test_acc_individual": 0.9708862900733948, "test_time_millis": 16013.412109375, "dataset_size": 58011, "number_of_annotations": 58011}}