{"Epoch0": {"train_loss_means": 0.4436885714530945, "val_loss_mean": 0.3137778341770172, "val_f1_majority_bin": 0.40484848618507385, "val_f1_majority_macro": 0.6914433415878154, "val_acc_majority": 0.9576395750045776, "val_f1_individual_binary": 0.3509732484817505, "val_f1_individual_macro": 0.6613631468342197, "val_acc_individual": 0.9458622932434082, "train_acc_means": 0.9712733030319214, "train_time_millis": 47605.95087893307, "eval_time_millis": 23777.197410934605}, "Epoch1": {"train_loss_means": 0.23373542726039886, "val_loss_mean": 0.30309414863586426, "val_f1_majority_bin": 0.30869850516319275, "val_f1_majority_macro": 0.6299415445538717, "val_acc_majority": 0.9088085293769836, "val_f1_individual_binary": 0.31530898809432983, "val_f1_individual_macro": 0.6309932966789872, "val_acc_individual": 0.9010604023933411, "train_acc_means": 0.9630240797996521, "train_time_millis": 48109.05840003397, "eval_time_millis": 24059.442199068144}, "Epoch2": {"train_loss_means": 0.13854844868183136, "val_loss_mean": 0.478544682264328, "val_f1_majority_bin": 0.4329896867275238, "val_f1_majority_macro": 0.7079404303939315, "val_acc_majority": 0.9667845964431763, "val_f1_individual_binary": 0.33717578649520874, "val_f1_individual_macro": 0.6564921823435313, "val_acc_individual": 0.9533208012580872, "train_acc_means": 0.9702057242393494, "train_time_millis": 48330.502441036515, "eval_time_millis": 24037.89896494709}, "Test_results": {"test_f1_majority_binary": 0.4159291982650757, "test_f1_majority_macro": 0.699167729546702, "test_acc_majority": 0.9658414721488953, "test_f1_individual_binary": 0.33091437816619873, "test_f1_individual_macro": 0.6533243282349941, "test_acc_individual": 0.9531670808792114, "test_time_millis": 23847.83244691789, "dataset_size": 33474, "number_of_annotations": 33474}}