{"Epoch0": {"train_loss_means": 3.6236155033111572, "val_loss_mean": 3.730318069458008, "val_f1_majority_bin": 0.0, "val_f1_majority_macro": 0.4173641884129328, "val_acc_majority": 0.716338038444519, "val_f1_individual_binary": 0.22441145777702332, "val_f1_individual_macro": 0.5141975833486625, "val_acc_individual": 0.6870579719543457, "train_acc_means": 0.6594029664993286, "train_time_millis": 1334892.7842720004, "eval_time_millis": 248045.91065601562}, "Epoch1": {"train_loss_means": 3.5102317333221436, "val_loss_mean": 3.689208745956421, "val_f1_majority_bin": 0.0, "val_f1_majority_macro": 0.4173641884129328, "val_acc_majority": 0.716338038444519, "val_f1_individual_binary": 0.3203040063381195, "val_f1_individual_macro": 0.554165282423174, "val_acc_individual": 0.6768364906311035, "train_acc_means": 0.7095370292663574, "train_time_millis": 1319830.9681980172, "eval_time_millis": 237629.0838549903}, "Epoch2": {"train_loss_means": 3.3973255157470703, "val_loss_mean": 3.6864349842071533, "val_f1_majority_bin": 0.1122807040810585, "val_f1_majority_macro": 0.47124102201813256, "val_acc_majority": 0.7149295806884766, "val_f1_individual_binary": 0.34594017267227173, "val_f1_individual_macro": 0.5687906558873477, "val_acc_individual": 0.6839605569839478, "train_acc_means": 0.7129766941070557, "train_time_millis": 1270028.0477330089, "eval_time_millis": 232149.14312100154}, "Epoch3": {"train_loss_means": 3.151052713394165, "val_loss_mean": 3.8240714073181152, "val_f1_majority_bin": 0.31082653999328613, "val_f1_majority_macro": 0.5454169873363072, "val_acc_majority": 0.6664788722991943, "val_f1_individual_binary": 0.40870171785354614, "val_f1_individual_macro": 0.5803766562557164, "val_acc_individual": 0.6506117582321167, "train_acc_means": 0.7364837527275085, "train_time_millis": 1256585.2061839832, "eval_time_millis": 232104.78154500015}, "Test_results": {"test_f1_majority_binary": 0.3333333432674408, "test_f1_majority_macro": 0.554928517682468, "test_acc_majority": 0.6652578115463257, "test_f1_individual_binary": 0.404087632894516, "test_f1_individual_macro": 0.581843282877005, "test_acc_individual": 0.6574060320854187, "test_time_millis": 232235.8708740212, "dataset_size": 17699, "number_of_annotations": 95778}}