{"Epoch0": {"train_loss_means": 0.05005616322159767, "val_loss_mean": 0.042346350848674774, "val_f1_majority_bin": 0.38772213247172854, "val_f1_majority_macro": 0.6854332254531202, "val_acc_majority": 0.9671918282548476, "val_f1_individual_binary": 0.3647798742138365, "val_f1_individual_macro": 0.6726163741109825, "val_acc_individual": 0.9620728501689824, "train_time_millis": 110506.27901400003, "eval_time_millis": 16704.007614996954}, "Epoch1": {"train_loss_means": 0.0399453267455101, "val_loss_mean": 0.042180292308330536, "val_f1_majority_bin": 0.3845007451564828, "val_f1_majority_macro": 0.6830451837938611, "val_acc_majority": 0.9642486149584487, "val_f1_individual_binary": 0.3691026827012026, "val_f1_individual_macro": 0.6743837702372373, "val_acc_individual": 0.9605996707010601, "train_time_millis": 110959.15018899905, "eval_time_millis": 16451.901928998268}, "Epoch2": {"train_loss_means": 0.035389211028814316, "val_loss_mean": 0.04489753022789955, "val_f1_majority_bin": 0.3884673748103187, "val_f1_majority_macro": 0.6852561868482424, "val_acc_majority": 0.9651142659279779, "val_f1_individual_binary": 0.3724202626641651, "val_f1_individual_macro": 0.6762408290342254, "val_acc_individual": 0.9613507033709813, "train_time_millis": 111006.3520199983, "eval_time_millis": 16614.60980099946}, "Epoch3": {"train_loss_means": 0.031107882037758827, "val_loss_mean": 0.048771653324365616, "val_f1_majority_bin": 0.39246467817896385, "val_f1_majority_macro": 0.6876197072294206, "val_acc_majority": 0.9664993074792244, "val_f1_individual_binary": 0.3760191846522781, "val_f1_individual_macro": 0.6783227577841231, "val_acc_individual": 0.9624194806320229, "train_time_millis": 110963.40014499947, "eval_time_millis": 16559.543363000557}, "Epoch4": {"train_loss_means": 0.02754928544163704, "val_loss_mean": 0.05421304702758789, "val_f1_majority_bin": 0.3686502177068215, "val_f1_majority_macro": 0.6746217851862236, "val_acc_majority": 0.9623441828254847, "val_f1_individual_binary": 0.36870503597122306, "val_f1_individual_macro": 0.6738770949396808, "val_acc_individual": 0.9594442358242583, "train_time_millis": 111027.29745500255, "eval_time_millis": 16508.674715998495}, "Epoch5": {"train_loss_means": 0.024831710383296013, "val_loss_mean": 0.06536022573709488, "val_f1_majority_bin": 0.4137931034482759, "val_f1_majority_macro": 0.7001212439568897, "val_acc_majority": 0.97351108033241, "val_f1_individual_binary": 0.3650615901455767, "val_f1_individual_macro": 0.6741248174887287, "val_acc_individual": 0.9672434212426703, "train_time_millis": 110955.56665700133, "eval_time_millis": 16590.41729599994}, "Epoch6": {"train_loss_means": 0.022734705358743668, "val_loss_mean": 0.06641203165054321, "val_f1_majority_bin": 0.36225266362252667, "val_f1_majority_macro": 0.6717932360746394, "val_acc_majority": 0.9637292243767313, "val_f1_individual_binary": 0.35079513564078585, "val_f1_individual_macro": 0.6650547958382768, "val_acc_individual": 0.9599064097749791, "train_time_millis": 110828.42615000118, "eval_time_millis": 16617.774697999266}, "Epoch7": {"train_loss_means": 0.021026071161031723, "val_loss_mean": 0.07221992313861847, "val_f1_majority_bin": 0.37785016286644957, "val_f1_majority_macro": 0.6804324180272666, "val_acc_majority": 0.9669321329639889, "val_f1_individual_binary": 0.36164927968206656, "val_f1_individual_macro": 0.6712671835375748, "val_acc_individual": 0.9628816545827436, "train_time_millis": 111022.26675199927, "eval_time_millis": 16479.83524299707}, "Epoch8": {"train_loss_means": 0.02019835077226162, "val_loss_mean": 0.07688313722610474, "val_f1_majority_bin": 0.3727714748784441, "val_f1_majority_macro": 0.6777807656777599, "val_acc_majority": 0.9664993074792244, "val_f1_individual_binary": 0.3542688910696762, "val_f1_individual_macro": 0.6673427788681714, "val_acc_individual": 0.9619861925532223, "train_time_millis": 110974.9640480004, "eval_time_millis": 16811.340246000327}, "Epoch9": {"train_loss_means": 0.019461918622255325, "val_loss_mean": 0.08133916556835175, "val_f1_majority_bin": 0.38047138047138046, "val_f1_majority_macro": 0.6820615454111678, "val_acc_majority": 0.9681440443213296, "val_f1_individual_binary": 0.35750251762336355, "val_f1_individual_macro": 0.6692645520966398, "val_acc_individual": 0.963141627430024, "train_time_millis": 110739.1347690027, "eval_time_millis": 16882.484820998798}, "Test_results": {"test_f1_majority_binary": 0.4137931034482759, "test_f1_majority_macro": 0.7001212439568897, "test_acc_majority": 0.97351108033241, "test_f1_individual_binary": 0.3650615901455767, "test_f1_individual_macro": 0.6741248174887287, "test_acc_individual": 0.9672434212426703, "test_time_millis": 16784.213399998407, "dataset_size": 57784, "number_of_annotations": 173255, "train_size": 103982, "val_size": 34619, "test_size": 34654}}