{"Epoch0": {"train_loss_means": 0.04019367694854736, "val_loss_mean": 0.037008240818977356, "val_f1_majority_bin": 0.08849557522123894, "val_f1_majority_macro": 0.516334508477828, "val_acc_majority": 0.8947906026557712, "val_f1_individual_binary": 0.08743169398907104, "val_f1_individual_macro": 0.5168928466733019, "val_acc_individual": 0.8986650485436893, "train_time_millis": 5091.572572942823, "eval_time_millis": 2731.6175890155137}, "Epoch1": {"train_loss_means": 0.03492114692926407, "val_loss_mean": 0.03246259316802025, "val_f1_majority_bin": 0.10619469026548674, "val_f1_majority_macro": 0.4595210634774006, "val_acc_majority": 0.6905005107252298, "val_f1_individual_binary": 0.09747292418772564, "val_f1_individual_macro": 0.45756213678387014, "val_acc_individual": 0.6966019417475728, "train_time_millis": 5080.522969830781, "eval_time_millis": 1769.6458618156612}, "Epoch2": {"train_loss_means": 0.026921363547444344, "val_loss_mean": 0.03113487735390663, "val_f1_majority_bin": 0.14345991561181434, "val_f1_majority_macro": 0.5127526190493703, "val_acc_majority": 0.7926455566905005, "val_f1_individual_binary": 0.125, "val_f1_individual_macro": 0.5048076923076923, "val_acc_individual": 0.7961165048543689, "train_time_millis": 5102.166045922786, "eval_time_millis": 2671.191206201911}, "Epoch3": {"train_loss_means": 0.021261034533381462, "val_loss_mean": 0.03294060006737709, "val_f1_majority_bin": 0.132890365448505, "val_f1_majority_macro": 0.4876883933458578, "val_acc_majority": 0.7334014300306435, "val_f1_individual_binary": 0.11428571428571428, "val_f1_individual_macro": 0.479808573465024, "val_acc_individual": 0.7366504854368932, "train_time_millis": 5082.391396164894, "eval_time_millis": 2709.6404349431396}, "Epoch4": {"train_loss_means": 0.017515605315566063, "val_loss_mean": 0.03460037708282471, "val_f1_majority_bin": 0.14134275618374556, "val_f1_majority_macro": 0.4981340646590369, "val_acc_majority": 0.7517875383043923, "val_f1_individual_binary": 0.1217391304347826, "val_f1_individual_macro": 0.4896424848224688, "val_acc_individual": 0.7548543689320388, "train_time_millis": 5116.346858907491, "eval_time_millis": 1084.1694888658822}, "Epoch5": {"train_loss_means": 0.013661581091582775, "val_loss_mean": 0.048808567225933075, "val_f1_majority_bin": 0.22608695652173913, "val_f1_majority_macro": 0.5888980631767675, "val_acc_majority": 0.9090909090909091, "val_f1_individual_binary": 0.1935483870967742, "val_f1_individual_macro": 0.5726584379213775, "val_acc_individual": 0.9089805825242718, "train_time_millis": 5103.175215888768, "eval_time_millis": 2738.4178289212286}, "Epoch6": {"train_loss_means": 0.011907365173101425, "val_loss_mean": 0.048422835767269135, "val_f1_majority_bin": 0.21276595744680854, "val_f1_majority_macro": 0.5758381245682034, "val_acc_majority": 0.8866189989785496, "val_f1_individual_binary": 0.17543859649122806, "val_f1_individual_macro": 0.5570804455728631, "val_acc_individual": 0.8859223300970874, "train_time_millis": 5084.207931067795, "eval_time_millis": 2722.96077106148}, "Epoch7": {"train_loss_means": 0.010873076505959034, "val_loss_mean": 0.048677071928977966, "val_f1_majority_bin": 0.19161676646706588, "val_f1_majority_macro": 0.5581199410224776, "val_acc_majority": 0.8621041879468846, "val_f1_individual_binary": 0.15613382899628253, "val_f1_individual_macro": 0.5405710439992976, "val_acc_individual": 0.8622572815533981, "train_time_millis": 5071.439024992287, "eval_time_millis": 2736.949621234089}, "Epoch8": {"train_loss_means": 0.009158243425190449, "val_loss_mean": 0.05803398787975311, "val_f1_majority_bin": 0.20168067226890754, "val_f1_majority_macro": 0.5750110811045461, "val_acc_majority": 0.9029622063329928, "val_f1_individual_binary": 0.16666666666666666, "val_f1_individual_macro": 0.5575601374570447, "val_acc_individual": 0.9029126213592233, "train_time_millis": 5067.992689087987, "eval_time_millis": 2735.127476043999}, "Epoch9": {"train_loss_means": 0.008945579640567303, "val_loss_mean": 0.05698850005865097, "val_f1_majority_bin": 0.20634920634920637, "val_f1_majority_macro": 0.5758820267553892, "val_acc_majority": 0.8978549540347294, "val_f1_individual_binary": 0.1764705882352941, "val_f1_individual_macro": 0.5610684118408036, "val_acc_individual": 0.8980582524271845, "train_time_millis": 5078.731836285442, "eval_time_millis": 692.6116817630827}, "Test_results": {"test_f1_majority_binary": 0.22608695652173913, "test_f1_majority_macro": 0.5888980631767675, "test_acc_majority": 0.9090909090909091, "test_f1_individual_binary": 0.1935483870967742, "test_f1_individual_macro": 0.5726584379213775, "test_acc_individual": 0.9089805825242718, "test_time_millis": 2624.8160619288683, "dataset_size": 4890, "number_of_annotations": 8334, "train_size": 5055, "val_size": 1648, "test_size": 1631}}