{"Epoch0": {"train_loss_means": 0.06862969696521759, "val_loss_mean": 0.06305356323719025, "val_f1_majority_bin": 0.5817174515235457, "val_f1_majority_macro": 0.7841410462529197, "val_acc_majority": 0.9739655172413794, "val_f1_individual_binary": 0.42857142857142866, "val_f1_individual_macro": 0.7033288662556956, "val_acc_individual": 0.9577912691529343, "train_time_millis": 113810.48511795234, "eval_time_millis": 15604.779470013455}, "Epoch1": {"train_loss_means": 0.05905744060873985, "val_loss_mean": 0.06478894501924515, "val_f1_majority_bin": 0.5698478561549102, "val_f1_majority_macro": 0.7780057450459117, "val_acc_majority": 0.9731896551724138, "val_f1_individual_binary": 0.4255595199481025, "val_f1_individual_macro": 0.7017017321257283, "val_acc_individual": 0.9573335260672642, "train_time_millis": 113783.91979797743, "eval_time_millis": 15603.104469948448}, "Epoch2": {"train_loss_means": 0.051923006772994995, "val_loss_mean": 0.06714402884244919, "val_f1_majority_bin": 0.5565912117177096, "val_f1_majority_macro": 0.7708787944195925, "val_acc_majority": 0.9712931034482759, "val_f1_individual_binary": 0.4258267716535433, "val_f1_individual_macro": 0.7014969456519241, "val_acc_individual": 0.9560807555170088, "train_time_millis": 113881.7351810867, "eval_time_millis": 15605.839041993022}, "Epoch3": {"train_loss_means": 0.04564368724822998, "val_loss_mean": 0.07840707898139954, "val_f1_majority_bin": 0.5664739884393063, "val_f1_majority_macro": 0.776572697080858, "val_acc_majority": 0.9741379310344828, "val_f1_individual_binary": 0.42144302090357383, "val_f1_individual_macro": 0.7000032093899505, "val_acc_individual": 0.9586585718415727, "train_time_millis": 113878.88748792466, "eval_time_millis": 15601.561300922185}, "Epoch4": {"train_loss_means": 0.04118584096431732, "val_loss_mean": 0.08850505948066711, "val_f1_majority_bin": 0.5469168900804289, "val_f1_majority_macro": 0.7659319464208147, "val_acc_majority": 0.9708620689655172, "val_f1_individual_binary": 0.41695887790883013, "val_f1_individual_macro": 0.6970308729984066, "val_acc_individual": 0.9559362050689024, "train_time_millis": 113846.8214730965, "eval_time_millis": 15602.318951045163}, "Epoch5": {"train_loss_means": 0.03810908645391464, "val_loss_mean": 0.10761242359876633, "val_f1_majority_bin": 0.5365853658536586, "val_f1_majority_macro": 0.7602421945454012, "val_acc_majority": 0.9688793103448275, "val_f1_individual_binary": 0.41771762534604734, "val_f1_individual_macro": 0.6969927059846266, "val_acc_individual": 0.9543943336224342, "train_time_millis": 113893.47475604154, "eval_time_millis": 15598.345880047418}, "Epoch6": {"train_loss_means": 0.03608763962984085, "val_loss_mean": 0.11861780285835266, "val_f1_majority_bin": 0.5369649805447472, "val_f1_majority_macro": 0.760524043618488, "val_acc_majority": 0.9692241379310345, "val_f1_individual_binary": 0.41196423065063215, "val_f1_individual_macro": 0.6940294496364239, "val_acc_individual": 0.9540570492435193, "train_time_millis": 113723.74267398845, "eval_time_millis": 15603.798094089143}, "Epoch7": {"train_loss_means": 0.03423380106687546, "val_loss_mean": 0.12686306238174438, "val_f1_majority_bin": 0.5119196988707654, "val_f1_majority_macro": 0.7472779764719403, "val_acc_majority": 0.9664655172413793, "val_f1_individual_binary": 0.402636309167166, "val_f1_individual_macro": 0.6888052903048612, "val_acc_individual": 0.9519610677459767, "train_time_millis": 113843.89217698481, "eval_time_millis": 15606.911670067348}, "Epoch8": {"train_loss_means": 0.03340094909071922, "val_loss_mean": 0.12983156740665436, "val_f1_majority_bin": 0.5055487053020962, "val_f1_majority_macro": 0.7438190621065843, "val_acc_majority": 0.9654310344827586, "val_f1_individual_binary": 0.3996463306808134, "val_f1_individual_macro": 0.6870316352548786, "val_acc_individual": 0.9509251228678809, "train_time_millis": 113866.71218392439, "eval_time_millis": 15603.971576085314}, "Epoch9": {"train_loss_means": 0.03232783079147339, "val_loss_mean": 0.1377306431531906, "val_f1_majority_bin": 0.5099009900990099, "val_f1_majority_macro": 0.7461080513196015, "val_acc_majority": 0.9658620689655173, "val_f1_individual_binary": 0.40165386887182514, "val_f1_individual_macro": 0.6881055982560809, "val_acc_individual": 0.9511901320227426, "train_time_millis": 113801.10809695907, "eval_time_millis": 15594.255822012201}, "Test_results": {"test_f1_majority_binary": 0.5664739884393063, "test_f1_majority_macro": 0.776572697080858, "test_acc_majority": 0.9741379310344828, "test_f1_individual_binary": 0.42144302090357383, "test_f1_individual_macro": 0.7000032093899505, "test_acc_individual": 0.9586585718415727, "test_time_millis": 15579.496509977616, "dataset_size": 58005, "number_of_annotations": 207515, "train_size": 124394, "val_size": 41508, "test_size": 41613}}