{"Epoch0": {"train_loss_means": 0.17769351601600647, "val_loss_mean": 0.1494213193655014, "val_f1_majority_bin": 0.7435897435897436, "val_f1_majority_macro": 0.8033017211099404, "val_acc_majority": 0.8214285714285714, "val_f1_individual_binary": 0.6397058823529412, "val_f1_individual_macro": 0.7413273001508296, "val_acc_individual": 0.78125, "train_time_millis": 2095.106321008643, "eval_time_millis": 2237.6165939931525}, "Epoch1": {"train_loss_means": 0.12001717835664749, "val_loss_mean": 0.14060184359550476, "val_f1_majority_bin": 0.7664670658682635, "val_f1_majority_macro": 0.8138385151405374, "val_acc_majority": 0.8258928571428571, "val_f1_individual_binary": 0.6550522648083624, "val_f1_individual_macro": 0.7462453442268413, "val_acc_individual": 0.7790178571428571, "train_time_millis": 1510.52682500449, "eval_time_millis": 2250.01039399649}, "Epoch2": {"train_loss_means": 0.0812055915594101, "val_loss_mean": 0.20952045917510986, "val_f1_majority_bin": 0.6554621848739496, "val_f1_majority_macro": 0.765421062041838, "val_acc_majority": 0.8169642857142857, "val_f1_individual_binary": 0.5888324873096447, "val_f1_individual_macro": 0.7364763294917323, "val_acc_individual": 0.8191964285714286, "train_time_millis": 1514.3616040004417, "eval_time_millis": 2236.9356029958}, "Epoch3": {"train_loss_means": 0.06587959825992584, "val_loss_mean": 0.19429564476013184, "val_f1_majority_bin": 0.7586206896551724, "val_f1_majority_macro": 0.8215545692500285, "val_acc_majority": 0.84375, "val_f1_individual_binary": 0.6390041493775934, "val_f1_individual_macro": 0.7530898609483387, "val_acc_individual": 0.8058035714285714, "train_time_millis": 1515.8113770012278, "eval_time_millis": 869.0776939911302}, "Epoch4": {"train_loss_means": 0.057092808187007904, "val_loss_mean": 0.17809338867664337, "val_f1_majority_bin": 0.794701986754967, "val_f1_majority_macro": 0.8451624411889314, "val_acc_majority": 0.8616071428571429, "val_f1_individual_binary": 0.691358024691358, "val_f1_individual_macro": 0.788251753540166, "val_acc_individual": 0.8325892857142857, "train_time_millis": 1509.2922559997533, "eval_time_millis": 1907.9771709948545}, "Epoch5": {"train_loss_means": 0.05244317650794983, "val_loss_mean": 0.25729456543922424, "val_f1_majority_bin": 0.7857142857142857, "val_f1_majority_macro": 0.8441558441558441, "val_acc_majority": 0.8660714285714286, "val_f1_individual_binary": 0.6760563380281691, "val_f1_individual_macro": 0.7875157239189161, "val_acc_individual": 0.8459821428571429, "train_time_millis": 1530.7261959969765, "eval_time_millis": 1583.1029510009103}, "Epoch6": {"train_loss_means": 0.04919121414422989, "val_loss_mean": 0.2057114839553833, "val_f1_majority_bin": 0.7870967741935485, "val_f1_majority_macro": 0.8372343939227128, "val_acc_majority": 0.8526785714285714, "val_f1_individual_binary": 0.6808510638297872, "val_f1_individual_macro": 0.7836933080117165, "val_acc_individual": 0.8325892857142857, "train_time_millis": 1545.9160199970938, "eval_time_millis": 1268.9747580006951}, "Epoch7": {"train_loss_means": 0.04196159914135933, "val_loss_mean": 0.3178693652153015, "val_f1_majority_bin": 0.7948717948717949, "val_f1_majority_macro": 0.8426413768879522, "val_acc_majority": 0.8571428571428571, "val_f1_individual_binary": 0.6697247706422018, "val_f1_individual_macro": 0.7817650401883576, "val_acc_individual": 0.8392857142857143, "train_time_millis": 1528.2963089994155, "eval_time_millis": 1443.5339940100675}, "Epoch8": {"train_loss_means": 0.03628851845860481, "val_loss_mean": 0.4291762411594391, "val_f1_majority_bin": 0.7862068965517242, "val_f1_majority_macro": 0.8419483327643109, "val_acc_majority": 0.8616071428571429, "val_f1_individual_binary": 0.6192893401015229, "val_f1_individual_macro": 0.7559966013812336, "val_acc_individual": 0.8325892857142857, "train_time_millis": 1539.623512988328, "eval_time_millis": 2247.6217080111383}, "Epoch9": {"train_loss_means": 0.03261305391788483, "val_loss_mean": 0.3808704912662506, "val_f1_majority_bin": 0.7919463087248323, "val_f1_majority_macro": 0.844133689479473, "val_acc_majority": 0.8616071428571429, "val_f1_individual_binary": 0.6571428571428571, "val_f1_individual_macro": 0.7760932944606413, "val_acc_individual": 0.8392857142857143, "train_time_millis": 1534.4009320106125, "eval_time_millis": 2241.43496301258}, "Test_results": {"test_f1_majority_binary": 0.7857142857142857, "test_f1_majority_macro": 0.8441558441558441, "test_acc_majority": 0.8660714285714286, "test_f1_individual_binary": 0.6760563380281691, "test_f1_individual_macro": 0.7875157239189161, "test_acc_individual": 0.8459821428571429, "test_time_millis": 1779.8271589999786, "dataset_size": 1120, "number_of_annotations": 2240, "train_size": 1344, "val_size": 448, "test_size": 448}}