{"Epoch0": {"train_loss_means": 0.1412811428308487, "val_loss_mean": 0.13987615704536438, "val_f1_majority_bin": 0.6035502958579881, "val_f1_majority_macro": 0.7287903984736563, "val_acc_majority": 0.7866242038216561, "val_f1_individual_binary": 0.5640194489465155, "val_f1_individual_macro": 0.7112574888078185, "val_acc_individual": 0.7863383637807784, "train_time_millis": 1499.5681629998217, "eval_time_millis": 3057.2769169998537}, "Epoch1": {"train_loss_means": 0.10806088149547577, "val_loss_mean": 0.12029169499874115, "val_f1_majority_bin": 0.6625766871165644, "val_f1_majority_macro": 0.7721485586120456, "val_acc_majority": 0.8248407643312102, "val_f1_individual_binary": 0.6042692939244663, "val_f1_individual_macro": 0.7390125935311174, "val_acc_individual": 0.8085782366957903, "train_time_millis": 922.7670089999265, "eval_time_millis": 3040.7641460001287}, "Epoch2": {"train_loss_means": 0.07818177342414856, "val_loss_mean": 0.13022485375404358, "val_f1_majority_bin": 0.6808510638297872, "val_f1_majority_macro": 0.7942242998820395, "val_acc_majority": 0.856687898089172, "val_f1_individual_binary": 0.6315789473684211, "val_f1_individual_macro": 0.7686573041081508, "val_acc_individual": 0.8498808578236696, "train_time_millis": 919.1160590000891, "eval_time_millis": 3021.58184599989}, "Epoch3": {"train_loss_means": 0.06137095391750336, "val_loss_mean": 0.1230517029762268, "val_f1_majority_bin": 0.6772151898734178, "val_f1_majority_macro": 0.7843522757877728, "val_acc_majority": 0.8375796178343949, "val_f1_individual_binary": 0.6209262435677531, "val_f1_individual_macro": 0.7533571786314217, "val_acc_individual": 0.8244638602065131, "train_time_millis": 943.0206119998275, "eval_time_millis": 2129.5247890000155}, "Epoch4": {"train_loss_means": 0.049977246671915054, "val_loss_mean": 0.13935412466526031, "val_f1_majority_bin": 0.6824324324324323, "val_f1_majority_macro": 0.7922578828828828, "val_acc_majority": 0.8503184713375797, "val_f1_individual_binary": 0.6288848263254113, "val_f1_individual_macro": 0.762945710981072, "val_acc_individual": 0.8387609213661636, "train_time_millis": 869.2731199998889, "eval_time_millis": 3036.166375999983}, "Epoch5": {"train_loss_means": 0.04336404800415039, "val_loss_mean": 0.1577664315700531, "val_f1_majority_bin": 0.6857142857142857, "val_f1_majority_macro": 0.7977751756440281, "val_acc_majority": 0.8598726114649682, "val_f1_individual_binary": 0.6356589147286822, "val_f1_individual_macro": 0.7708764104112942, "val_acc_individual": 0.8506751389992058, "train_time_millis": 924.5453380001436, "eval_time_millis": 3042.5942560000294}, "Epoch6": {"train_loss_means": 0.03997281938791275, "val_loss_mean": 0.16908955574035645, "val_f1_majority_bin": 0.6832740213523132, "val_f1_majority_macro": 0.7959959850351309, "val_acc_majority": 0.85828025477707, "val_f1_individual_binary": 0.6279069767441859, "val_f1_individual_macro": 0.766001440420045, "val_acc_individual": 0.8474980142970612, "train_time_millis": 925.991569999951, "eval_time_millis": 3039.966318999859}, "Epoch7": {"train_loss_means": 0.03654622286558151, "val_loss_mean": 0.1884469836950302, "val_f1_majority_bin": 0.6863468634686347, "val_f1_majority_macro": 0.80002622361249, "val_acc_majority": 0.8646496815286624, "val_f1_individual_binary": 0.639511201629328, "val_f1_individual_macro": 0.7760950186735689, "val_acc_individual": 0.8594122319301033, "train_time_millis": 879.6230549999109, "eval_time_millis": 2480.4857839999386}, "Epoch8": {"train_loss_means": 0.037241872400045395, "val_loss_mean": 0.20883670449256897, "val_f1_majority_bin": 0.6870229007633587, "val_f1_majority_macro": 0.8022639654722226, "val_acc_majority": 0.8694267515923567, "val_f1_individual_binary": 0.6427061310782242, "val_f1_individual_macro": 0.7800327721405791, "val_acc_individual": 0.8657664813343924, "train_time_millis": 938.7037970000165, "eval_time_millis": 2123.933516000079}, "Epoch9": {"train_loss_means": 0.03461751714348793, "val_loss_mean": 0.21968288719654083, "val_f1_majority_bin": 0.6846153846153846, "val_f1_majority_macro": 0.8011430336731542, "val_acc_majority": 0.8694267515923567, "val_f1_individual_binary": 0.6324786324786326, "val_f1_individual_macro": 0.7742880967271211, "val_acc_individual": 0.8633836378077839, "train_time_millis": 935.2732429999833, "eval_time_millis": 2188.174242000059}, "Test_results": {"test_f1_majority_binary": 0.6870229007633587, "test_f1_majority_macro": 0.8022639654722226, "test_acc_majority": 0.8694267515923567, "test_f1_individual_binary": 0.6427061310782242, "test_f1_individual_macro": 0.7800327721405791, "test_acc_individual": 0.8657664813343924, "test_time_millis": 3049.809874000175, "dataset_size": 1410, "number_of_annotations": 2919, "train_size": 350, "val_size": 1259, "test_size": 1310}}