{"Epoch0": {"train_loss_means": 0.3420315682888031, "val_loss_mean": 0.22214259207248688, "val_f1_majority_bin": 0.48426151275634766, "val_f1_majority_macro": 0.7368571680353837, "val_acc_majority": 0.9793283939361572, "val_f1_individual_binary": 0.44034090638160706, "val_f1_individual_macro": 0.7149862440191388, "val_acc_individual": 0.9796403646469116, "train_acc_means": 0.982018768787384, "train_time_millis": 118954.02709599875, "eval_time_millis": 17320.58625400532}, "Epoch1": {"train_loss_means": 0.1732761412858963, "val_loss_mean": 0.2543942928314209, "val_f1_majority_bin": 0.45396146178245544, "val_f1_majority_macro": 0.7206503571661329, "val_acc_majority": 0.9752523303031921, "val_f1_individual_binary": 0.403402179479599, "val_f1_individual_macro": 0.6952202720401225, "val_acc_individual": 0.9746279716491699, "train_acc_means": 0.9794454574584961, "train_time_millis": 118928.42846499116, "eval_time_millis": 17352.393961002235}, "Epoch2": {"train_loss_means": 0.09064500033855438, "val_loss_mean": 0.3005322217941284, "val_f1_majority_bin": 0.4894736707210541, "val_f1_majority_macro": 0.7399415089037603, "val_acc_majority": 0.9811723828315735, "val_f1_individual_binary": 0.4447852671146393, "val_f1_individual_macro": 0.7176359892404259, "val_acc_individual": 0.9812939167022705, "train_acc_means": 0.9843026399612427, "train_time_millis": 119399.10339500057, "eval_time_millis": 17311.400293008774}, "Test_results": {"test_f1_majority_binary": 0.5145630836486816, "test_f1_majority_macro": 0.752325660841809, "test_acc_majority": 0.9805731177330017, "test_f1_individual_binary": 0.4516128897666931, "test_f1_individual_macro": 0.7208567427722468, "test_acc_individual": 0.9805522561073303, "test_time_millis": 17393.765015003737, "dataset_size": 51682, "number_of_annotations": 51682}}