{"Epoch0": {"train_loss_means": 0.3046492040157318, "val_loss_mean": 0.2831031084060669, "val_f1_majority_bin": 0.670152091254753, "val_f1_majority_macro": 0.6636333578803408, "val_acc_majority": 0.6637596899224806, "val_f1_individual_binary": 0.6047197640117994, "val_f1_individual_macro": 0.6250441920248033, "val_acc_individual": 0.6261458748505381, "train_time_millis": 2924.7288719998323, "eval_time_millis": 5522.015412003384}, "Epoch1": {"train_loss_means": 0.232966348528862, "val_loss_mean": 0.25486552715301514, "val_f1_majority_bin": 0.7136363636363636, "val_f1_majority_macro": 0.750399262899263, "val_acc_majority": 0.7558139534883721, "val_f1_individual_binary": 0.6558458026883084, "val_f1_individual_macro": 0.716565606087302, "val_acc_individual": 0.7295735352730172, "train_time_millis": 2874.133741002879, "eval_time_millis": 5495.970700998441}, "Epoch2": {"train_loss_means": 0.20833034813404083, "val_loss_mean": 0.2619374394416809, "val_f1_majority_bin": 0.7258566978193147, "val_f1_majority_macro": 0.7430373407352704, "val_acc_majority": 0.7441860465116279, "val_f1_individual_binary": 0.6536338546458142, "val_f1_individual_macro": 0.6944329610781814, "val_acc_individual": 0.6998804304503786, "train_time_millis": 2926.1676899986924, "eval_time_millis": 5504.104091000045}, "Epoch3": {"train_loss_means": 0.18893064558506012, "val_loss_mean": 0.25853055715560913, "val_f1_majority_bin": 0.7031339031339032, "val_f1_majority_macro": 0.7417902975425099, "val_acc_majority": 0.747577519379845, "val_f1_individual_binary": 0.6476578411405295, "val_f1_individual_macro": 0.7105348799677762, "val_acc_individual": 0.7241929055400558, "train_time_millis": 2884.079875999305, "eval_time_millis": 5514.620046000346}, "Epoch4": {"train_loss_means": 0.16870428621768951, "val_loss_mean": 0.28511855006217957, "val_f1_majority_bin": 0.7051499717034522, "val_f1_majority_macro": 0.7422403818703622, "val_acc_majority": 0.747577519379845, "val_f1_individual_binary": 0.6492975734355044, "val_f1_individual_macro": 0.7124939100636107, "val_acc_individual": 0.7263850139497808, "train_time_millis": 2916.865928003972, "eval_time_millis": 5537.733060002211}, "Epoch5": {"train_loss_means": 0.1581987738609314, "val_loss_mean": 0.31795069575309753, "val_f1_majority_bin": 0.6776859504132231, "val_f1_majority_macro": 0.7396257540715823, "val_acc_majority": 0.7543604651162791, "val_f1_individual_binary": 0.6391693106432074, "val_f1_individual_macro": 0.7243646827230347, "val_acc_individual": 0.750697489039458, "train_time_millis": 2886.8164290033747, "eval_time_millis": 5544.228045997443}, "Epoch6": {"train_loss_means": 0.15279662609100342, "val_loss_mean": 0.30604806542396545, "val_f1_majority_bin": 0.6936274509803921, "val_f1_majority_macro": 0.7466534690799398, "val_acc_majority": 0.7577519379844961, "val_f1_individual_binary": 0.6463076068850637, "val_f1_individual_macro": 0.7241485190160475, "val_acc_individual": 0.7461139896373057, "train_time_millis": 2932.835851002892, "eval_time_millis": 5532.053718998213}, "Epoch7": {"train_loss_means": 0.14439783990383148, "val_loss_mean": 0.31776154041290283, "val_f1_majority_bin": 0.6962332928311056, "val_f1_majority_macro": 0.7473914248200653, "val_acc_majority": 0.7577519379844961, "val_f1_individual_binary": 0.6473189607517966, "val_f1_individual_macro": 0.7242515651375063, "val_acc_individual": 0.7457154244719012, "train_time_millis": 2920.83947500214, "eval_time_millis": 5513.631538000482}, "Epoch8": {"train_loss_means": 0.13241632282733917, "val_loss_mean": 0.34631219506263733, "val_f1_majority_bin": 0.6701030927835052, "val_f1_majority_macro": 0.735672664404175, "val_acc_majority": 0.751937984496124, "val_f1_individual_binary": 0.6357733175914995, "val_f1_individual_macro": 0.7250767911663876, "val_acc_individual": 0.7540852929453966, "train_time_millis": 2880.0822670018533, "eval_time_millis": 4961.103328998433}, "Epoch9": {"train_loss_means": 0.12703430652618408, "val_loss_mean": 0.3576766550540924, "val_f1_majority_bin": 0.6722689075630252, "val_f1_majority_macro": 0.7379167087214583, "val_acc_majority": 0.7543604651162791, "val_f1_individual_binary": 0.6351471900089205, "val_f1_individual_macro": 0.7256359357807228, "val_acc_individual": 0.7554802710243125, "train_time_millis": 2915.0666119967354, "eval_time_millis": 5520.377089000249}, "Test_results": {"test_f1_majority_binary": 0.6722689075630252, "test_f1_majority_macro": 0.7379167087214583, "test_acc_majority": 0.7543604651162791, "test_f1_individual_binary": 0.6351471900089205, "test_f1_individual_macro": 0.7256359357807228, "test_acc_individual": 0.7554802710243125, "test_time_millis": 5486.522815997887, "dataset_size": 4816, "number_of_annotations": 11631, "train_size": 1550, "val_size": 5018, "test_size": 5063}}