{"Epoch0": {"train_loss_means": 0.05147663131356239, "val_loss_mean": 0.04192456975579262, "val_f1_majority_bin": 0.45909090909090905, "val_f1_majority_macro": 0.7186699290473737, "val_acc_majority": 0.958179581795818, "val_f1_individual_binary": 0.42286840808279946, "val_f1_individual_macro": 0.7004568337356082, "val_acc_individual": 0.9576996712784019, "train_time_millis": 76747.27766900469, "eval_time_millis": 12482.4138269978}, "Epoch1": {"train_loss_means": 0.03927219286561012, "val_loss_mean": 0.042070742696523666, "val_f1_majority_bin": 0.45858585858585854, "val_f1_majority_macro": 0.7169846717380473, "val_acc_majority": 0.9529081005095765, "val_f1_individual_binary": 0.41732283464566927, "val_f1_individual_macro": 0.6961143186039198, "val_acc_individual": 0.9518838276198389, "train_time_millis": 76736.41351699916, "eval_time_millis": 12640.001380998001}, "Epoch2": {"train_loss_means": 0.031079890206456184, "val_loss_mean": 0.04980701208114624, "val_f1_majority_bin": 0.44529750479846447, "val_f1_majority_macro": 0.7093442684658928, "val_acc_majority": 0.9492180636092076, "val_f1_individual_binary": 0.404149377593361, "val_f1_individual_macro": 0.6885162629336998, "val_acc_individual": 0.9481270093559224, "train_time_millis": 76663.83681900334, "eval_time_millis": 12704.92943800491}, "Epoch3": {"train_loss_means": 0.02494623512029648, "val_loss_mean": 0.061542537063360214, "val_f1_majority_bin": 0.4539282250242484, "val_f1_majority_macro": 0.7140114598640774, "val_acc_majority": 0.9505359339307679, "val_f1_individual_binary": 0.4136191677175284, "val_f1_individual_macro": 0.6936459776912136, "val_acc_individual": 0.9496080627099664, "train_time_millis": 76667.46974599664, "eval_time_millis": 12724.632910001674}, "Epoch4": {"train_loss_means": 0.02155907265841961, "val_loss_mean": 0.07092038542032242, "val_f1_majority_bin": 0.4504331087584216, "val_f1_majority_macro": 0.7120750123769093, "val_acc_majority": 0.9498330697592691, "val_f1_individual_binary": 0.40748440748440756, "val_f1_individual_macro": 0.6902889079207503, "val_acc_individual": 0.9485243651338366, "train_time_millis": 76711.13061699725, "eval_time_millis": 12662.225602005492}, "Epoch5": {"train_loss_means": 0.019583193585276604, "val_loss_mean": 0.08757935464382172, "val_f1_majority_bin": 0.46368159203980097, "val_f1_majority_macro": 0.7194551165309533, "val_acc_majority": 0.9526445264452644, "val_f1_individual_binary": 0.4174508126603934, "val_f1_individual_macro": 0.6958831343229552, "val_acc_individual": 0.9508001300437091, "train_time_millis": 76190.67004200042, "eval_time_millis": 12211.354878003476}, "Epoch6": {"train_loss_means": 0.018221415579319, "val_loss_mean": 0.08464635908603668, "val_f1_majority_bin": 0.4160839160839161, "val_f1_majority_macro": 0.6925932993925593, "val_acc_majority": 0.9413108416798454, "val_f1_individual_binary": 0.377344336084021, "val_f1_individual_macro": 0.6729226424253123, "val_acc_individual": 0.9400354007874869, "train_time_millis": 76273.99860100559, "eval_time_millis": 12383.131916998536}, "Epoch7": {"train_loss_means": 0.01740444451570511, "val_loss_mean": 0.0883849710226059, "val_f1_majority_bin": 0.4109831709477414, "val_f1_majority_macro": 0.6901229698048159, "val_acc_majority": 0.9415744157441575, "val_f1_individual_binary": 0.3747624477385024, "val_f1_individual_macro": 0.6717843716837957, "val_acc_individual": 0.9405772495755518, "train_time_millis": 75953.28058099403, "eval_time_millis": 12249.472524999874}, "Epoch8": {"train_loss_means": 0.016735311597585678, "val_loss_mean": 0.10663112252950668, "val_f1_majority_bin": 0.46153846153846156, "val_f1_majority_macro": 0.7193915465972607, "val_acc_majority": 0.9563345633456335, "val_f1_individual_binary": 0.4137282557592854, "val_f1_individual_macro": 0.6951527884480231, "val_acc_individual": 0.9549543040855398, "train_time_millis": 76270.94326500082, "eval_time_millis": 11412.48815599829}, "Epoch9": {"train_loss_means": 0.016445238143205643, "val_loss_mean": 0.10674168169498444, "val_f1_majority_bin": 0.45406546990496305, "val_f1_majority_macro": 0.7151841764888981, "val_acc_majority": 0.9545774029168863, "val_f1_individual_binary": 0.41189931350114417, "val_f1_individual_macro": 0.6938682743019532, "val_acc_individual": 0.9535816204891089, "train_time_millis": 76206.07863000623, "eval_time_millis": 11420.293529998162}, "Test_results": {"test_f1_majority_binary": 0.45909090909090905, "test_f1_majority_macro": 0.7186699290473737, "test_acc_majority": 0.958179581795818, "test_f1_individual_binary": 0.42286840808279946, "test_f1_individual_macro": 0.7004568337356082, "test_acc_individual": 0.9576996712784019, "test_time_millis": 11369.610359004582, "dataset_size": 56941, "number_of_annotations": 137775, "train_size": 82372, "val_size": 27683, "test_size": 27720}}