{"Epoch0": {"train_loss_means": 0.059969786554574966, "val_loss_mean": 0.04901256412267685, "val_f1_majority_bin": 0.3697478991596639, "val_f1_majority_macro": 0.6624322978742665, "val_acc_majority": 0.9162011173184358, "val_f1_individual_binary": 0.36572622779519326, "val_f1_individual_macro": 0.657296607284843, "val_acc_individual": 0.9053632678515747, "train_time_millis": 17302.34676100008, "eval_time_millis": 4348.45574999963}, "Epoch1": {"train_loss_means": 0.04289177060127258, "val_loss_mean": 0.0474792942404747, "val_f1_majority_bin": 0.43523316062176165, "val_f1_majority_macro": 0.701525644379378, "val_acc_majority": 0.9391061452513967, "val_f1_individual_binary": 0.40811153358681873, "val_f1_individual_macro": 0.6846604681805678, "val_acc_individual": 0.9271905207358903, "train_time_millis": 17294.665589999568, "eval_time_millis": 2530.9085080007208}, "Epoch2": {"train_loss_means": 0.03619138151407242, "val_loss_mean": 0.046835724264383316, "val_f1_majority_bin": 0.36514522821576767, "val_f1_majority_macro": 0.6596615628949458, "val_acc_majority": 0.9145251396648044, "val_f1_individual_binary": 0.36649214659685864, "val_f1_individual_macro": 0.6577680980604945, "val_acc_individual": 0.9056750857499221, "train_time_millis": 17372.31299599989, "eval_time_millis": 4354.425970999728}, "Epoch3": {"train_loss_means": 0.031899284571409225, "val_loss_mean": 0.04959409311413765, "val_f1_majority_bin": 0.40975609756097564, "val_f1_majority_macro": 0.6869521228545619, "val_acc_majority": 0.9324022346368716, "val_f1_individual_binary": 0.3941605839416058, "val_f1_individual_macro": 0.6763406617858954, "val_acc_individual": 0.9223573433115061, "train_time_millis": 17355.693290001, "eval_time_millis": 4347.233084999971}, "Epoch4": {"train_loss_means": 0.028008589521050453, "val_loss_mean": 0.05677512660622597, "val_f1_majority_bin": 0.4444444444444444, "val_f1_majority_macro": 0.707516339869281, "val_acc_majority": 0.9441340782122905, "val_f1_individual_binary": 0.4065040650406504, "val_f1_individual_macro": 0.6851378885997297, "val_acc_individual": 0.9317118802619271, "train_time_millis": 17329.29132800018, "eval_time_millis": 4350.558934998844}, "Epoch5": {"train_loss_means": 0.025460096076130867, "val_loss_mean": 0.06176013872027397, "val_f1_majority_bin": 0.46625766871165647, "val_f1_majority_macro": 0.7203983690353716, "val_acc_majority": 0.9513966480446927, "val_f1_individual_binary": 0.40773809523809523, "val_f1_individual_macro": 0.6874985310017392, "val_acc_individual": 0.9379482382288743, "train_time_millis": 17319.13935800003, "eval_time_millis": 2322.352357999989}, "Epoch6": {"train_loss_means": 0.022749245166778564, "val_loss_mean": 0.06754814088344574, "val_f1_majority_bin": 0.475609756097561, "val_f1_majority_macro": 0.725217056034729, "val_acc_majority": 0.9519553072625698, "val_f1_individual_binary": 0.413075780089153, "val_f1_individual_macro": 0.6902894326196485, "val_acc_individual": 0.9384159650763954, "train_time_millis": 17323.883524999474, "eval_time_millis": 4362.576606999937}, "Epoch7": {"train_loss_means": 0.021225636824965477, "val_loss_mean": 0.07283971458673477, "val_f1_majority_bin": 0.4900662251655629, "val_f1_majority_macro": 0.7338053493865143, "val_acc_majority": 0.9569832402234637, "val_f1_individual_binary": 0.4198717948717948, "val_f1_individual_macro": 0.6951046945515972, "val_acc_individual": 0.943560960399127, "train_time_millis": 17402.076836999186, "eval_time_millis": 4365.442111000448}, "Epoch8": {"train_loss_means": 0.02061576023697853, "val_loss_mean": 0.07470922917127609, "val_f1_majority_bin": 0.4933333333333333, "val_f1_majority_macro": 0.7355879494655004, "val_acc_majority": 0.9575418994413408, "val_f1_individual_binary": 0.4219001610305958, "val_f1_individual_macro": 0.6962454028713232, "val_acc_individual": 0.944028687246648, "train_time_millis": 17373.09288600045, "eval_time_millis": 4358.762623000075}, "Epoch9": {"train_loss_means": 0.019882867112755775, "val_loss_mean": 0.07840582728385925, "val_f1_majority_bin": 0.5068493150684932, "val_f1_majority_macro": 0.742941256252942, "val_acc_majority": 0.9597765363128492, "val_f1_individual_binary": 0.4264462809917355, "val_f1_individual_macro": 0.6990285892400385, "val_acc_individual": 0.9458995946367321, "train_time_millis": 17345.98600500067, "eval_time_millis": 2455.091782998352}, "Test_results": {"test_f1_majority_binary": 0.5068493150684932, "test_f1_majority_macro": 0.742941256252942, "test_acc_majority": 0.9597765363128492, "test_f1_individual_binary": 0.4264462809917355, "test_f1_individual_macro": 0.6990285892400385, "test_acc_individual": 0.9458995946367321, "test_time_millis": 2331.8295989993203, "dataset_size": 8960, "number_of_annotations": 31912, "train_size": 19293, "val_size": 6414, "test_size": 6205}}