{"Epoch0": {"train_loss_means": 0.06511438637971878, "val_loss_mean": 0.059893541038036346, "val_f1_majority_bin": 0.48565121412803525, "val_f1_majority_macro": 0.732329165943196, "val_acc_majority": 0.9596606648199446, "val_f1_individual_binary": 0.4019303688383316, "val_f1_individual_macro": 0.6878492653976814, "val_acc_individual": 0.949740737522088, "train_time_millis": 99812.44849896757, "eval_time_millis": 15181.035030051135}, "Epoch1": {"train_loss_means": 0.054979853332042694, "val_loss_mean": 0.059804439544677734, "val_f1_majority_bin": 0.49766355140186913, "val_f1_majority_macro": 0.7391679856973388, "val_acc_majority": 0.9627770083102493, "val_f1_individual_binary": 0.40843023255813954, "val_f1_individual_macro": 0.69193573779061, "val_acc_individual": 0.9528403001071811, "train_time_millis": 99850.6296009873, "eval_time_millis": 15353.424272034317}, "Epoch2": {"train_loss_means": 0.047149356454610825, "val_loss_mean": 0.06549298018217087, "val_f1_majority_bin": 0.5, "val_f1_majority_macro": 0.7405211141060197, "val_acc_majority": 0.9634695290858726, "val_f1_individual_binary": 0.4079382579933848, "val_f1_individual_macro": 0.691823654712529, "val_acc_individual": 0.9533327539758408, "train_time_millis": 99843.52228499483, "eval_time_millis": 15336.315175984055}, "Epoch3": {"train_loss_means": 0.04048647731542587, "val_loss_mean": 0.07748353481292725, "val_f1_majority_bin": 0.4798154555940024, "val_f1_majority_macro": 0.7297669714000052, "val_acc_majority": 0.9609591412742382, "val_f1_individual_binary": 0.39899713467048714, "val_f1_individual_macro": 0.6868344163918474, "val_acc_individual": 0.9513919063758292, "train_time_millis": 99718.35079602897, "eval_time_millis": 15379.91500197677}, "Epoch4": {"train_loss_means": 0.03573383763432503, "val_loss_mean": 0.08696069568395615, "val_f1_majority_bin": 0.44736842105263164, "val_f1_majority_macro": 0.7113402061855671, "val_acc_majority": 0.9527354570637119, "val_f1_individual_binary": 0.3792010145846544, "val_f1_individual_macro": 0.6747419594535706, "val_acc_individual": 0.9432809014802583, "train_time_millis": 99898.44772400102, "eval_time_millis": 15125.284367997665}, "Epoch5": {"train_loss_means": 0.03275855630636215, "val_loss_mean": 0.10161106288433075, "val_f1_majority_bin": 0.453781512605042, "val_f1_majority_macro": 0.715153667100643, "val_acc_majority": 0.9549861495844876, "val_f1_individual_binary": 0.38398424680013127, "val_f1_individual_macro": 0.6777713490989822, "val_acc_individual": 0.9456272993250485, "train_time_millis": 99971.67297202395, "eval_time_millis": 14958.336487004999}, "Epoch6": {"train_loss_means": 0.03062593750655651, "val_loss_mean": 0.10709170252084732, "val_f1_majority_bin": 0.41124780316344467, "val_f1_majority_macro": 0.6903730593710331, "val_acc_majority": 0.9420013850415513, "val_f1_individual_binary": 0.3616726668512878, "val_f1_individual_macro": 0.6632223583985161, "val_acc_individual": 0.933229048984676, "train_time_millis": 100145.87929099798, "eval_time_millis": 15149.182050023228}, "Epoch7": {"train_loss_means": 0.029425574466586113, "val_loss_mean": 0.1251494139432907, "val_f1_majority_bin": 0.4399596367305752, "val_f1_majority_macro": 0.7074306391494417, "val_acc_majority": 0.9519563711911357, "val_f1_individual_binary": 0.3769401330376941, "val_f1_individual_macro": 0.6735425412854859, "val_acc_individual": 0.9430201906086151, "train_time_millis": 100043.98448695429, "eval_time_millis": 15289.65570696164}, "Epoch8": {"train_loss_means": 0.02847093902528286, "val_loss_mean": 0.12945570051670074, "val_f1_majority_bin": 0.43962848297213625, "val_f1_majority_macro": 0.7075485988386772, "val_acc_majority": 0.9529951523545707, "val_f1_individual_binary": 0.37362637362637363, "val_f1_individual_macro": 0.672119792017287, "val_acc_individual": 0.9438602589727991, "train_time_millis": 99803.0318999663, "eval_time_millis": 15465.434218000155}, "Epoch9": {"train_loss_means": 0.02753349021077156, "val_loss_mean": 0.1363605409860611, "val_f1_majority_bin": 0.44561774023231254, "val_f1_majority_macro": 0.7109615983735919, "val_acc_majority": 0.954553324099723, "val_f1_individual_binary": 0.37462834489593655, "val_f1_individual_macro": 0.6729765219139987, "val_acc_individual": 0.945163813331016, "train_time_millis": 99912.55507501774, "eval_time_millis": 15171.92138696555}, "Test_results": {"test_f1_majority_binary": 0.5, "test_f1_majority_macro": 0.7405211141060197, "test_acc_majority": 0.9634695290858726, "test_f1_individual_binary": 0.4079382579933848, "test_f1_individual_macro": 0.691823654712529, "test_acc_individual": 0.9533327539758408, "test_time_millis": 15356.478920031805, "dataset_size": 57784, "number_of_annotations": 173255, "train_size": 104131, "val_size": 34521, "test_size": 34603}}