{"Epoch0": {"train_loss_means": 4.4147257804870605, "val_loss_mean": 4.420693874359131, "val_f1_majority_bin": 0.0, "val_f1_majority_macro": 0.4211187932118165, "val_acc_majority": 0.7274701595306396, "val_f1_individual_binary": 0.26886963844299316, "val_f1_individual_macro": 0.5189273113021744, "val_acc_individual": 0.6489052772521973, "train_acc_means": 0.6399828791618347, "train_time_millis": 1643581.0373050007, "eval_time_millis": 304762.51494000095}, "Epoch1": {"train_loss_means": 4.211646556854248, "val_loss_mean": 4.397846221923828, "val_f1_majority_bin": 0.07479964196681976, "val_f1_majority_macro": 0.45421327266621847, "val_acc_majority": 0.7179695963859558, "val_f1_individual_binary": 0.30811578035354614, "val_f1_individual_macro": 0.5423222049183762, "val_acc_individual": 0.6621721386909485, "train_acc_means": 0.6936449408531189, "train_time_millis": 1655364.3675680032, "eval_time_millis": 302481.23630600097}, "Epoch2": {"train_loss_means": 3.910182476043701, "val_loss_mean": 4.6721978187561035, "val_f1_majority_bin": 0.129084974527359, "val_f1_majority_macro": 0.47779118157679734, "val_acc_majority": 0.7106406092643738, "val_f1_individual_binary": 0.3093952536582947, "val_f1_individual_macro": 0.5451254041889225, "val_acc_individual": 0.6672881245613098, "train_acc_means": 0.7166185975074768, "train_time_millis": 1660489.8446350016, "eval_time_millis": 299373.48100899544}, "Test_results": {"test_f1_majority_binary": 0.12664473056793213, "test_f1_majority_macro": 0.47703702555462424, "test_acc_majority": 0.7118046283721924, "test_f1_individual_binary": 0.26983654499053955, "test_f1_individual_macro": 0.5301123614021692, "test_acc_individual": 0.6742819547653198, "test_time_millis": 301303.29734100087, "dataset_size": 18431, "number_of_annotations": 116319}}