{"Epoch0": {"train_loss_means": 0.26006898283958435, "val_loss_mean": 0.26232990622520447, "val_f1_majority_bin": 0.41870824053452116, "val_f1_majority_macro": 0.536047347358894, "val_acc_majority": 0.5657237936772047, "val_f1_individual_binary": 0.4014869888475836, "val_f1_individual_macro": 0.5291017033790156, "val_acc_individual": 0.5636856368563685, "train_time_millis": 28667.263309995178, "eval_time_millis": 3148.716333991615}, "Epoch1": {"train_loss_means": 0.24994927644729614, "val_loss_mean": 0.2739705443382263, "val_f1_majority_bin": 0.2835249042145594, "val_f1_majority_macro": 0.5424000716609461, "val_acc_majority": 0.6888519134775375, "val_f1_individual_binary": 0.25806451612903225, "val_f1_individual_macro": 0.5304044707574835, "val_acc_individual": 0.6883468834688347, "train_time_millis": 28261.45358600479, "eval_time_millis": 3163.270103992545}, "Epoch2": {"train_loss_means": 0.22799484431743622, "val_loss_mean": 0.30694055557250977, "val_f1_majority_bin": 0.3961904761904762, "val_f1_majority_macro": 0.4639741154955335, "val_acc_majority": 0.47254575707154745, "val_f1_individual_binary": 0.37829457364341085, "val_f1_individual_macro": 0.44787171522122404, "val_acc_individual": 0.45663956639566394, "train_time_millis": 28369.530306008528, "eval_time_millis": 3271.001157001592}, "Epoch3": {"train_loss_means": 0.19690199196338654, "val_loss_mean": 0.3519189655780792, "val_f1_majority_bin": 0.3854875283446712, "val_f1_majority_macro": 0.5146885736335708, "val_acc_majority": 0.5490848585690515, "val_f1_individual_binary": 0.37847866419294995, "val_f1_individual_macro": 0.5104773256930598, "val_acc_individual": 0.5460704607046071, "train_time_millis": 28380.277621996356, "eval_time_millis": 5205.262076997315}, "Epoch4": {"train_loss_means": 0.14585337042808533, "val_loss_mean": 0.4896954596042633, "val_f1_majority_bin": 0.3782608695652174, "val_f1_majority_macro": 0.49640806281495364, "val_acc_majority": 0.5241264559068219, "val_f1_individual_binary": 0.3516873889875666, "val_f1_individual_macro": 0.47595322351897495, "val_acc_individual": 0.505420054200542, "train_time_millis": 28408.977543003857, "eval_time_millis": 5191.793589998269}, "Epoch5": {"train_loss_means": 0.10448960959911346, "val_loss_mean": 0.618139922618866, "val_f1_majority_bin": 0.35694050991501414, "val_f1_majority_macro": 0.5447835647337144, "val_acc_majority": 0.6222961730449251, "val_f1_individual_binary": 0.33175355450236965, "val_f1_individual_macro": 0.5321006861695909, "val_acc_individual": 0.6178861788617886, "train_time_millis": 28402.99143199809, "eval_time_millis": 4193.590235998272}, "Epoch6": {"train_loss_means": 0.0664023831486702, "val_loss_mean": 0.7430149912834167, "val_f1_majority_bin": 0.3578274760383387, "val_f1_majority_macro": 0.5658653690652885, "val_acc_majority": 0.6655574043261231, "val_f1_individual_binary": 0.34946236559139787, "val_f1_individual_macro": 0.5651297335203366, "val_acc_individual": 0.6720867208672087, "train_time_millis": 28410.054827996646, "eval_time_millis": 3175.613807004993}, "Epoch7": {"train_loss_means": 0.0509028285741806, "val_loss_mean": 0.8223040699958801, "val_f1_majority_bin": 0.3526170798898072, "val_f1_majority_macro": 0.5362608641403743, "val_acc_majority": 0.6089850249584027, "val_f1_individual_binary": 0.3363636363636364, "val_f1_individual_macro": 0.5272551772551772, "val_acc_individual": 0.6043360433604336, "train_time_millis": 28425.282242998946, "eval_time_millis": 3174.37648899795}, "Epoch8": {"train_loss_means": 0.03802665323019028, "val_loss_mean": 0.930657684803009, "val_f1_majority_bin": 0.35975609756097565, "val_f1_majority_macro": 0.5597407490093208, "val_acc_majority": 0.6505823627287853, "val_f1_individual_binary": 0.3391521197007481, "val_f1_individual_macro": 0.5463202458968857, "val_acc_individual": 0.6409214092140921, "train_time_millis": 28419.9920460087, "eval_time_millis": 3165.980785008287}, "Epoch9": {"train_loss_means": 0.031314171850681305, "val_loss_mean": 1.0824769735336304, "val_f1_majority_bin": 0.3, "val_f1_majority_macro": 0.5437093275488069, "val_acc_majority": 0.6738768718801996, "val_f1_individual_binary": 0.27380952380952384, "val_f1_individual_macro": 0.5298872180451129, "val_acc_individual": 0.6693766937669376, "train_time_millis": 28395.589163992554, "eval_time_millis": 4029.561235001893}, "Test_results": {"test_f1_majority_binary": 0.3578274760383387, "test_f1_majority_macro": 0.5658653690652885, "test_acc_majority": 0.6655574043261231, "test_f1_individual_binary": 0.34946236559139787, "test_f1_individual_macro": 0.5651297335203366, "test_acc_individual": 0.6720867208672087, "test_time_millis": 5212.313518000883, "dataset_size": 3284, "number_of_annotations": 4130, "train_size": 2366, "val_size": 738, "test_size": 1026}}