{"Epoch0": {"train_loss_means": 0.9971815347671509, "val_loss_mean": 0.866832435131073, "val_f1_majority_bin": 0.0, "val_f1_majority_macro": 0.4961514778325123, "val_acc_majority": 0.9847235083580017, "val_f1_individual_binary": 0.027397260069847107, "val_f1_individual_macro": 0.5106080006932996, "val_acc_individual": 0.9877155423164368, "train_acc_means": 0.9139646291732788, "train_time_millis": 79047.71999595687, "eval_time_millis": 21892.02208817005}, "Epoch1": {"train_loss_means": 0.7033823132514954, "val_loss_mean": 0.5686749219894409, "val_f1_majority_bin": 0.4068441092967987, "val_f1_majority_macro": 0.6952596421812904, "val_acc_majority": 0.9682248830795288, "val_f1_individual_binary": 0.35550180077552795, "val_f1_individual_macro": 0.6698781704887308, "val_acc_individual": 0.969260036945343, "train_acc_means": 0.9768441915512085, "train_time_millis": 79576.53440907598, "eval_time_millis": 21777.641068212688}, "Epoch2": {"train_loss_means": 0.5009821653366089, "val_loss_mean": 0.4661131203174591, "val_f1_majority_bin": 0.3491577208042145, "val_f1_majority_macro": 0.6633858196262787, "val_acc_majority": 0.9567165970802307, "val_f1_individual_binary": 0.30095237493515015, "val_f1_individual_macro": 0.6395626660322746, "val_acc_individual": 0.9576677083969116, "train_acc_means": 0.975048840045929, "train_time_millis": 79964.24983115867, "eval_time_millis": 21795.278256759048}, "Epoch3": {"train_loss_means": 0.3757766783237457, "val_loss_mean": 0.41450753808021545, "val_f1_majority_bin": 0.4458598792552948, "val_f1_majority_macro": 0.7161213590635976, "val_acc_majority": 0.9734188914299011, "val_f1_individual_binary": 0.3925233781337738, "val_f1_individual_macro": 0.689556503782087, "val_acc_individual": 0.9737585783004761, "train_acc_means": 0.9787325263023376, "train_time_millis": 79933.91898320988, "eval_time_millis": 21958.28194404021}, "Epoch4": {"train_loss_means": 0.2977568209171295, "val_loss_mean": 0.4192962050437927, "val_f1_majority_bin": 0.5038167834281921, "val_f1_majority_macro": 0.7468421459722858, "val_acc_majority": 0.9801405668258667, "val_f1_individual_binary": 0.440514475107193, "val_f1_individual_macro": 0.7151480028732702, "val_acc_individual": 0.9799296259880066, "train_acc_means": 0.9806729555130005, "train_time_millis": 79916.86332784593, "eval_time_millis": 21969.958072993904}, "Epoch5": {"train_loss_means": 0.22911198437213898, "val_loss_mean": 0.45058465003967285, "val_f1_majority_bin": 0.5, "val_f1_majority_macro": 0.7453314659197012, "val_acc_majority": 0.9816681742668152, "val_f1_individual_binary": 0.45390069484710693, "val_f1_individual_macro": 0.7224360789459788, "val_acc_individual": 0.9822365641593933, "train_acc_means": 0.9839929342269897, "train_time_millis": 79949.23806004226, "eval_time_millis": 21973.640548065305}, "Test_results": {"test_f1_majority_binary": 0.4623376727104187, "test_f1_majority_macro": 0.7257908109038271, "test_acc_majority": 0.9789098501205444, "test_f1_individual_binary": 0.4429967403411865, "test_f1_individual_macro": 0.7165050874483356, "test_acc_individual": 0.9803786277770996, "test_time_millis": 21794.684963300824, "dataset_size": 36747, "number_of_annotations": 63679}}