{"Epoch0": {"train_loss_means": 0.03907739743590355, "val_loss_mean": 0.03401097655296326, "val_f1_majority_bin": 0.10864197530864197, "val_f1_majority_macro": 0.4923148042122049, "val_acc_majority": 0.7822677925211098, "val_f1_individual_binary": 0.15915119363395228, "val_f1_individual_macro": 0.515677189237859, "val_acc_individual": 0.7781277340332459, "train_time_millis": 20523.047288003, "eval_time_millis": 3286.569816998963}, "Epoch1": {"train_loss_means": 0.02761399745941162, "val_loss_mean": 0.03143540397286415, "val_f1_majority_bin": 0.18749999999999997, "val_f1_majority_macro": 0.5643192108667529, "val_acc_majority": 0.8902291917973462, "val_f1_individual_binary": 0.2318181818181818, "val_f1_individual_macro": 0.5838711762171478, "val_acc_individual": 0.8817147856517935, "train_time_millis": 20567.144573000405, "eval_time_millis": 4304.739294002502}, "Epoch2": {"train_loss_means": 0.023136258125305176, "val_loss_mean": 0.030996324494481087, "val_f1_majority_bin": 0.17573221757322177, "val_f1_majority_macro": 0.5558544090791036, "val_acc_majority": 0.8811821471652593, "val_f1_individual_binary": 0.21299254526091588, "val_f1_individual_macro": 0.5712756072982684, "val_acc_individual": 0.8706911636045495, "train_time_millis": 20510.488922998775, "eval_time_millis": 3289.5119519998843}, "Epoch3": {"train_loss_means": 0.019070789217948914, "val_loss_mean": 0.037713851779699326, "val_f1_majority_bin": 0.17142857142857143, "val_f1_majority_macro": 0.5526631623017165, "val_acc_majority": 0.8775633293124246, "val_f1_individual_binary": 0.21406086044071354, "val_f1_individual_macro": 0.5712854650585738, "val_acc_individual": 0.8689413823272091, "train_time_millis": 20652.866768999957, "eval_time_millis": 4302.28373099817}, "Epoch4": {"train_loss_means": 0.01698494330048561, "val_loss_mean": 0.04046272858977318, "val_f1_majority_bin": 0.18834080717488788, "val_f1_majority_macro": 0.5649107850940718, "val_acc_majority": 0.890832328106152, "val_f1_individual_binary": 0.22576966932725204, "val_f1_individual_macro": 0.5807138880133844, "val_acc_individual": 0.8811898512685914, "train_time_millis": 20608.704771999328, "eval_time_millis": 4309.902036999119}, "Epoch5": {"train_loss_means": 0.014677442610263824, "val_loss_mean": 0.04906889423727989, "val_f1_majority_bin": 0.21301775147928992, "val_f1_majority_macro": 0.585377639641774, "val_acc_majority": 0.9197828709288299, "val_f1_individual_binary": 0.24153166421207659, "val_f1_individual_macro": 0.5968145717581637, "val_acc_individual": 0.9098862642169728, "train_time_millis": 20648.85743099876, "eval_time_millis": 4329.377273999853}, "Epoch6": {"train_loss_means": 0.013359283097088337, "val_loss_mean": 0.05260024219751358, "val_f1_majority_bin": 0.2072538860103627, "val_f1_majority_macro": 0.579131265771752, "val_acc_majority": 0.9077201447527141, "val_f1_individual_binary": 0.23298429319371727, "val_f1_individual_macro": 0.589021679692677, "val_acc_individual": 0.8974628171478565, "train_time_millis": 20719.296992003365, "eval_time_millis": 2438.5133529976883}, "Epoch7": {"train_loss_means": 0.012414592318236828, "val_loss_mean": 0.06183841824531555, "val_f1_majority_bin": 0.19354838709677416, "val_f1_majority_macro": 0.5770019695686339, "val_acc_majority": 0.9246079613992763, "val_f1_individual_binary": 0.24405705229793978, "val_f1_individual_macro": 0.5999431478732036, "val_acc_individual": 0.9165354330708662, "train_time_millis": 20632.12190500053, "eval_time_millis": 4308.953936997568}, "Epoch8": {"train_loss_means": 0.011571554467082024, "val_loss_mean": 0.06358910351991653, "val_f1_majority_bin": 0.21301775147928992, "val_f1_majority_macro": 0.585377639641774, "val_acc_majority": 0.9197828709288299, "val_f1_individual_binary": 0.2402402402402402, "val_f1_individual_macro": 0.5966158466158465, "val_acc_individual": 0.9114610673665792, "train_time_millis": 20674.808668998594, "eval_time_millis": 2783.5649219996412}, "Epoch9": {"train_loss_means": 0.011655121110379696, "val_loss_mean": 0.06079506501555443, "val_f1_majority_bin": 0.22222222222222224, "val_f1_majority_macro": 0.5887896825396827, "val_acc_majority": 0.9155609167671894, "val_f1_individual_binary": 0.24680851063829787, "val_f1_individual_macro": 0.5986490105639042, "val_acc_individual": 0.9070866141732283, "train_time_millis": 20644.43391399982, "eval_time_millis": 4290.059402999759}, "Test_results": {"test_f1_majority_binary": 0.19354838709677416, "test_f1_majority_macro": 0.5770019695686339, "test_acc_majority": 0.9246079613992763, "test_f1_individual_binary": 0.24405705229793978, "test_f1_individual_macro": 0.5999431478732036, "test_acc_individual": 0.9165354330708662, "test_time_millis": 2255.9419280005386, "dataset_size": 8365, "number_of_annotations": 28896, "train_size": 17585, "val_size": 5715, "test_size": 5596}}