{"Epoch0": {"train_loss_means": 0.24447233974933624, "val_loss_mean": 0.22131352126598358, "val_f1_majority_bin": 0.7193347193347194, "val_f1_majority_macro": 0.7867994215601268, "val_acc_majority": 0.808147797252487, "val_f1_individual_binary": 0.6988651359197677, "val_f1_individual_macro": 0.7799356743065766, "val_acc_individual": 0.809801633605601, "train_time_millis": 34597.97266701935, "eval_time_millis": 6063.426690001506}, "Epoch1": {"train_loss_means": 0.1921469122171402, "val_loss_mean": 0.21298862993717194, "val_f1_majority_bin": 0.7750952986022872, "val_f1_majority_macro": 0.8207047489990288, "val_acc_majority": 0.832306963524396, "val_f1_individual_binary": 0.726292575349179, "val_f1_individual_macro": 0.7926018895439845, "val_acc_individual": 0.8138023003833972, "train_time_millis": 34636.40416000271, "eval_time_millis": 6064.384198980406}, "Epoch2": {"train_loss_means": 0.1655701994895935, "val_loss_mean": 0.21499750018119812, "val_f1_majority_bin": 0.7702702702702703, "val_f1_majority_macro": 0.8130456979724521, "val_acc_majority": 0.822832780672667, "val_f1_individual_binary": 0.7376389874615566, "val_f1_individual_macro": 0.7974644557691261, "val_acc_individual": 0.815135855975996, "train_time_millis": 34614.64465101017, "eval_time_millis": 6062.721954018343}, "Epoch3": {"train_loss_means": 0.14488577842712402, "val_loss_mean": 0.23934145271778107, "val_f1_majority_bin": 0.7811568276684556, "val_f1_majority_macro": 0.8184762527340312, "val_acc_majority": 0.8261487446707722, "val_f1_individual_binary": 0.7340376665135507, "val_f1_individual_macro": 0.7912731503682353, "val_acc_individual": 0.8069678279713286, "train_time_millis": 34499.85637603095, "eval_time_millis": 5048.3870600000955}, "Epoch4": {"train_loss_means": 0.12903225421905518, "val_loss_mean": 0.270112544298172, "val_f1_majority_bin": 0.7770935960591132, "val_f1_majority_macro": 0.8188778218940678, "val_acc_majority": 0.8285172903837044, "val_f1_individual_binary": 0.73757838880849, "val_f1_individual_macro": 0.7995074827384274, "val_acc_individual": 0.8186364394065677, "train_time_millis": 34561.899430002086, "eval_time_millis": 6050.203355029225}, "Epoch5": {"train_loss_means": 0.11493654549121857, "val_loss_mean": 0.31452056765556335, "val_f1_majority_bin": 0.7719087635054023, "val_f1_majority_macro": 0.8116194834741409, "val_acc_majority": 0.8199905258171483, "val_f1_individual_binary": 0.7389277389277389, "val_f1_individual_macro": 0.7968120791161788, "val_acc_individual": 0.8133022170361727, "train_time_millis": 34532.49938203953, "eval_time_millis": 5545.107276004273}, "Epoch6": {"train_loss_means": 0.10363612323999405, "val_loss_mean": 0.3551691472530365, "val_f1_majority_bin": 0.7601246105919003, "val_f1_majority_macro": 0.8065047966983192, "val_acc_majority": 0.817621980104216, "val_f1_individual_binary": 0.7236009732360097, "val_f1_individual_macro": 0.7897923730277412, "val_acc_individual": 0.8106351058509752, "train_time_millis": 34659.05456000473, "eval_time_millis": 5225.883841980249}, "Epoch7": {"train_loss_means": 0.09424788504838943, "val_loss_mean": 0.35285064578056335, "val_f1_majority_bin": 0.7739234449760766, "val_f1_majority_macro": 0.8128440754292148, "val_acc_majority": 0.8209379441023211, "val_f1_individual_binary": 0.737404225679127, "val_f1_individual_macro": 0.7951746131646187, "val_acc_individual": 0.8114685780963494, "train_time_millis": 34696.116076025646, "eval_time_millis": 5907.663376012351}, "Epoch8": {"train_loss_means": 0.08756144344806671, "val_loss_mean": 0.3887733221054077, "val_f1_majority_bin": 0.7632552404438964, "val_f1_majority_macro": 0.8077814663757943, "val_acc_majority": 0.8180956892468024, "val_f1_individual_binary": 0.7283567851180538, "val_f1_individual_macro": 0.7912123451535176, "val_acc_individual": 0.8101350225037506, "train_time_millis": 34683.56881698128, "eval_time_millis": 6049.772237020079}, "Epoch9": {"train_loss_means": 0.08053001016378403, "val_loss_mean": 0.4332601726055145, "val_f1_majority_bin": 0.7616677037958929, "val_f1_majority_macro": 0.8076024943453652, "val_acc_majority": 0.8185693983893889, "val_f1_individual_binary": 0.7256466038191925, "val_f1_individual_macro": 0.7906314688094818, "val_acc_individual": 0.81080180030005, "train_time_millis": 34642.05996802775, "eval_time_millis": 5294.5415720460005}, "Test_results": {"test_f1_majority_binary": 0.7770935960591132, "test_f1_majority_macro": 0.8188778218940678, "test_acc_majority": 0.8285172903837044, "test_f1_individual_binary": 0.73757838880849, "test_f1_individual_macro": 0.7995074827384274, "test_acc_individual": 0.8186364394065677, "test_time_millis": 6059.5698690158315, "dataset_size": 10538, "number_of_annotations": 29696, "train_size": 17790, "val_size": 5999, "test_size": 5907}}