{"Epoch0": {"train_loss_means": 0.02030366100370884, "val_loss_mean": 0.01552688330411911, "val_f1_majority_bin": 0.2612481857764877, "val_f1_majority_macro": 0.6137642055083168, "val_acc_majority": 0.9355043081601622, "val_f1_individual_binary": 0.2268266085059978, "val_f1_individual_macro": 0.5971196975976696, "val_acc_individual": 0.9374614095439711, "train_time_millis": 35029.68303000671, "eval_time_millis": 4749.2755689891055}, "Epoch1": {"train_loss_means": 0.011617078445851803, "val_loss_mean": 0.015992620959877968, "val_f1_majority_bin": 0.35864978902953587, "val_f1_majority_macro": 0.6693967429798234, "val_acc_majority": 0.9614799797263052, "val_f1_individual_binary": 0.3176661264181524, "val_f1_individual_macro": 0.6492896076167473, "val_acc_individual": 0.9628649554555879, "train_time_millis": 34976.33015899919, "eval_time_millis": 6782.743011004641}, "Epoch2": {"train_loss_means": 0.006847977172583342, "val_loss_mean": 0.0171502772718668, "val_f1_majority_bin": 0.28348909657320875, "val_f1_majority_macro": 0.6265550092560932, "val_acc_majority": 0.9417131272174354, "val_f1_individual_binary": 0.25119617224880386, "val_f1_individual_macro": 0.6112652717641125, "val_acc_individual": 0.9447825703448884, "train_time_millis": 34964.46101099718, "eval_time_millis": 4750.2614310069475}, "Epoch3": {"train_loss_means": 0.004593845456838608, "val_loss_mean": 0.02636704035103321, "val_f1_majority_bin": 0.3969465648854962, "val_f1_majority_macro": 0.6907739776542353, "val_acc_majority": 0.9699695894576786, "val_f1_individual_binary": 0.37067209775967414, "val_f1_individual_macro": 0.6783712560204402, "val_acc_individual": 0.9727441121989945, "train_time_millis": 35008.79821799754, "eval_time_millis": 6792.914675999782}, "Epoch4": {"train_loss_means": 0.003911221399903297, "val_loss_mean": 0.02347390539944172, "val_f1_majority_bin": 0.3481953290870488, "val_f1_majority_macro": 0.6640735020671971, "val_acc_majority": 0.9610998479472884, "val_f1_individual_binary": 0.3210702341137124, "val_f1_individual_macro": 0.6513396106245315, "val_acc_individual": 0.9641880568051513, "train_time_millis": 35031.8830239994, "eval_time_millis": 4744.525780988624}, "Epoch5": {"train_loss_means": 0.002879337640479207, "val_loss_mean": 0.03444061800837517, "val_f1_majority_bin": 0.47416413373860183, "val_f1_majority_macro": 0.731485172660307, "val_acc_majority": 0.9780790674100355, "val_f1_individual_binary": 0.4362745098039216, "val_f1_individual_macro": 0.7129724296077904, "val_acc_individual": 0.9797124459733616, "train_time_millis": 35030.03830599482, "eval_time_millis": 4747.10288499773}, "Epoch6": {"train_loss_means": 0.0026455477345734835, "val_loss_mean": 0.028832174837589264, "val_f1_majority_bin": 0.431578947368421, "val_f1_majority_macro": 0.7087783077532834, "val_acc_majority": 0.9726305119107957, "val_f1_individual_binary": 0.40084388185654013, "val_f1_individual_macro": 0.6940255445318737, "val_acc_individual": 0.9749492811149334, "train_time_millis": 35027.91871200316, "eval_time_millis": 4749.874971996178}, "Epoch7": {"train_loss_means": 0.0021619161125272512, "val_loss_mean": 0.04329072684049606, "val_f1_majority_bin": 0.4892086330935252, "val_f1_majority_macro": 0.7400254438523217, "val_acc_majority": 0.9820070957932083, "val_f1_individual_binary": 0.4597014925373134, "val_f1_individual_macro": 0.7257995353818668, "val_acc_individual": 0.984034577048602, "train_time_millis": 35024.305167011335, "eval_time_millis": 4751.336211993475}, "Epoch8": {"train_loss_means": 0.001970735378563404, "val_loss_mean": 0.04086976498365402, "val_f1_majority_bin": 0.4781144781144781, "val_f1_majority_macro": 0.73405304198873, "val_acc_majority": 0.9803598580841358, "val_f1_individual_binary": 0.4444444444444445, "val_f1_individual_macro": 0.7177407307818708, "val_acc_individual": 0.9823586486724883, "train_time_millis": 35016.70153001032, "eval_time_millis": 6790.255960004288}, "Epoch9": {"train_loss_means": 0.0017671920359134674, "val_loss_mean": 0.043181873857975006, "val_f1_majority_bin": 0.47750865051903113, "val_f1_majority_macro": 0.7338817857306352, "val_acc_majority": 0.9808667004561581, "val_f1_individual_binary": 0.4457142857142858, "val_f1_individual_macro": 0.7185120434125989, "val_acc_individual": 0.9828878892123136, "train_time_millis": 35009.7952770011, "eval_time_millis": 4750.657058000797}, "Test_results": {"test_f1_majority_binary": 0.4892086330935252, "test_f1_majority_macro": 0.7400254438523217, "test_acc_majority": 0.9820070957932083, "test_f1_individual_binary": 0.4597014925373134, "test_f1_individual_macro": 0.7257995353818668, "test_acc_individual": 0.984034577048602, "test_time_millis": 4748.406711994903, "dataset_size": 39376, "number_of_annotations": 56931, "train_size": 34068, "val_size": 11337, "test_size": 11526}}