{"Epoch0": {"train_loss_means": 1.971629023551941, "val_loss_mean": 1.542040228843689, "val_f1_majority_bin": 0.3258785903453827, "val_f1_majority_macro": 0.6535939166657468, "val_acc_majority": 0.9636269807815552, "val_f1_individual_binary": 0.2947438359260559, "val_f1_individual_macro": 0.6343482098341712, "val_acc_individual": 0.9497606754302979, "train_acc_means": 0.9195138216018677, "train_time_millis": 230871.68200798624, "eval_time_millis": 44726.52356000617}, "Epoch1": {"train_loss_means": 1.3372471332550049, "val_loss_mean": 1.364035964012146, "val_f1_majority_bin": 0.24854819476604462, "val_f1_majority_macro": 0.6097952922035982, "val_acc_majority": 0.944233775138855, "val_f1_individual_binary": 0.2919557988643646, "val_f1_individual_macro": 0.6288671592492208, "val_acc_individual": 0.9347125291824341, "train_acc_means": 0.946790337562561, "train_time_millis": 232156.33332899597, "eval_time_millis": 44534.17795000132}, "Epoch2": {"train_loss_means": 1.1005899906158447, "val_loss_mean": 1.325303554534912, "val_f1_majority_bin": 0.20219039916992188, "val_f1_majority_macro": 0.5795890890622583, "val_acc_majority": 0.9183761477470398, "val_f1_individual_binary": 0.2653609812259674, "val_f1_individual_macro": 0.6085227908897428, "val_acc_individual": 0.9093322157859802, "train_acc_means": 0.9509758949279785, "train_time_millis": 232555.29855799978, "eval_time_millis": 44480.21599200729}, "Epoch3": {"train_loss_means": 0.9499788880348206, "val_loss_mean": 1.3211199045181274, "val_f1_majority_bin": 0.2681426703929901, "val_f1_majority_macro": 0.6207847523520119, "val_acc_majority": 0.9487157464027405, "val_f1_individual_binary": 0.3046393096446991, "val_f1_individual_macro": 0.636247409109095, "val_acc_individual": 0.9385516047477722, "train_acc_means": 0.9557265043258667, "train_time_millis": 232061.65949099523, "eval_time_millis": 44333.16418300092}, "Epoch4": {"train_loss_means": 0.8293218612670898, "val_loss_mean": 1.3201788663864136, "val_f1_majority_bin": 0.2590286433696747, "val_f1_majority_macro": 0.6162336641816214, "val_acc_majority": 0.9487157464027405, "val_f1_individual_binary": 0.30070847272872925, "val_f1_individual_macro": 0.6338189023726998, "val_acc_individual": 0.9368453621864319, "train_acc_means": 0.9594907164573669, "train_time_millis": 231775.9858440113, "eval_time_millis": 44500.396727002226}, "Epoch5": {"train_loss_means": 0.7301212549209595, "val_loss_mean": 1.3470271825790405, "val_f1_majority_bin": 0.2668329179286957, "val_f1_majority_macro": 0.6202926306232455, "val_acc_majority": 0.949319064617157, "val_f1_individual_binary": 0.3095362186431885, "val_f1_individual_macro": 0.6383203316326673, "val_acc_individual": 0.9372008442878723, "train_acc_means": 0.9616838097572327, "train_time_millis": 231501.06597899867, "eval_time_millis": 44493.983973996365}, "Test_results": {"test_f1_majority_binary": 0.2112482786178589, "test_f1_majority_macro": 0.5928332897893552, "test_acc_majority": 0.9504438638687134, "test_f1_individual_binary": 0.29839158058166504, "test_f1_individual_macro": 0.6335510743230051, "test_acc_individual": 0.9400928020477295, "test_time_millis": 44242.76146599732, "dataset_size": 58011, "number_of_annotations": 210717}}