{"Epoch0": {"train_loss_means": 1.1622217893600464, "val_loss_mean": 1.094069242477417, "val_f1_majority_bin": 0.0, "val_f1_majority_macro": 0.41143542582966813, "val_acc_majority": 0.6990489363670349, "val_f1_individual_binary": 0.30408161878585815, "val_f1_individual_macro": 0.5666199746431638, "val_acc_individual": 0.7256637215614319, "train_acc_means": 0.696631908416748, "train_time_millis": 31677.65770699998, "eval_time_millis": 4843.103910000025}, "Epoch1": {"train_loss_means": 1.1298186779022217, "val_loss_mean": 1.0909785032272339, "val_f1_majority_bin": 0.0, "val_f1_majority_macro": 0.41143542582966813, "val_acc_majority": 0.6990489363670349, "val_f1_individual_binary": 0.2717622220516205, "val_f1_individual_macro": 0.5507694415029528, "val_acc_individual": 0.7240546941757202, "train_acc_means": 0.7194800972938538, "train_time_millis": 31285.105257, "eval_time_millis": 4841.083760000003}, "Epoch2": {"train_loss_means": 1.0554583072662354, "val_loss_mean": 1.0693247318267822, "val_f1_majority_bin": 0.3070175349712372, "val_f1_majority_macro": 0.5486415152926564, "val_acc_majority": 0.67798912525177, "val_f1_individual_binary": 0.43492063879966736, "val_f1_individual_macro": 0.6215551450465244, "val_acc_individual": 0.7135961651802063, "train_acc_means": 0.7295691967010498, "train_time_millis": 31147.413272000053, "eval_time_millis": 4839.047295}, "Epoch3": {"train_loss_means": 0.8845818042755127, "val_loss_mean": 1.1412267684936523, "val_f1_majority_bin": 0.3047337234020233, "val_f1_majority_macro": 0.5487513436231385, "val_acc_majority": 0.6807065010070801, "val_f1_individual_binary": 0.4167350232601166, "val_f1_individual_macro": 0.6136432937325283, "val_acc_individual": 0.7139983773231506, "train_acc_means": 0.786143958568573, "train_time_millis": 31394.715668999994, "eval_time_millis": 4856.717346999972}, "Test_results": {"test_f1_majority_binary": 0.31073445081710815, "test_f1_majority_macro": 0.5467296537221225, "test_acc_majority": 0.6696005463600159, "test_f1_individual_binary": 0.365558922290802, "test_f1_individual_macro": 0.5724273805233586, "test_acc_individual": 0.6725146174430847, "test_time_millis": 5010.802106000028, "dataset_size": 7589, "number_of_annotations": 13049}}