{"Epoch0": {"train_loss_means": 0.6752090454101562, "val_loss_mean": 0.6459541916847229, "val_f1_majority_bin": 0.08318264037370682, "val_f1_majority_macro": 0.45643848164438516, "val_acc_majority": 0.7127478718757629, "val_f1_individual_binary": 0.08074533939361572, "val_f1_individual_macro": 0.460314971564756, "val_acc_individual": 0.7272727489471436, "train_acc_means": 0.6857893466949463, "train_time_millis": 23912.829868961126, "eval_time_millis": 3557.040451094508}, "Epoch1": {"train_loss_means": 0.6386613249778748, "val_loss_mean": 0.6627174615859985, "val_f1_majority_bin": 0.3634231984615326, "val_f1_majority_macro": 0.58029210665646, "val_acc_majority": 0.6923512816429138, "val_f1_individual_binary": 0.37637898325920105, "val_f1_individual_macro": 0.59152885568223, "val_acc_individual": 0.7048525810241699, "train_acc_means": 0.6799853444099426, "train_time_millis": 23051.190013065934, "eval_time_millis": 3556.4696891233325}, "Epoch2": {"train_loss_means": 0.5255802869796753, "val_loss_mean": 0.7376013994216919, "val_f1_majority_bin": 0.4159131944179535, "val_f1_majority_macro": 0.5747057752791556, "val_acc_majority": 0.6339943408966064, "val_f1_individual_binary": 0.42273181676864624, "val_f1_individual_macro": 0.5828705627458504, "val_acc_individual": 0.6443489193916321, "train_acc_means": 0.7690005302429199, "train_time_millis": 23190.666392445564, "eval_time_millis": 3567.0435978099704}, "Test_results": {"test_f1_majority_binary": 0.3886342942714691, "test_f1_majority_macro": 0.5561074427662869, "test_acc_majority": 0.6192922592163086, "test_f1_individual_binary": 0.3911111056804657, "test_f1_individual_macro": 0.5558546718030062, "test_acc_individual": 0.6169617772102356, "test_time_millis": 3645.918508991599, "dataset_size": 8960, "number_of_annotations": 8960}}