{"Epoch0": {"train_loss_means": 0.5229742527008057, "val_loss_mean": 0.44317343831062317, "val_f1_majority_bin": 0.0, "val_f1_majority_macro": 0.4918330308529945, "val_acc_majority": 0.9678571224212646, "val_f1_individual_binary": 0.0, "val_f1_individual_macro": 0.49036497646745403, "val_acc_individual": 0.9621885418891907, "train_acc_means": 0.96875, "train_time_millis": 23763.517578125, "eval_time_millis": 3544.662109375}, "Epoch1": {"train_loss_means": 0.2750941216945648, "val_loss_mean": 0.3438645601272583, "val_f1_majority_bin": 0.3583815097808838, "val_f1_majority_macro": 0.6617762550534958, "val_acc_majority": 0.9339285492897034, "val_f1_individual_binary": 0.3492063581943512, "val_f1_individual_macro": 0.6557056819778059, "val_acc_individual": 0.9285590052604675, "train_acc_means": 0.9676493406295776, "train_time_millis": 23675.04296875, "eval_time_millis": 3533.18408203125}, "Epoch2": {"train_loss_means": 0.1416780650615692, "val_loss_mean": 0.5037774443626404, "val_f1_majority_bin": 0.4112149477005005, "val_f1_majority_macro": 0.6959241074378504, "val_acc_majority": 0.9624999761581421, "val_f1_individual_binary": 0.35114502906799316, "val_f1_individual_macro": 0.66407048931401, "val_acc_individual": 0.9555671811103821, "train_acc_means": 0.9756289124488831, "train_time_millis": 23751.150390625, "eval_time_millis": 3533.296630859375}, "Test_results": {"test_f1_majority_binary": 0.3589743673801422, "test_f1_majority_macro": 0.6716649016398704, "test_acc_majority": 0.9694563150405884, "test_f1_individual_binary": 0.26706230640411377, "test_f1_individual_macro": 0.6222536483667331, "test_acc_individual": 0.956236720085144, "test_time_millis": 3447.7353515625, "dataset_size": 8399, "number_of_annotations": 8399}}