{"Epoch0": {"train_loss_means": 0.27596116065979004, "val_loss_mean": 0.2757999897003174, "val_f1_majority_bin": 0.4240218380345769, "val_f1_majority_macro": 0.21201091901728844, "val_acc_majority": 0.2690531177829099, "val_f1_individual_binary": 0.40471512770137524, "val_f1_individual_macro": 0.20235756385068762, "val_acc_individual": 0.2536945812807882, "train_time_millis": 42630.74568903539, "eval_time_millis": 4350.31548095867}, "Epoch1": {"train_loss_means": 0.27620744705200195, "val_loss_mean": 0.27217528223991394, "val_f1_majority_bin": 0.4240218380345769, "val_f1_majority_macro": 0.21201091901728844, "val_acc_majority": 0.2690531177829099, "val_f1_individual_binary": 0.40471512770137524, "val_f1_individual_macro": 0.20235756385068762, "val_acc_individual": 0.2536945812807882, "train_time_millis": 41943.99587798398, "eval_time_millis": 4362.595568061806}, "Epoch2": {"train_loss_means": 0.2762407064437866, "val_loss_mean": 0.26972246170043945, "val_f1_majority_bin": 0.0, "val_f1_majority_macro": 0.42228152101400934, "val_acc_majority": 0.73094688221709, "val_f1_individual_binary": 0.0, "val_f1_individual_macro": 0.4273624823695346, "val_acc_individual": 0.7463054187192119, "train_time_millis": 41978.34399098065, "eval_time_millis": 4515.737712034024}, "Epoch3": {"train_loss_means": 0.2757459878921509, "val_loss_mean": 0.270052045583725, "val_f1_majority_bin": 0.0, "val_f1_majority_macro": 0.42228152101400934, "val_acc_majority": 0.73094688221709, "val_f1_individual_binary": 0.0, "val_f1_individual_macro": 0.4273624823695346, "val_acc_individual": 0.7463054187192119, "train_time_millis": 41975.94374802429, "eval_time_millis": 5976.379344007}, "Epoch4": {"train_loss_means": 0.27581730484962463, "val_loss_mean": 0.2704313099384308, "val_f1_majority_bin": 0.4451219512195122, "val_f1_majority_macro": 0.5534159941971167, "val_acc_majority": 0.5796766743648961, "val_f1_individual_binary": 0.4, "val_f1_individual_macro": 0.5463687150837988, "val_acc_individual": 0.5935960591133005, "train_time_millis": 41976.654952042736, "eval_time_millis": 4369.123192038387}, "Epoch5": {"train_loss_means": 0.27558091282844543, "val_loss_mean": 0.26944205164909363, "val_f1_majority_bin": 0.0, "val_f1_majority_macro": 0.42228152101400934, "val_acc_majority": 0.73094688221709, "val_f1_individual_binary": 0.0, "val_f1_individual_macro": 0.4273624823695346, "val_acc_individual": 0.7463054187192119, "train_time_millis": 41973.97469205316, "eval_time_millis": 5474.25425495021}, "Epoch6": {"train_loss_means": 0.27566006779670715, "val_loss_mean": 0.2691601514816284, "val_f1_majority_bin": 0.0, "val_f1_majority_macro": 0.42228152101400934, "val_acc_majority": 0.73094688221709, "val_f1_individual_binary": 0.0, "val_f1_individual_macro": 0.4273624823695346, "val_acc_individual": 0.7463054187192119, "train_time_millis": 41963.78953102976, "eval_time_millis": 4361.740198917687}, "Epoch7": {"train_loss_means": 0.27500009536743164, "val_loss_mean": 0.2690226137638092, "val_f1_majority_bin": 0.0, "val_f1_majority_macro": 0.42228152101400934, "val_acc_majority": 0.73094688221709, "val_f1_individual_binary": 0.0, "val_f1_individual_macro": 0.4273624823695346, "val_acc_individual": 0.7463054187192119, "train_time_millis": 41979.26193103194, "eval_time_millis": 4363.860304001719}, "Epoch8": {"train_loss_means": 0.27561959624290466, "val_loss_mean": 0.2695159316062927, "val_f1_majority_bin": 0.0, "val_f1_majority_macro": 0.42228152101400934, "val_acc_majority": 0.73094688221709, "val_f1_individual_binary": 0.0, "val_f1_individual_macro": 0.4273624823695346, "val_acc_individual": 0.7463054187192119, "train_time_millis": 41964.540036045946, "eval_time_millis": 4360.22040899843}, "Epoch9": {"train_loss_means": 0.2753728926181793, "val_loss_mean": 0.26946786046028137, "val_f1_majority_bin": 0.0, "val_f1_majority_macro": 0.42228152101400934, "val_acc_majority": 0.73094688221709, "val_f1_individual_binary": 0.0, "val_f1_individual_macro": 0.4273624823695346, "val_acc_individual": 0.7463054187192119, "train_time_millis": 41971.32932394743, "eval_time_millis": 4357.951282989234}, "Test_results": {"test_f1_majority_binary": 0.0, "test_f1_majority_macro": 0.42228152101400934, "test_acc_majority": 0.73094688221709, "test_f1_individual_binary": 0.0, "test_f1_individual_macro": 0.4273624823695346, "test_acc_individual": 0.7463054187192119, "test_time_millis": 4356.246151030064, "dataset_size": 4619, "number_of_annotations": 6597, "train_size": 3901, "val_size": 1218, "test_size": 1478}}