{"Epoch0": {"train_loss_means": 0.4209130108356476, "val_loss_mean": 0.2877500057220459, "val_f1_majority_bin": 0.37862950563430786, "val_f1_majority_macro": 0.6773305201931422, "val_acc_majority": 0.9538434743881226, "val_f1_individual_binary": 0.3530864119529724, "val_f1_individual_macro": 0.6625825342224696, "val_acc_individual": 0.9464678168296814, "train_acc_means": 0.9759284853935242, "train_time_millis": 45451.59371601767, "eval_time_millis": 20626.478096994106}, "Epoch1": {"train_loss_means": 0.20251016318798065, "val_loss_mean": 0.2925255596637726, "val_f1_majority_bin": 0.43937233090400696, "val_f1_majority_macro": 0.7109454482437889, "val_acc_majority": 0.9660943746566772, "val_f1_individual_binary": 0.38165679574012756, "val_f1_individual_macro": 0.6797707863677105, "val_acc_individual": 0.9572968482971191, "train_acc_means": 0.9660419821739197, "train_time_millis": 45521.23585701338, "eval_time_millis": 20755.9772550012}, "Epoch2": {"train_loss_means": 0.11756200343370438, "val_loss_mean": 0.3243899643421173, "val_f1_majority_bin": 0.44999998807907104, "val_f1_majority_macro": 0.7171923520539438, "val_acc_majority": 0.9696316123008728, "val_f1_individual_binary": 0.37469977140426636, "val_f1_individual_macro": 0.6770478089370322, "val_acc_individual": 0.9601062536239624, "train_acc_means": 0.9767881631851196, "train_time_millis": 45540.15537298983, "eval_time_millis": 20819.304192002164}, "Test_results": {"test_f1_majority_binary": 0.4223227798938751, "test_f1_majority_macro": 0.7026582128173584, "test_acc_majority": 0.9669599533081055, "test_f1_individual_binary": 0.35664334893226624, "test_f1_individual_macro": 0.6674478307131368, "test_acc_individual": 0.9579268097877502, "test_time_millis": 20781.97747899685, "dataset_size": 34803, "number_of_annotations": 34803}}