{"Epoch0": {"train_loss_means": 0.1368965208530426, "val_loss_mean": 0.11048252135515213, "val_f1_majority_bin": 0.7809523809523811, "val_f1_majority_macro": 0.8671968382494699, "val_acc_majority": 0.9232053422370617, "val_f1_individual_binary": 0.7500000000000001, "val_f1_individual_macro": 0.8514638346727899, "val_acc_individual": 0.9207729468599034, "train_time_millis": 6042.423595999935, "eval_time_millis": 2949.8535210000227}, "Epoch1": {"train_loss_means": 0.09478890895843506, "val_loss_mean": 0.13449761271476746, "val_f1_majority_bin": 0.7589743589743589, "val_f1_majority_macro": 0.8560574686197817, "val_acc_majority": 0.9215358931552587, "val_f1_individual_binary": 0.712871287128713, "val_f1_individual_macro": 0.8318176469599422, "val_acc_individual": 0.9159420289855073, "train_time_millis": 6072.476925000046, "eval_time_millis": 2963.391326999954}, "Epoch2": {"train_loss_means": 0.07306826114654541, "val_loss_mean": 0.10668214410543442, "val_f1_majority_bin": 0.7665198237885462, "val_f1_majority_macro": 0.8559684597830475, "val_acc_majority": 0.9115191986644408, "val_f1_individual_binary": 0.7392550143266476, "val_f1_individual_macro": 0.8431893897897038, "val_acc_individual": 0.9120772946859903, "train_time_millis": 6007.781509999859, "eval_time_millis": 2943.2702560000052}, "Epoch3": {"train_loss_means": 0.05464635044336319, "val_loss_mean": 0.08186343312263489, "val_f1_majority_bin": 0.7773584905660378, "val_f1_majority_macro": 0.8570608101276063, "val_acc_majority": 0.9015025041736227, "val_f1_individual_binary": 0.7355163727959698, "val_f1_individual_macro": 0.8363774332599097, "val_acc_individual": 0.8985507246376812, "train_time_millis": 6182.886957999926, "eval_time_millis": 2945.6840020000072}, "Epoch4": {"train_loss_means": 0.04799757897853851, "val_loss_mean": 0.10361024737358093, "val_f1_majority_bin": 0.7894736842105263, "val_f1_majority_macro": 0.869994574064026, "val_acc_majority": 0.9198664440734557, "val_f1_individual_binary": 0.7616279069767442, "val_f1_individual_macro": 0.8570596081813038, "val_acc_individual": 0.9207729468599034, "train_time_millis": 6157.901854000102, "eval_time_millis": 2948.64168800018}, "Epoch5": {"train_loss_means": 0.034638307988643646, "val_loss_mean": 0.12349537760019302, "val_f1_majority_bin": 0.8425925925925926, "val_f1_majority_macro": 0.9039846873349928, "val_acc_majority": 0.9432387312186978, "val_f1_individual_binary": 0.8087774294670848, "val_f1_individual_macro": 0.8869700968009324, "val_acc_individual": 0.9410628019323671, "train_time_millis": 6109.178380000003, "eval_time_millis": 1935.0109030001477}, "Epoch6": {"train_loss_means": 0.025777822360396385, "val_loss_mean": 0.1638103574514389, "val_f1_majority_bin": 0.835680751173709, "val_f1_majority_macro": 0.9000738781249256, "val_acc_majority": 0.9415692821368948, "val_f1_individual_binary": 0.8116883116883118, "val_f1_individual_macro": 0.8893855860371185, "val_acc_individual": 0.9439613526570049, "train_time_millis": 6061.212253000122, "eval_time_millis": 2944.059032000041}, "Epoch7": {"train_loss_means": 0.02133486233651638, "val_loss_mean": 0.15445734560489655, "val_f1_majority_bin": 0.7999999999999999, "val_f1_majority_macro": 0.8775051124744375, "val_acc_majority": 0.9265442404006677, "val_f1_individual_binary": 0.779874213836478, "val_f1_individual_macro": 0.8699599379684673, "val_acc_individual": 0.9323671497584541, "train_time_millis": 6156.45792600003, "eval_time_millis": 2283.5139660001005}, "Epoch8": {"train_loss_means": 0.019175520166754723, "val_loss_mean": 0.14899760484695435, "val_f1_majority_bin": 0.8071748878923768, "val_f1_majority_macro": 0.8815361618949062, "val_acc_majority": 0.9282136894824707, "val_f1_individual_binary": 0.7804878048780487, "val_f1_individual_macro": 0.8695780011761082, "val_acc_individual": 0.9304347826086956, "train_time_millis": 6149.790920999976, "eval_time_millis": 2975.5334369999673}, "Epoch9": {"train_loss_means": 0.01584678143262863, "val_loss_mean": 0.16624179482460022, "val_f1_majority_bin": 0.7981651376146789, "val_f1_majority_macro": 0.8766335892155028, "val_acc_majority": 0.9265442404006677, "val_f1_individual_binary": 0.7770700636942675, "val_f1_individual_macro": 0.8686033689769743, "val_acc_individual": 0.9323671497584541, "train_time_millis": 6113.5295630001565, "eval_time_millis": 2915.6322030000865}, "Test_results": {"test_f1_majority_binary": 0.835680751173709, "test_f1_majority_macro": 0.9000738781249256, "test_acc_majority": 0.9415692821368948, "test_f1_individual_binary": 0.8116883116883118, "test_f1_individual_macro": 0.8893855860371185, "test_acc_individual": 0.9439613526570049, "test_time_millis": 2742.447400999936, "dataset_size": 2559, "number_of_annotations": 4433, "train_size": 2356, "val_size": 1035, "test_size": 1042}}