{"Epoch0": {"train_loss_means": 0.04462141543626785, "val_loss_mean": 0.04054902121424675, "val_f1_majority_bin": 0.11320754716981131, "val_f1_majority_macro": 0.545555348573152, "val_acc_majority": 0.9568807339449541, "val_f1_individual_binary": 0.1111111111111111, "val_f1_individual_macro": 0.5456545654565457, "val_acc_individual": 0.9612590799031477, "train_time_millis": 6067.989848999787, "eval_time_millis": 2983.2535999994434}, "Epoch1": {"train_loss_means": 0.03939814120531082, "val_loss_mean": 0.0354158990085125, "val_f1_majority_bin": 0.2376237623762376, "val_f1_majority_macro": 0.6002933626696003, "val_acc_majority": 0.9293577981651376, "val_f1_individual_binary": 0.21857923497267762, "val_f1_individual_macro": 0.5911745934174257, "val_acc_individual": 0.9307506053268765, "train_time_millis": 6044.1271159998, "eval_time_millis": 2598.542138999619}, "Epoch2": {"train_loss_means": 0.029965298250317574, "val_loss_mean": 0.030566556379199028, "val_f1_majority_bin": 0.18779342723004694, "val_f1_majority_macro": 0.5499211162586433, "val_acc_majority": 0.8412844036697248, "val_f1_individual_binary": 0.163855421686747, "val_f1_individual_macro": 0.5352251536428352, "val_acc_individual": 0.8319612590799031, "train_time_millis": 6037.153614999625, "eval_time_millis": 2993.3744330010086}, "Epoch3": {"train_loss_means": 0.022750936448574066, "val_loss_mean": 0.030791113153100014, "val_f1_majority_bin": 0.24161073825503357, "val_f1_majority_macro": 0.5929865606587822, "val_acc_majority": 0.8963302752293578, "val_f1_individual_binary": 0.2222222222222222, "val_f1_individual_macro": 0.5829366109812747, "val_acc_individual": 0.8949152542372881, "train_time_millis": 6078.355375000683, "eval_time_millis": 3028.5037760004343}, "Epoch4": {"train_loss_means": 0.01873089000582695, "val_loss_mean": 0.031058289110660553, "val_f1_majority_bin": 0.2631578947368421, "val_f1_majority_macro": 0.6039655351396241, "val_acc_majority": 0.8972477064220183, "val_f1_individual_binary": 0.2323943661971831, "val_f1_individual_macro": 0.5878560494532458, "val_acc_individual": 0.8944309927360775, "train_time_millis": 6078.82802200038, "eval_time_millis": 2972.175483000683}, "Epoch5": {"train_loss_means": 0.014912702143192291, "val_loss_mean": 0.033250369131565094, "val_f1_majority_bin": 0.2585034013605442, "val_f1_majority_macro": 0.6024440272911918, "val_acc_majority": 0.9, "val_f1_individual_binary": 0.23104693140794222, "val_f1_individual_macro": 0.5878826663268624, "val_acc_individual": 0.8968523002421307, "train_time_millis": 6053.066849999595, "eval_time_millis": 2002.3884969996288}, "Epoch6": {"train_loss_means": 0.012745468877255917, "val_loss_mean": 0.03680761530995369, "val_f1_majority_bin": 0.2835820895522388, "val_f1_majority_macro": 0.6183306342189346, "val_acc_majority": 0.9119266055045872, "val_f1_individual_binary": 0.2549800796812749, "val_f1_individual_macro": 0.6033858892863708, "val_acc_individual": 0.9094430992736078, "train_time_millis": 6037.228555000183, "eval_time_millis": 2354.194520999954}, "Epoch7": {"train_loss_means": 0.011964895762503147, "val_loss_mean": 0.03723672404885292, "val_f1_majority_bin": 0.27941176470588236, "val_f1_majority_macro": 0.6157332796132151, "val_acc_majority": 0.9100917431192661, "val_f1_individual_binary": 0.25, "val_f1_individual_macro": 0.6002194114610222, "val_acc_individual": 0.9070217917675545, "train_time_millis": 6059.861149000426, "eval_time_millis": 2951.10660499995}, "Epoch8": {"train_loss_means": 0.010563640855252743, "val_loss_mean": 0.0401783213019371, "val_f1_majority_bin": 0.2764227642276423, "val_f1_majority_macro": 0.6165779353466845, "val_acc_majority": 0.918348623853211, "val_f1_individual_binary": 0.2456140350877193, "val_f1_individual_macro": 0.6007670380461662, "val_acc_individual": 0.9167070217917676, "train_time_millis": 6062.446629999613, "eval_time_millis": 2721.8259170003876}, "Epoch9": {"train_loss_means": 0.010379110462963581, "val_loss_mean": 0.040542274713516235, "val_f1_majority_bin": 0.27419354838709675, "val_f1_majority_macro": 0.6152096146604744, "val_acc_majority": 0.9174311926605505, "val_f1_individual_binary": 0.24454148471615722, "val_f1_individual_macro": 0.6000969407687425, "val_acc_individual": 0.9162227602905569, "train_time_millis": 6079.748166999707, "eval_time_millis": 1972.6270800001657}, "Test_results": {"test_f1_majority_binary": 0.11320754716981131, "test_f1_majority_macro": 0.545555348573152, "test_acc_majority": 0.9568807339449541, "test_f1_individual_binary": 0.1111111111111111, "test_f1_individual_macro": 0.5456545654565457, "test_acc_individual": 0.9612590799031477, "test_time_millis": 2725.7030900000245, "dataset_size": 5434, "number_of_annotations": 10438, "train_size": 6391, "val_size": 2065, "test_size": 1982}}