{"Epoch0": {"train_loss_means": 0.10353925079107285, "val_loss_mean": 0.07147985696792603, "val_f1_majority_bin": 0.5174825174825175, "val_f1_majority_macro": 0.7089577089577088, "val_acc_majority": 0.8349282296650717, "val_f1_individual_binary": 0.48809523809523814, "val_f1_individual_macro": 0.6951839826839827, "val_acc_individual": 0.8358778625954199, "train_time_millis": 1699.3725809999205, "eval_time_millis": 2496.720890000006}, "Epoch1": {"train_loss_means": 0.058368027210235596, "val_loss_mean": 0.0618848018348217, "val_f1_majority_bin": 0.5228758169934641, "val_f1_majority_macro": 0.7079972057148873, "val_acc_majority": 0.8253588516746412, "val_f1_individual_binary": 0.4835164835164836, "val_f1_individual_macro": 0.6874857244372257, "val_acc_individual": 0.8206106870229007, "train_time_millis": 1721.4702800000623, "eval_time_millis": 2506.716519999941}, "Epoch2": {"train_loss_means": 0.03730934113264084, "val_loss_mean": 0.050943367183208466, "val_f1_majority_bin": 0.5909090909090909, "val_f1_majority_macro": 0.7571022727272727, "val_acc_majority": 0.8708133971291866, "val_f1_individual_binary": 0.5477707006369427, "val_f1_individual_macro": 0.7340424771422648, "val_acc_individual": 0.8645038167938931, "train_time_millis": 1667.4577769999814, "eval_time_millis": 2495.815293000078}, "Epoch3": {"train_loss_means": 0.019931793212890625, "val_loss_mean": 0.07329750061035156, "val_f1_majority_bin": 0.6530612244897959, "val_f1_majority_macro": 0.8034953818925944, "val_acc_majority": 0.9186602870813397, "val_f1_individual_binary": 0.603448275862069, "val_f1_individual_macro": 0.7770460263430516, "val_acc_individual": 0.9122137404580153, "train_time_millis": 1653.963891000103, "eval_time_millis": 1627.4916900000562}, "Epoch4": {"train_loss_means": 0.02314615622162819, "val_loss_mean": 0.08352567255496979, "val_f1_majority_bin": 0.6464646464646464, "val_f1_majority_macro": 0.79948741142771, "val_acc_majority": 0.916267942583732, "val_f1_individual_binary": 0.603448275862069, "val_f1_individual_macro": 0.7770460263430516, "val_acc_individual": 0.9122137404580153, "train_time_millis": 1627.0793720000256, "eval_time_millis": 2488.2895599999983}, "Epoch5": {"train_loss_means": 0.011060859076678753, "val_loss_mean": 0.12220228463411331, "val_f1_majority_bin": 0.6097560975609757, "val_f1_majority_macro": 0.7836578896292943, "val_acc_majority": 0.9234449760765551, "val_f1_individual_binary": 0.5894736842105263, "val_f1_individual_macro": 0.774275142210195, "val_acc_individual": 0.9255725190839694, "train_time_millis": 1661.248938999961, "eval_time_millis": 2499.40021000009}, "Epoch6": {"train_loss_means": 0.011750801466405392, "val_loss_mean": 0.08711186796426773, "val_f1_majority_bin": 0.6666666666666666, "val_f1_majority_macro": 0.8117117117117116, "val_acc_majority": 0.9234449760765551, "val_f1_individual_binary": 0.625, "val_f1_individual_macro": 0.7900641025641025, "val_acc_individual": 0.9198473282442748, "train_time_millis": 1734.0695690000985, "eval_time_millis": 2502.5650909999513}, "Epoch7": {"train_loss_means": 0.00826017465442419, "val_loss_mean": 0.11717503517866135, "val_f1_majority_bin": 0.6511627906976745, "val_f1_majority_macro": 0.8055813953488372, "val_acc_majority": 0.9282296650717703, "val_f1_individual_binary": 0.62, "val_f1_individual_macro": 0.789957805907173, "val_acc_individual": 0.9274809160305344, "train_time_millis": 1685.252623999986, "eval_time_millis": 2498.631305999993}, "Epoch8": {"train_loss_means": 0.0073144519701600075, "val_loss_mean": 0.12276803702116013, "val_f1_majority_bin": 0.6511627906976745, "val_f1_majority_macro": 0.8055813953488372, "val_acc_majority": 0.9282296650717703, "val_f1_individual_binary": 0.62, "val_f1_individual_macro": 0.789957805907173, "val_acc_individual": 0.9274809160305344, "train_time_millis": 1615.1495260000956, "eval_time_millis": 1732.7643739999985}, "Epoch9": {"train_loss_means": 0.007126239128410816, "val_loss_mean": 0.1296001821756363, "val_f1_majority_bin": 0.6024096385542168, "val_f1_majority_macro": 0.7792924686794989, "val_acc_majority": 0.9210526315789473, "val_f1_individual_binary": 0.577319587628866, "val_f1_individual_macro": 0.7671035372424035, "val_acc_individual": 0.9217557251908397, "train_time_millis": 1578.0352719999655, "eval_time_millis": 2492.8157159999955}, "Test_results": {"test_f1_majority_binary": 0.6511627906976745, "test_f1_majority_macro": 0.8055813953488372, "test_acc_majority": 0.9282296650717703, "test_f1_individual_binary": 0.62, "test_f1_individual_macro": 0.789957805907173, "test_acc_individual": 0.9274809160305344, "test_time_millis": 2511.1723840000195, "dataset_size": 1359, "number_of_annotations": 1693, "train_size": 640, "val_size": 524, "test_size": 529}}