{"Epoch0": {"train_loss_means": 0.27525845170021057, "val_loss_mean": 0.321920245885849, "val_f1_majority_bin": 0.3948863636363636, "val_f1_majority_macro": 0.5766948824984539, "val_acc_majority": 0.6547811993517018, "val_f1_individual_binary": 0.3787375415282392, "val_f1_individual_macro": 0.5679664768883351, "val_acc_individual": 0.6508479850630154, "train_time_millis": 211851.2920946814, "eval_time_millis": 25563.83445719257}, "Epoch1": {"train_loss_means": 0.21931879222393036, "val_loss_mean": 0.35160547494888306, "val_f1_majority_bin": 0.30341113105924594, "val_f1_majority_macro": 0.5501880354406643, "val_acc_majority": 0.6855753646677472, "val_f1_individual_binary": 0.29799225079253255, "val_f1_individual_macro": 0.5494953765195812, "val_acc_individual": 0.6899019760385872, "train_time_millis": 212753.9765019901, "eval_time_millis": 25453.63862393424}, "Epoch2": {"train_loss_means": 0.17477916181087494, "val_loss_mean": 0.3512561023235321, "val_f1_majority_bin": 0.43411700382722795, "val_f1_majority_macro": 0.5504991198730604, "val_acc_majority": 0.5806320907617504, "val_f1_individual_binary": 0.4280490428049043, "val_f1_individual_macro": 0.5519891771001975, "val_acc_individual": 0.5862766454022095, "train_time_millis": 212534.54896295443, "eval_time_millis": 23442.20794690773}, "Epoch3": {"train_loss_means": 0.14493073523044586, "val_loss_mean": 0.3345101475715637, "val_f1_majority_bin": 0.4382022471910112, "val_f1_majority_macro": 0.5606727332279517, "val_acc_majority": 0.5948136142625607, "val_f1_individual_binary": 0.4204418656549877, "val_f1_individual_macro": 0.5551391222458624, "val_acc_individual": 0.5959234479539443, "train_time_millis": 212523.33894977346, "eval_time_millis": 25442.73754628375}, "Epoch4": {"train_loss_means": 0.12613575160503387, "val_loss_mean": 0.5165972709655762, "val_f1_majority_bin": 0.33003300330033003, "val_f1_majority_macro": 0.5559939452591875, "val_acc_majority": 0.6709886547811994, "val_f1_individual_binary": 0.3222293401665599, "val_f1_individual_macro": 0.5524011476829511, "val_acc_individual": 0.6707639645246616, "train_time_millis": 212489.5962816663, "eval_time_millis": 25440.24753011763}, "Epoch5": {"train_loss_means": 0.10990449041128159, "val_loss_mean": 0.5582442283630371, "val_f1_majority_bin": 0.4052863436123348, "val_f1_majority_macro": 0.5614719737183276, "val_acc_majority": 0.61709886547812, "val_f1_individual_binary": 0.39404296874999994, "val_f1_individual_macro": 0.5553224663343515, "val_acc_individual": 0.613816710751517, "train_time_millis": 212521.28389431164, "eval_time_millis": 25442.106099333614}, "Epoch6": {"train_loss_means": 0.09727158397436142, "val_loss_mean": 0.6135590672492981, "val_f1_majority_bin": 0.3564041368337311, "val_f1_majority_macro": 0.5682537128854712, "val_acc_majority": 0.6722042139384117, "val_f1_individual_binary": 0.34461152882205515, "val_f1_individual_macro": 0.5640466048167407, "val_acc_individual": 0.6744982106737203, "train_time_millis": 212591.68420219794, "eval_time_millis": 25458.414066117257}, "Epoch7": {"train_loss_means": 0.08816102892160416, "val_loss_mean": 0.5367206335067749, "val_f1_majority_bin": 0.38818565400843885, "val_f1_majority_macro": 0.5703022749268147, "val_acc_majority": 0.6474878444084279, "val_f1_individual_binary": 0.3697291259424742, "val_f1_individual_macro": 0.5631671619144054, "val_acc_individual": 0.648825268398942, "train_time_millis": 212570.2854380943, "eval_time_millis": 23442.373984958977}, "Epoch8": {"train_loss_means": 0.08220306783914566, "val_loss_mean": 0.8314042687416077, "val_f1_majority_bin": 0.3898662913441238, "val_f1_majority_macro": 0.5716045539224175, "val_acc_majority": 0.6487034035656402, "val_f1_individual_binary": 0.3762430939226519, "val_f1_individual_macro": 0.5658560065671306, "val_acc_individual": 0.6486696748093979, "train_time_millis": 212578.63437011838, "eval_time_millis": 23436.611677054316}, "Epoch9": {"train_loss_means": 0.07564815878868103, "val_loss_mean": 0.967132031917572, "val_f1_majority_bin": 0.3599701269604182, "val_f1_majority_macro": 0.5608580131604983, "val_acc_majority": 0.6527552674230146, "val_f1_individual_binary": 0.3527007299270073, "val_f1_individual_macro": 0.5587875269106879, "val_acc_individual": 0.6550490119807064, "train_time_millis": 212553.79963014275, "eval_time_millis": 25434.515635017306}, "Test_results": {"test_f1_majority_binary": 0.3564041368337311, "test_f1_majority_macro": 0.5682537128854712, "test_acc_majority": 0.6722042139384117, "test_f1_individual_binary": 0.34461152882205515, "test_f1_individual_macro": 0.5640466048167407, "test_acc_individual": 0.6744982106737203, "test_time_millis": 25355.161441955715, "dataset_size": 12636, "number_of_annotations": 32698, "train_size": 19440, "val_size": 6427, "test_size": 6831}}