{"Epoch0": {"train_loss_means": 0.05200441926717758, "val_loss_mean": 0.04764675348997116, "val_f1_majority_bin": 0.27450980392156865, "val_f1_majority_macro": 0.6024149772903511, "val_acc_majority": 0.872852233676976, "val_f1_individual_binary": 0.288272157564906, "val_f1_individual_macro": 0.608328493880192, "val_acc_individual": 0.8698641348829595, "train_time_millis": 18570.491600999958, "eval_time_millis": 4461.858039001527}, "Epoch1": {"train_loss_means": 0.037509042769670486, "val_loss_mean": 0.050644878298044205, "val_f1_majority_bin": 0.2876712328767123, "val_f1_majority_macro": 0.6113356164383561, "val_acc_majority": 0.8808705612829324, "val_f1_individual_binary": 0.2993451824134705, "val_f1_individual_macro": 0.6160821346635476, "val_acc_individual": 0.8773940088394172, "train_time_millis": 18573.240071997134, "eval_time_millis": 4460.576643999957}, "Epoch2": {"train_loss_means": 0.030968068167567253, "val_loss_mean": 0.05068258196115494, "val_f1_majority_bin": 0.29078014184397166, "val_f1_majority_macro": 0.614237422946908, "val_acc_majority": 0.8854524627720504, "val_f1_individual_binary": 0.299137104506232, "val_f1_individual_macro": 0.6168616171300735, "val_acc_individual": 0.8803404812571616, "train_time_millis": 18553.704530000687, "eval_time_millis": 4459.199607998016}, "Epoch3": {"train_loss_means": 0.025404421612620354, "val_loss_mean": 0.05776090919971466, "val_f1_majority_bin": 0.2611464968152866, "val_f1_majority_macro": 0.5940723044177125, "val_acc_majority": 0.8671248568155785, "val_f1_individual_binary": 0.27344434706397897, "val_f1_individual_macro": 0.5993022945033716, "val_acc_individual": 0.8642985758716648, "train_time_millis": 18547.06383300072, "eval_time_millis": 4456.342744000722}, "Epoch4": {"train_loss_means": 0.020740937441587448, "val_loss_mean": 0.08965800702571869, "val_f1_majority_bin": 0.3383084577114428, "val_f1_majority_macro": 0.6489476047293161, "val_acc_majority": 0.9238258877434136, "val_f1_individual_binary": 0.32855280312907426, "val_f1_individual_macro": 0.6417892825356313, "val_acc_individual": 0.9156981502700933, "train_time_millis": 18509.109818998695, "eval_time_millis": 4457.287622000877}, "Epoch5": {"train_loss_means": 0.01890016719698906, "val_loss_mean": 0.08518480509519577, "val_f1_majority_bin": 0.2903225806451613, "val_f1_majority_macro": 0.6180342866234437, "val_acc_majority": 0.8991981672394044, "val_f1_individual_binary": 0.2928416485900217, "val_f1_individual_macro": 0.617561050923906, "val_acc_individual": 0.8932722213128171, "train_time_millis": 18549.28937600198, "eval_time_millis": 4460.6607259993325}, "Epoch6": {"train_loss_means": 0.017830314114689827, "val_loss_mean": 0.10216427594423294, "val_f1_majority_bin": 0.30701754385964913, "val_f1_majority_macro": 0.6293053405572756, "val_acc_majority": 0.9095074455899198, "val_f1_individual_binary": 0.31002331002331, "val_f1_individual_macro": 0.628955316983486, "val_acc_individual": 0.9030937960386315, "train_time_millis": 18508.965556000476, "eval_time_millis": 4457.36643300188}, "Epoch7": {"train_loss_means": 0.017103781923651695, "val_loss_mean": 0.1081269383430481, "val_f1_majority_bin": 0.3333333333333333, "val_f1_majority_macro": 0.6446886446886447, "val_acc_majority": 0.9175257731958762, "val_f1_individual_binary": 0.31734317343173435, "val_f1_individual_macro": 0.6343401531341049, "val_acc_individual": 0.9091504337862171, "train_time_millis": 18529.0296389976, "eval_time_millis": 3446.926283999346}, "Epoch8": {"train_loss_means": 0.016013991087675095, "val_loss_mean": 0.12118104100227356, "val_f1_majority_bin": 0.3431372549019608, "val_f1_majority_macro": 0.6511914984972091, "val_acc_majority": 0.9232531500572738, "val_f1_individual_binary": 0.32509752925877766, "val_f1_individual_macro": 0.639883029630699, "val_acc_individual": 0.9150433786217057, "train_time_millis": 18547.2064759997, "eval_time_millis": 4458.610066998517}, "Epoch9": {"train_loss_means": 0.015702662989497185, "val_loss_mean": 0.12436172366142273, "val_f1_majority_bin": 0.34, "val_f1_majority_macro": 0.649951397326853, "val_acc_majority": 0.9243986254295533, "val_f1_individual_binary": 0.3311432325886991, "val_f1_individual_macro": 0.64335812236051, "val_acc_individual": 0.9166803077426747, "train_time_millis": 18603.436239001894, "eval_time_millis": 4461.971570999594}, "Test_results": {"test_f1_majority_binary": 0.34, "test_f1_majority_macro": 0.649951397326853, "test_acc_majority": 0.9243986254295533, "test_f1_individual_binary": 0.3311432325886991, "test_f1_individual_macro": 0.64335812236051, "test_acc_individual": 0.9166803077426747, "test_time_millis": 4464.493058996595, "dataset_size": 8684, "number_of_annotations": 30497, "train_size": 18511, "val_size": 6109, "test_size": 5877}}