{"Epoch0": {"train_loss_means": 0.04203585535287857, "val_loss_mean": 0.03511012718081474, "val_f1_majority_bin": 0.26939970717423134, "val_f1_majority_macro": 0.6236104718368156, "val_acc_majority": 0.956949357259943, "val_f1_individual_binary": 0.26272833268558105, "val_f1_individual_macro": 0.6189060327642786, "val_acc_individual": 0.9517965136961936, "train_time_millis": 8505.418302956969, "eval_time_millis": 15135.176443960518}, "Epoch1": {"train_loss_means": 0.03016176074743271, "val_loss_mean": 0.027987467125058174, "val_f1_majority_bin": 0.21413276231263387, "val_f1_majority_macro": 0.5726289222091461, "val_acc_majority": 0.873350012941075, "val_f1_individual_binary": 0.22895215021199275, "val_f1_individual_macro": 0.5791659674836731, "val_acc_individual": 0.870610357269909, "train_time_millis": 8466.245323885232, "eval_time_millis": 15128.289292100817}, "Epoch2": {"train_loss_means": 0.020559294149279594, "val_loss_mean": 0.03293127566576004, "val_f1_majority_bin": 0.31491712707182323, "val_f1_majority_macro": 0.6406229371781998, "val_acc_majority": 0.9358122681390734, "val_f1_individual_binary": 0.30995188655355793, "val_f1_individual_macro": 0.6367507128697376, "val_acc_individual": 0.9307567210448747, "train_time_millis": 8478.741664905101, "eval_time_millis": 14284.352991729975}, "Epoch3": {"train_loss_means": 0.0147379320114851, "val_loss_mean": 0.04309508949518204, "val_f1_majority_bin": 0.3085606773283161, "val_f1_majority_macro": 0.6376656634980112, "val_acc_majority": 0.9365887326373911, "val_f1_individual_binary": 0.30665630665630667, "val_f1_individual_macro": 0.6354450050389767, "val_acc_individual": 0.9319764191695888, "train_time_millis": 8460.349251981825, "eval_time_millis": 13125.57206908241}, "Epoch4": {"train_loss_means": 0.012484721839427948, "val_loss_mean": 0.04658517614006996, "val_f1_majority_bin": 0.29406706792777304, "val_f1_majority_macro": 0.6283905438190116, "val_acc_majority": 0.9291691829868001, "val_f1_individual_binary": 0.2924281984334204, "val_f1_individual_macro": 0.6262060449848826, "val_acc_individual": 0.9242516643797327, "train_time_millis": 8497.15632898733, "eval_time_millis": 13255.801047664136}, "Epoch5": {"train_loss_means": 0.011645355261862278, "val_loss_mean": 0.05614858493208885, "val_f1_majority_bin": 0.3168124392614189, "val_f1_majority_macro": 0.6425392941578616, "val_acc_majority": 0.9393494952980761, "val_f1_individual_binary": 0.3130341880341881, "val_f1_individual_macro": 0.6393621929979383, "val_acc_individual": 0.934644508817401, "train_time_millis": 8471.287689171731, "eval_time_millis": 14280.798989813775}, "Epoch6": {"train_loss_means": 0.010600839741528034, "val_loss_mean": 0.058660849928855896, "val_f1_majority_bin": 0.3181377303588749, "val_f1_majority_macro": 0.6432005070917665, "val_acc_majority": 0.9393494952980761, "val_f1_individual_binary": 0.3062583222370173, "val_f1_individual_macro": 0.6357516045163714, "val_acc_individual": 0.93380596635666, "train_time_millis": 8474.917001090944, "eval_time_millis": 14174.204010982066}, "Epoch7": {"train_loss_means": 0.010156232863664627, "val_loss_mean": 0.06516677141189575, "val_f1_majority_bin": 0.3333333333333333, "val_f1_majority_macro": 0.6522665226652267, "val_acc_majority": 0.9447847467862998, "val_f1_individual_binary": 0.3119475335044197, "val_f1_individual_macro": 0.639930097120157, "val_acc_individual": 0.9386847588555166, "train_time_millis": 8482.30798728764, "eval_time_millis": 15125.960001256317}, "Epoch8": {"train_loss_means": 0.009810371324419975, "val_loss_mean": 0.07123405486345291, "val_f1_majority_bin": 0.35147392290249435, "val_f1_majority_macro": 0.6629118493436239, "val_acc_majority": 0.9506513674402554, "val_f1_individual_binary": 0.32367447595561033, "val_f1_individual_macro": 0.647300505231065, "val_acc_individual": 0.9442496315495248, "train_time_millis": 8498.283748980612, "eval_time_millis": 15136.050981003791}, "Epoch9": {"train_loss_means": 0.009605188854038715, "val_loss_mean": 0.07289355993270874, "val_f1_majority_bin": 0.352, "val_f1_majority_macro": 0.6632909848926345, "val_acc_majority": 0.9510827366059874, "val_f1_individual_binary": 0.32350201800683015, "val_f1_individual_macro": 0.6473180602837679, "val_acc_individual": 0.944630787213498, "train_time_millis": 8474.105404224247, "eval_time_millis": 15160.145766101778}, "Test_results": {"test_f1_majority_binary": 0.26939970717423134, "test_f1_majority_macro": 0.6236104718368156, "test_acc_majority": 0.956949357259943, "test_f1_individual_binary": 0.26272833268558105, "test_f1_individual_macro": 0.6189060327642786, "test_acc_individual": 0.9517965136961936, "test_time_millis": 15124.1291356273, "dataset_size": 25873, "number_of_annotations": 88354, "train_size": 9500, "val_size": 39354, "test_size": 39500}}