{"Epoch0": {"train_loss_means": 0.7146837115287781, "val_loss_mean": 0.5305830836296082, "val_f1_majority_bin": 0.4189886450767517, "val_f1_majority_macro": 0.6904496044729835, "val_acc_majority": 0.928507924079895, "val_f1_individual_binary": 0.3872966766357422, "val_f1_individual_macro": 0.6753389970936523, "val_acc_individual": 0.9308928847312927, "train_acc_means": 0.9353730082511902, "train_time_millis": 104121.96161597967, "eval_time_millis": 16070.700240088627}, "Epoch1": {"train_loss_means": 0.4825240671634674, "val_loss_mean": 0.46070659160614014, "val_f1_majority_bin": 0.419222891330719, "val_f1_majority_macro": 0.6903858900689249, "val_acc_majority": 0.9278730154037476, "val_f1_individual_binary": 0.3956678807735443, "val_f1_individual_macro": 0.6783751541560056, "val_acc_individual": 0.926874041557312, "train_acc_means": 0.9408136010169983, "train_time_millis": 104677.68089100718, "eval_time_millis": 16134.717029053718}, "Epoch2": {"train_loss_means": 0.37922921776771545, "val_loss_mean": 0.4511232078075409, "val_f1_majority_bin": 0.3911007046699524, "val_f1_majority_macro": 0.6780960011269391, "val_acc_majority": 0.9339682459831238, "val_f1_individual_binary": 0.4252100884914398, "val_f1_individual_macro": 0.6968461257878877, "val_acc_individual": 0.9402411580085754, "train_acc_means": 0.9479809999465942, "train_time_millis": 105233.86310995556, "eval_time_millis": 16173.170073190704}, "Epoch3": {"train_loss_means": 0.30563655495643616, "val_loss_mean": 0.4661240875720978, "val_f1_majority_bin": 0.42355889081954956, "val_f1_majority_macro": 0.6963968911041649, "val_acc_majority": 0.9415873289108276, "val_f1_individual_binary": 0.4469964802265167, "val_f1_individual_macro": 0.7091140420390771, "val_acc_individual": 0.9453083872795105, "train_acc_means": 0.9555577039718628, "train_time_millis": 105332.72485807538, "eval_time_millis": 16160.988836083561}, "Test_results": {"test_f1_majority_binary": 0.38926175236701965, "test_f1_majority_macro": 0.6763062651533785, "test_acc_majority": 0.9308510422706604, "test_f1_individual_binary": 0.42576590180397034, "test_f1_individual_macro": 0.6959168857885173, "test_acc_individual": 0.9359221458435059, "test_time_millis": 16352.477020118386, "dataset_size": 39376, "number_of_annotations": 56931}}