{"Epoch0": {"train_loss_means": 0.5934321284294128, "val_loss_mean": 0.588238537311554, "val_f1_majority_bin": 0.0, "val_f1_majority_macro": 0.49394812680115274, "val_acc_majority": 0.9760820269584656, "val_f1_individual_binary": 0.0, "val_f1_individual_macro": 0.49483747609942635, "val_acc_individual": 0.979560911655426, "train_acc_means": 0.9795454740524292, "train_time_millis": 9962.198969908059, "eval_time_millis": 1443.1343199685216}, "Epoch1": {"train_loss_means": 0.5241304636001587, "val_loss_mean": 0.5594409108161926, "val_f1_majority_bin": 0.0, "val_f1_majority_macro": 0.49394812680115274, "val_acc_majority": 0.9760820269584656, "val_f1_individual_binary": 0.0, "val_f1_individual_macro": 0.49483747609942635, "val_acc_individual": 0.979560911655426, "train_acc_means": 0.9795454740524292, "train_time_millis": 9937.855650205165, "eval_time_millis": 1448.2443262822926}, "Epoch2": {"train_loss_means": 0.4872148036956787, "val_loss_mean": 0.5305594205856323, "val_f1_majority_bin": 0.0, "val_f1_majority_macro": 0.49394812680115274, "val_acc_majority": 0.9760820269584656, "val_f1_individual_binary": 0.0, "val_f1_individual_macro": 0.49483747609942635, "val_acc_individual": 0.979560911655426, "train_acc_means": 0.9795454740524292, "train_time_millis": 9933.176567777991, "eval_time_millis": 1434.0447578579187}, "Epoch3": {"train_loss_means": 0.3777039647102356, "val_loss_mean": 0.4385146200656891, "val_f1_majority_bin": 0.19354838132858276, "val_f1_majority_macro": 0.5895278167367929, "val_acc_majority": 0.9715262055397034, "val_f1_individual_binary": 0.13636364042758942, "val_f1_individual_macro": 0.5608685002449437, "val_acc_individual": 0.9712339043617249, "train_acc_means": 0.980681836605072, "train_time_millis": 9962.760813999921, "eval_time_millis": 1430.3367552347481}, "Epoch4": {"train_loss_means": 0.2600221633911133, "val_loss_mean": 0.42882439494132996, "val_f1_majority_bin": 0.21621622145175934, "val_f1_majority_macro": 0.5996729714007201, "val_acc_majority": 0.9669703841209412, "val_f1_individual_binary": 0.15094339847564697, "val_f1_individual_macro": 0.5667810839764752, "val_acc_individual": 0.9659348726272583, "train_acc_means": 0.9859848618507385, "train_time_millis": 9949.587615672499, "eval_time_millis": 1429.3041247874498}, "Epoch5": {"train_loss_means": 0.1657627522945404, "val_loss_mean": 0.47425538301467896, "val_f1_majority_bin": 0.20000000298023224, "val_f1_majority_macro": 0.5930475086906142, "val_acc_majority": 0.9726651310920715, "val_f1_individual_binary": 0.1428571492433548, "val_f1_individual_macro": 0.5645054945054945, "val_acc_individual": 0.9727479219436646, "train_acc_means": 0.9943181872367859, "train_time_millis": 9959.043570328504, "eval_time_millis": 1434.4572420231998}, "Test_results": {"test_f1_majority_binary": 0.0, "test_f1_majority_macro": 0.4938800489596083, "test_acc_majority": 0.9758161902427673, "test_f1_individual_binary": 0.0714285746216774, "test_f1_individual_macro": 0.5305059523809524, "test_acc_individual": 0.9793977737426758, "test_time_millis": 1457.1108468808234, "dataset_size": 4338, "number_of_annotations": 4338}}