{"Epoch0": {"train_loss_means": 0.3017493784427643, "val_loss_mean": 0.29443326592445374, "val_f1_majority_bin": 0.41784989858012167, "val_f1_majority_macro": 0.5633874239350912, "val_acc_majority": 0.6118999323867478, "val_f1_individual_binary": 0.43985849056603776, "val_f1_individual_macro": 0.5812835943781736, "val_acc_individual": 0.6290511518937915, "train_time_millis": 27955.499450996285, "eval_time_millis": 11225.775536004221}, "Epoch1": {"train_loss_means": 0.25977715849876404, "val_loss_mean": 0.31320589780807495, "val_f1_majority_bin": 0.37214885954381755, "val_f1_majority_macro": 0.563015606242497, "val_acc_majority": 0.6463826910074375, "val_f1_individual_binary": 0.39916259595254705, "val_f1_individual_macro": 0.5828830057561597, "val_acc_individual": 0.6638032018742679, "train_time_millis": 27996.527477007476, "eval_time_millis": 11235.503407995566}, "Epoch2": {"train_loss_means": 0.1924232691526413, "val_loss_mean": 0.36310794949531555, "val_f1_majority_bin": 0.3474178403755869, "val_f1_majority_macro": 0.5417051215173281, "val_acc_majority": 0.6240703177822853, "val_f1_individual_binary": 0.35618279569892475, "val_f1_individual_macro": 0.5462807209094513, "val_acc_individual": 0.6259273721202655, "train_time_millis": 28021.682692007744, "eval_time_millis": 10628.671591999591}, "Epoch3": {"train_loss_means": 0.1500289887189865, "val_loss_mean": 0.4084084630012512, "val_f1_majority_bin": 0.43564356435643564, "val_f1_majority_macro": 0.5480870772513093, "val_acc_majority": 0.5760649087221096, "val_f1_individual_binary": 0.43028720626631856, "val_f1_individual_macro": 0.5450469395846715, "val_acc_individual": 0.5739945333853963, "train_time_millis": 28041.595091999625, "eval_time_millis": 11244.146406010259}, "Epoch4": {"train_loss_means": 0.10464705526828766, "val_loss_mean": 0.5378745794296265, "val_f1_majority_bin": 0.34220532319391633, "val_f1_majority_macro": 0.5514622743217161, "val_acc_majority": 0.6490872210953347, "val_f1_individual_binary": 0.3399558498896247, "val_f1_individual_macro": 0.5507911059174406, "val_acc_individual": 0.649746192893401, "train_time_millis": 28030.235239988542, "eval_time_millis": 9202.052564010955}, "Epoch5": {"train_loss_means": 0.08406507223844528, "val_loss_mean": 0.5490089654922485, "val_f1_majority_bin": 0.41450777202072536, "val_f1_majority_macro": 0.5655077746204982, "val_acc_majority": 0.6179851250845165, "val_f1_individual_binary": 0.4091441969519343, "val_f1_individual_macro": 0.5570311148694098, "val_acc_individual": 0.6064037485357282, "train_time_millis": 28038.211020000745, "eval_time_millis": 11241.229940002086}, "Epoch6": {"train_loss_means": 0.06614303588867188, "val_loss_mean": 0.6631951332092285, "val_f1_majority_bin": 0.4179389312977099, "val_f1_majority_macro": 0.5492836017745094, "val_acc_majority": 0.5875591615956728, "val_f1_individual_binary": 0.41327623126338325, "val_f1_individual_macro": 0.538230002540112, "val_acc_individual": 0.5720421710269425, "train_time_millis": 28030.13309800008, "eval_time_millis": 11232.413029996678}, "Epoch7": {"train_loss_means": 0.05962561443448067, "val_loss_mean": 0.8228848576545715, "val_f1_majority_bin": 0.3888888888888889, "val_f1_majority_macro": 0.5683699458771092, "val_acc_majority": 0.6430020283975659, "val_f1_individual_binary": 0.38336582196231317, "val_f1_individual_macro": 0.5592519871742909, "val_acc_individual": 0.6294416243654822, "train_time_millis": 28083.35704699857, "eval_time_millis": 9972.59628699976}, "Epoch8": {"train_loss_means": 0.0548352375626564, "val_loss_mean": 0.9007512927055359, "val_f1_majority_bin": 0.3671497584541063, "val_f1_majority_macro": 0.5605701843913724, "val_acc_majority": 0.6457065584854631, "val_f1_individual_binary": 0.3673469387755102, "val_f1_individual_macro": 0.556345977602432, "val_acc_individual": 0.6368606013276064, "train_time_millis": 28093.24883201043, "eval_time_millis": 9215.976958003012}, "Epoch9": {"train_loss_means": 0.05084126070141792, "val_loss_mean": 0.8751425743103027, "val_f1_majority_bin": 0.38052095130237823, "val_f1_majority_macro": 0.5584532467355265, "val_acc_majority": 0.6301555104800541, "val_f1_individual_binary": 0.37906828334396936, "val_f1_individual_macro": 0.552684633936401, "val_acc_individual": 0.6200702850449044, "train_time_millis": 28120.14944900875, "eval_time_millis": 9957.317695007077}, "Test_results": {"test_f1_majority_binary": 0.37214885954381755, "test_f1_majority_macro": 0.563015606242497, "test_acc_majority": 0.6463826910074375, "test_f1_individual_binary": 0.39916259595254705, "test_f1_individual_macro": 0.5828830057561597, "test_acc_individual": 0.6638032018742679, "test_time_millis": 9222.120085993083, "dataset_size": 7871, "number_of_annotations": 13779, "train_size": 2598, "val_size": 2561, "test_size": 2951}}