{"Epoch0": {"train_loss_means": 0.5098087191581726, "val_loss_mean": 0.4632296562194824, "val_f1_majority_bin": 0.0, "val_f1_majority_macro": 0.49454910169195887, "val_acc_majority": 0.9784315228462219, "val_f1_individual_binary": 0.0, "val_f1_individual_macro": 0.4922977178423237, "val_acc_individual": 0.9696582555770874, "train_acc_means": 0.980681836605072, "train_time_millis": 22080.230302002747, "eval_time_millis": 22179.929662001086}, "Epoch1": {"train_loss_means": 0.31905773282051086, "val_loss_mean": 0.29827097058296204, "val_f1_majority_bin": 0.44480520486831665, "val_f1_majority_macro": 0.7148248255334138, "val_acc_majority": 0.9704943299293518, "val_f1_individual_binary": 0.3595317602157593, "val_f1_individual_macro": 0.669675786703875, "val_acc_individual": 0.96087247133255, "train_acc_means": 0.9753788113594055, "train_time_millis": 20721.03384100774, "eval_time_millis": 20928.647769993404}, "Epoch2": {"train_loss_means": 0.14856313169002533, "val_loss_mean": 0.4489717483520508, "val_f1_majority_bin": 0.4078623950481415, "val_f1_majority_macro": 0.6986403147983828, "val_acc_majority": 0.9792079925537109, "val_f1_individual_binary": 0.3054245412349701, "val_f1_individual_macro": 0.6450241735124012, "val_acc_individual": 0.96991366147995, "train_acc_means": 0.9780303239822388, "train_time_millis": 20763.063420992694, "eval_time_millis": 20925.927877004142}, "Epoch3": {"train_loss_means": 0.06955873966217041, "val_loss_mean": 0.5592217445373535, "val_f1_majority_bin": 0.43478259444236755, "val_f1_majority_macro": 0.7116699769998813, "val_acc_majority": 0.9775688052177429, "val_f1_individual_binary": 0.33582088351249695, "val_f1_individual_macro": 0.6597594115459962, "val_acc_individual": 0.9681769609451294, "train_acc_means": 0.9907196760177612, "train_time_millis": 20713.29347700521, "eval_time_millis": 20986.67434399249}, "Test_results": {"test_f1_majority_binary": 0.4093816578388214, "test_f1_majority_macro": 0.6985935390185327, "test_acc_majority": 0.976104199886322, "test_f1_individual_binary": 0.3073684275150299, "test_f1_individual_macro": 0.645118732786144, "test_acc_individual": 0.9665650129318237, "test_time_millis": 20795.56164200767, "dataset_size": 28455, "number_of_annotations": 28455}}