{"Epoch0": {"train_loss_means": 0.02124164253473282, "val_loss_mean": 0.017784198746085167, "val_f1_majority_bin": 0.08735632183908046, "val_f1_majority_macro": 0.4543844137310562, "val_acc_majority": 0.7012791572610986, "val_f1_individual_binary": 0.08846487424111014, "val_f1_individual_macro": 0.4553905098170893, "val_acc_individual": 0.7026032823995473, "train_time_millis": 10766.415311023593, "eval_time_millis": 3535.053887986578}, "Epoch1": {"train_loss_means": 0.0118288304656744, "val_loss_mean": 0.014602540992200375, "val_f1_majority_bin": 0.22377622377622378, "val_f1_majority_macro": 0.5898205174547123, "val_acc_majority": 0.9164785553047404, "val_f1_individual_binary": 0.21705426356589147, "val_f1_individual_macro": 0.5858508857119983, "val_acc_individual": 0.9142614601018676, "train_time_millis": 10746.155433007516, "eval_time_millis": 3504.822410061024}, "Epoch2": {"train_loss_means": 0.0075535960495471954, "val_loss_mean": 0.01737319491803646, "val_f1_majority_bin": 0.2519685039370078, "val_f1_majority_macro": 0.6072169663106611, "val_acc_majority": 0.928517682468021, "val_f1_individual_binary": 0.23768115942028983, "val_f1_individual_macro": 0.5992808593472118, "val_acc_individual": 0.9255800792303339, "train_time_millis": 10710.978238959797, "eval_time_millis": 3581.4635260030627}, "Epoch3": {"train_loss_means": 0.005039871670305729, "val_loss_mean": 0.023791514337062836, "val_f1_majority_bin": 0.3333333333333333, "val_f1_majority_macro": 0.6557886557886557, "val_acc_majority": 0.9578630549285176, "val_f1_individual_binary": 0.3185840707964602, "val_f1_individual_macro": 0.6480380161056256, "val_acc_individual": 0.9564233163554047, "train_time_millis": 10725.480137043633, "eval_time_millis": 3578.5086390096694}, "Epoch4": {"train_loss_means": 0.0038633691146969795, "val_loss_mean": 0.023880725726485252, "val_f1_majority_bin": 0.28828828828828834, "val_f1_majority_macro": 0.6286357028406498, "val_acc_majority": 0.9405568096313017, "val_f1_individual_binary": 0.254180602006689, "val_f1_individual_macro": 0.6106181485436015, "val_acc_individual": 0.9368986983588002, "train_time_millis": 10746.035409974866, "eval_time_millis": 3564.097404014319}, "Epoch5": {"train_loss_means": 0.002971906680613756, "val_loss_mean": 0.033363666385412216, "val_f1_majority_bin": 0.36619718309859156, "val_f1_majority_macro": 0.67440125873136, "val_acc_majority": 0.9661399548532731, "val_f1_individual_binary": 0.3492063492063492, "val_f1_individual_macro": 0.6656629216594327, "val_acc_individual": 0.965195246179966, "train_time_millis": 10739.136127987877, "eval_time_millis": 3553.8813079474494}, "Epoch6": {"train_loss_means": 0.0028618653304874897, "val_loss_mean": 0.036790717393159866, "val_f1_majority_bin": 0.37142857142857144, "val_f1_majority_macro": 0.6772135129167587, "val_acc_majority": 0.9668924003009782, "val_f1_individual_binary": 0.35294117647058826, "val_f1_individual_macro": 0.6676782615385931, "val_acc_individual": 0.9657611771363893, "train_time_millis": 10666.207963018678, "eval_time_millis": 3611.479051061906}, "Epoch7": {"train_loss_means": 0.002652427414432168, "val_loss_mean": 0.04707317426800728, "val_f1_majority_bin": 0.4, "val_f1_majority_macro": 0.6930715935334874, "val_acc_majority": 0.9729119638826185, "val_f1_individual_binary": 0.3647798742138365, "val_f1_individual_macro": 0.6750806304055144, "val_acc_individual": 0.9714204867006225, "train_time_millis": 10757.998708984815, "eval_time_millis": 2717.9442370543256}, "Epoch8": {"train_loss_means": 0.002545322058722377, "val_loss_mean": 0.049263861030340195, "val_f1_majority_bin": 0.39344262295081966, "val_f1_majority_macro": 0.6895977073167652, "val_acc_majority": 0.9721595184349134, "val_f1_individual_binary": 0.36585365853658536, "val_f1_individual_macro": 0.6753949636831247, "val_acc_individual": 0.9705715902659876, "train_time_millis": 10772.894883994013, "eval_time_millis": 3586.8769499938935}, "Epoch9": {"train_loss_means": 0.0024937770795077085, "val_loss_mean": 0.04928277060389519, "val_f1_majority_bin": 0.3870967741935483, "val_f1_majority_macro": 0.6862294348625677, "val_acc_majority": 0.9714070729872084, "val_f1_individual_binary": 0.3536585365853659, "val_f1_individual_macro": 0.6691525591385694, "val_acc_individual": 0.9700056593095643, "train_time_millis": 10733.948817942291, "eval_time_millis": 3549.4929649867117}, "Test_results": {"test_f1_majority_binary": 0.4, "test_f1_majority_macro": 0.6930715935334874, "test_acc_majority": 0.9729119638826185, "test_f1_individual_binary": 0.3647798742138365, "test_f1_individual_macro": 0.6750806304055144, "test_acc_individual": 0.9714204867006225, "test_time_millis": 3560.701488982886, "dataset_size": 6614, "number_of_annotations": 17374, "train_size": 10505, "val_size": 3534, "test_size": 3335}}