{"Epoch0": {"train_loss_means": 0.0502922385931015, "val_loss_mean": 0.03716287016868591, "val_f1_majority_bin": 0.41546961325966847, "val_f1_majority_macro": 0.6958615741479022, "val_acc_majority": 0.9543611422655509, "val_f1_individual_binary": 0.38403840384038407, "val_f1_individual_macro": 0.6784006281225138, "val_acc_individual": 0.9478324947908726, "train_time_millis": 49646.106974221766, "eval_time_millis": 18247.111402917653}, "Epoch1": {"train_loss_means": 0.03816940262913704, "val_loss_mean": 0.04028138145804405, "val_f1_majority_bin": 0.373046875, "val_f1_majority_macro": 0.6720365704542377, "val_acc_majority": 0.9446121991200069, "val_f1_individual_binary": 0.3635388739946381, "val_f1_individual_macro": 0.6659381264795672, "val_acc_individual": 0.9396757635818468, "train_time_millis": 49802.16655880213, "eval_time_millis": 18451.05139305815}, "Epoch2": {"train_loss_means": 0.031166765838861465, "val_loss_mean": 0.04250625520944595, "val_f1_majority_bin": 0.40974529346622374, "val_f1_majority_macro": 0.6929107094827864, "val_acc_majority": 0.9540160469329653, "val_f1_individual_binary": 0.38658536585365855, "val_f1_individual_macro": 0.6799554606751455, "val_acc_individual": 0.9488743202723993, "train_time_millis": 49886.90844224766, "eval_time_millis": 18130.331956315786}, "Epoch3": {"train_loss_means": 0.024416392669081688, "val_loss_mean": 0.043708011507987976, "val_f1_majority_bin": 0.2784636488340192, "val_f1_majority_macro": 0.6150189722719166, "val_acc_majority": 0.9092399275299802, "val_f1_individual_binary": 0.29378084896347484, "val_f1_individual_macro": 0.6226043416225383, "val_acc_individual": 0.9091070793311988, "train_time_millis": 49870.6700950861, "eval_time_millis": 18127.36912816763}, "Epoch4": {"train_loss_means": 0.021412886679172516, "val_loss_mean": 0.05808823183178902, "val_f1_majority_bin": 0.38018200202224467, "val_f1_majority_macro": 0.676280339991882, "val_acc_majority": 0.9471141402812527, "val_f1_individual_binary": 0.37315968289920726, "val_f1_individual_macro": 0.6718543971588725, "val_acc_individual": 0.9437414239975606, "train_time_millis": 49872.792398091406, "eval_time_millis": 18334.219316020608}, "Epoch5": {"train_loss_means": 0.01929641328752041, "val_loss_mean": 0.06960058212280273, "val_f1_majority_bin": 0.39139784946236555, "val_f1_majority_macro": 0.6829809667948175, "val_acc_majority": 0.9511690104391338, "val_f1_individual_binary": 0.3872710897628339, "val_f1_individual_macro": 0.6800969323072895, "val_acc_individual": 0.9481374193220511, "train_time_millis": 49791.82646004483, "eval_time_millis": 18284.6896070987}, "Epoch6": {"train_loss_means": 0.017670605331659317, "val_loss_mean": 0.07654847204685211, "val_f1_majority_bin": 0.4696774193548387, "val_f1_majority_macro": 0.7256674685474154, "val_acc_majority": 0.9645414545768268, "val_f1_individual_binary": 0.4247293049249039, "val_f1_individual_macro": 0.7015069822139188, "val_acc_individual": 0.9581491080957463, "train_time_millis": 49832.44747063145, "eval_time_millis": 17094.070714898407}, "Epoch7": {"train_loss_means": 0.016522036865353584, "val_loss_mean": 0.07650773227214813, "val_f1_majority_bin": 0.40939597315436244, "val_f1_majority_macro": 0.6928530475965639, "val_acc_majority": 0.9544474160986972, "val_f1_individual_binary": 0.39004665629860025, "val_f1_individual_macro": 0.6820353690007698, "val_acc_individual": 0.950170249529908, "train_time_millis": 49880.18024014309, "eval_time_millis": 18135.29628654942}, "Epoch8": {"train_loss_means": 0.01536580827087164, "val_loss_mean": 0.08664604276418686, "val_f1_majority_bin": 0.4501278772378516, "val_f1_majority_macro": 0.7154657243332115, "val_acc_majority": 0.9629022517470451, "val_f1_individual_binary": 0.4102920723226704, "val_f1_individual_macro": 0.693963421961525, "val_acc_individual": 0.956903999593434, "train_time_millis": 49791.63273004815, "eval_time_millis": 18112.67238203436}, "Epoch9": {"train_loss_means": 0.015149971470236778, "val_loss_mean": 0.08263466507196426, "val_f1_majority_bin": 0.42424242424242414, "val_f1_majority_macro": 0.701056886731497, "val_acc_majority": 0.9573807264256751, "val_f1_individual_binary": 0.3976945244956773, "val_f1_individual_macro": 0.6864043172190631, "val_acc_individual": 0.9522030797377649, "train_time_millis": 49853.42131275684, "eval_time_millis": 18181.785621214658}, "Test_results": {"test_f1_majority_binary": 0.4696774193548387, "test_f1_majority_macro": 0.7256674685474154, "test_acc_majority": 0.9645414545768268, "test_f1_individual_binary": 0.4247293049249039, "test_f1_individual_macro": 0.7015069822139188, "test_acc_individual": 0.9581491080957463, "test_time_millis": 18092.847924213856, "dataset_size": 36264, "number_of_annotations": 126354, "train_size": 47500, "val_size": 39354, "test_size": 39500}}