{"Epoch0": {"train_loss_means": 0.04635167121887207, "val_loss_mean": 0.040495503693819046, "val_f1_majority_bin": 0.32802547770700635, "val_f1_majority_macro": 0.6422197208820097, "val_acc_majority": 0.9181377303588749, "val_f1_individual_binary": 0.27792672028596965, "val_f1_individual_macro": 0.6168057338609687, "val_acc_individual": 0.91649441918148, "train_time_millis": 56124.129226998775, "eval_time_millis": 10323.207342000387}, "Epoch1": {"train_loss_means": 0.0354328490793705, "val_loss_mean": 0.0395108200609684, "val_f1_majority_bin": 0.36075949367088606, "val_f1_majority_macro": 0.6649771441514252, "val_acc_majority": 0.9412221144519883, "val_f1_individual_binary": 0.3143534994068802, "val_f1_individual_macro": 0.641562724094277, "val_acc_individual": 0.9402645721372468, "train_time_millis": 56431.55905399908, "eval_time_millis": 10413.28586599775}, "Epoch2": {"train_loss_means": 0.030248120427131653, "val_loss_mean": 0.045902181416749954, "val_f1_majority_bin": 0.36835278858625164, "val_f1_majority_macro": 0.6719087737580862, "val_acc_majority": 0.9527643064985452, "val_f1_individual_binary": 0.3278195488721805, "val_f1_individual_macro": 0.6519495882103719, "val_acc_individual": 0.9538032244729227, "train_time_millis": 56291.36035699776, "eval_time_millis": 10361.330697000085}, "Epoch3": {"train_loss_means": 0.025680718943476677, "val_loss_mean": 0.052937835454940796, "val_f1_majority_bin": 0.35626535626535627, "val_f1_majority_macro": 0.6649043634805525, "val_acc_majority": 0.9491755577109602, "val_f1_individual_binary": 0.3132022471910112, "val_f1_individual_macro": 0.643484170805806, "val_acc_individual": 0.9494625878462174, "train_time_millis": 56407.45135600082, "eval_time_millis": 10424.090020998847}, "Epoch4": {"train_loss_means": 0.021719805896282196, "val_loss_mean": 0.06507543474435806, "val_f1_majority_bin": 0.36123348017621154, "val_f1_majority_macro": 0.669708469863922, "val_acc_majority": 0.957807953443259, "val_f1_individual_binary": 0.33050847457627114, "val_f1_individual_macro": 0.6547276409764418, "val_acc_individual": 0.9591773460107482, "train_time_millis": 56222.22728300039, "eval_time_millis": 10304.672400001436}, "Epoch5": {"train_loss_means": 0.018773065879940987, "val_loss_mean": 0.06826896965503693, "val_f1_majority_bin": 0.34538152610441764, "val_f1_majority_macro": 0.6603876382094573, "val_acc_majority": 0.9525703200775946, "val_f1_individual_binary": 0.3102918586789554, "val_f1_individual_macro": 0.6431412237087627, "val_acc_individual": 0.9535965274906987, "train_time_millis": 56239.3678389999, "eval_time_millis": 10329.42969999931}, "Epoch6": {"train_loss_means": 0.01685531809926033, "val_loss_mean": 0.08020681887865067, "val_f1_majority_bin": 0.3384188626907073, "val_f1_majority_macro": 0.6572239044344537, "val_acc_majority": 0.9537342386032978, "val_f1_individual_binary": 0.3042789223454833, "val_f1_individual_macro": 0.6404146601471555, "val_acc_individual": 0.9546300124018189, "train_time_millis": 56507.491458000004, "eval_time_millis": 10335.253510998882}, "Epoch7": {"train_loss_means": 0.01580248773097992, "val_loss_mean": 0.08980433642864227, "val_f1_majority_bin": 0.32903225806451614, "val_f1_majority_macro": 0.654116129032258, "val_acc_majority": 0.959650824442289, "val_f1_individual_binary": 0.3089887640449438, "val_f1_individual_macro": 0.6446899394674714, "val_acc_individual": 0.961864406779661, "train_time_millis": 56388.3535649984, "eval_time_millis": 10303.20319999737}, "Epoch8": {"train_loss_means": 0.014784550294280052, "val_loss_mean": 0.09407820552587509, "val_f1_majority_bin": 0.34055727554179566, "val_f1_majority_macro": 0.6596147747489693, "val_acc_majority": 0.9586808923375364, "val_f1_individual_binary": 0.31484794275491945, "val_f1_individual_macro": 0.6472340070290321, "val_acc_individual": 0.9604175279040926, "train_time_millis": 56534.96241599714, "eval_time_millis": 10159.212518999993}, "Epoch9": {"train_loss_means": 0.0140750827267766, "val_loss_mean": 0.1006699800491333, "val_f1_majority_bin": 0.3305785123966942, "val_f1_majority_macro": 0.6551718442573029, "val_acc_majority": 0.960717749757517, "val_f1_individual_binary": 0.3094777562862669, "val_f1_individual_macro": 0.6452618407128176, "val_acc_individual": 0.9631045886730054, "train_time_millis": 56442.97957500021, "eval_time_millis": 8068.208207998396}, "Test_results": {"test_f1_majority_binary": 0.3305785123966942, "test_f1_majority_macro": 0.6551718442573029, "test_acc_majority": 0.960717749757517, "test_f1_individual_binary": 0.3094777562862669, "test_f1_individual_macro": 0.6452618407128176, "test_acc_individual": 0.9631045886730054, "test_time_millis": 10304.211928996665, "dataset_size": 51682, "number_of_annotations": 96716, "train_size": 58104, "val_size": 19352, "test_size": 19260}}