{"Epoch0": {"train_loss_means": 2.419914960861206, "val_loss_mean": 2.1318256855010986, "val_f1_majority_bin": 0.0, "val_f1_majority_macro": 0.49518749183397937, "val_acc_majority": 0.9809334874153137, "val_f1_individual_binary": 0.017642907798290253, "val_f1_individual_macro": 0.4904752482242736, "val_acc_individual": 0.9292575120925903, "train_acc_means": 0.7409879565238953, "train_time_millis": 37058.677271939814, "eval_time_millis": 43745.366116054356}, "Epoch1": {"train_loss_means": 2.1271235942840576, "val_loss_mean": 1.9671080112457275, "val_f1_majority_bin": 0.0, "val_f1_majority_macro": 0.49518749183397937, "val_acc_majority": 0.9809334874153137, "val_f1_individual_binary": 0.0, "val_f1_individual_macro": 0.49338963195633423, "val_acc_individual": 0.9739035367965698, "train_acc_means": 0.954590380191803, "train_time_millis": 37017.23013911396, "eval_time_millis": 43853.01752621308}, "Epoch2": {"train_loss_means": 1.8914514780044556, "val_loss_mean": 1.8248169422149658, "val_f1_majority_bin": 0.16507937014102936, "val_f1_majority_macro": 0.5767890375053536, "val_acc_majority": 0.9773100018501282, "val_f1_individual_binary": 0.13245032727718353, "val_f1_individual_macro": 0.5586038647057598, "val_acc_individual": 0.9700411558151245, "train_acc_means": 0.9686670303344727, "train_time_millis": 37135.73629735038, "eval_time_millis": 43883.11309181154}, "Epoch3": {"train_loss_means": 1.7080901861190796, "val_loss_mean": 1.7248752117156982, "val_f1_majority_bin": 0.23826715350151062, "val_f1_majority_macro": 0.6098088435847349, "val_acc_majority": 0.9635924696922302, "val_f1_individual_binary": 0.2240818291902542, "val_f1_individual_macro": 0.6011405363200178, "val_acc_individual": 0.9575901031494141, "train_acc_means": 0.9604215025901794, "train_time_millis": 37043.441981077194, "eval_time_millis": 43986.52249388397}, "Epoch4": {"train_loss_means": 1.5481925010681152, "val_loss_mean": 1.6519513130187988, "val_f1_majority_bin": 0.2659846544265747, "val_f1_majority_macro": 0.6266959823172449, "val_acc_majority": 0.9752393960952759, "val_f1_individual_binary": 0.22667501866817474, "val_f1_individual_macro": 0.6053295712163163, "val_acc_individual": 0.9686181545257568, "train_acc_means": 0.960195779800415, "train_time_millis": 37081.19770605117, "eval_time_millis": 43948.194870725274}, "Epoch5": {"train_loss_means": 1.4192054271697998, "val_loss_mean": 1.6057850122451782, "val_f1_majority_bin": 0.2969837486743927, "val_f1_majority_macro": 0.6418328313964119, "val_acc_majority": 0.9738590121269226, "val_f1_individual_binary": 0.24504083395004272, "val_f1_individual_macro": 0.6141171678685414, "val_acc_individual": 0.9671189785003662, "train_acc_means": 0.962064266204834, "train_time_millis": 37014.556881040335, "eval_time_millis": 44031.492601148784}, "Epoch6": {"train_loss_means": 1.308699369430542, "val_loss_mean": 1.5478057861328125, "val_f1_majority_bin": 0.32842105627059937, "val_f1_majority_macro": 0.6571862606708342, "val_acc_majority": 0.9724786281585693, "val_f1_individual_binary": 0.27419355511665344, "val_f1_individual_macro": 0.6283132014265278, "val_acc_individual": 0.9656959772109985, "train_acc_means": 0.9613087177276611, "train_time_millis": 36999.81482280418, "eval_time_millis": 44102.43455506861}, "Epoch7": {"train_loss_means": 1.2129281759262085, "val_loss_mean": 1.4886348247528076, "val_f1_majority_bin": 0.3639705777168274, "val_f1_majority_macro": 0.6743432762715476, "val_acc_majority": 0.9701492786407471, "val_f1_individual_binary": 0.3249644637107849, "val_f1_individual_macro": 0.6531803050221314, "val_acc_individual": 0.963790237903595, "train_acc_means": 0.9616864323616028, "train_time_millis": 36962.90576597676, "eval_time_millis": 43867.872613016516}, "Epoch8": {"train_loss_means": 1.1315637826919556, "val_loss_mean": 1.428819179534912, "val_f1_majority_bin": 0.3439878225326538, "val_f1_majority_macro": 0.6624267641061766, "val_acc_majority": 0.9628159999847412, "val_f1_individual_binary": 0.3150242269039154, "val_f1_individual_macro": 0.6463881788625523, "val_acc_individual": 0.9569039940834045, "train_acc_means": 0.9623152613639832, "train_time_millis": 37249.55373024568, "eval_time_millis": 43823.229861911386}, "Epoch9": {"train_loss_means": 1.0639053583145142, "val_loss_mean": 1.4303206205368042, "val_f1_majority_bin": 0.38181817531585693, "val_f1_majority_macro": 0.683397602750731, "val_acc_majority": 0.9706668853759766, "val_f1_individual_binary": 0.3267045319080353, "val_f1_individual_macro": 0.6540698036688363, "val_acc_individual": 0.9638664722442627, "train_acc_means": 0.9596733450889587, "train_time_millis": 37238.68554085493, "eval_time_millis": 43739.379810635}, "Test_results": {"test_f1_majority_binary": 0.3850267231464386, "test_f1_majority_macro": 0.6848883855600082, "test_acc_majority": 0.9702380895614624, "test_f1_individual_binary": 0.34376418590545654, "test_f1_individual_macro": 0.6624608998926523, "test_acc_individual": 0.9633671045303345, "test_time_millis": 44196.73416484147, "dataset_size": 28543, "number_of_annotations": 97854}}