{"Epoch0": {"train_loss_means": 0.28908592462539673, "val_loss_mean": 0.2953212559223175, "val_f1_majority_bin": 0.4120443740095087, "val_f1_majority_macro": 0.5153747049903659, "val_acc_majority": 0.5374064837905237, "val_f1_individual_binary": 0.38280903854674353, "val_f1_individual_macro": 0.49359139800100593, "val_acc_individual": 0.5178262374524056, "train_time_millis": 455183.13144601416, "eval_time_millis": 10418.292474001646}, "Epoch1": {"train_loss_means": 0.25681087374687195, "val_loss_mean": 0.31414803862571716, "val_f1_majority_bin": 0.3350649350649351, "val_f1_majority_macro": 0.562528365809744, "val_acc_majority": 0.6807980049875312, "val_f1_individual_binary": 0.30051057622173594, "val_f1_individual_macro": 0.5414511129350114, "val_acc_individual": 0.6680512287988923, "train_time_millis": 456737.72777896374, "eval_time_millis": 12435.423752991483}, "Epoch2": {"train_loss_means": 0.20162813365459442, "val_loss_mean": 0.3328768014907837, "val_f1_majority_bin": 0.40136054421768713, "val_f1_majority_macro": 0.5871807020314576, "val_acc_majority": 0.6708229426433915, "val_f1_individual_binary": 0.3595649392194498, "val_f1_individual_macro": 0.5610398836073524, "val_acc_individual": 0.6535133264105226, "train_time_millis": 458159.23682798166, "eval_time_millis": 10415.954150957987}, "Epoch3": {"train_loss_means": 0.14705204963684082, "val_loss_mean": 0.3496864140033722, "val_f1_majority_bin": 0.46685878962536026, "val_f1_majority_macro": 0.6053721728468288, "val_acc_majority": 0.6539900249376559, "val_f1_individual_binary": 0.3977839335180056, "val_f1_individual_macro": 0.5620935776323982, "val_acc_individual": 0.6237452405676704, "train_time_millis": 457921.3982440997, "eval_time_millis": 12437.52958998084}, "Epoch4": {"train_loss_means": 0.10436642169952393, "val_loss_mean": 0.5153972506523132, "val_f1_majority_bin": 0.4323189926547744, "val_f1_majority_macro": 0.5962038422253917, "val_acc_majority": 0.662718204488778, "val_f1_individual_binary": 0.37403216200119116, "val_f1_individual_macro": 0.5588140805126717, "val_acc_individual": 0.6362062997577016, "train_time_millis": 458049.0918389987, "eval_time_millis": 10418.156031984836}, "Epoch5": {"train_loss_means": 0.07859314233064651, "val_loss_mean": 0.7009617686271667, "val_f1_majority_bin": 0.4365591397849462, "val_f1_majority_macro": 0.6032664004455899, "val_acc_majority": 0.6733167082294265, "val_f1_individual_binary": 0.3679599499374218, "val_f1_individual_macro": 0.5631665778395243, "val_acc_individual": 0.6503980616130148, "train_time_millis": 457835.4352329625, "eval_time_millis": 12444.17066196911}, "Epoch6": {"train_loss_means": 0.057193417102098465, "val_loss_mean": 1.0316494703292847, "val_f1_majority_bin": 0.36684782608695654, "val_f1_majority_macro": 0.5891682496130575, "val_acc_majority": 0.7094763092269327, "val_f1_individual_binary": 0.30952380952380953, "val_f1_individual_macro": 0.5584803642572567, "val_acc_individual": 0.6988577362409139, "train_time_millis": 457971.903976053, "eval_time_millis": 10403.10604905244}, "Epoch7": {"train_loss_means": 0.046958863735198975, "val_loss_mean": 1.0166267156600952, "val_f1_majority_bin": 0.4020227560050569, "val_f1_majority_macro": 0.6031628053918541, "val_acc_majority": 0.7051122194513716, "val_f1_individual_binary": 0.3367647058823529, "val_f1_individual_macro": 0.5662999627193567, "val_acc_individual": 0.6877812391831083, "train_time_millis": 457850.0476490008, "eval_time_millis": 10386.562003055587}, "Epoch8": {"train_loss_means": 0.03799628093838692, "val_loss_mean": 1.2150424718856812, "val_f1_majority_bin": 0.40736196319018403, "val_f1_majority_macro": 0.602761633496471, "val_acc_majority": 0.6988778054862843, "val_f1_individual_binary": 0.3467799009200283, "val_f1_individual_macro": 0.5676625735986167, "val_acc_individual": 0.6805122879889235, "train_time_millis": 457811.35761202313, "eval_time_millis": 10381.30439107772}, "Epoch9": {"train_loss_means": 0.03202704340219498, "val_loss_mean": 1.2798161506652832, "val_f1_majority_bin": 0.4377880184331797, "val_f1_majority_macro": 0.6146205049430856, "val_acc_majority": 0.6957605985037406, "val_f1_individual_binary": 0.37508372404554585, "val_f1_individual_macro": 0.5786737173319911, "val_acc_individual": 0.6770508826583593, "train_time_millis": 457977.0798130194, "eval_time_millis": 10399.698884924874}, "Test_results": {"test_f1_majority_binary": 0.36684782608695654, "test_f1_majority_macro": 0.5891682496130575, "test_acc_majority": 0.7094763092269327, "test_f1_individual_binary": 0.30952380952380953, "test_f1_individual_macro": 0.5584803642572567, "test_acc_individual": 0.6988577362409139, "test_time_millis": 12415.570290060714, "dataset_size": 8365, "number_of_annotations": 15180, "train_size": 8958, "val_size": 2889, "test_size": 3333}}