{"Epoch0": {"train_loss_means": 0.050085339695215225, "val_loss_mean": 0.04590194672346115, "val_f1_majority_bin": 0.21874999999999997, "val_f1_majority_macro": 0.5525998296744891, "val_acc_majority": 0.8017184401850628, "val_f1_individual_binary": 0.22383252818035426, "val_f1_individual_macro": 0.5540531188320739, "val_acc_individual": 0.7985791893021312, "train_time_millis": 14748.038486000041, "eval_time_millis": 4053.452625999853}, "Epoch1": {"train_loss_means": 0.035541288554668427, "val_loss_mean": 0.0432511568069458, "val_f1_majority_bin": 0.2760942760942761, "val_f1_majority_macro": 0.5986554194689042, "val_acc_majority": 0.8578982154659617, "val_f1_individual_binary": 0.27714581178903824, "val_f1_individual_macro": 0.5979569849183426, "val_acc_individual": 0.8539490179690765, "train_time_millis": 14751.073505000022, "eval_time_millis": 4051.5693809993536}, "Epoch2": {"train_loss_means": 0.02861439436674118, "val_loss_mean": 0.04806992784142494, "val_f1_majority_bin": 0.2546583850931677, "val_f1_majority_macro": 0.5829504943217317, "val_acc_majority": 0.8413747521480502, "val_f1_individual_binary": 0.26095238095238094, "val_f1_individual_macro": 0.584946971982879, "val_acc_individual": 0.8378604262432093, "train_time_millis": 14734.667260000606, "eval_time_millis": 4066.574798000147}, "Epoch3": {"train_loss_means": 0.02314579486846924, "val_loss_mean": 0.06184927746653557, "val_f1_majority_bin": 0.2798634812286689, "val_f1_majority_macro": 0.6013294720449968, "val_acc_majority": 0.8605419695968275, "val_f1_individual_binary": 0.27731092436974786, "val_f1_individual_macro": 0.5987482696094679, "val_acc_individual": 0.856247388215629, "train_time_millis": 14702.66995699967, "eval_time_millis": 4054.2904539997835}, "Epoch4": {"train_loss_means": 0.019535193219780922, "val_loss_mean": 0.06761477142572403, "val_f1_majority_bin": 0.26865671641791045, "val_f1_majority_macro": 0.5987953632850974, "val_acc_majority": 0.8704560475875743, "val_f1_individual_binary": 0.2766439909297052, "val_f1_individual_macro": 0.6016131347053589, "val_acc_individual": 0.8666945256999582, "train_time_millis": 14717.844548999892, "eval_time_millis": 4059.4781740001054}, "Epoch5": {"train_loss_means": 0.01651107892394066, "val_loss_mean": 0.1032877042889595, "val_f1_majority_bin": 0.3068181818181818, "val_f1_majority_macro": 0.6320055821371611, "val_acc_majority": 0.9193654990085922, "val_f1_individual_binary": 0.31666666666666665, "val_f1_individual_macro": 0.6354844702035963, "val_acc_individual": 0.9143334726284998, "train_time_millis": 14750.193077999938, "eval_time_millis": 4040.1727600001323}, "Epoch6": {"train_loss_means": 0.01534923817962408, "val_loss_mean": 0.09724701941013336, "val_f1_majority_bin": 0.2935779816513761, "val_f1_majority_macro": 0.6193673384040357, "val_acc_majority": 0.8982154659616656, "val_f1_individual_binary": 0.3036211699164345, "val_f1_individual_macro": 0.6235747593426763, "val_acc_individual": 0.8955286251567071, "train_time_millis": 14711.986665999575, "eval_time_millis": 3035.6739999997444}, "Epoch7": {"train_loss_means": 0.014652034267783165, "val_loss_mean": 0.11012377589941025, "val_f1_majority_bin": 0.317948717948718, "val_f1_majority_macro": 0.635484426088453, "val_acc_majority": 0.9120951751487112, "val_f1_individual_binary": 0.31415241057542764, "val_f1_individual_macro": 0.6323813906388169, "val_acc_individual": 0.9078562473882156, "train_time_millis": 14698.91392199952, "eval_time_millis": 4048.8739790007457}, "Epoch8": {"train_loss_means": 0.01417294330894947, "val_loss_mean": 0.13165798783302307, "val_f1_majority_bin": 0.36601307189542487, "val_f1_majority_macro": 0.6661252272112002, "val_acc_majority": 0.9358889623265036, "val_f1_individual_binary": 0.3346153846153846, "val_f1_individual_macro": 0.6481958938101227, "val_acc_individual": 0.9277058086084413, "train_time_millis": 14732.462513999963, "eval_time_millis": 3042.5824540006943}, "Epoch9": {"train_loss_means": 0.013172848150134087, "val_loss_mean": 0.1423889398574829, "val_f1_majority_bin": 0.3458646616541353, "val_f1_majority_macro": 0.6578960363230926, "val_acc_majority": 0.9424983476536682, "val_f1_individual_binary": 0.3326039387308534, "val_f1_individual_macro": 0.6495713056243406, "val_acc_individual": 0.9362724613455913, "train_time_millis": 14691.400067000359, "eval_time_millis": 4060.5700420001085}, "Test_results": {"test_f1_majority_binary": 0.3458646616541353, "test_f1_majority_macro": 0.6578960363230926, "test_acc_majority": 0.9424983476536682, "test_f1_individual_binary": 0.3326039387308534, "test_f1_individual_macro": 0.6495713056243406, "test_acc_individual": 0.9362724613455913, "test_time_millis": 4052.637206000327, "dataset_size": 7589, "number_of_annotations": 23814, "train_size": 14432, "val_size": 4786, "test_size": 4596}}