{"Epoch0": {"train_loss_means": 0.0604834146797657, "val_loss_mean": 0.057581473141908646, "val_f1_majority_bin": 0.19402985074626866, "val_f1_majority_macro": 0.5674096622152396, "val_acc_majority": 0.8896833503575077, "val_f1_individual_binary": 0.1509433962264151, "val_f1_individual_macro": 0.5468639422327244, "val_acc_individual": 0.8927933293627159, "train_time_millis": 4567.180910002207, "eval_time_millis": 2719.5621989958454}, "Epoch1": {"train_loss_means": 0.05532284080982208, "val_loss_mean": 0.05277339741587639, "val_f1_majority_bin": 0.3067484662576687, "val_f1_majority_macro": 0.6218979100090573, "val_acc_majority": 0.8845760980592441, "val_f1_individual_binary": 0.23880597014925373, "val_f1_individual_macro": 0.5863932763367627, "val_acc_individual": 0.878499106611078, "train_time_millis": 4562.526430992875, "eval_time_millis": 2714.814959006617}, "Epoch2": {"train_loss_means": 0.045927856117486954, "val_loss_mean": 0.047667212784290314, "val_f1_majority_bin": 0.3015075376884422, "val_f1_majority_macro": 0.6112426829999915, "val_acc_majority": 0.8580183861082737, "val_f1_individual_binary": 0.23241590214067276, "val_f1_individual_macro": 0.5748024743299867, "val_acc_individual": 0.8505062537224538, "train_time_millis": 4562.391019004281, "eval_time_millis": 2665.265890987939}, "Epoch3": {"train_loss_means": 0.036745864897966385, "val_loss_mean": 0.05077473446726799, "val_f1_majority_bin": 0.380952380952381, "val_f1_majority_macro": 0.6653519497252242, "val_acc_majority": 0.9070480081716037, "val_f1_individual_binary": 0.2978723404255319, "val_f1_individual_macro": 0.6225192633924009, "val_acc_individual": 0.9017272185824896, "train_time_millis": 4560.191185999429, "eval_time_millis": 2710.0277379940962}, "Epoch4": {"train_loss_means": 0.030768578872084618, "val_loss_mean": 0.050691958516836166, "val_f1_majority_bin": 0.37662337662337664, "val_f1_majority_macro": 0.6617041495090276, "val_acc_majority": 0.9019407558733401, "val_f1_individual_binary": 0.2938775510204082, "val_f1_individual_macro": 0.6191520745786269, "val_acc_individual": 0.8969624776652769, "train_time_millis": 4594.419810993713, "eval_time_millis": 2768.3262520004064}, "Epoch5": {"train_loss_means": 0.02542463131248951, "val_loss_mean": 0.05369185656309128, "val_f1_majority_bin": 0.35582822085889565, "val_f1_majority_macro": 0.6486661995659382, "val_acc_majority": 0.8927477017364658, "val_f1_individual_binary": 0.27692307692307694, "val_f1_individual_macro": 0.6081193822317128, "val_acc_individual": 0.8880285884455033, "train_time_millis": 4584.829917992465, "eval_time_millis": 2717.2115550056333}, "Epoch6": {"train_loss_means": 0.023158729076385498, "val_loss_mean": 0.05978647246956825, "val_f1_majority_bin": 0.4, "val_f1_majority_macro": 0.6760066188637617, "val_acc_majority": 0.9111338100102145, "val_f1_individual_binary": 0.3157894736842105, "val_f1_individual_macro": 0.6329746090465781, "val_acc_individual": 0.9070875521143538, "train_time_millis": 4561.086503003025, "eval_time_millis": 2714.5534540031804}, "Epoch7": {"train_loss_means": 0.02119148150086403, "val_loss_mean": 0.06378091126680374, "val_f1_majority_bin": 0.40601503759398494, "val_f1_majority_macro": 0.6813636831805541, "val_acc_majority": 0.9193054136874361, "val_f1_individual_binary": 0.32850241545893716, "val_f1_individual_macro": 0.642194717726295, "val_acc_individual": 0.9172126265634306, "train_time_millis": 4535.554506001063, "eval_time_millis": 2726.1847859917907}, "Epoch8": {"train_loss_means": 0.02029605023562908, "val_loss_mean": 0.06723509728908539, "val_f1_majority_bin": 0.4032258064516129, "val_f1_majority_macro": 0.6814384212192633, "val_acc_majority": 0.9244126659856997, "val_f1_individual_binary": 0.32989690721649484, "val_f1_individual_macro": 0.6444048379318884, "val_acc_individual": 0.9225729600952948, "train_time_millis": 4572.474211992812, "eval_time_millis": 2703.7603170028888}, "Epoch9": {"train_loss_means": 0.019001321867108345, "val_loss_mean": 0.06921157985925674, "val_f1_majority_bin": 0.40650406504065034, "val_f1_majority_macro": 0.6833610243459383, "val_acc_majority": 0.9254341164453525, "val_f1_individual_binary": 0.3316062176165803, "val_f1_individual_macro": 0.6454239618888589, "val_acc_individual": 0.9231685527099464, "train_time_millis": 4566.6769110102905, "eval_time_millis": 2421.712056006072}, "Test_results": {"test_f1_majority_binary": 0.40650406504065034, "test_f1_majority_macro": 0.6833610243459383, "test_acc_majority": 0.9254341164453525, "test_f1_individual_binary": 0.3316062176165803, "test_f1_individual_macro": 0.6454239618888589, "test_acc_individual": 0.9231685527099464, "test_time_millis": 2415.2564520045416, "dataset_size": 4890, "number_of_annotations": 8334, "train_size": 5024, "val_size": 1679, "test_size": 1631}}