{"batch_size": 32, "num_epochs": 10, "learning_rate": 1e-05, "annotator_ids": ["7", "4", "10", "11", "12", "13"], "seed": 5354, "type": "NO VERDICTS TEXT + SITUATION text", "sbert_model": "sentence-transformers/all-distilroberta-v1", "model_name": "sbert", "use_authors_embeddings": false, "authors_embedding_path": "Not_needed", "author_encoder": "none", "split_type": "sit", "train_stats": "Training Size: 2243, NTA labels 2085, YTA labels 158", "val_stats": "Validation Size: 792, NTA labels 719, YTA labels 73", "test_stats": "Test Size: 771, NTA labels 722, YTA labels 49", "epochs": 10, "optimizer": {"lr": 1e-05, "betas": [0.9, 0.999], "eps": 1e-06, "weight_decay": 0.0, "correct_bias": true}, "loss_type": "focal", "test_metrics": {"accuracy": 0.8661616161616161, "f1_weighted": 0.8744732036228834, "macro": 0.6507529744571097, "micro": 0.8661616161616161, "binary": 0.3764705882352941, "accuracy_majority": 0.8585657370517928, "macro_majority": 0.6565586486668786, "binary_majority": 0.39316239316239315, "run_time_millis": 585.5344017036259, "loss_mean": 0.17649240791797638}, "checkpoint_dir": "../results/scalability_3/GHC-sbertbase_6_annos/2023-08-20_12:03:39:783728_best_model_sampled.pt", "val_metrics": [{"accuracy": 0.7070707070707071, "f1_weighted": 0.7677003683918117, "macro": 0.5637068204051783, "micro": 0.7070707070707071, "binary": 0.31360946745562135, "accuracy_majority": 0.7111553784860558, "macro_majority": 0.5793531087648734, "binary_majority": 0.3438914027149321, "run_time_millis": 585.1068738847971, "loss_mean": 0.09893891960382462}, {"accuracy": 0.7626262626262627, "f1_weighted": 0.8079233726383187, "macro": 0.5989095650112599, "micro": 0.7626262626262628, "binary": 0.34265734265734266, "accuracy_majority": 0.7729083665338645, "macro_majority": 0.6207051961823966, "binary_majority": 0.3804347826086957, "run_time_millis": 583.3299122750759, "loss_mean": 0.08670496940612793}, {"accuracy": 0.8156565656565656, "f1_weighted": 0.843232236979326, "macro": 0.6259897531439218, "micro": 0.8156565656565656, "binary": 0.35964912280701755, "accuracy_majority": 0.8167330677290837, "macro_majority": 0.6394691647150663, "binary_majority": 0.3866666666666667, "run_time_millis": 582.5601671822369, "loss_mean": 0.0874529629945755}, {"accuracy": 0.8320707070707071, "f1_weighted": 0.8547855352066539, "macro": 0.642122071788948, "micro": 0.8320707070707071, "binary": 0.38139534883720927, "accuracy_majority": 0.8306772908366534, "macro_majority": 0.6574204166833928, "binary_majority": 0.4137931034482758, "run_time_millis": 589.3580419942737, "loss_mean": 0.09477902203798294}, {"accuracy": 0.8396464646464646, "f1_weighted": 0.8588499020157738, "macro": 0.6412109451636031, "micro": 0.8396464646464645, "binary": 0.374384236453202, "accuracy_majority": 0.8306772908366534, "macro_majority": 0.645111656339668, "binary_majority": 0.3884892086330935, "run_time_millis": 1657.704884186387, "loss_mean": 0.1095304787158966}, {"accuracy": 0.8396464646464646, "f1_weighted": 0.8588499020157738, "macro": 0.6412109451636031, "micro": 0.8396464646464645, "binary": 0.374384236453202, "accuracy_majority": 0.8306772908366534, "macro_majority": 0.645111656339668, "binary_majority": 0.3884892086330935, "run_time_millis": 590.0435238145292, "loss_mean": 0.12469431012868881}, {"accuracy": 0.8547979797979798, "f1_weighted": 0.8675595011204237, "macro": 0.6447502369501878, "micro": 0.8547979797979798, "binary": 0.3715846994535519, "accuracy_majority": 0.8466135458167331, "macro_majority": 0.6482002275312855, "binary_majority": 0.38399999999999995, "run_time_millis": 587.4642967246473, "loss_mean": 0.15057776868343353}, {"accuracy": 0.8535353535353535, "f1_weighted": 0.8655946933724711, "macro": 0.6364672364672365, "micro": 0.8535353535353535, "binary": 0.35555555555555546, "accuracy_majority": 0.8466135458167331, "macro_majority": 0.6432915293965652, "binary_majority": 0.37398373983739835, "run_time_millis": 1380.5930698290467, "loss_mean": 0.16120700538158417}, {"accuracy": 0.8661616161616161, "f1_weighted": 0.8744732036228834, "macro": 0.6507529744571097, "micro": 0.8661616161616161, "binary": 0.3764705882352941, "accuracy_majority": 0.8585657370517928, "macro_majority": 0.6565586486668786, "binary_majority": 0.39316239316239315, "run_time_millis": 589.3186605535448, "loss_mean": 0.17649240791797638}, {"accuracy": 0.8686868686868687, "f1_weighted": 0.8744327159704561, "macro": 0.6424441318956087, "micro": 0.8686868686868688, "binary": 0.3580246913580247, "accuracy_majority": 0.8585657370517928, "macro_majority": 0.6404265407624871, "binary_majority": 0.3603603603603604, "run_time_millis": 585.965579841286, "loss_mean": 0.18718625605106354}],