{"Epoch0": {"train_loss_means": 1.0471993684768677, "val_loss_mean": 0.9843646883964539, "val_f1_majority_bin": 0.0, "val_f1_majority_macro": 0.49607309686361073, "val_acc_majority": 0.98441481590271, "val_f1_individual_binary": 0.0, "val_f1_individual_macro": 0.4965851957336743, "val_acc_individual": 0.9864334464073181, "train_acc_means": 0.9777636528015137, "train_time_millis": 72948.50892500018, "eval_time_millis": 15530.948932999308}, "Epoch1": {"train_loss_means": 0.9203080534934998, "val_loss_mean": 0.9390946626663208, "val_f1_majority_bin": 0.0, "val_f1_majority_macro": 0.49607309686361073, "val_acc_majority": 0.98441481590271, "val_f1_individual_binary": 0.0, "val_f1_individual_macro": 0.4965851957336743, "val_acc_individual": 0.9864334464073181, "train_acc_means": 0.9867070913314819, "train_time_millis": 73618.20309300037, "eval_time_millis": 15540.909944000305}, "Epoch2": {"train_loss_means": 0.8935313820838928, "val_loss_mean": 0.9295461177825928, "val_f1_majority_bin": 0.0, "val_f1_majority_macro": 0.49607309686361073, "val_acc_majority": 0.98441481590271, "val_f1_individual_binary": 0.0, "val_f1_individual_macro": 0.4965851957336743, "val_acc_individual": 0.9864334464073181, "train_acc_means": 0.9868077039718628, "train_time_millis": 74156.63340899936, "eval_time_millis": 15740.740195000399}, "Epoch3": {"train_loss_means": 0.8714542984962463, "val_loss_mean": 0.867962658405304, "val_f1_majority_bin": 0.0, "val_f1_majority_macro": 0.49607309686361073, "val_acc_majority": 0.98441481590271, "val_f1_individual_binary": 0.0, "val_f1_individual_macro": 0.4965851957336743, "val_acc_individual": 0.9864334464073181, "train_acc_means": 0.9868216514587402, "train_time_millis": 74248.24464700032, "eval_time_millis": 15745.05919800049}, "Epoch4": {"train_loss_means": 0.7577101588249207, "val_loss_mean": 0.7429947257041931, "val_f1_majority_bin": 0.33420366048812866, "val_f1_majority_macro": 0.6604787951065036, "val_acc_majority": 0.9740246534347534, "val_f1_individual_binary": 0.3032159209251404, "val_f1_individual_macro": 0.6449150151132249, "val_acc_individual": 0.9737328290939331, "train_acc_means": 0.9841094017028809, "train_time_millis": 74191.49154300067, "eval_time_millis": 15782.926748999671}, "Epoch5": {"train_loss_means": 0.6572709679603577, "val_loss_mean": 0.711473286151886, "val_f1_majority_bin": 0.42953020334243774, "val_f1_majority_macro": 0.7103691552842978, "val_acc_majority": 0.9826831221580505, "val_f1_individual_binary": 0.3855421543121338, "val_f1_individual_macro": 0.6882903252440442, "val_acc_individual": 0.9823346138000488, "train_acc_means": 0.9739747643470764, "train_time_millis": 74321.46753300003, "eval_time_millis": 15611.356958000215}, "Epoch6": {"train_loss_means": 0.5819251537322998, "val_loss_mean": 0.6580236554145813, "val_f1_majority_bin": 0.3417721390724182, "val_f1_majority_macro": 0.6627441135276552, "val_acc_majority": 0.9682183861732483, "val_f1_individual_binary": 0.30958232283592224, "val_f1_individual_macro": 0.6464849177234633, "val_acc_individual": 0.9675557017326355, "train_acc_means": 0.9719618558883667, "train_time_millis": 74465.7822550007, "eval_time_millis": 15621.78813599985}, "Epoch7": {"train_loss_means": 0.5355925559997559, "val_loss_mean": 0.6503587961196899, "val_f1_majority_bin": 0.32358673214912415, "val_f1_majority_macro": 0.652719579108036, "val_acc_majority": 0.9646531343460083, "val_f1_individual_binary": 0.29124003648757935, "val_f1_individual_macro": 0.6363944933587853, "val_acc_individual": 0.9640341997146606, "train_acc_means": 0.9757586121559143, "train_time_millis": 74541.35813599988, "eval_time_millis": 15617.006028000105}, "Epoch8": {"train_loss_means": 0.5066591501235962, "val_loss_mean": 0.65204918384552, "val_f1_majority_bin": 0.3990267515182495, "val_f1_majority_macro": 0.693088786458537, "val_acc_majority": 0.9748395681381226, "val_f1_individual_binary": 0.35846373438835144, "val_f1_individual_macro": 0.6725879814118072, "val_acc_individual": 0.973963737487793, "train_acc_means": 0.972186267375946, "train_time_millis": 74546.67858399989, "eval_time_millis": 15596.240250999472}, "Epoch9": {"train_loss_means": 0.4781726896762848, "val_loss_mean": 0.6663340926170349, "val_f1_majority_bin": 0.42473119497299194, "val_f1_majority_macro": 0.7068106126832819, "val_acc_majority": 0.9782010912895203, "val_f1_individual_binary": 0.39032256603240967, "val_f1_individual_macro": 0.6896063879007608, "val_acc_individual": 0.9781780242919922, "train_acc_means": 0.9749571084976196, "train_time_millis": 74427.55221599963, "eval_time_millis": 15838.678529999925}, "Test_results": {"test_f1_majority_binary": 0.4054054021835327, "test_f1_majority_macro": 0.6969896041257836, "test_acc_majority": 0.9775784611701965, "test_f1_individual_binary": 0.3544715344905853, "test_f1_individual_macro": 0.6714696140425457, "test_acc_individual": 0.9773401618003845, "test_time_millis": 15847.228564000034, "dataset_size": 49294, "number_of_annotations": 87322}}