{"Epoch0": {"train_loss_means": 0.027999894693493843, "val_loss_mean": 0.03511013090610504, "val_f1_majority_bin": 0.08888888888888889, "val_f1_majority_macro": 0.4411698852504898, "val_acc_majority": 0.6632443531827515, "val_f1_individual_binary": 0.07766990291262137, "val_f1_individual_macro": 0.4335134436957785, "val_acc_individual": 0.6570397111913358, "train_time_millis": 1719.7847156785429, "eval_time_millis": 2250.287612900138}, "Epoch1": {"train_loss_means": 0.026771211996674538, "val_loss_mean": 0.03510507196187973, "val_f1_majority_bin": 0.12631578947368421, "val_f1_majority_macro": 0.5159451529848512, "val_acc_majority": 0.8295687885010267, "val_f1_individual_binary": 0.11009174311926606, "val_f1_individual_macro": 0.5064973230110845, "val_acc_individual": 0.8249097472924187, "train_time_millis": 1713.6368206702173, "eval_time_millis": 2255.7771508581936}, "Epoch2": {"train_loss_means": 0.025314129889011383, "val_loss_mean": 0.03497065231204033, "val_f1_majority_bin": 0.2295081967213115, "val_f1_majority_macro": 0.5890147774406119, "val_acc_majority": 0.9034907597535934, "val_f1_individual_binary": 0.208955223880597, "val_f1_individual_macro": 0.5790213199134013, "val_acc_individual": 0.9043321299638989, "train_time_millis": 1705.5271971039474, "eval_time_millis": 2147.656856570393}, "Epoch3": {"train_loss_means": 0.023810280486941338, "val_loss_mean": 0.03315655514597893, "val_f1_majority_bin": 0.1730769230769231, "val_f1_majority_macro": 0.5371131741821397, "val_acc_majority": 0.8234086242299795, "val_f1_individual_binary": 0.15126050420168066, "val_f1_individual_macro": 0.5245685736377462, "val_acc_individual": 0.8176895306859205, "train_time_millis": 1710.838024970144, "eval_time_millis": 2149.492071941495}, "Epoch4": {"train_loss_means": 0.018700608983635902, "val_loss_mean": 0.0435728058218956, "val_f1_majority_bin": 0.30769230769230765, "val_f1_majority_macro": 0.6443524829600779, "val_acc_majority": 0.9630390143737166, "val_f1_individual_binary": 0.30769230769230765, "val_f1_individual_macro": 0.6455282240864495, "val_acc_individual": 0.9675090252707581, "train_time_millis": 1713.5306699201465, "eval_time_millis": 2250.2098423428833}, "Epoch5": {"train_loss_means": 0.014506957493722439, "val_loss_mean": 0.037321582436561584, "val_f1_majority_bin": 0.2807017543859649, "val_f1_majority_macro": 0.617995370104651, "val_acc_majority": 0.9158110882956879, "val_f1_individual_binary": 0.2622950819672131, "val_f1_individual_macro": 0.6096575696369017, "val_acc_individual": 0.9187725631768953, "train_time_millis": 1707.4035936966538, "eval_time_millis": 2252.965826075524}, "Epoch6": {"train_loss_means": 0.0109043437987566, "val_loss_mean": 0.04641173407435417, "val_f1_majority_bin": 0.2380952380952381, "val_f1_majority_macro": 0.6018802370733701, "val_acc_majority": 0.9342915811088296, "val_f1_individual_binary": 0.2272727272727273, "val_f1_individual_macro": 0.597658920027341, "val_acc_individual": 0.9386281588447654, "train_time_millis": 1696.9977607950568, "eval_time_millis": 2252.082368824631}, "Epoch7": {"train_loss_means": 0.007756013423204422, "val_loss_mean": 0.04851411283016205, "val_f1_majority_bin": 0.3636363636363637, "val_f1_majority_macro": 0.6667644183773217, "val_acc_majority": 0.9425051334702259, "val_f1_individual_binary": 0.34782608695652173, "val_f1_individual_macro": 0.6597887496929501, "val_acc_individual": 0.9458483754512635, "train_time_millis": 1705.6704382412136, "eval_time_millis": 2250.817947089672}, "Epoch8": {"train_loss_means": 0.006187628488987684, "val_loss_mean": 0.06101202964782715, "val_f1_majority_bin": 0.358974358974359, "val_f1_majority_macro": 0.6661181955299602, "val_acc_majority": 0.9486652977412731, "val_f1_individual_binary": 0.358974358974359, "val_f1_individual_macro": 0.6677940082991533, "val_acc_individual": 0.9548736462093863, "train_time_millis": 1707.0653112605214, "eval_time_millis": 2252.724323887378}, "Epoch9": {"train_loss_means": 0.005685869604349136, "val_loss_mean": 0.0639943853020668, "val_f1_majority_bin": 0.3888888888888889, "val_f1_majority_macro": 0.6827173655531864, "val_acc_majority": 0.9548254620123203, "val_f1_individual_binary": 0.3888888888888889, "val_f1_individual_macro": 0.6841832504145937, "val_acc_individual": 0.9602888086642599, "train_time_millis": 1716.4801359176636, "eval_time_millis": 2253.865393809974}, "Test_results": {"test_f1_majority_binary": 0.30769230769230765, "test_f1_majority_macro": 0.6443524829600779, "test_acc_majority": 0.9630390143737166, "test_f1_individual_binary": 0.30769230769230765, "test_f1_individual_macro": 0.6455282240864495, "test_acc_individual": 0.9675090252707581, "test_time_millis": 2258.546595927328, "dataset_size": 2437, "number_of_annotations": 2824, "train_size": 1738, "val_size": 554, "test_size": 532}}