{"Epoch0": {"train_loss_means": 2.4252564907073975, "val_loss_mean": 2.2698183059692383, "val_f1_majority_bin": 0.0, "val_f1_majority_macro": 0.49311234530108894, "val_acc_majority": 0.9728237390518188, "val_f1_individual_binary": 0.07950999587774277, "val_f1_individual_macro": 0.4830104874875336, "val_acc_individual": 0.7979349493980408, "train_acc_means": 0.6114979982376099, "train_time_millis": 20116.51802994311, "eval_time_millis": 44227.055239956826}, "Epoch1": {"train_loss_means": 2.228821277618408, "val_loss_mean": 2.1686367988586426, "val_f1_majority_bin": 0.0, "val_f1_majority_macro": 0.49311234530108894, "val_acc_majority": 0.9728237390518188, "val_f1_individual_binary": 0.07594936341047287, "val_f1_individual_macro": 0.5211811617028662, "val_acc_individual": 0.9351819157600403, "train_acc_means": 0.8799204230308533, "train_time_millis": 20665.26224394329, "eval_time_millis": 44169.62321090978}, "Epoch2": {"train_loss_means": 2.0739245414733887, "val_loss_mean": 2.082716226577759, "val_f1_majority_bin": 0.0, "val_f1_majority_macro": 0.49311234530108894, "val_acc_majority": 0.9728237390518188, "val_f1_individual_binary": 0.018214935436844826, "val_f1_individual_macro": 0.49863317774569893, "val_acc_individual": 0.9589781165122986, "train_acc_means": 0.9505571722984314, "train_time_millis": 20826.73500897363, "eval_time_millis": 44204.03942698613}, "Epoch3": {"train_loss_means": 1.9300271272659302, "val_loss_mean": 2.02211856842041, "val_f1_majority_bin": 0.0, "val_f1_majority_macro": 0.49311234530108894, "val_acc_majority": 0.9728237390518188, "val_f1_individual_binary": 0.012698412872850895, "val_f1_individual_macro": 0.49628591439077974, "val_acc_individual": 0.9605510234832764, "train_acc_means": 0.9614228010177612, "train_time_millis": 20166.78188694641, "eval_time_millis": 44131.176140974276}, "Epoch4": {"train_loss_means": 1.7917449474334717, "val_loss_mean": 1.9794305562973022, "val_f1_majority_bin": 0.012578615918755531, "val_f1_majority_macro": 0.4994226181830985, "val_acc_majority": 0.9729099869728088, "val_f1_individual_binary": 0.030131826177239418, "val_f1_individual_macro": 0.5050650071400128, "val_acc_individual": 0.9608047008514404, "train_acc_means": 0.9644190669059753, "train_time_millis": 20377.697852090932, "eval_time_millis": 44215.319311013445}, "Epoch5": {"train_loss_means": 1.6881505250930786, "val_loss_mean": 1.940463662147522, "val_f1_majority_bin": 0.035608310252428055, "val_f1_majority_macro": 0.5106910004396809, "val_acc_majority": 0.9719610214233398, "val_f1_individual_binary": 0.03667481616139412, "val_f1_individual_macro": 0.5081301544269481, "val_acc_individual": 0.9600182771682739, "train_acc_means": 0.966060221195221, "train_time_millis": 20399.421098991297, "eval_time_millis": 44292.49211598653}, "Epoch6": {"train_loss_means": 1.6019294261932373, "val_loss_mean": 1.9050390720367432, "val_f1_majority_bin": 0.0845070406794548, "val_f1_majority_macro": 0.5351347582582276, "val_acc_majority": 0.9719610214233398, "val_f1_individual_binary": 0.0667838305234909, "val_f1_individual_macro": 0.5230650606323357, "val_acc_individual": 0.9595869779586792, "train_acc_means": 0.9673312306404114, "train_time_millis": 20114.527118974365, "eval_time_millis": 44669.62338995654}, "Epoch7": {"train_loss_means": 1.5244172811508179, "val_loss_mean": 1.8807002305984497, "val_f1_majority_bin": 0.058139536529779434, "val_f1_majority_macro": 0.5219763266852269, "val_acc_majority": 0.9720472693443298, "val_f1_individual_binary": 0.06872037798166275, "val_f1_individual_macro": 0.5241719798985492, "val_acc_individual": 0.9601197242736816, "train_acc_means": 0.9661766290664673, "train_time_millis": 20418.55512803886, "eval_time_millis": 44540.53430398926}, "Epoch8": {"train_loss_means": 1.47370183467865, "val_loss_mean": 1.8507869243621826, "val_f1_majority_bin": 0.07471264153718948, "val_f1_majority_macro": 0.5303054328139425, "val_acc_majority": 0.9722198247909546, "val_f1_individual_binary": 0.08323563635349274, "val_f1_individual_macro": 0.5314790926358857, "val_acc_individual": 0.9603226780891418, "train_acc_means": 0.9675443768501282, "train_time_millis": 20292.582486988977, "eval_time_millis": 44319.54888103064}, "Epoch9": {"train_loss_means": 1.407148003578186, "val_loss_mean": 1.8235280513763428, "val_f1_majority_bin": 0.07977207750082016, "val_f1_majority_macro": 0.5328123243238657, "val_acc_majority": 0.9721335768699646, "val_f1_individual_binary": 0.09919261932373047, "val_f1_individual_macro": 0.5394668701868198, "val_acc_individual": 0.9603734612464905, "train_acc_means": 0.9680389165878296, "train_time_millis": 20531.44944808446, "eval_time_millis": 44598.87071000412}, "Test_results": {"test_f1_majority_binary": 0.075581394135952, "test_f1_majority_macro": 0.530829836103628, "test_acc_majority": 0.9725696444511414, "test_f1_individual_binary": 0.0873563215136528, "test_f1_individual_macro": 0.5333675438407952, "test_acc_individual": 0.9596688151359558, "test_time_millis": 44325.4423730541, "dataset_size": 25822, "number_of_annotations": 88242}}