{"Epoch0": {"train_loss_means": 0.04574771970510483, "val_loss_mean": 0.04570428282022476, "val_f1_majority_bin": 0.052083333333333336, "val_f1_majority_macro": 0.5067579201101928, "val_acc_majority": 0.9258806760333944, "val_f1_individual_binary": 0.05333333333333333, "val_f1_individual_macro": 0.5096596602590973, "val_acc_individual": 0.9343314642464883, "train_time_millis": 1366.6862860000037, "eval_time_millis": 8699.668512000244}, "Epoch1": {"train_loss_means": 0.042520586401224136, "val_loss_mean": 0.044823918491601944, "val_f1_majority_bin": 0.13333333333333333, "val_f1_majority_macro": 0.5414565826330532, "val_acc_majority": 0.9047037263286499, "val_f1_individual_binary": 0.1202749140893471, "val_f1_individual_macro": 0.536759884902947, "val_acc_individual": 0.9112087403896179, "train_time_millis": 752.1216710001681, "eval_time_millis": 7184.489210000265}, "Epoch2": {"train_loss_means": 0.03861834481358528, "val_loss_mean": 0.043851036578416824, "val_f1_majority_bin": 0.17039106145251398, "val_f1_majority_macro": 0.5525796730499996, "val_acc_majority": 0.8790470372632865, "val_f1_individual_binary": 0.15697921086126432, "val_f1_individual_macro": 0.5476748044008874, "val_acc_individual": 0.8851378692409966, "train_time_millis": 764.9149290000423, "eval_time_millis": 8624.01707700019}, "Epoch3": {"train_loss_means": 0.03672584518790245, "val_loss_mean": 0.043291863054037094, "val_f1_majority_bin": 0.17851739788199697, "val_f1_majority_macro": 0.5596221963757764, "val_acc_majority": 0.889431887599267, "val_f1_individual_binary": 0.1685082872928177, "val_f1_individual_macro": 0.5564061204551426, "val_acc_individual": 0.8956009017862304, "train_time_millis": 751.3242589998299, "eval_time_millis": 8764.79465300008}, "Epoch4": {"train_loss_means": 0.0319606214761734, "val_loss_mean": 0.042880505323410034, "val_f1_majority_bin": 0.17915057915057914, "val_f1_majority_macro": 0.5606091333814915, "val_acc_majority": 0.8917735695377723, "val_f1_individual_binary": 0.16840113528855252, "val_f1_individual_macro": 0.5571410922102165, "val_acc_individual": 0.8983756286490548, "train_time_millis": 756.5821799998957, "eval_time_millis": 8629.2212379999}, "Epoch5": {"train_loss_means": 0.02947407215833664, "val_loss_mean": 0.04308246448636055, "val_f1_majority_bin": 0.18369098712446352, "val_f1_majority_macro": 0.5661135816622371, "val_acc_majority": 0.9031765424557117, "val_f1_individual_binary": 0.17501317870321562, "val_f1_individual_macro": 0.5635776575146609, "val_acc_individual": 0.9095323429099949, "train_time_millis": 751.9543779999367, "eval_time_millis": 8667.568794000545}, "Epoch6": {"train_loss_means": 0.02940574288368225, "val_loss_mean": 0.04381485655903816, "val_f1_majority_bin": 0.18198700092850512, "val_f1_majority_macro": 0.5672686122216717, "val_acc_majority": 0.9103034005294237, "val_f1_individual_binary": 0.17545871559633028, "val_f1_individual_macro": 0.5658446557831898, "val_acc_individual": 0.9168738077345512, "train_time_millis": 760.12771600017, "eval_time_millis": 6729.277491000175}, "Epoch7": {"train_loss_means": 0.025224296376109123, "val_loss_mean": 0.04384481534361839, "val_f1_majority_bin": 0.19073569482288827, "val_f1_majority_macro": 0.571342608776919, "val_acc_majority": 0.9092852779474648, "val_f1_individual_binary": 0.18181818181818182, "val_f1_individual_macro": 0.5686943176277648, "val_acc_individual": 0.9157176715417076, "train_time_millis": 757.107127999916, "eval_time_millis": 7217.03685600005}, "Epoch8": {"train_loss_means": 0.023253727704286575, "val_loss_mean": 0.04426927864551544, "val_f1_majority_bin": 0.1868640148011101, "val_f1_majority_macro": 0.569755877464661, "val_acc_majority": 0.9105070250458155, "val_f1_individual_binary": 0.17912150598973187, "val_f1_individual_macro": 0.5676548312411743, "val_acc_individual": 0.916816000924909, "train_time_millis": 750.8328410003742, "eval_time_millis": 8577.368823000143}, "Epoch9": {"train_loss_means": 0.022876478731632233, "val_loss_mean": 0.04444289952516556, "val_f1_majority_bin": 0.18790697674418605, "val_f1_majority_macro": 0.570446568236383, "val_acc_majority": 0.9111178985949908, "val_f1_individual_binary": 0.1802525832376579, "val_f1_individual_macro": 0.5683951009687194, "val_acc_individual": 0.9174518758309729, "train_time_millis": 766.5842259993951, "eval_time_millis": 8605.56182000073}, "Test_results": {"test_f1_majority_binary": 0.052083333333333336, "test_f1_majority_macro": 0.5067579201101928, "test_acc_majority": 0.9258806760333944, "test_f1_individual_binary": 0.05333333333333333, "test_f1_individual_macro": 0.5096596602590973, "test_acc_individual": 0.9343314642464883, "test_time_millis": 8767.628316999435, "dataset_size": 20086, "number_of_annotations": 35563, "train_size": 812, "val_size": 17299, "test_size": 17452}}