{"Epoch0": {"train_loss_means": 0.04478933662176132, "val_loss_mean": 0.04006798192858696, "val_f1_majority_bin": 0.30150753768844224, "val_f1_majority_macro": 0.6317491202251345, "val_acc_majority": 0.9279045643153527, "val_f1_individual_binary": 0.32541567695962, "val_f1_individual_macro": 0.6411763752500905, "val_acc_individual": 0.9190421892816419, "train_time_millis": 20985.84340699017, "eval_time_millis": 3784.4935070024803}, "Epoch1": {"train_loss_means": 0.03172546625137329, "val_loss_mean": 0.04156612604856491, "val_f1_majority_bin": 0.248, "val_f1_majority_macro": 0.5979323349972269, "val_acc_majority": 0.9024896265560166, "val_f1_individual_binary": 0.28765792031098153, "val_f1_individual_macro": 0.6156431568793238, "val_acc_individual": 0.8955245153933865, "train_time_millis": 20879.078445999767, "eval_time_millis": 3779.829820996383}, "Epoch2": {"train_loss_means": 0.024782443419098854, "val_loss_mean": 0.054318755865097046, "val_f1_majority_bin": 0.2764976958525346, "val_f1_majority_macro": 0.6166769875250582, "val_acc_majority": 0.9185684647302904, "val_f1_individual_binary": 0.3129855715871254, "val_f1_individual_macro": 0.6329226083508699, "val_acc_individual": 0.9117730900798175, "train_time_millis": 20932.41023000155, "eval_time_millis": 3779.6226689970354}, "Epoch3": {"train_loss_means": 0.01985166035592556, "val_loss_mean": 0.06453642249107361, "val_f1_majority_bin": 0.2844444444444444, "val_f1_majority_macro": 0.6200520211756786, "val_acc_majority": 0.9164937759336099, "val_f1_individual_binary": 0.3141025641025641, "val_f1_individual_macro": 0.6325399808906224, "val_acc_individual": 0.9084948688711516, "train_time_millis": 20975.102766999044, "eval_time_millis": 4802.049931997317}, "Epoch4": {"train_loss_means": 0.017063990235328674, "val_loss_mean": 0.0725400522351265, "val_f1_majority_bin": 0.3, "val_f1_majority_macro": 0.6288228822882288, "val_acc_majority": 0.9201244813278008, "val_f1_individual_binary": 0.32138979370249726, "val_f1_individual_macro": 0.636859949097454, "val_acc_individual": 0.9109179019384265, "train_time_millis": 20987.16739298834, "eval_time_millis": 4782.618676006678}, "Epoch5": {"train_loss_means": 0.016046715900301933, "val_loss_mean": 0.08651631325483322, "val_f1_majority_bin": 0.3152173913043479, "val_f1_majority_macro": 0.6404518329070759, "val_acc_majority": 0.9346473029045643, "val_f1_individual_binary": 0.3243243243243243, "val_f1_individual_macro": 0.6423583145574846, "val_acc_individual": 0.9251710376282782, "train_time_millis": 20952.977669003303, "eval_time_millis": 4794.427699001972}, "Epoch6": {"train_loss_means": 0.014802424237132072, "val_loss_mean": 0.0938168317079544, "val_f1_majority_bin": 0.33333333333333337, "val_f1_majority_macro": 0.6503445774392456, "val_acc_majority": 0.9377593360995851, "val_f1_individual_binary": 0.3350785340314136, "val_f1_individual_macro": 0.6483954623729573, "val_acc_individual": 0.927594070695553, "train_time_millis": 20973.20834400307, "eval_time_millis": 4791.15139899659}, "Epoch7": {"train_loss_means": 0.014353601261973381, "val_loss_mean": 0.10103266686201096, "val_f1_majority_bin": 0.3493975903614458, "val_f1_majority_macro": 0.6600646488392594, "val_acc_majority": 0.9439834024896265, "val_f1_individual_binary": 0.33239436619718304, "val_f1_individual_macro": 0.6484070614952286, "val_acc_individual": 0.9324401368301026, "train_time_millis": 20959.29261499259, "eval_time_millis": 3778.2672619941877}, "Epoch8": {"train_loss_means": 0.013848215341567993, "val_loss_mean": 0.10551527887582779, "val_f1_majority_bin": 0.3431952662721893, "val_f1_majority_macro": 0.6565447446088368, "val_acc_majority": 0.9424273858921162, "val_f1_individual_binary": 0.33472803347280333, "val_f1_individual_macro": 0.6494518875587825, "val_acc_individual": 0.932012542759407, "train_time_millis": 20980.6284840015, "eval_time_millis": 4794.003873990732}, "Epoch9": {"train_loss_means": 0.013696562498807907, "val_loss_mean": 0.10818487405776978, "val_f1_majority_bin": 0.35151515151515156, "val_f1_majority_macro": 0.6612628588786811, "val_acc_majority": 0.9445020746887967, "val_f1_individual_binary": 0.33428571428571424, "val_f1_individual_macro": 0.6496661094680896, "val_acc_individual": 0.9335803876852907, "train_time_millis": 20907.789112010505, "eval_time_millis": 4793.662929994753}, "Test_results": {"test_f1_majority_binary": 0.35151515151515156, "test_f1_majority_macro": 0.6612628588786811, "test_acc_majority": 0.9445020746887967, "test_f1_individual_binary": 0.33428571428571424, "test_f1_individual_macro": 0.6496661094680896, "test_acc_individual": 0.9335803876852907, "test_time_millis": 4795.569242996862, "dataset_size": 9583, "number_of_annotations": 34586, "train_size": 20873, "val_size": 7016, "test_size": 6697}}