{"Epoch0": {"train_loss_means": 0.2793709933757782, "val_loss_mean": 0.29479649662971497, "val_f1_majority_bin": 0.33653846153846156, "val_f1_majority_macro": 0.558484027905269, "val_acc_majority": 0.6700537955768081, "val_f1_individual_binary": 0.3590087073007368, "val_f1_individual_macro": 0.5742238255975631, "val_acc_individual": 0.6830076184166942, "train_time_millis": 100270.1239399612, "eval_time_millis": 12925.173509866}, "Epoch1": {"train_loss_means": 0.23176588118076324, "val_loss_mean": 0.3167739808559418, "val_f1_majority_bin": 0.4699853587115666, "val_f1_majority_macro": 0.5521643965275005, "val_acc_majority": 0.5672444710101614, "val_f1_individual_binary": 0.45425101214574903, "val_f1_individual_macro": 0.5382241607813947, "val_acc_individual": 0.5534945346141106, "train_time_millis": 100325.44318796135, "eval_time_millis": 12930.150568019599}, "Epoch2": {"train_loss_means": 0.17802952229976654, "val_loss_mean": 0.3824944794178009, "val_f1_majority_bin": 0.42135367016205916, "val_f1_majority_macro": 0.5785479713457227, "val_acc_majority": 0.6371787208607292, "val_f1_individual_binary": 0.4296998420221169, "val_f1_individual_macro": 0.5840212184258929, "val_acc_individual": 0.6412719443524346, "train_time_millis": 100417.82099287957, "eval_time_millis": 12927.93452902697}, "Epoch3": {"train_loss_means": 0.13476021587848663, "val_loss_mean": 0.4250076711177826, "val_f1_majority_bin": 0.4202127659574468, "val_f1_majority_macro": 0.5626762657560002, "val_acc_majority": 0.6090854751942618, "val_f1_individual_binary": 0.4235872235872236, "val_f1_individual_macro": 0.5652784981288603, "val_acc_individual": 0.6114607485922491, "train_time_millis": 100334.21755302697, "eval_time_millis": 12930.940171936527}, "Epoch4": {"train_loss_means": 0.11006481200456619, "val_loss_mean": 0.5455458164215088, "val_f1_majority_bin": 0.3849557522123894, "val_f1_majority_macro": 0.5786367622650808, "val_acc_majority": 0.6676628810520024, "val_f1_individual_binary": 0.40388114008489995, "val_f1_individual_macro": 0.5899560633211012, "val_acc_individual": 0.6743954951970851, "train_time_millis": 100333.6156939622, "eval_time_millis": 10904.499147087336}, "Epoch5": {"train_loss_means": 0.09314290434122086, "val_loss_mean": 0.6363317966461182, "val_f1_majority_bin": 0.3775620280474649, "val_f1_majority_macro": 0.5695168552804502, "val_acc_majority": 0.6551105797967722, "val_f1_individual_binary": 0.3880597014925373, "val_f1_individual_macro": 0.5765648037602499, "val_acc_individual": 0.6604836038423318, "train_time_millis": 100408.96109002642, "eval_time_millis": 10949.199786875397}, "Epoch6": {"train_loss_means": 0.0825829729437828, "val_loss_mean": 0.6667628288269043, "val_f1_majority_bin": 0.4093686354378819, "val_f1_majority_macro": 0.5820108828627649, "val_acc_majority": 0.653317393903168, "val_f1_individual_binary": 0.4146748193440801, "val_f1_individual_macro": 0.5831335880159891, "val_acc_individual": 0.6512090096058297, "train_time_millis": 100386.62408501841, "eval_time_millis": 12919.320487882942}, "Epoch7": {"train_loss_means": 0.07277043163776398, "val_loss_mean": 0.7422469854354858, "val_f1_majority_bin": 0.39044652128764273, "val_f1_majority_macro": 0.5720591817516686, "val_acc_majority": 0.6491332934847579, "val_f1_individual_binary": 0.4009163802978236, "val_f1_individual_macro": 0.5786035769149882, "val_acc_individual": 0.6535276581649553, "train_time_millis": 100319.07737301663, "eval_time_millis": 10899.925105040893}, "Epoch8": {"train_loss_means": 0.06803227216005325, "val_loss_mean": 0.7987639307975769, "val_f1_majority_bin": 0.39013933547695606, "val_f1_majority_macro": 0.5771666424587433, "val_acc_majority": 0.6598924088463838, "val_f1_individual_binary": 0.4054054054054054, "val_f1_individual_macro": 0.5860052857285329, "val_acc_individual": 0.6647896654521365, "train_time_millis": 100334.30809504353, "eval_time_millis": 12929.17453404516}, "Epoch9": {"train_loss_means": 0.06308776885271072, "val_loss_mean": 0.8301098346710205, "val_f1_majority_bin": 0.3830250272034821, "val_f1_majority_macro": 0.5747016359750414, "val_acc_majority": 0.6610878661087866, "val_f1_individual_binary": 0.3992827256425583, "val_f1_individual_macro": 0.5845210879071898, "val_acc_individual": 0.667108314011262, "train_time_millis": 100328.50724295713, "eval_time_millis": 12927.233073161915}, "Test_results": {"test_f1_majority_binary": 0.3849557522123894, "test_f1_majority_macro": 0.5786367622650808, "test_acc_majority": 0.6676628810520024, "test_f1_individual_binary": 0.40388114008489995, "test_f1_individual_macro": 0.5899560633211012, "test_acc_individual": 0.6743954951970851, "test_time_millis": 11900.7000438869, "dataset_size": 8684, "number_of_annotations": 15862, "train_size": 9357, "val_size": 3019, "test_size": 3486}}