{"Epoch0": {"train_loss_means": 0.04641294106841087, "val_loss_mean": 0.0342600978910923, "val_f1_majority_bin": 0.2827225130890052, "val_f1_majority_macro": 0.6091259624268555, "val_acc_majority": 0.8816925734024179, "val_f1_individual_binary": 0.21808510638297873, "val_f1_individual_macro": 0.5778984853948792, "val_acc_individual": 0.8846153846153846, "train_time_millis": 7058.791679010028, "eval_time_millis": 934.441399993375}, "Epoch1": {"train_loss_means": 0.029655320569872856, "val_loss_mean": 0.030514713376760483, "val_f1_majority_bin": 0.3349753694581281, "val_f1_majority_macro": 0.6355425829779993, "val_acc_majority": 0.883419689119171, "val_f1_individual_binary": 0.24561403508771928, "val_f1_individual_macro": 0.5907652887808195, "val_acc_individual": 0.8818681318681318, "train_time_millis": 7058.138560998486, "eval_time_millis": 2967.786659995909}, "Epoch2": {"train_loss_means": 0.019978249445557594, "val_loss_mean": 0.04112013429403305, "val_f1_majority_bin": 0.35897435897435903, "val_f1_majority_macro": 0.6624339734844509, "val_acc_majority": 0.9352331606217616, "val_f1_individual_binary": 0.29357798165137616, "val_f1_individual_macro": 0.6310038329741096, "val_acc_individual": 0.9395604395604396, "train_time_millis": 7088.278868002817, "eval_time_millis": 928.0370339984074}, "Epoch3": {"train_loss_means": 0.013668736442923546, "val_loss_mean": 0.04635484889149666, "val_f1_majority_bin": 0.35384615384615387, "val_f1_majority_macro": 0.6577099021746781, "val_acc_majority": 0.927461139896373, "val_f1_individual_binary": 0.28915662650602403, "val_f1_individual_macro": 0.6263195965210129, "val_acc_individual": 0.9305337519623234, "train_time_millis": 7100.989009006298, "eval_time_millis": 2964.2125079990365}, "Epoch4": {"train_loss_means": 0.010570463724434376, "val_loss_mean": 0.05222345143556595, "val_f1_majority_bin": 0.32167832167832167, "val_f1_majority_macro": 0.6385197867020231, "val_acc_majority": 0.9162348877374784, "val_f1_individual_binary": 0.259927797833935, "val_f1_individual_macro": 0.6086939258935187, "val_acc_individual": 0.9195447409733124, "train_time_millis": 7075.737120001577, "eval_time_millis": 2975.22929799743}, "Epoch5": {"train_loss_means": 0.00933875422924757, "val_loss_mean": 0.07388009876012802, "val_f1_majority_bin": 0.4, "val_f1_majority_macro": 0.685753052917232, "val_acc_majority": 0.9455958549222798, "val_f1_individual_binary": 0.3282051282051282, "val_f1_individual_macro": 0.6507379446371488, "val_acc_individual": 0.9485871271585558, "train_time_millis": 7061.7703839961905, "eval_time_millis": 2978.8020600099117}, "Epoch6": {"train_loss_means": 0.008219176903367043, "val_loss_mean": 0.08166725933551788, "val_f1_majority_bin": 0.35185185185185186, "val_f1_majority_macro": 0.6600744766505636, "val_acc_majority": 0.9395509499136442, "val_f1_individual_binary": 0.29850746268656714, "val_f1_individual_macro": 0.6348512798621804, "val_acc_individual": 0.9446624803767661, "train_time_millis": 7019.999537995318, "eval_time_millis": 2984.1307640017476}, "Epoch7": {"train_loss_means": 0.00809444673359394, "val_loss_mean": 0.0883604884147644, "val_f1_majority_bin": 0.37999999999999995, "val_f1_majority_macro": 0.6760108303249097, "val_acc_majority": 0.9464594127806563, "val_f1_individual_binary": 0.2983425414364641, "val_f1_individual_macro": 0.6362516369440714, "val_acc_individual": 0.9501569858712716, "train_time_millis": 7042.353063006885, "eval_time_millis": 2958.6204319930403}, "Epoch8": {"train_loss_means": 0.0071469820104539394, "val_loss_mean": 0.09564965218305588, "val_f1_majority_bin": 0.3838383838383838, "val_f1_majority_macro": 0.6781618621943385, "val_acc_majority": 0.9473229706390328, "val_f1_individual_binary": 0.30337078651685395, "val_f1_individual_macro": 0.6390786425467556, "val_acc_individual": 0.9513343799058085, "train_time_millis": 7042.3962350032525, "eval_time_millis": 2970.5906130111543}, "Epoch9": {"train_loss_means": 0.006894206162542105, "val_loss_mean": 0.10066650807857513, "val_f1_majority_bin": 0.3829787234042553, "val_f1_majority_macro": 0.6784380565716146, "val_acc_majority": 0.9499136442141624, "val_f1_individual_binary": 0.30303030303030304, "val_f1_individual_macro": 0.6398542308094123, "val_acc_individual": 0.9548665620094191, "train_time_millis": 7043.110172991874, "eval_time_millis": 2965.7293260097504}, "Test_results": {"test_f1_majority_binary": 0.3829787234042553, "test_f1_majority_macro": 0.6784380565716146, "test_acc_majority": 0.9499136442141624, "test_f1_individual_binary": 0.30303030303030304, "test_f1_individual_macro": 0.6398542308094123, "test_acc_individual": 0.9548665620094191, "test_time_millis": 2952.112794009736, "dataset_size": 5785, "number_of_annotations": 12563, "train_size": 7660, "val_size": 2548, "test_size": 2355}}