{"Epoch0": {"train_loss_means": 1.9359362125396729, "val_loss_mean": 1.4029263257980347, "val_f1_majority_bin": 0.41600000858306885, "val_f1_majority_macro": 0.698246726641133, "val_acc_majority": 0.962247908115387, "val_f1_individual_binary": 0.36512434482574463, "val_f1_individual_macro": 0.6700561202530604, "val_acc_individual": 0.951871931552887, "train_acc_means": 0.930405855178833, "train_time_millis": 222460.4120570002, "eval_time_millis": 42196.38437603135}, "Epoch1": {"train_loss_means": 1.2399359941482544, "val_loss_mean": 1.1430163383483887, "val_f1_majority_bin": 0.42222222685813904, "val_f1_majority_macro": 0.7006618836394669, "val_acc_majority": 0.959662139415741, "val_f1_individual_binary": 0.38055720925331116, "val_f1_individual_macro": 0.6772881978050864, "val_acc_individual": 0.950130045413971, "train_acc_means": 0.9524969458580017, "train_time_millis": 223231.07240902027, "eval_time_millis": 42363.48864005413}, "Epoch2": {"train_loss_means": 1.0062665939331055, "val_loss_mean": 1.0876147747039795, "val_f1_majority_bin": 0.4176611006259918, "val_f1_majority_macro": 0.6979211328480388, "val_acc_majority": 0.9579383134841919, "val_f1_individual_binary": 0.38879159092903137, "val_f1_individual_macro": 0.6813721128989841, "val_acc_individual": 0.9500346183776855, "train_acc_means": 0.955822765827179, "train_time_millis": 223733.6955650244, "eval_time_millis": 42128.05759499315}, "Epoch3": {"train_loss_means": 0.8769983053207397, "val_loss_mean": 1.0603922605514526, "val_f1_majority_bin": 0.36935991048812866, "val_f1_majority_macro": 0.6711749470165411, "val_acc_majority": 0.9481985569000244, "val_f1_individual_binary": 0.3574754297733307, "val_f1_individual_macro": 0.6632033928065065, "val_acc_individual": 0.9407287240028381, "train_acc_means": 0.9581233859062195, "train_time_millis": 224123.66211903282, "eval_time_millis": 42269.892938027624}, "Epoch4": {"train_loss_means": 0.7700778841972351, "val_loss_mean": 1.08401358127594, "val_f1_majority_bin": 0.4753086566925049, "val_f1_majority_macro": 0.7301175236831677, "val_acc_majority": 0.9706947207450867, "val_f1_individual_binary": 0.42059463262557983, "val_f1_individual_macro": 0.7004404207699755, "val_acc_individual": 0.9618697762489319, "train_acc_means": 0.9603492617607117, "train_time_millis": 224252.7273769956, "eval_time_millis": 42362.47252201429}, "Epoch5": {"train_loss_means": 0.694977343082428, "val_loss_mean": 1.1225630044937134, "val_f1_majority_bin": 0.4716692268848419, "val_f1_majority_macro": 0.7281852813052029, "val_acc_majority": 0.9702637195587158, "val_f1_individual_binary": 0.4245973527431488, "val_f1_individual_macro": 0.7026052703510316, "val_acc_individual": 0.9624901413917542, "train_acc_means": 0.9620492458343506, "train_time_millis": 223938.47904895665, "eval_time_millis": 42286.30393795902}, "Test_results": {"test_f1_majority_binary": 0.4603658616542816, "test_f1_majority_macro": 0.7223337028824834, "test_acc_majority": 0.969490647315979, "test_f1_individual_binary": 0.427121102809906, "test_f1_individual_macro": 0.703810353651649, "test_acc_individual": 0.9622830748558044, "test_time_millis": 42420.230966003146, "dataset_size": 58010, "number_of_annotations": 209142}}