{"Epoch0": {"train_loss_means": 0.2573694884777069, "val_loss_mean": 0.34697258472442627, "val_f1_majority_bin": 0.3745997865528282, "val_f1_majority_macro": 0.5680972895335337, "val_acc_majority": 0.6547864506627393, "val_f1_individual_binary": 0.3980491465015944, "val_f1_individual_macro": 0.5708286640146194, "val_acc_individual": 0.6403877402364543, "train_time_millis": 542783.6561809527, "eval_time_millis": 63502.02577910386}, "Epoch1": {"train_loss_means": 0.19271500408649445, "val_loss_mean": 0.38724273443222046, "val_f1_majority_bin": 0.32314410480349337, "val_f1_majority_macro": 0.5569836583396683, "val_acc_majority": 0.6804123711340206, "val_f1_individual_binary": 0.3681218491901749, "val_f1_individual_macro": 0.572366260001405, "val_acc_individual": 0.669916512579145, "train_time_millis": 543254.4249489438, "eval_time_millis": 63503.534641931765}, "Epoch2": {"train_loss_means": 0.1672094166278839, "val_loss_mean": 0.37360861897468567, "val_f1_majority_bin": 0.3798627002288329, "val_f1_majority_macro": 0.5824343251243331, "val_acc_majority": 0.6807069219440354, "val_f1_individual_binary": 0.3890085102019891, "val_f1_individual_macro": 0.5796474646919896, "val_acc_individual": 0.6661063484058946, "train_time_millis": 543922.1907949541, "eval_time_millis": 61528.73615792487}, "Epoch3": {"train_loss_means": 0.1511925905942917, "val_loss_mean": 0.4116669297218323, "val_f1_majority_bin": 0.38825448613376834, "val_f1_majority_macro": 0.5805138316348503, "val_acc_majority": 0.6686303387334315, "val_f1_individual_binary": 0.39947411003236244, "val_f1_individual_macro": 0.5846862916278219, "val_acc_individual": 0.667283016753516, "train_time_millis": 543577.6054720627, "eval_time_millis": 63505.69045206066}, "Epoch4": {"train_loss_means": 0.13993461430072784, "val_loss_mean": 0.43061646819114685, "val_f1_majority_bin": 0.38774432118330693, "val_f1_majority_macro": 0.5755344027807487, "val_acc_majority": 0.6586156111929308, "val_f1_individual_binary": 0.39466457434287955, "val_f1_individual_macro": 0.5763031868498459, "val_acc_individual": 0.6541715694514484, "train_time_millis": 543719.4869510131, "eval_time_millis": 63554.21629699413}, "Epoch5": {"train_loss_means": 0.13030947744846344, "val_loss_mean": 0.4116346836090088, "val_f1_majority_bin": 0.3932584269662921, "val_f1_majority_macro": 0.5888447823454215, "val_acc_majority": 0.6818851251840943, "val_f1_individual_binary": 0.40370332688981586, "val_f1_individual_macro": 0.5885518374251901, "val_acc_individual": 0.6715974673614613, "train_time_millis": 543735.441267956, "eval_time_millis": 63520.234255935065}, "Epoch6": {"train_loss_means": 0.12322544306516647, "val_loss_mean": 0.5643279552459717, "val_f1_majority_bin": 0.35415403274711943, "val_f1_majority_macro": 0.5734979461537582, "val_acc_majority": 0.6863033873343152, "val_f1_individual_binary": 0.3512778684067428, "val_f1_individual_macro": 0.5630875171687664, "val_acc_individual": 0.6657701574494312, "train_time_millis": 543714.0141619602, "eval_time_millis": 63511.00680103991}, "Epoch7": {"train_loss_means": 0.11640571057796478, "val_loss_mean": 0.5339148640632629, "val_f1_majority_bin": 0.3567501527183874, "val_f1_majority_macro": 0.5762015851890017, "val_acc_majority": 0.6898379970544919, "val_f1_individual_binary": 0.3736025181808314, "val_f1_individual_macro": 0.577836340847147, "val_acc_individual": 0.6766403317084104, "train_time_millis": 543392.4096979899, "eval_time_millis": 63130.013875081204}, "Epoch8": {"train_loss_means": 0.11088677495718002, "val_loss_mean": 0.532666027545929, "val_f1_majority_bin": 0.34580012262415694, "val_f1_majority_macro": 0.5694885474528034, "val_acc_majority": 0.6857142857142857, "val_f1_individual_binary": 0.3626920579961047, "val_f1_individual_macro": 0.5700122924185876, "val_acc_individual": 0.6699725444052221, "train_time_millis": 543620.6368240528, "eval_time_millis": 63533.28676195815}, "Epoch9": {"train_loss_means": 0.10545794665813446, "val_loss_mean": 0.6532852053642273, "val_f1_majority_bin": 0.35308343409915355, "val_f1_majority_macro": 0.5723750503829101, "val_acc_majority": 0.6848306332842415, "val_f1_individual_binary": 0.3640064274236744, "val_f1_individual_macro": 0.5693851326010211, "val_acc_individual": 0.6673390485795933, "train_time_millis": 543698.5689749708, "eval_time_millis": 63540.167950093746}, "Test_results": {"test_f1_majority_binary": 0.3932584269662921, "test_f1_majority_macro": 0.5888447823454215, "test_acc_majority": 0.6818851251840943, "test_f1_individual_binary": 0.40370332688981586, "test_f1_individual_macro": 0.5885518374251901, "test_acc_individual": 0.6715974673614613, "test_time_millis": 63425.75813294388, "dataset_size": 17343, "number_of_annotations": 87322, "train_size": 50785, "val_size": 17847, "test_size": 18690}}