{"Epoch0": {"train_loss_means": 0.3266334533691406, "val_loss_mean": 0.3189714848995209, "val_f1_majority_bin": 0.4251309037208557, "val_f1_majority_macro": 0.7001888725927952, "val_acc_majority": 0.9525374174118042, "val_f1_individual_binary": 0.3480791747570038, "val_f1_individual_macro": 0.6586227765913274, "val_acc_individual": 0.9411177039146423, "train_acc_means": 0.9369817972183228, "train_time_millis": 145473.98398199584, "eval_time_millis": 22846.46213101223}, "Epoch1": {"train_loss_means": 0.19415289163589478, "val_loss_mean": 0.38354745507240295, "val_f1_majority_bin": 0.4033149182796478, "val_f1_majority_macro": 0.6869622481136085, "val_acc_majority": 0.9439785480499268, "val_f1_individual_binary": 0.3500517010688782, "val_f1_individual_macro": 0.6576197381657165, "val_acc_individual": 0.9339151382446289, "train_acc_means": 0.952354907989502, "train_time_millis": 146306.03765300475, "eval_time_millis": 22826.98028202867}, "Epoch2": {"train_loss_means": 0.13733114302158356, "val_loss_mean": 0.464041143655777, "val_f1_majority_bin": 0.4167441725730896, "val_f1_majority_macro": 0.6941602067183463, "val_acc_majority": 0.9457940459251404, "val_f1_individual_binary": 0.3620285987854004, "val_f1_individual_macro": 0.6640359408034207, "val_acc_individual": 0.9355186223983765, "train_acc_means": 0.9632369875907898, "train_time_millis": 146533.13022002112, "eval_time_millis": 22833.43253203202}, "Test_results": {"test_f1_majority_binary": 0.36380597949028015, "test_f1_majority_macro": 0.6664465441354555, "test_acc_majority": 0.9410391449928284, "test_f1_individual_binary": 0.34458258748054504, "test_f1_individual_macro": 0.6543125954349945, "test_acc_individual": 0.9318253993988037, "test_time_millis": 22801.94367497461, "dataset_size": 57855, "number_of_annotations": 57855}}