{"Epoch0": {"train_loss_means": 0.15288269519805908, "val_loss_mean": 0.14844831824302673, "val_f1_majority_bin": 0.2688172043010753, "val_f1_majority_macro": 0.4693600584612172, "val_acc_majority": 0.5451505016722408, "val_f1_individual_binary": 0.2908224076281287, "val_f1_individual_macro": 0.4799495797873681, "val_acc_individual": 0.5487296169890027, "train_time_millis": 3658.9676609983144, "eval_time_millis": 3987.2873519998393}, "Epoch1": {"train_loss_means": 0.13976678252220154, "val_loss_mean": 0.135506734251976, "val_f1_majority_bin": 0.34760705289672544, "val_f1_majority_macro": 0.5811048865056283, "val_acc_majority": 0.7112597547380156, "val_f1_individual_binary": 0.3504983388704319, "val_f1_individual_macro": 0.5791803733664198, "val_acc_individual": 0.7034508911642018, "train_time_millis": 3641.291291998641, "eval_time_millis": 3942.2074389985937}, "Epoch2": {"train_loss_means": 0.11755439639091492, "val_loss_mean": 0.12830813229084015, "val_f1_majority_bin": 0.4174454828660437, "val_f1_majority_macro": 0.6452468419082426, "val_acc_majority": 0.7915273132664437, "val_f1_individual_binary": 0.4102040816326531, "val_f1_individual_macro": 0.6377988270296475, "val_acc_individual": 0.7808115282518013, "train_time_millis": 3637.975755998923, "eval_time_millis": 3479.835191999882}, "Epoch3": {"train_loss_means": 0.10127020627260208, "val_loss_mean": 0.12482813000679016, "val_f1_majority_bin": 0.4146341463414634, "val_f1_majority_macro": 0.6418327621202542, "val_acc_majority": 0.7859531772575251, "val_f1_individual_binary": 0.4072216649949849, "val_f1_individual_macro": 0.6345203485133915, "val_acc_individual": 0.7758816837315131, "train_time_millis": 3668.1596060006996, "eval_time_millis": 3198.241161000624}, "Epoch4": {"train_loss_means": 0.08966974169015884, "val_loss_mean": 0.13318246603012085, "val_f1_majority_bin": 0.443609022556391, "val_f1_majority_macro": 0.6733751919064679, "val_acc_majority": 0.835005574136009, "val_f1_individual_binary": 0.42630937880633374, "val_f1_individual_macro": 0.6602689943661132, "val_acc_individual": 0.8213879408418657, "train_time_millis": 3526.7563550005434, "eval_time_millis": 3182.9815940000117}, "Epoch5": {"train_loss_means": 0.07944493740797043, "val_loss_mean": 0.1429637223482132, "val_f1_majority_bin": 0.4541832669322709, "val_f1_majority_macro": 0.6826975958770234, "val_acc_majority": 0.8472686733556298, "val_f1_individual_binary": 0.42783505154639173, "val_f1_individual_macro": 0.6645622567647477, "val_acc_individual": 0.8316268486916951, "train_time_millis": 3725.557566001953, "eval_time_millis": 3572.4351380013104}, "Epoch6": {"train_loss_means": 0.07323072105646133, "val_loss_mean": 0.17277120053768158, "val_f1_majority_bin": 0.4413145539906103, "val_f1_majority_macro": 0.6830228683931546, "val_acc_majority": 0.867335562987737, "val_f1_individual_binary": 0.4047976011994003, "val_f1_individual_macro": 0.6593121932630386, "val_acc_individual": 0.8494501327265832, "train_time_millis": 3648.8289189983334, "eval_time_millis": 3177.869376999297}, "Epoch7": {"train_loss_means": 0.06858620047569275, "val_loss_mean": 0.1617387980222702, "val_f1_majority_bin": 0.453781512605042, "val_f1_majority_macro": 0.6851169773822126, "val_acc_majority": 0.855072463768116, "val_f1_individual_binary": 0.4281842818428184, "val_f1_individual_macro": 0.667575386071321, "val_acc_individual": 0.8399696624952597, "train_time_millis": 3635.5546449995018, "eval_time_millis": 3993.8463919970673}, "Epoch8": {"train_loss_means": 0.06541356444358826, "val_loss_mean": 0.17181842029094696, "val_f1_majority_bin": 0.4355555555555556, "val_f1_majority_macro": 0.6773061397917994, "val_acc_majority": 0.8584169453734671, "val_f1_individual_binary": 0.4034334763948498, "val_f1_individual_macro": 0.6561429677056215, "val_acc_individual": 0.8418657565415245, "train_time_millis": 3661.9069099979242, "eval_time_millis": 3974.9020320014097}, "Epoch9": {"train_loss_means": 0.06246102973818779, "val_loss_mean": 0.17506642639636993, "val_f1_majority_bin": 0.4414414414414415, "val_f1_majority_macro": 0.6812805171583798, "val_acc_majority": 0.8617614269788183, "val_f1_individual_binary": 0.40520984081041966, "val_f1_individual_macro": 0.6577652957052317, "val_acc_individual": 0.8441410693970421, "train_time_millis": 3716.514552997978, "eval_time_millis": 3989.6466809987032}, "Test_results": {"test_f1_majority_binary": 0.4413145539906103, "test_f1_majority_macro": 0.6830228683931546, "test_acc_majority": 0.867335562987737, "test_f1_individual_binary": 0.4047976011994003, "test_f1_individual_macro": 0.6593121932630386, "test_acc_individual": 0.8494501327265832, "test_time_millis": 3948.065229000349, "dataset_size": 2342, "number_of_annotations": 6797, "train_size": 1582, "val_size": 2637, "test_size": 2578}}