{"Epoch0": {"train_loss_means": 0.2705361545085907, "val_loss_mean": 0.35968491435050964, "val_f1_majority_bin": 0.338389731621937, "val_f1_majority_macro": 0.5606157773391187, "val_acc_majority": 0.6730103806228374, "val_f1_individual_binary": 0.3405285064369374, "val_f1_individual_macro": 0.5479877895980946, "val_acc_individual": 0.6432050274941084, "train_time_millis": 591142.4343050458, "eval_time_millis": 66854.51171314344}, "Epoch1": {"train_loss_means": 0.20096023380756378, "val_loss_mean": 0.3839070498943329, "val_f1_majority_bin": 0.25849335302806503, "val_f1_majority_macro": 0.5393147524724703, "val_acc_majority": 0.7104959630911188, "val_f1_individual_binary": 0.22761527653595606, "val_f1_individual_macro": 0.5142226443613215, "val_acc_individual": 0.6833202409007594, "train_time_millis": 591139.8260230199, "eval_time_millis": 64753.721492830664}, "Epoch2": {"train_loss_means": 0.17122136056423187, "val_loss_mean": 0.41205304861068726, "val_f1_majority_bin": 0.38321536905965625, "val_f1_majority_macro": 0.5685742032873917, "val_acc_majority": 0.6482122260668973, "val_f1_individual_binary": 0.35583840619811846, "val_f1_individual_macro": 0.5502316208261324, "val_acc_individual": 0.6342498036135114, "train_time_millis": 591141.5957366116, "eval_time_millis": 66824.26679413766}, "Epoch3": {"train_loss_means": 0.1570984423160553, "val_loss_mean": 0.37739109992980957, "val_f1_majority_bin": 0.34469696969696967, "val_f1_majority_macro": 0.5753753906780812, "val_acc_majority": 0.7006920415224913, "val_f1_individual_binary": 0.3006114508060034, "val_f1_individual_macro": 0.5425646738530787, "val_acc_individual": 0.6705420267085624, "train_time_millis": 591547.9694493115, "eval_time_millis": 66805.94909796491}, "Epoch4": {"train_loss_means": 0.14483098685741425, "val_loss_mean": 0.47547081112861633, "val_f1_majority_bin": 0.30013106159895153, "val_f1_majority_macro": 0.5513594309843186, "val_acc_majority": 0.6920415224913494, "val_f1_individual_binary": 0.27487179487179486, "val_f1_individual_macro": 0.5292767949371724, "val_acc_individual": 0.6667714061272585, "train_time_millis": 591257.5223702006, "eval_time_millis": 66780.3440419957}, "Epoch5": {"train_loss_means": 0.1353360116481781, "val_loss_mean": 0.45044082403182983, "val_f1_majority_bin": 0.35731132075471694, "val_f1_majority_macro": 0.5746480267895722, "val_acc_majority": 0.6856978085351788, "val_f1_individual_binary": 0.31368841264838737, "val_f1_individual_macro": 0.5429137539507153, "val_acc_individual": 0.6578685519769574, "train_time_millis": 591179.8168099485, "eval_time_millis": 64767.612556926906}, "Epoch6": {"train_loss_means": 0.12946422398090363, "val_loss_mean": 0.4828706979751587, "val_f1_majority_bin": 0.3960601347848626, "val_f1_majority_macro": 0.5816929393716604, "val_acc_majority": 0.6640715109573241, "val_f1_individual_binary": 0.3552509724022967, "val_f1_individual_macro": 0.5505445866684381, "val_acc_individual": 0.635401937680021, "train_time_millis": 591188.9470522292, "eval_time_millis": 65723.2233597897}, "Epoch7": {"train_loss_means": 0.12262661755084991, "val_loss_mean": 0.42048054933547974, "val_f1_majority_bin": 0.43159922928709055, "val_f1_majority_macro": 0.5944004376888128, "val_acc_majority": 0.6597462514417531, "val_f1_individual_binary": 0.38741895917294544, "val_f1_individual_macro": 0.5631447947941213, "val_acc_individual": 0.6338308457711442, "train_time_millis": 590772.3869993351, "eval_time_millis": 66731.7449352704}, "Epoch8": {"train_loss_means": 0.11761192977428436, "val_loss_mean": 0.5680974721908569, "val_f1_majority_bin": 0.3677130044843049, "val_f1_majority_macro": 0.5743844525527114, "val_acc_majority": 0.6747404844290658, "val_f1_individual_binary": 0.3322020363345977, "val_f1_individual_macro": 0.5473661040681934, "val_acc_individual": 0.6496465043205027, "train_time_millis": 591189.2891400494, "eval_time_millis": 65724.08987022936}, "Epoch9": {"train_loss_means": 0.11341564357280731, "val_loss_mean": 0.5751226544380188, "val_f1_majority_bin": 0.3335377069282649, "val_f1_majority_macro": 0.5643183350852446, "val_acc_majority": 0.686562860438293, "val_f1_individual_binary": 0.2951885565669701, "val_f1_individual_macro": 0.5353092150972409, "val_acc_individual": 0.6593872741555381, "train_time_millis": 591000.59556216, "eval_time_millis": 66774.36812408268}, "Test_results": {"test_f1_majority_binary": 0.34469696969696967, "test_f1_majority_macro": 0.5753753906780812, "test_acc_majority": 0.7006920415224913, "test_f1_individual_binary": 0.3006114508060034, "test_f1_individual_macro": 0.5425646738530787, "test_acc_individual": 0.6705420267085624, "test_time_millis": 66596.84985596687, "dataset_size": 17699, "number_of_annotations": 95899, "train_size": 55476, "val_size": 19095, "test_size": 21328}}