{"Epoch0": {"train_loss_means": 0.18756751716136932, "val_loss_mean": 0.1643192172050476, "val_f1_majority_bin": 0.24513618677042803, "val_f1_majority_macro": 0.471005593385214, "val_acc_majority": 0.5674470457079153, "val_f1_individual_binary": 0.25032765399737883, "val_f1_individual_macro": 0.4725490991438335, "val_acc_individual": 0.5661736822146378, "train_time_millis": 529.704259999562, "eval_time_millis": 3172.025351999764}, "Epoch1": {"train_loss_means": 0.17637042701244354, "val_loss_mean": 0.16402874886989594, "val_f1_majority_bin": 0.2532894736842105, "val_f1_majority_macro": 0.43524507411023344, "val_acc_majority": 0.4938684503901895, "val_f1_individual_binary": 0.2645268400664084, "val_f1_individual_macro": 0.4405991569815745, "val_acc_individual": 0.4960182025028441, "train_time_millis": 522.1918690003804, "eval_time_millis": 3922.330465000414}, "Epoch2": {"train_loss_means": 0.17339889705181122, "val_loss_mean": 0.16308575868606567, "val_f1_majority_bin": 0.2694300518134715, "val_f1_majority_macro": 0.46064095183266174, "val_acc_majority": 0.5284280936454849, "val_f1_individual_binary": 0.27842227378190254, "val_f1_individual_macro": 0.46399986928531745, "val_acc_individual": 0.5282518012893439, "train_time_millis": 496.07777599885594, "eval_time_millis": 3880.353889999242}, "Epoch3": {"train_loss_means": 0.167509526014328, "val_loss_mean": 0.16203027963638306, "val_f1_majority_bin": 0.28096118299445466, "val_f1_majority_macro": 0.48525313738709175, "val_acc_majority": 0.5663322185061316, "val_f1_individual_binary": 0.29066171923314776, "val_f1_individual_macro": 0.4885083274864126, "val_acc_individual": 0.5650360257868791, "train_time_millis": 511.9075670008897, "eval_time_millis": 3923.356226998294}, "Epoch4": {"train_loss_means": 0.16739201545715332, "val_loss_mean": 0.16100266575813293, "val_f1_majority_bin": 0.27756653992395436, "val_f1_majority_macro": 0.48894099866860186, "val_acc_majority": 0.5763656633221851, "val_f1_individual_binary": 0.2910019144862795, "val_f1_individual_macro": 0.49564932519566196, "val_acc_individual": 0.5786879029199848, "train_time_millis": 517.1492010013026, "eval_time_millis": 3901.3685030004126}, "Epoch5": {"train_loss_means": 0.16064982116222382, "val_loss_mean": 0.1597396731376648, "val_f1_majority_bin": 0.2916666666666667, "val_f1_majority_macro": 0.5164573820395738, "val_acc_majority": 0.620958751393534, "val_f1_individual_binary": 0.30575035063113604, "val_f1_individual_macro": 0.5242369216773144, "val_acc_individual": 0.6245733788395904, "train_time_millis": 492.8575570011162, "eval_time_millis": 3899.142304999259}, "Epoch6": {"train_loss_means": 0.1551295965909958, "val_loss_mean": 0.15878042578697205, "val_f1_majority_bin": 0.30155210643015523, "val_f1_majority_macro": 0.5335012952106101, "val_acc_majority": 0.6488294314381271, "val_f1_individual_binary": 0.310192023633678, "val_f1_individual_macro": 0.5359633587556145, "val_acc_individual": 0.645809632157755, "train_time_millis": 525.8141070007696, "eval_time_millis": 3910.3145560002304}, "Epoch7": {"train_loss_means": 0.15558280050754547, "val_loss_mean": 0.15790198743343353, "val_f1_majority_bin": 0.3048498845265589, "val_f1_majority_macro": 0.5418444867158878, "val_acc_majority": 0.6644370122630993, "val_f1_individual_binary": 0.3119691119691119, "val_f1_individual_macro": 0.5440217512597507, "val_acc_individual": 0.6621160409556314, "train_time_millis": 510.7978730011382, "eval_time_millis": 3897.2086840003612}, "Epoch8": {"train_loss_means": 0.1521967500448227, "val_loss_mean": 0.1572873294353485, "val_f1_majority_bin": 0.29116945107398573, "val_f1_majority_macro": 0.5375847255369928, "val_acc_majority": 0.6688963210702341, "val_f1_individual_binary": 0.30500397140587765, "val_f1_individual_macro": 0.5435356096132751, "val_acc_individual": 0.6681835419036785, "train_time_millis": 522.2580599984212, "eval_time_millis": 3866.1834449994785}, "Epoch9": {"train_loss_means": 0.1506791114807129, "val_loss_mean": 0.15708690881729126, "val_f1_majority_bin": 0.2939759036144578, "val_f1_majority_macro": 0.5407515486165111, "val_acc_majority": 0.673355629877369, "val_f1_individual_binary": 0.3060897435897436, "val_f1_individual_macro": 0.545493952768543, "val_acc_individual": 0.6715965111869548, "train_time_millis": 524.2415530010476, "eval_time_millis": 3914.3578330003947}, "Test_results": {"test_f1_majority_binary": 0.2939759036144578, "test_f1_majority_macro": 0.5407515486165111, "test_acc_majority": 0.673355629877369, "test_f1_individual_binary": 0.3060897435897436, "test_f1_individual_macro": 0.545493952768543, "test_acc_individual": 0.6715965111869548, "test_time_millis": 3902.099699000246, "dataset_size": 1866, "number_of_annotations": 5453, "train_size": 238, "val_size": 2637, "test_size": 2578}}