{"Epoch0": {"train_loss_means": 0.020482053980231285, "val_loss_mean": 0.019015885889530182, "val_f1_majority_bin": 0.09210526315789473, "val_f1_majority_macro": 0.47873555840821563, "val_acc_majority": 0.7655055225148684, "val_f1_individual_binary": 0.10714285714285715, "val_f1_individual_macro": 0.4879546306711662, "val_acc_individual": 0.7711670480549199, "train_time_millis": 7732.518007047474, "eval_time_millis": 3174.900174024515}, "Epoch1": {"train_loss_means": 0.012512784451246262, "val_loss_mean": 0.021656550467014313, "val_f1_majority_bin": 0.24096385542168675, "val_f1_majority_macro": 0.6066113860992186, "val_acc_majority": 0.9464740866610025, "val_f1_individual_binary": 0.26666666666666666, "val_f1_individual_macro": 0.6191721132897603, "val_acc_individual": 0.9454614797864226, "train_time_millis": 7724.60694401525, "eval_time_millis": 3156.8171250401065}, "Epoch2": {"train_loss_means": 0.007685667369514704, "val_loss_mean": 0.02068493142724037, "val_f1_majority_bin": 0.19130434782608696, "val_f1_majority_macro": 0.5748839738237179, "val_acc_majority": 0.9209855564995751, "val_f1_individual_binary": 0.21402214022140223, "val_f1_individual_macro": 0.585595425630508, "val_acc_individual": 0.9187643020594966, "train_time_millis": 7679.445654968731, "eval_time_millis": 1881.8146110279486}, "Epoch3": {"train_loss_means": 0.0041102999821305275, "val_loss_mean": 0.031541816890239716, "val_f1_majority_bin": 0.19047619047619047, "val_f1_majority_macro": 0.5802601216698133, "val_acc_majority": 0.9422259983007647, "val_f1_individual_binary": 0.22222222222222224, "val_f1_individual_macro": 0.5951293759512938, "val_acc_individual": 0.9385964912280702, "train_time_millis": 7722.853290033527, "eval_time_millis": 3147.6798799121752}, "Epoch4": {"train_loss_means": 0.002968449145555496, "val_loss_mean": 0.04225734621286392, "val_f1_majority_bin": 0.24615384615384617, "val_f1_majority_macro": 0.61237355916255, "val_acc_majority": 0.9583687340696686, "val_f1_individual_binary": 0.2802547770700637, "val_f1_individual_macro": 0.6290206458576189, "val_acc_individual": 0.9569031273836766, "train_time_millis": 7663.550997967832, "eval_time_millis": 3151.2026080163196}, "Epoch5": {"train_loss_means": 0.0025325845927000046, "val_loss_mean": 0.04749447852373123, "val_f1_majority_bin": 0.21875, "val_f1_majority_macro": 0.5984579694323144, "val_acc_majority": 0.9575191163976211, "val_f1_individual_binary": 0.23684210526315788, "val_f1_individual_macro": 0.6070306362922231, "val_acc_individual": 0.9557589626239512, "train_time_millis": 7727.869257098064, "eval_time_millis": 2141.3879500469193}, "Epoch6": {"train_loss_means": 0.002406082348898053, "val_loss_mean": 0.0385010689496994, "val_f1_majority_bin": 0.19999999999999996, "val_f1_majority_macro": 0.5822537710736468, "val_acc_majority": 0.9320305862361937, "val_f1_individual_binary": 0.22317596566523604, "val_f1_individual_macro": 0.5935277154209238, "val_acc_individual": 0.9309687261632341, "train_time_millis": 7685.044502024539, "eval_time_millis": 2448.305599973537}, "Epoch7": {"train_loss_means": 0.0021628765389323235, "val_loss_mean": 0.06353622674942017, "val_f1_majority_bin": 0.19999999999999998, "val_f1_majority_macro": 0.5913194444444444, "val_acc_majority": 0.9660152931180969, "val_f1_individual_binary": 0.20168067226890757, "val_f1_individual_macro": 0.5915720434515269, "val_acc_individual": 0.9637681159420289, "train_time_millis": 7700.30971604865, "eval_time_millis": 3031.7474469775334}, "Epoch8": {"train_loss_means": 0.002028300892561674, "val_loss_mean": 0.05314796045422554, "val_f1_majority_bin": 0.24615384615384617, "val_f1_majority_macro": 0.61237355916255, "val_acc_majority": 0.9583687340696686, "val_f1_individual_binary": 0.26490066225165565, "val_f1_individual_macro": 0.6215530210924487, "val_acc_individual": 0.9576659038901602, "train_time_millis": 7698.826917912811, "eval_time_millis": 3172.9664669837803}, "Epoch9": {"train_loss_means": 0.0019687849562615156, "val_loss_mean": 0.06053400784730911, "val_f1_majority_bin": 0.1818181818181818, "val_f1_majority_macro": 0.5811222270552414, "val_acc_majority": 0.9617672047578589, "val_f1_individual_binary": 0.1846153846153846, "val_f1_individual_macro": 0.5819439848380012, "val_acc_individual": 0.9595728451563692, "train_time_millis": 7705.410758033395, "eval_time_millis": 3147.8987919399515}, "Test_results": {"test_f1_majority_binary": 0.19999999999999998, "test_f1_majority_macro": 0.5913194444444444, "test_acc_majority": 0.9660152931180969, "test_f1_individual_binary": 0.20168067226890757, "test_f1_individual_macro": 0.5915720434515269, "test_acc_individual": 0.9637681159420289, "test_time_millis": 2619.011014001444, "dataset_size": 5785, "number_of_annotations": 12563, "train_size": 7550, "val_size": 2622, "test_size": 2391}}