{"Epoch0": {"train_loss_means": 0.34605613350868225, "val_loss_mean": 0.3303280770778656, "val_f1_majority_bin": 0.6042553191489362, "val_f1_majority_macro": 0.4769528343996429, "val_acc_majority": 0.5079365079365079, "val_f1_individual_binary": 0.5982905982905983, "val_f1_individual_macro": 0.47275641025641024, "val_acc_individual": 0.5026455026455027, "train_time_millis": 18199.414137998247, "eval_time_millis": 4055.2800840014243}, "Epoch1": {"train_loss_means": 0.3334518373012543, "val_loss_mean": 0.3251812756061554, "val_f1_majority_bin": 0.4035087719298245, "val_f1_majority_macro": 0.5729665071770333, "val_acc_majority": 0.6402116402116402, "val_f1_individual_binary": 0.4011799410029499, "val_f1_individual_macro": 0.5729170145266321, "val_acc_individual": 0.6419753086419753, "train_time_millis": 17429.445934001706, "eval_time_millis": 4030.6065940021654}, "Epoch2": {"train_loss_means": 0.3278445899486542, "val_loss_mean": 0.32096269726753235, "val_f1_majority_bin": 0.5730994152046783, "val_f1_majority_macro": 0.6102212051868803, "val_acc_majority": 0.6137566137566137, "val_f1_individual_binary": 0.5607843137254902, "val_f1_individual_macro": 0.6009049773755657, "val_acc_individual": 0.6049382716049383, "train_time_millis": 17417.405136002344, "eval_time_millis": 4053.2044649953605}, "Epoch3": {"train_loss_means": 0.3158145844936371, "val_loss_mean": 0.3418852984905243, "val_f1_majority_bin": 0.5957446808510638, "val_f1_majority_macro": 0.4657045082576997, "val_acc_majority": 0.4973544973544973, "val_f1_individual_binary": 0.5897435897435896, "val_f1_individual_macro": 0.46153846153846145, "val_acc_individual": 0.49206349206349204, "train_time_millis": 17559.479420997377, "eval_time_millis": 3621.1584670018055}, "Epoch4": {"train_loss_means": 0.29337310791015625, "val_loss_mean": 0.384224534034729, "val_f1_majority_bin": 0.6194690265486726, "val_f1_majority_macro": 0.526839776432231, "val_acc_majority": 0.544973544973545, "val_f1_individual_binary": 0.6014814814814815, "val_f1_individual_macro": 0.5077124183006536, "val_acc_individual": 0.5255731922398589, "train_time_millis": 17525.953253003536, "eval_time_millis": 4041.568002998247}, "Epoch5": {"train_loss_means": 0.2692175805568695, "val_loss_mean": 0.35801103711128235, "val_f1_majority_bin": 0.6203208556149734, "val_f1_majority_macro": 0.6242965534619369, "val_acc_majority": 0.6243386243386243, "val_f1_individual_binary": 0.5842293906810035, "val_f1_individual_macro": 0.5907258064516128, "val_acc_individual": 0.5908289241622575, "train_time_millis": 17685.580921999644, "eval_time_millis": 4046.5822479964118}, "Epoch6": {"train_loss_means": 0.2391771525144577, "val_loss_mean": 0.3646499216556549, "val_f1_majority_bin": 0.6181818181818182, "val_f1_majority_macro": 0.6612035851472471, "val_acc_majority": 0.6666666666666666, "val_f1_individual_binary": 0.573170731707317, "val_f1_individual_macro": 0.6230339639844997, "val_acc_individual": 0.6296296296296297, "train_time_millis": 17478.469079003844, "eval_time_millis": 4070.051285001682}, "Epoch7": {"train_loss_means": 0.2137448638677597, "val_loss_mean": 0.4823368787765503, "val_f1_majority_bin": 0.6118721461187214, "val_f1_majority_macro": 0.538640475575084, "val_acc_majority": 0.5502645502645502, "val_f1_individual_binary": 0.5993883792048931, "val_f1_individual_macro": 0.5267775229357798, "val_acc_individual": 0.5379188712522046, "train_time_millis": 17426.657220996276, "eval_time_millis": 4024.601729004644}, "Epoch8": {"train_loss_means": 0.207964688539505, "val_loss_mean": 0.4341948330402374, "val_f1_majority_bin": 0.6091370558375635, "val_f1_majority_macro": 0.5918613455983397, "val_acc_majority": 0.5925925925925926, "val_f1_individual_binary": 0.5952380952380952, "val_f1_individual_macro": 0.5796703296703296, "val_acc_individual": 0.5802469135802469, "train_time_millis": 17517.55253200099, "eval_time_millis": 4052.964599999541}, "Epoch9": {"train_loss_means": 0.19660766422748566, "val_loss_mean": 0.41379237174987793, "val_f1_majority_bin": 0.5955056179775281, "val_f1_majority_macro": 0.6177528089887641, "val_acc_majority": 0.6190476190476191, "val_f1_individual_binary": 0.568738229755179, "val_f1_individual_macro": 0.5944852011130787, "val_acc_individual": 0.5961199294532628, "train_time_millis": 17424.771384998166, "eval_time_millis": 3408.5253779994673}, "Test_results": {"test_f1_majority_binary": 0.6181818181818182, "test_f1_majority_macro": 0.6612035851472471, "test_acc_majority": 0.6666666666666666, "test_f1_individual_binary": 0.573170731707317, "test_f1_individual_macro": 0.6230339639844997, "test_acc_individual": 0.6296296296296297, "test_time_millis": 4060.6604760032496, "dataset_size": 943, "number_of_annotations": 2829, "train_size": 1695, "val_size": 567, "test_size": 567}}