{"Epoch0": {"train_loss_means": 0.04127257317304611, "val_loss_mean": 0.03672359138727188, "val_f1_majority_bin": 0.24598930481283424, "val_f1_majority_macro": 0.6040684779097728, "val_acc_majority": 0.9279141104294478, "val_f1_individual_binary": 0.26054590570719605, "val_f1_individual_macro": 0.6081332797481003, "val_acc_individual": 0.9164446936772747, "train_time_millis": 19555.27946492657, "eval_time_millis": 4530.520689091645}, "Epoch1": {"train_loss_means": 0.029749495908617973, "val_loss_mean": 0.03294980525970459, "val_f1_majority_bin": 0.19379844961240308, "val_f1_majority_macro": 0.5684372653097592, "val_acc_majority": 0.8936605316973415, "val_f1_individual_binary": 0.2401466544454629, "val_f1_individual_macro": 0.5886122266534715, "val_acc_individual": 0.8837796158699005, "train_time_millis": 19607.630423037335, "eval_time_millis": 4837.162901065312}, "Epoch2": {"train_loss_means": 0.024390071630477905, "val_loss_mean": 0.035186804831027985, "val_f1_majority_bin": 0.19157088122605365, "val_f1_majority_macro": 0.566889247789143, "val_acc_majority": 0.8921267893660532, "val_f1_individual_binary": 0.23357664233576642, "val_f1_individual_macro": 0.5848976605756281, "val_acc_individual": 0.8822374877330716, "train_time_millis": 19594.538358971477, "eval_time_millis": 4911.987995030358}, "Epoch3": {"train_loss_means": 0.020810749381780624, "val_loss_mean": 0.03707589954137802, "val_f1_majority_bin": 0.17627118644067796, "val_f1_majority_macro": 0.5545442191534327, "val_acc_majority": 0.8757668711656442, "val_f1_individual_binary": 0.2180634662327095, "val_f1_individual_macro": 0.5721750943190854, "val_acc_individual": 0.8652740782279545, "train_time_millis": 19582.738630007952, "eval_time_millis": 4868.920532986522}, "Epoch4": {"train_loss_means": 0.018360793590545654, "val_loss_mean": 0.039781320840120316, "val_f1_majority_bin": 0.1951219512195122, "val_f1_majority_macro": 0.5705560656261227, "val_acc_majority": 0.8987730061349694, "val_f1_individual_binary": 0.23643410852713181, "val_f1_individual_macro": 0.5884452543542414, "val_acc_individual": 0.8895275480162624, "train_time_millis": 19633.20876006037, "eval_time_millis": 4910.382392001338}, "Epoch5": {"train_loss_means": 0.01606740802526474, "val_loss_mean": 0.04924967512488365, "val_f1_majority_bin": 0.20353982300884957, "val_f1_majority_macro": 0.577353199621625, "val_acc_majority": 0.9079754601226994, "val_f1_individual_binary": 0.24605678233438488, "val_f1_individual_macro": 0.5961038699505194, "val_acc_individual": 0.8994812841721576, "train_time_millis": 19621.113915927708, "eval_time_millis": 4900.981861981563}, "Epoch6": {"train_loss_means": 0.014528685249388218, "val_loss_mean": 0.05365324392914772, "val_f1_majority_bin": 0.2100456621004566, "val_f1_majority_macro": 0.581600139471566, "val_acc_majority": 0.9115541922290389, "val_f1_individual_binary": 0.24757804090419805, "val_f1_individual_macro": 0.5975837269078237, "val_acc_individual": 0.9020047665778774, "train_time_millis": 19634.17065993417, "eval_time_millis": 4897.917089983821}, "Epoch7": {"train_loss_means": 0.013815946877002716, "val_loss_mean": 0.05542870610952377, "val_f1_majority_bin": 0.2100456621004566, "val_f1_majority_macro": 0.581600139471566, "val_acc_majority": 0.9115541922290389, "val_f1_individual_binary": 0.2508038585209003, "val_f1_individual_macro": 0.599188773931567, "val_acc_individual": 0.9020047665778774, "train_time_millis": 19658.106244984083, "eval_time_millis": 4884.335065027699}, "Epoch8": {"train_loss_means": 0.01276015117764473, "val_loss_mean": 0.059939540922641754, "val_f1_majority_bin": 0.21198156682027652, "val_f1_majority_macro": 0.5828514058729257, "val_acc_majority": 0.9125766871165644, "val_f1_individual_binary": 0.2489177489177489, "val_f1_individual_macro": 0.5984507797204545, "val_acc_individual": 0.9027057339127996, "train_time_millis": 19651.817087084055, "eval_time_millis": 4920.446545933373}, "Epoch9": {"train_loss_means": 0.012084165588021278, "val_loss_mean": 0.06529083102941513, "val_f1_majority_bin": 0.22797927461139897, "val_f1_majority_macro": 0.593957370567329, "val_acc_majority": 0.9238241308793456, "val_f1_individual_binary": 0.26065773447015833, "val_f1_individual_macro": 0.6077554198568716, "val_acc_individual": 0.9149025655404458, "train_time_millis": 19620.06869504694, "eval_time_millis": 4922.14514000807}, "Test_results": {"test_f1_majority_binary": 0.24598930481283424, "test_f1_majority_macro": 0.6040684779097728, "test_acc_majority": 0.9279141104294478, "test_f1_individual_binary": 0.26054590570719605, "test_f1_individual_macro": 0.6081332797481003, "test_acc_individual": 0.9164446936772747, "test_time_millis": 4907.940443023108, "dataset_size": 9786, "number_of_annotations": 35375, "train_size": 21359, "val_size": 7133, "test_size": 6883}}