{"Epoch0": {"train_loss_means": 0.474457710981369, "val_loss_mean": 0.41257062554359436, "val_f1_majority_bin": 0.2606837749481201, "val_f1_majority_macro": 0.6227254323362451, "val_acc_majority": 0.9701492786407471, "val_f1_individual_binary": 0.19951100647449493, "val_f1_individual_macro": 0.5890967000608994, "val_acc_individual": 0.9584707617759705, "train_acc_means": 0.9281556606292725, "train_time_millis": 31054.67727710493, "eval_time_millis": 23973.87367801275}, "Epoch1": {"train_loss_means": 0.2714991271495819, "val_loss_mean": 0.2986762821674347, "val_f1_majority_bin": 0.38509318232536316, "val_f1_majority_macro": 0.6791778406028222, "val_acc_majority": 0.9487533569335938, "val_f1_individual_binary": 0.34533897042274475, "val_f1_individual_macro": 0.6562026649866547, "val_acc_individual": 0.9372875094413757, "train_acc_means": 0.9662989974021912, "train_time_millis": 30581.82166609913, "eval_time_millis": 24223.28680404462}, "Epoch2": {"train_loss_means": 0.15382252633571625, "val_loss_mean": 0.3016444146633148, "val_f1_majority_bin": 0.3279648721218109, "val_f1_majority_macro": 0.6429428264934839, "val_acc_majority": 0.9208006262779236, "val_f1_individual_binary": 0.3238835036754608, "val_f1_individual_macro": 0.6383144642354108, "val_acc_individual": 0.9116647243499756, "train_acc_means": 0.9756433963775635, "train_time_millis": 30728.288768907078, "eval_time_millis": 24239.721353980713}, "Epoch3": {"train_loss_means": 0.10175488889217377, "val_loss_mean": 0.49173399806022644, "val_f1_majority_bin": 0.3515850007534027, "val_f1_majority_macro": 0.6657871710253154, "val_acc_majority": 0.9611767530441284, "val_f1_individual_binary": 0.2960854172706604, "val_f1_individual_macro": 0.6350339970789166, "val_acc_individual": 0.9498198628425598, "train_acc_means": 0.9787071347236633, "train_time_millis": 31130.747371003963, "eval_time_millis": 24081.60463895183}, "Test_results": {"test_f1_majority_binary": 0.40231549739837646, "test_f1_majority_macro": 0.6919779246650405, "test_acc_majority": 0.9643750786781311, "test_f1_individual_binary": 0.3168738782405853, "test_f1_individual_macro": 0.6457744661736593, "test_acc_individual": 0.9511606693267822, "test_time_millis": 24112.974414951168, "dataset_size": 29709, "number_of_annotations": 29709}}