{"Epoch0": {"train_loss_means": 0.12420937418937683, "val_loss_mean": 0.1452406942844391, "val_f1_majority_bin": 0.617283950617284, "val_f1_majority_macro": 0.7664076428835738, "val_acc_majority": 0.8616071428571429, "val_f1_individual_binary": 0.4796573875802998, "val_f1_individual_macro": 0.6851236059918608, "val_acc_individual": 0.8191964285714286, "train_time_millis": 3215.645627002232, "eval_time_millis": 2633.3593869931065}, "Epoch1": {"train_loss_means": 0.08972859382629395, "val_loss_mean": 0.127201110124588, "val_f1_majority_bin": 0.5894736842105264, "val_f1_majority_macro": 0.73949604890413, "val_acc_majority": 0.8258928571428571, "val_f1_individual_binary": 0.47016274864376134, "val_f1_individual_macro": 0.6664631073429579, "val_acc_individual": 0.7819940476190477, "train_time_millis": 3193.235001002904, "eval_time_millis": 2630.7465819991194}, "Epoch2": {"train_loss_means": 0.07546240836381912, "val_loss_mean": 0.13057132065296173, "val_f1_majority_bin": 0.5132743362831858, "val_f1_majority_macro": 0.6745476159027869, "val_acc_majority": 0.7544642857142857, "val_f1_individual_binary": 0.45916795069337446, "val_f1_individual_macro": 0.6435123716193699, "val_acc_individual": 0.7388392857142857, "train_time_millis": 3199.7260799980722, "eval_time_millis": 2629.7273079981096}, "Epoch3": {"train_loss_means": 0.061077915132045746, "val_loss_mean": 0.1367536336183548, "val_f1_majority_bin": 0.5, "val_f1_majority_macro": 0.654320987654321, "val_acc_majority": 0.7232142857142857, "val_f1_individual_binary": 0.5708955223880596, "val_f1_individual_macro": 0.7320090994839927, "val_acc_individual": 0.8288690476190477, "train_time_millis": 3202.312233974226, "eval_time_millis": 2632.9917130060494}, "Epoch4": {"train_loss_means": 0.0478479340672493, "val_loss_mean": 0.1337849348783493, "val_f1_majority_bin": 0.5000000000000001, "val_f1_majority_macro": 0.6455696202531647, "val_acc_majority": 0.7053571428571429, "val_f1_individual_binary": 0.601113172541744, "val_f1_individual_macro": 0.7505333196352275, "val_acc_individual": 0.8400297619047619, "train_time_millis": 3187.8582179779187, "eval_time_millis": 2628.4106399980374}, "Epoch5": {"train_loss_means": 0.04547543078660965, "val_loss_mean": 0.1348099708557129, "val_f1_majority_bin": 0.5454545454545454, "val_f1_majority_macro": 0.6886294134000557, "val_acc_majority": 0.7544642857142857, "val_f1_individual_binary": 0.6291666666666668, "val_f1_individual_macro": 0.7742753623188405, "val_acc_individual": 0.8675595238095238, "train_time_millis": 3230.463089013938, "eval_time_millis": 2636.6359720123}, "Epoch6": {"train_loss_means": 0.038518860936164856, "val_loss_mean": 0.16806729137897491, "val_f1_majority_bin": 0.5166666666666666, "val_f1_majority_macro": 0.6699186991869919, "val_acc_majority": 0.7410714285714286, "val_f1_individual_binary": 0.5971370143149284, "val_f1_individual_macro": 0.7537754193902974, "val_acc_individual": 0.8534226190476191, "train_time_millis": 3246.964423044119, "eval_time_millis": 2630.1873240154237}, "Epoch7": {"train_loss_means": 0.03464578464627266, "val_loss_mean": 0.1870647519826889, "val_f1_majority_bin": 0.512396694214876, "val_f1_majority_macro": 0.6659842798291504, "val_acc_majority": 0.7366071428571429, "val_f1_individual_binary": 0.6068376068376068, "val_f1_individual_macro": 0.761977361977362, "val_acc_individual": 0.8630952380952381, "train_time_millis": 3263.7329710414633, "eval_time_millis": 2534.7120250226}, "Epoch8": {"train_loss_means": 0.03587513417005539, "val_loss_mean": 0.1865936666727066, "val_f1_majority_bin": 0.5166666666666666, "val_f1_majority_macro": 0.6699186991869919, "val_acc_majority": 0.7410714285714286, "val_f1_individual_binary": 0.6114649681528662, "val_f1_individual_macro": 0.764460494901873, "val_acc_individual": 0.8638392857142857, "train_time_millis": 3210.4673660360277, "eval_time_millis": 2640.51678503165}, "Epoch9": {"train_loss_means": 0.03153452277183533, "val_loss_mean": 0.2196245640516281, "val_f1_majority_bin": 0.5405405405405406, "val_f1_majority_macro": 0.6946026144839201, "val_acc_majority": 0.7723214285714286, "val_f1_individual_binary": 0.5844748858447488, "val_f1_individual_macro": 0.7517929984779299, "val_acc_individual": 0.8645833333333334, "train_time_millis": 3202.1591030061245, "eval_time_millis": 2641.6963210213}, "Test_results": {"test_f1_majority_binary": 0.5454545454545454, "test_f1_majority_macro": 0.6886294134000557, "test_acc_majority": 0.7544642857142857, "test_f1_individual_binary": 0.6291666666666668, "test_f1_individual_macro": 0.7742753623188405, "test_acc_individual": 0.8675595238095238, "test_time_millis": 2637.9420509911142, "dataset_size": 918, "number_of_annotations": 5508, "train_size": 2820, "val_size": 1344, "test_size": 1344}}