{"Epoch0": {"train_loss_means": 0.039727240800857544, "val_loss_mean": 0.03105708211660385, "val_f1_majority_bin": 0.15942028985507245, "val_f1_majority_macro": 0.5394043770331651, "val_acc_majority": 0.8528852251109702, "val_f1_individual_binary": 0.21615949632738723, "val_f1_individual_macro": 0.5685684818990157, "val_acc_individual": 0.8564289832788776, "train_time_millis": 14934.252882841974, "eval_time_millis": 4019.0233453176916}, "Epoch1": {"train_loss_means": 0.026070235297083855, "val_loss_mean": 0.03205839544534683, "val_f1_majority_bin": 0.3333333333333333, "val_f1_majority_macro": 0.6527961250550418, "val_acc_majority": 0.9467343056436271, "val_f1_individual_binary": 0.2948717948717949, "val_f1_individual_macro": 0.6308329592189523, "val_acc_individual": 0.9365750528541226, "train_time_millis": 14842.9791550152, "eval_time_millis": 4001.832226291299}, "Epoch2": {"train_loss_means": 0.017935680225491524, "val_loss_mean": 0.033908661454916, "val_f1_majority_bin": 0.21782178217821782, "val_f1_majority_macro": 0.5821493734739328, "val_acc_majority": 0.8998097653772986, "val_f1_individual_binary": 0.24930747922437674, "val_f1_individual_macro": 0.5966694356055795, "val_acc_individual": 0.8958293292331347, "train_time_millis": 14861.825106665492, "eval_time_millis": 4021.7179688625038}, "Epoch3": {"train_loss_means": 0.013024261221289635, "val_loss_mean": 0.06293616443872452, "val_f1_majority_bin": 0.33644859813084116, "val_f1_majority_macro": 0.6565734949958439, "val_acc_majority": 0.9549778059606848, "val_f1_individual_binary": 0.30656934306569344, "val_f1_individual_macro": 0.6390275429685646, "val_acc_individual": 0.9452239092831058, "train_time_millis": 14894.021347630769, "eval_time_millis": 4019.205418881029}, "Epoch4": {"train_loss_means": 0.011017712764441967, "val_loss_mean": 0.05182474106550217, "val_f1_majority_bin": 0.267515923566879, "val_f1_majority_macro": 0.6145721092642537, "val_acc_majority": 0.9270767279644896, "val_f1_individual_binary": 0.2593250444049734, "val_f1_individual_macro": 0.6084799559117218, "val_acc_individual": 0.9198539304247549, "train_time_millis": 14877.41575203836, "eval_time_millis": 3998.2245028950274}, "Epoch5": {"train_loss_means": 0.00951408501714468, "val_loss_mean": 0.06944532692432404, "val_f1_majority_bin": 0.3255813953488372, "val_f1_majority_macro": 0.6484105323851624, "val_acc_majority": 0.9448319594166138, "val_f1_individual_binary": 0.29831932773109243, "val_f1_individual_macro": 0.6323419397970669, "val_acc_individual": 0.9358062656159908, "train_time_millis": 14892.526179086417, "eval_time_millis": 4016.5038742125034}, "Epoch6": {"train_loss_means": 0.009027366526424885, "val_loss_mean": 0.07596946507692337, "val_f1_majority_bin": 0.3166666666666667, "val_f1_majority_macro": 0.6448198198198198, "val_acc_majority": 0.948002536461636, "val_f1_individual_binary": 0.29530201342281875, "val_f1_individual_macro": 0.6318361658639348, "val_acc_individual": 0.9394580049971171, "train_time_millis": 14881.178149022162, "eval_time_millis": 4028.0531272292137}, "Epoch7": {"train_loss_means": 0.008471213281154633, "val_loss_mean": 0.0948992520570755, "val_f1_majority_bin": 0.3655913978494624, "val_f1_majority_macro": 0.673158325517348, "val_acc_majority": 0.9625871908687381, "val_f1_individual_binary": 0.3137254901960784, "val_f1_individual_macro": 0.644672477409712, "val_acc_individual": 0.9529117816644244, "train_time_millis": 14882.474941201508, "eval_time_millis": 4000.0418117269874}, "Epoch8": {"train_loss_means": 0.008243623189628124, "val_loss_mean": 0.094074547290802, "val_f1_majority_bin": 0.3636363636363637, "val_f1_majority_macro": 0.6715072161880673, "val_acc_majority": 0.9600507292327204, "val_f1_individual_binary": 0.31216931216931215, "val_f1_individual_macro": 0.6431209544492352, "val_acc_individual": 0.95002882952143, "train_time_millis": 14896.93991933018, "eval_time_millis": 4030.0782988779247}, "Epoch9": {"train_loss_means": 0.00805372092872858, "val_loss_mean": 0.09870274364948273, "val_f1_majority_bin": 0.35789473684210527, "val_f1_majority_macro": 0.6689767898005885, "val_acc_majority": 0.9613189600507293, "val_f1_individual_binary": 0.30601092896174864, "val_f1_individual_macro": 0.640356062090436, "val_acc_individual": 0.9511820103786277, "train_time_millis": 14859.93135208264, "eval_time_millis": 4014.984422829002}, "Test_results": {"test_f1_majority_binary": 0.3655913978494624, "test_f1_majority_macro": 0.673158325517348, "test_acc_majority": 0.9625871908687381, "test_f1_individual_binary": 0.3137254901960784, "test_f1_individual_macro": 0.644672477409712, "test_acc_individual": 0.9529117816644244, "test_time_millis": 4011.7431380786, "dataset_size": 7871, "number_of_annotations": 25845, "train_size": 15645, "val_size": 5203, "test_size": 4997}}