{"Epoch0": {"train_loss_means": 0.27483585476875305, "val_loss_mean": 0.33618834614753723, "val_f1_majority_bin": 0.37990196078431376, "val_f1_majority_macro": 0.5734684757881052, "val_acc_majority": 0.6613119143239625, "val_f1_individual_binary": 0.37594439407676034, "val_f1_individual_macro": 0.5568111198026078, "val_acc_individual": 0.630623378946427, "train_time_millis": 338691.7783600511, "eval_time_millis": 41478.65588602144}, "Epoch1": {"train_loss_means": 0.21933402121067047, "val_loss_mean": 0.3696579933166504, "val_f1_majority_bin": 0.39588967009194165, "val_f1_majority_macro": 0.5626165093856849, "val_acc_majority": 0.6261713520749665, "val_f1_individual_binary": 0.3841300995373616, "val_f1_individual_macro": 0.5478336491514374, "val_acc_individual": 0.6071013326178338, "train_time_millis": 338813.9076430816, "eval_time_millis": 39445.38103893865}, "Epoch2": {"train_loss_means": 0.18309983611106873, "val_loss_mean": 0.3605181574821472, "val_f1_majority_bin": 0.37233354880413705, "val_f1_majority_macro": 0.5765483503785869, "val_acc_majority": 0.6750334672021419, "val_f1_individual_binary": 0.3527877404629931, "val_f1_individual_macro": 0.5540744223636139, "val_acc_individual": 0.6449333691083088, "train_time_millis": 339827.4541819701, "eval_time_millis": 39578.398733981885}, "Epoch3": {"train_loss_means": 0.15491832792758942, "val_loss_mean": 0.39862823486328125, "val_f1_majority_bin": 0.40215439856373425, "val_f1_majority_macro": 0.5850493247174071, "val_acc_majority": 0.6656626506024096, "val_f1_individual_binary": 0.38369905956112854, "val_f1_individual_macro": 0.5688361397167425, "val_acc_individual": 0.6483319917717557, "train_time_millis": 338960.0185530726, "eval_time_millis": 41476.43416095525}, "Epoch4": {"train_loss_means": 0.13701625168323517, "val_loss_mean": 0.5462803244590759, "val_f1_majority_bin": 0.35976015989340443, "val_f1_majority_macro": 0.5725057782707245, "val_acc_majority": 0.678380187416332, "val_f1_individual_binary": 0.35257410296411856, "val_f1_individual_macro": 0.5637395917098662, "val_acc_individual": 0.6659511671585726, "train_time_millis": 338791.76786902826, "eval_time_millis": 41428.97334101144}, "Epoch5": {"train_loss_means": 0.12103700637817383, "val_loss_mean": 0.4726375341415405, "val_f1_majority_bin": 0.43915630070308276, "val_f1_majority_macro": 0.5939420951056, "val_acc_majority": 0.6529451137884873, "val_f1_individual_binary": 0.42470051340559045, "val_f1_individual_macro": 0.5809496052369972, "val_acc_individual": 0.6392093730435561, "train_time_millis": 338737.29886102956, "eval_time_millis": 39429.72957598977}, "Epoch6": {"train_loss_means": 0.11052042990922928, "val_loss_mean": 0.7123709321022034, "val_f1_majority_bin": 0.3679682329583057, "val_f1_majority_macro": 0.5770412273414149, "val_acc_majority": 0.6803882195448461, "val_f1_individual_binary": 0.37570766855378274, "val_f1_individual_macro": 0.5778012122482215, "val_acc_individual": 0.6745371612557016, "train_time_millis": 338807.00433801394, "eval_time_millis": 39455.846608034335}, "Epoch7": {"train_loss_means": 0.09898488223552704, "val_loss_mean": 0.4643048644065857, "val_f1_majority_bin": 0.4203069657615113, "val_f1_majority_macro": 0.5954874389760383, "val_acc_majority": 0.6713520749665328, "val_f1_individual_binary": 0.41839578816971196, "val_f1_individual_macro": 0.5911143930788197, "val_acc_individual": 0.6640729809498256, "train_time_millis": 338727.2794840392, "eval_time_millis": 39479.0759809548}, "Epoch8": {"train_loss_means": 0.09069640189409256, "val_loss_mean": 0.8782802224159241, "val_f1_majority_bin": 0.38095238095238093, "val_f1_majority_macro": 0.5817018802093429, "val_acc_majority": 0.678045515394913, "val_f1_individual_binary": 0.37751819874724907, "val_f1_individual_macro": 0.5770301416100269, "val_acc_individual": 0.6711385385922547, "train_time_millis": 338763.6635779636, "eval_time_millis": 41444.89623699337}, "Epoch9": {"train_loss_means": 0.08316334336996078, "val_loss_mean": 0.939452588558197, "val_f1_majority_bin": 0.3804627249357326, "val_f1_majority_macro": 0.5811815887122103, "val_acc_majority": 0.677376171352075, "val_f1_individual_binary": 0.3780692902791793, "val_f1_individual_macro": 0.5764006295450478, "val_acc_individual": 0.6692603523835078, "train_time_millis": 338827.04998203553, "eval_time_millis": 41439.56536101177}, "Test_results": {"test_f1_majority_binary": 0.4203069657615113, "test_f1_majority_macro": 0.5954874389760383, "test_acc_majority": 0.6713520749665328, "test_f1_individual_binary": 0.41839578816971196, "test_f1_individual_macro": 0.5911143930788197, "test_acc_individual": 0.6640729809498256, "test_time_millis": 39321.88248995226, "dataset_size": 15234, "number_of_annotations": 54438, "train_size": 31569, "val_size": 11181, "test_size": 11688}}