{"Epoch0": {"train_loss_means": 0.06272454559803009, "val_loss_mean": 0.061032988131046295, "val_f1_majority_bin": 0.42144873000940736, "val_f1_majority_macro": 0.6941662905876017, "val_acc_majority": 0.9373535703371703, "val_f1_individual_binary": 0.3881305637982196, "val_f1_individual_macro": 0.6784246374620819, "val_acc_individual": 0.9404803140514952, "train_time_millis": 39413.64635201171, "eval_time_millis": 8280.315738869831}, "Epoch1": {"train_loss_means": 0.0479855015873909, "val_loss_mean": 0.05702134966850281, "val_f1_majority_bin": 0.3879781420765028, "val_f1_majority_macro": 0.6693330446210802, "val_acc_majority": 0.908729754507487, "val_f1_individual_binary": 0.3416252072968491, "val_f1_individual_macro": 0.6461786994538354, "val_acc_individual": 0.9083246738251934, "train_time_millis": 39360.62946612947, "eval_time_millis": 6270.725157810375}, "Epoch2": {"train_loss_means": 0.03880593180656433, "val_loss_mean": 0.07115533202886581, "val_f1_majority_bin": 0.406832298136646, "val_f1_majority_macro": 0.6825941715255344, "val_acc_majority": 0.922175817459509, "val_f1_individual_binary": 0.364499288087328, "val_f1_individual_macro": 0.6616730696821678, "val_acc_individual": 0.9226994573374899, "train_time_millis": 39410.19562003203, "eval_time_millis": 8280.742213129997}, "Epoch3": {"train_loss_means": 0.030007174238562584, "val_loss_mean": 0.08454475551843643, "val_f1_majority_bin": 0.36627140974967065, "val_f1_majority_macro": 0.6565845898384034, "val_acc_majority": 0.902006723031476, "val_f1_individual_binary": 0.3266773162939297, "val_f1_individual_macro": 0.6371096600137974, "val_acc_individual": 0.9026671285071008, "train_time_millis": 39458.195358049124, "eval_time_millis": 7726.0920440312475}, "Epoch4": {"train_loss_means": 0.02453751116991043, "val_loss_mean": 0.08628253638744354, "val_f1_majority_bin": 0.35280771412365286, "val_f1_majority_macro": 0.6444806294864249, "val_acc_majority": 0.883773046755628, "val_f1_individual_binary": 0.3055841041452552, "val_f1_individual_macro": 0.6208456375730216, "val_acc_individual": 0.8829811800023092, "train_time_millis": 39313.688806956634, "eval_time_millis": 8276.172939920798}, "Epoch5": {"train_loss_means": 0.021923938766121864, "val_loss_mean": 0.1292133629322052, "val_f1_majority_bin": 0.39366138448707255, "val_f1_majority_macro": 0.6771127643889119, "val_acc_majority": 0.9259447896506061, "val_f1_individual_binary": 0.35330578512396693, "val_f1_individual_macro": 0.6575138440111702, "val_acc_individual": 0.9277219720586537, "train_time_millis": 39363.86236711405, "eval_time_millis": 8280.773533973843}, "Epoch6": {"train_loss_means": 0.019701732322573662, "val_loss_mean": 0.13458062708377838, "val_f1_majority_bin": 0.39000805801772764, "val_f1_majority_macro": 0.6744255480650265, "val_acc_majority": 0.9228888662524193, "val_f1_individual_binary": 0.34756703078450846, "val_f1_individual_macro": 0.6536486701578074, "val_acc_individual": 0.9241427086941462, "train_time_millis": 39332.730968948454, "eval_time_millis": 6253.252660855651}, "Epoch7": {"train_loss_means": 0.018588660284876823, "val_loss_mean": 0.15058335661888123, "val_f1_majority_bin": 0.39028475711892796, "val_f1_majority_macro": 0.6754026822470995, "val_acc_majority": 0.9258429255373332, "val_f1_individual_binary": 0.3503118503118503, "val_f1_individual_macro": 0.6560544581632601, "val_acc_individual": 0.9278374321671863, "train_time_millis": 39291.44825483672, "eval_time_millis": 8280.717162881047}, "Epoch8": {"train_loss_means": 0.017122268676757812, "val_loss_mean": 0.1648244559764862, "val_f1_majority_bin": 0.3799830364715861, "val_f1_majority_macro": 0.6701865873227614, "val_acc_majority": 0.9255373331975145, "val_f1_individual_binary": 0.34051497635312666, "val_f1_individual_macro": 0.6510919159582438, "val_acc_individual": 0.927548781895855, "train_time_millis": 39332.115344004706, "eval_time_millis": 8282.877604011446}, "Epoch9": {"train_loss_means": 0.016563892364501953, "val_loss_mean": 0.16950713098049164, "val_f1_majority_bin": 0.3953900709219858, "val_f1_majority_macro": 0.6792685791765446, "val_acc_majority": 0.9305286747478864, "val_f1_individual_binary": 0.3565891472868217, "val_f1_individual_macro": 0.6606016569006129, "val_acc_individual": 0.9329176769426163, "train_time_millis": 39347.29181998409, "eval_time_millis": 8278.721484122798}, "Test_results": {"test_f1_majority_binary": 0.42144873000940736, "test_f1_majority_macro": 0.6941662905876017, "test_acc_majority": 0.9373535703371703, "test_f1_individual_binary": 0.3881305637982196, "test_f1_individual_macro": 0.6784246374620819, "test_acc_individual": 0.9404803140514952, "test_time_millis": 6250.69018593058, "dataset_size": 42533, "number_of_annotations": 75456, "train_size": 40614, "val_size": 17322, "test_size": 17520}}