{"Epoch0": {"train_loss_means": 2.272235155105591, "val_loss_mean": 2.1370139122009277, "val_f1_majority_bin": 0.0, "val_f1_majority_macro": 0.49423496416329077, "val_acc_majority": 0.9772027134895325, "val_f1_individual_binary": 0.05190311372280121, "val_f1_individual_macro": 0.4996660620819137, "val_acc_individual": 0.9003817439079285, "train_acc_means": 0.7152963876724243, "train_time_millis": 38492.7578125, "eval_time_millis": 6382.60205078125}, "Epoch1": {"train_loss_means": 1.9847549200057983, "val_loss_mean": 1.940299391746521, "val_f1_majority_bin": 0.0, "val_f1_majority_macro": 0.49423496416329077, "val_acc_majority": 0.9772027134895325, "val_f1_individual_binary": 0.07594936341047287, "val_f1_individual_macro": 0.52780283031625, "val_acc_individual": 0.9601890444755554, "train_acc_means": 0.9356778264045715, "train_time_millis": 37699.33203125, "eval_time_millis": 6332.5830078125}, "Epoch2": {"train_loss_means": 1.7503759860992432, "val_loss_mean": 1.798646330833435, "val_f1_majority_bin": 0.23188406229019165, "val_f1_majority_macro": 0.6076008265933134, "val_acc_majority": 0.9673444032669067, "val_f1_individual_binary": 0.24175824224948883, "val_f1_individual_macro": 0.6079067576529504, "val_acc_individual": 0.9498273134231567, "train_acc_means": 0.9587453007698059, "train_time_millis": 37516.0390625, "eval_time_millis": 6329.48828125}, "Epoch3": {"train_loss_means": 1.5527757406234741, "val_loss_mean": 1.6977777481079102, "val_f1_majority_bin": 0.30927833914756775, "val_f1_majority_macro": 0.6440008773853915, "val_acc_majority": 0.9587184190750122, "val_f1_individual_binary": 0.2788461446762085, "val_f1_individual_macro": 0.6252534188841576, "val_acc_individual": 0.9454644322395325, "train_acc_means": 0.9523155093193054, "train_time_millis": 37556.92578125, "eval_time_millis": 6336.0166015625}, "Epoch4": {"train_loss_means": 1.3929191827774048, "val_loss_mean": 1.619449496269226, "val_f1_majority_bin": 0.37704917788505554, "val_f1_majority_macro": 0.6763606977183518, "val_acc_majority": 0.9531731605529785, "val_f1_individual_binary": 0.293172687292099, "val_f1_individual_macro": 0.6298308236755094, "val_acc_individual": 0.9360116124153137, "train_acc_means": 0.9530966877937317, "train_time_millis": 37530.0859375, "eval_time_millis": 6436.82177734375}, "Epoch5": {"train_loss_means": 1.25166654586792, "val_loss_mean": 1.5394920110702515, "val_f1_majority_bin": 0.3243243098258972, "val_f1_majority_macro": 0.6460227173590634, "val_acc_majority": 0.9383857250213623, "val_f1_individual_binary": 0.3202725648880005, "val_f1_individual_macro": 0.6409812213906525, "val_acc_individual": 0.9274677038192749, "train_acc_means": 0.9548892378807068, "train_time_millis": 37569.140625, "eval_time_millis": 6334.43212890625}, "Epoch6": {"train_loss_means": 1.1571112871170044, "val_loss_mean": 1.5038621425628662, "val_f1_majority_bin": 0.32679739594459534, "val_f1_majority_macro": 0.6467481916788701, "val_acc_majority": 0.9365372657775879, "val_f1_individual_binary": 0.30666667222976685, "val_f1_individual_macro": 0.6333371787476768, "val_acc_individual": 0.9243773818016052, "train_acc_means": 0.9546599388122559, "train_time_millis": 37690.046875, "eval_time_millis": 6330.4365234375}, "Epoch7": {"train_loss_means": 1.0742875337600708, "val_loss_mean": 1.5151426792144775, "val_f1_majority_bin": 0.3384615480899811, "val_f1_majority_macro": 0.6554310259701788, "val_acc_majority": 0.9470117092132568, "val_f1_individual_binary": 0.30651339888572693, "val_f1_individual_macro": 0.6359857126144307, "val_acc_individual": 0.9341937899589539, "train_acc_means": 0.952621579170227, "train_time_millis": 37739.11328125, "eval_time_millis": 6333.53955078125}, "Epoch8": {"train_loss_means": 1.0065319538116455, "val_loss_mean": 1.497559666633606, "val_f1_majority_bin": 0.33576643466949463, "val_f1_majority_macro": 0.653248280832901, "val_acc_majority": 0.943930983543396, "val_f1_individual_binary": 0.30741411447525024, "val_f1_individual_macro": 0.6353799397988715, "val_acc_individual": 0.9303762912750244, "train_acc_means": 0.9563837051391602, "train_time_millis": 37769.35546875, "eval_time_millis": 6336.22509765625}, "Epoch9": {"train_loss_means": 0.9455909729003906, "val_loss_mean": 1.4757122993469238, "val_f1_majority_bin": 0.34285715222358704, "val_f1_majority_macro": 0.6566185263545212, "val_acc_majority": 0.9433148503303528, "val_f1_individual_binary": 0.3174603283405304, "val_f1_individual_macro": 0.6401867950502355, "val_acc_individual": 0.9296491742134094, "train_acc_means": 0.9552006125450134, "train_time_millis": 37760.796875, "eval_time_millis": 6442.03515625}, "Test_results": {"test_f1_majority_binary": 0.38620689511299133, "test_f1_majority_macro": 0.6783634681499926, "test_acc_majority": 0.9437420964241028, "test_f1_individual_binary": 0.35571688413619995, "test_f1_individual_macro": 0.6603999952160089, "test_acc_individual": 0.9337562918663025, "test_time_millis": 6162.869140625, "dataset_size": 8091, "number_of_annotations": 27192}}