{"Epoch0": {"train_loss_means": 1.2712881565093994, "val_loss_mean": 1.2282192707061768, "val_f1_majority_bin": 0.0, "val_f1_majority_macro": 0.41482444733420026, "val_acc_majority": 0.7088888883590698, "val_f1_individual_binary": 0.28129830956459045, "val_f1_individual_macro": 0.5536356768688281, "val_acc_individual": 0.7197951078414917, "train_acc_means": 0.6741131544113159, "train_time_millis": 27047.10105599952, "eval_time_millis": 5679.751315998146}, "Epoch1": {"train_loss_means": 1.242824912071228, "val_loss_mean": 1.2104604244232178, "val_f1_majority_bin": 0.0, "val_f1_majority_macro": 0.41482444733420026, "val_acc_majority": 0.7088888883590698, "val_f1_individual_binary": 0.27608874440193176, "val_f1_individual_macro": 0.5567863009383909, "val_acc_individual": 0.7345585823059082, "train_acc_means": 0.7160211205482483, "train_time_millis": 27312.720043992158, "eval_time_millis": 5706.9688419869635}, "Epoch2": {"train_loss_means": 1.2322882413864136, "val_loss_mean": 1.2033435106277466, "val_f1_majority_bin": 0.0, "val_f1_majority_macro": 0.41482444733420026, "val_acc_majority": 0.7088888883590698, "val_f1_individual_binary": 0.3041765093803406, "val_f1_individual_macro": 0.5698569304771973, "val_acc_individual": 0.7339560389518738, "train_acc_means": 0.7235170006752014, "train_time_millis": 27500.686779007083, "eval_time_millis": 5696.666437987005}, "Epoch3": {"train_loss_means": 1.2205731868743896, "val_loss_mean": 1.2025630474090576, "val_f1_majority_bin": 0.0, "val_f1_majority_macro": 0.41482444733420026, "val_acc_majority": 0.7088888883590698, "val_f1_individual_binary": 0.3084185719490051, "val_f1_individual_macro": 0.57231996038383, "val_acc_individual": 0.7351611852645874, "train_acc_means": 0.7229219079017639, "train_time_millis": 27440.47635300376, "eval_time_millis": 5694.368709999253}, "Epoch4": {"train_loss_means": 1.1922658681869507, "val_loss_mean": 1.1908771991729736, "val_f1_majority_bin": 0.11314475536346436, "val_f1_majority_macro": 0.4677094250496145, "val_acc_majority": 0.7038888931274414, "val_f1_individual_binary": 0.32884901762008667, "val_f1_individual_macro": 0.5797075330682234, "val_acc_individual": 0.7294365763664246, "train_acc_means": 0.7369013428688049, "train_time_millis": 27640.34677800373, "eval_time_millis": 5723.597955002333}, "Epoch5": {"train_loss_means": 1.1298002004623413, "val_loss_mean": 1.2120262384414673, "val_f1_majority_bin": 0.14128728210926056, "val_f1_majority_macro": 0.4783385458859159, "val_acc_majority": 0.6961110830307007, "val_f1_individual_binary": 0.2552204132080078, "val_f1_individual_macro": 0.5375260179841516, "val_acc_individual": 0.7098523378372192, "train_acc_means": 0.7507485747337341, "train_time_millis": 27456.56030799728, "eval_time_millis": 5703.154865987017}, "Test_results": {"test_f1_majority_binary": 0.1577380895614624, "test_f1_majority_macro": 0.4814172569854388, "test_acc_majority": 0.6834452152252197, "test_f1_individual_binary": 0.2738095223903656, "test_f1_individual_macro": 0.5361708169506336, "test_acc_individual": 0.6845734119415283, "test_time_millis": 5674.455936008599, "dataset_size": 9135, "number_of_annotations": 17179}}