{"Epoch0": {"train_loss_means": 0.5842068195343018, "val_loss_mean": 0.5371512174606323, "val_f1_majority_bin": 0.0, "val_f1_majority_macro": 0.486592544146501, "val_acc_majority": 0.9477707147598267, "val_f1_individual_binary": 0.0, "val_f1_individual_macro": 0.4897413024085638, "val_acc_individual": 0.9597902297973633, "train_acc_means": 0.9475671052932739, "train_time_millis": 10470.1376953125, "eval_time_millis": 1460.34375}, "Epoch1": {"train_loss_means": 0.47922560572624207, "val_loss_mean": 0.5787472128868103, "val_f1_majority_bin": 0.21739129722118378, "val_f1_majority_macro": 0.5968846285518657, "val_acc_majority": 0.9541401267051697, "val_f1_individual_binary": 0.1818181872367859, "val_f1_individual_macro": 0.580832960143305, "val_acc_individual": 0.9606643319129944, "train_acc_means": 0.9473153948783875, "train_time_millis": 10446.0146484375, "eval_time_millis": 1565.4317626953125}, "Epoch2": {"train_loss_means": 0.32454714179039, "val_loss_mean": 0.41917285323143005, "val_f1_majority_bin": 0.39436620473861694, "val_f1_majority_macro": 0.6828402033280403, "val_acc_majority": 0.9452229142189026, "val_f1_individual_binary": 0.35164836049079895, "val_f1_individual_macro": 0.6623967748228103, "val_acc_individual": 0.9484265446662903, "train_acc_means": 0.9586408734321594, "train_time_millis": 10502.24609375, "eval_time_millis": 1460.046875}, "Epoch3": {"train_loss_means": 0.2006351798772812, "val_loss_mean": 0.4675830006599426, "val_f1_majority_bin": 0.45652174949645996, "val_f1_majority_macro": 0.7113461199035124, "val_acc_majority": 0.9363057613372803, "val_f1_individual_binary": 0.3801652789115906, "val_f1_individual_macro": 0.6727776146327138, "val_acc_individual": 0.934440553188324, "train_acc_means": 0.9702181220054626, "train_time_millis": 10536.138671875, "eval_time_millis": 1462.0262451171875}, "Epoch4": {"train_loss_means": 0.10064159333705902, "val_loss_mean": 0.6368295550346375, "val_f1_majority_bin": 0.447761207818985, "val_f1_majority_macro": 0.7115718811133951, "val_acc_majority": 0.95286625623703, "val_f1_individual_binary": 0.3855421543121338, "val_f1_individual_macro": 0.6812064584870092, "val_acc_individual": 0.9554196000099182, "train_acc_means": 0.9848993420600891, "train_time_millis": 10531.078125, "eval_time_millis": 1462.7635498046875}, "Test_results": {"test_f1_majority_binary": 0.41025641560554504, "test_f1_majority_macro": 0.6890667526142387, "test_acc_majority": 0.939072847366333, "test_f1_individual_binary": 0.4150943458080292, "test_f1_individual_macro": 0.6932085944181663, "test_acc_individual": 0.9453262686729431, "test_time_millis": 1392.9072265625, "dataset_size": 3918, "number_of_annotations": 3918}}