{"Epoch0": {"train_loss_means": 0.03134413808584213, "val_loss_mean": 0.03571633622050285, "val_f1_majority_bin": 0.06451612903225806, "val_f1_majority_macro": 0.5138803712334927, "val_acc_majority": 0.9292682926829269, "val_f1_individual_binary": 0.04395604395604396, "val_f1_individual_macro": 0.5024098708309235, "val_acc_individual": 0.9248055315471045, "train_time_millis": 3181.4790088683367, "eval_time_millis": 1549.5835286565125}, "Epoch1": {"train_loss_means": 0.02823036164045334, "val_loss_mean": 0.03482390567660332, "val_f1_majority_bin": 0.17391304347826086, "val_f1_majority_macro": 0.5750368228683651, "val_acc_majority": 0.9536585365853658, "val_f1_individual_binary": 0.18750000000000003, "val_f1_individual_macro": 0.5821944444444446, "val_acc_individual": 0.9550561797752809, "train_time_millis": 3187.9461999051273, "eval_time_millis": 2557.061965111643}, "Epoch2": {"train_loss_means": 0.022327160462737083, "val_loss_mean": 0.02958284132182598, "val_f1_majority_bin": 0.27184466019417475, "val_f1_majority_macro": 0.6115241518277315, "val_acc_majority": 0.9085365853658537, "val_f1_individual_binary": 0.2535211267605634, "val_f1_individual_macro": 0.6023590900837807, "val_acc_individual": 0.9083837510803803, "train_time_millis": 3187.9887897521257, "eval_time_millis": 2565.7883412204683}, "Epoch3": {"train_loss_means": 0.01448768936097622, "val_loss_mean": 0.03225887194275856, "val_f1_majority_bin": 0.3370786516853933, "val_f1_majority_macro": 0.6495193387376033, "val_acc_majority": 0.9280487804878049, "val_f1_individual_binary": 0.3064516129032258, "val_f1_individual_macro": 0.6335911032552659, "val_acc_individual": 0.9256698357821953, "train_time_millis": 3174.58551004529, "eval_time_millis": 2569.3841138854623}, "Epoch4": {"train_loss_means": 0.008629117161035538, "val_loss_mean": 0.044052112847566605, "val_f1_majority_bin": 0.45901639344262296, "val_f1_majority_macro": 0.7190585450430341, "val_acc_majority": 0.9597560975609756, "val_f1_individual_binary": 0.42857142857142855, "val_f1_individual_macro": 0.7035233824471493, "val_acc_individual": 0.958513396715644, "train_time_millis": 3203.949313145131, "eval_time_millis": 2560.3971132077277}, "Epoch5": {"train_loss_means": 0.005682922899723053, "val_loss_mean": 0.053790103644132614, "val_f1_majority_bin": 0.4406779661016949, "val_f1_majority_macro": 0.7099025504132763, "val_acc_majority": 0.9597560975609756, "val_f1_individual_binary": 0.3950617283950617, "val_f1_individual_macro": 0.6865590773636749, "val_acc_individual": 0.9576490924805532, "train_time_millis": 3175.8103952743113, "eval_time_millis": 2551.0331229306757}, "Epoch6": {"train_loss_means": 0.004690343979746103, "val_loss_mean": 0.06346271187067032, "val_f1_majority_bin": 0.48148148148148145, "val_f1_majority_macro": 0.7319135024053056, "val_acc_majority": 0.9658536585365853, "val_f1_individual_binary": 0.4383561643835617, "val_f1_individual_macro": 0.7100303802729946, "val_acc_individual": 0.9645635263612792, "train_time_millis": 3193.880758713931, "eval_time_millis": 2575.468106660992}, "Epoch7": {"train_loss_means": 0.003875433001667261, "val_loss_mean": 0.07321503013372421, "val_f1_majority_bin": 0.4615384615384615, "val_f1_majority_macro": 0.7219531098624298, "val_acc_majority": 0.9658536585365853, "val_f1_individual_binary": 0.42857142857142855, "val_f1_individual_macro": 0.7053730583142348, "val_acc_individual": 0.9654278305963699, "train_time_millis": 3195.899630896747, "eval_time_millis": 1918.0443766526878}, "Epoch8": {"train_loss_means": 0.003271945519372821, "val_loss_mean": 0.07955146580934525, "val_f1_majority_bin": 0.39999999999999997, "val_f1_majority_macro": 0.6905660377358491, "val_acc_majority": 0.9634146341463414, "val_f1_individual_binary": 0.36363636363636365, "val_f1_individual_macro": 0.6724765448075056, "val_acc_individual": 0.9636992221261884, "train_time_millis": 3186.98748992756, "eval_time_millis": 2579.3290650472045}, "Epoch9": {"train_loss_means": 0.003410778008401394, "val_loss_mean": 0.08081094920635223, "val_f1_majority_bin": 0.4313725490196078, "val_f1_majority_macro": 0.7065610385123212, "val_acc_majority": 0.9646341463414634, "val_f1_individual_binary": 0.411764705882353, "val_f1_individual_macro": 0.6969776334398408, "val_acc_individual": 0.9654278305963699, "train_time_millis": 3205.708289053291, "eval_time_millis": 2573.9541361108422}, "Test_results": {"test_f1_majority_binary": 0.4615384615384615, "test_f1_majority_macro": 0.7219531098624298, "test_acc_majority": 0.9658536585365853, "test_f1_individual_binary": 0.42857142857142855, "test_f1_individual_macro": 0.7053730583142348, "test_acc_individual": 0.9654278305963699, "test_time_millis": 2557.942213024944, "dataset_size": 3993, "number_of_annotations": 5599, "train_size": 3361, "val_size": 1157, "test_size": 1081}}