{"Epoch0": {"train_loss_means": 1.4805105924606323, "val_loss_mean": 1.0563472509384155, "val_f1_majority_bin": 0.441904753446579, "val_f1_majority_macro": 0.7076643990929705, "val_acc_majority": 0.9492640495300293, "val_f1_individual_binary": 0.39345237612724304, "val_f1_individual_macro": 0.6811864948651251, "val_acc_individual": 0.940871000289917, "train_acc_means": 0.9114924669265747, "train_time_millis": 212997.57606419735, "eval_time_millis": 38290.670396061614}, "Epoch1": {"train_loss_means": 1.0024535655975342, "val_loss_mean": 0.9288215041160583, "val_f1_majority_bin": 0.4910714328289032, "val_f1_majority_macro": 0.7352672941812286, "val_acc_majority": 0.9605194926261902, "val_f1_individual_binary": 0.433866024017334, "val_f1_individual_macro": 0.704318041665501, "val_acc_individual": 0.9516929388046265, "train_acc_means": 0.9417452216148376, "train_time_millis": 213654.2758559808, "eval_time_millis": 38439.86122799106}, "Epoch2": {"train_loss_means": 0.8398352265357971, "val_loss_mean": 0.91229647397995, "val_f1_majority_bin": 0.5083135366439819, "val_f1_majority_macro": 0.7448567426395997, "val_acc_majority": 0.9641558527946472, "val_f1_individual_binary": 0.4527503550052643, "val_f1_individual_macro": 0.7146350328812527, "val_acc_individual": 0.954971432685852, "train_acc_means": 0.9466310739517212, "train_time_millis": 214857.29332920164, "eval_time_millis": 38345.967495115474}, "Epoch3": {"train_loss_means": 0.7252225875854492, "val_loss_mean": 0.872803807258606, "val_f1_majority_bin": 0.46168768405914307, "val_f1_majority_macro": 0.718269641828321, "val_acc_majority": 0.9519480466842651, "val_f1_individual_binary": 0.44274377822875977, "val_f1_individual_macro": 0.7063426798723036, "val_acc_individual": 0.9429599046707153, "train_acc_means": 0.9494889974594116, "train_time_millis": 214719.72422185354, "eval_time_millis": 38507.16559891589}, "Epoch4": {"train_loss_means": 0.6371594071388245, "val_loss_mean": 0.9308767318725586, "val_f1_majority_bin": 0.47298675775527954, "val_f1_majority_macro": 0.7248065889911851, "val_acc_majority": 0.9552381038665771, "val_f1_individual_binary": 0.43718141317367554, "val_f1_individual_macro": 0.7042840841199243, "val_acc_individual": 0.9455420970916748, "train_acc_means": 0.9522103667259216, "train_time_millis": 214906.7412780132, "eval_time_millis": 38321.417370811105}, "Test_results": {"test_f1_majority_binary": 0.4508287310600281, "test_f1_majority_macro": 0.7142211751449153, "test_acc_majority": 0.9569808840751648, "test_f1_individual_binary": 0.42371293902397156, "test_f1_individual_macro": 0.697899787593009, "test_acc_individual": 0.9467523694038391, "test_time_millis": 38544.036434963346, "dataset_size": 57784, "number_of_annotations": 173255}}