{"Epoch0": {"train_loss_means": 0.2552356421947479, "val_loss_mean": 0.16727972030639648, "val_f1_majority_bin": 0.5844748616218567, "val_f1_majority_macro": 0.7879583119151328, "val_acc_majority": 0.9832289218902588, "val_f1_individual_binary": 0.5844748616218567, "val_f1_individual_macro": 0.7879583119151328, "val_acc_individual": 0.9832289218902588, "train_acc_means": 0.965295672416687, "train_time_millis": 310640.1875, "eval_time_millis": 15359.193359375}, "Epoch1": {"train_loss_means": 0.1221642941236496, "val_loss_mean": 0.15916885435581207, "val_f1_majority_bin": 0.5794392228126526, "val_f1_majority_macro": 0.7854895077249079, "val_acc_majority": 0.9834132194519043, "val_f1_individual_binary": 0.5794392228126526, "val_f1_individual_macro": 0.7854895077249079, "val_acc_individual": 0.9834132194519043, "train_acc_means": 0.9813237190246582, "train_time_millis": 303450.875, "eval_time_millis": 14998.8701171875}, "Epoch2": {"train_loss_means": 0.08155754953622818, "val_loss_mean": 0.264067143201828, "val_f1_majority_bin": 0.5869565010070801, "val_f1_majority_macro": 0.7899162061264081, "val_acc_majority": 0.9859933853149414, "val_f1_individual_binary": 0.5869565010070801, "val_f1_individual_macro": 0.7899162061264081, "val_acc_individual": 0.9859933853149414, "train_acc_means": 0.9856300950050354, "train_time_millis": 306601.4375, "eval_time_millis": 12837.234375}, "Test_results": {"test_f1_majority_binary": 0.6077347993850708, "test_f1_majority_macro": 0.8005412532165381, "test_acc_majority": 0.98691725730896, "test_f1_individual_binary": 0.6077347993850708, "test_f1_individual_macro": 0.8005412532165381, "test_acc_individual": 0.98691725730896, "test_time_millis": 14845.56640625, "dataset_size": 58011, "number_of_annotations": 58011}}