{"Epoch0": {"train_loss_means": 3.6305644512176514, "val_loss_mean": 3.716701030731201, "val_f1_majority_bin": 0.16438356041908264, "val_f1_majority_macro": 0.4873075775726955, "val_acc_majority": 0.6907042264938354, "val_f1_individual_binary": 0.3395412564277649, "val_f1_individual_macro": 0.551725783874907, "val_acc_individual": 0.6521604657173157, "train_acc_means": 0.6501767039299011, "train_time_millis": 1078531.868262915, "eval_time_millis": 216890.98870696034}, "Epoch1": {"train_loss_means": 3.43990421295166, "val_loss_mean": 3.7377781867980957, "val_f1_majority_bin": 0.3255542516708374, "val_f1_majority_macro": 0.5554618677317614, "val_acc_majority": 0.6743661761283875, "val_f1_individual_binary": 0.4030523896217346, "val_f1_individual_macro": 0.5750285768262495, "val_acc_individual": 0.6446233987808228, "train_acc_means": 0.6964336633682251, "train_time_millis": 1096274.5866109617, "eval_time_millis": 213375.6250779843}, "Epoch2": {"train_loss_means": 3.0529537200927734, "val_loss_mean": 3.7850964069366455, "val_f1_majority_bin": 0.27047619223594666, "val_f1_majority_macro": 0.5312561947856065, "val_acc_majority": 0.6763380169868469, "val_f1_individual_binary": 0.40003538131713867, "val_f1_individual_macro": 0.5764299677992413, "val_acc_individual": 0.6498889923095703, "train_acc_means": 0.735938549041748, "train_time_millis": 1102131.7528330255, "eval_time_millis": 205749.32177807204}, "Test_results": {"test_f1_majority_binary": 0.26733291149139404, "test_f1_majority_macro": 0.5269718977940043, "test_acc_majority": 0.6694843769073486, "test_f1_individual_binary": 0.37437230348587036, "test_f1_individual_macro": 0.5609457558514162, "test_acc_individual": 0.6402290463447571, "test_time_millis": 183821.82803493924, "dataset_size": 17699, "number_of_annotations": 95778}}