{"Epoch0": {"train_loss_means": 0.3385874927043915, "val_loss_mean": 0.27735766768455505, "val_f1_majority_bin": 0.4649532735347748, "val_f1_majority_macro": 0.7213579716958016, "val_acc_majority": 0.9573000073432922, "val_f1_individual_binary": 0.410526305437088, "val_f1_individual_macro": 0.6942368226744563, "val_acc_individual": 0.9574851989746094, "train_acc_means": 0.9616004824638367, "train_time_millis": 123444.13759400777, "eval_time_millis": 18126.475348995882}, "Epoch1": {"train_loss_means": 0.203774094581604, "val_loss_mean": 0.2796016335487366, "val_f1_majority_bin": 0.49164676666259766, "val_f1_majority_macro": 0.7354906054763162, "val_acc_majority": 0.9602833986282349, "val_f1_individual_binary": 0.4354838728904724, "val_f1_individual_macro": 0.7074128813301156, "val_acc_individual": 0.9601423740386963, "train_acc_means": 0.96088707447052, "train_time_millis": 123921.5430309996, "eval_time_millis": 18156.603633979103}, "Epoch2": {"train_loss_means": 0.12556689977645874, "val_loss_mean": 0.3375689387321472, "val_f1_majority_bin": 0.45820432901382446, "val_f1_majority_macro": 0.716286661641482, "val_acc_majority": 0.9510535001754761, "val_f1_individual_binary": 0.39699941873550415, "val_f1_individual_macro": 0.6855719830518717, "val_acc_individual": 0.9504151940345764, "train_acc_means": 0.966780424118042, "train_time_millis": 123951.46580500295, "eval_time_millis": 18145.36821100046}, "Test_results": {"test_f1_majority_binary": 0.45325204730033875, "test_f1_majority_macro": 0.7134784111770737, "test_acc_majority": 0.9498227834701538, "test_f1_individual_binary": 0.39553073048591614, "test_f1_individual_macro": 0.684344375780439, "test_acc_individual": 0.9485985636711121, "test_time_millis": 18176.03473001509, "dataset_size": 53677, "number_of_annotations": 53677}}