{"Epoch0": {"train_loss_means": 1.6338121891021729, "val_loss_mean": 1.1574232578277588, "val_f1_majority_bin": 0.34983497858047485, "val_f1_majority_macro": 0.6569430391944304, "val_acc_majority": 0.9318692684173584, "val_f1_individual_binary": 0.3448616564273834, "val_f1_individual_macro": 0.6531682134614729, "val_acc_individual": 0.9272288084030151, "train_acc_means": 0.9238194823265076, "train_time_millis": 218920.77074199915, "eval_time_millis": 39470.65950500837}, "Epoch1": {"train_loss_means": 1.0175247192382812, "val_loss_mean": 1.010087490081787, "val_f1_majority_bin": 0.3510638177394867, "val_f1_majority_macro": 0.6559591242812225, "val_acc_majority": 0.9261628985404968, "val_f1_individual_binary": 0.3466126620769501, "val_f1_individual_macro": 0.6520988964766412, "val_acc_individual": 0.9203413724899292, "train_acc_means": 0.9438652992248535, "train_time_millis": 219722.2111680021, "eval_time_millis": 39722.934972000076}, "Epoch2": {"train_loss_means": 0.8240782618522644, "val_loss_mean": 0.9779883623123169, "val_f1_majority_bin": 0.40993788838386536, "val_f1_majority_macro": 0.692111414549618, "val_acc_majority": 0.9507176280021667, "val_f1_individual_binary": 0.40262994170188904, "val_f1_individual_macro": 0.6876261634023588, "val_acc_individual": 0.9476442933082581, "train_acc_means": 0.9511818885803223, "train_time_millis": 220800.14059800305, "eval_time_millis": 39734.73250400275}, "Epoch3": {"train_loss_means": 0.6878589391708374, "val_loss_mean": 0.9438663721084595, "val_f1_majority_bin": 0.39961758255958557, "val_f1_majority_macro": 0.6855916442746233, "val_acc_majority": 0.9457029104232788, "val_f1_individual_binary": 0.3976845145225525, "val_f1_individual_macro": 0.6838561562884711, "val_acc_individual": 0.9428971409797668, "train_acc_means": 0.9553572535514832, "train_time_millis": 220614.12300699158, "eval_time_millis": 39893.78719701199}, "Epoch4": {"train_loss_means": 0.5926662683486938, "val_loss_mean": 0.9418694376945496, "val_f1_majority_bin": 0.39084842801094055, "val_f1_majority_macro": 0.6809560706213369, "val_acc_majority": 0.9447518587112427, "val_f1_individual_binary": 0.40355029702186584, "val_f1_individual_macro": 0.6872728028077095, "val_acc_individual": 0.9446807503700256, "train_acc_means": 0.9590752720832825, "train_time_millis": 220644.3594339944, "eval_time_millis": 39919.50166400056}, "Epoch5": {"train_loss_means": 0.5214396119117737, "val_loss_mean": 1.0118736028671265, "val_f1_majority_bin": 0.3901979327201843, "val_f1_majority_macro": 0.6804417207067706, "val_acc_majority": 0.9440601468086243, "val_f1_individual_binary": 0.3963186740875244, "val_f1_individual_macro": 0.6830388152459868, "val_acc_individual": 0.9424031972885132, "train_acc_means": 0.9621676802635193, "train_time_millis": 220672.7970459906, "eval_time_millis": 39687.56130799011}, "Test_results": {"test_f1_majority_binary": 0.3726235628128052, "test_f1_majority_macro": 0.6713674885485589, "test_acc_majority": 0.9429411292076111, "test_f1_individual_binary": 0.38078293204307556, "test_f1_individual_macro": 0.6753051898917615, "test_acc_individual": 0.9424587488174438, "test_time_millis": 39920.94358200848, "dataset_size": 57853, "number_of_annotations": 182376}}