{"Epoch0": {"train_loss_means": 0.291412353515625, "val_loss_mean": 0.2525019943714142, "val_f1_majority_bin": 0.6802827965435978, "val_f1_majority_macro": 0.7352985337689654, "val_acc_majority": 0.7467330429371499, "val_f1_individual_binary": 0.6742057081313948, "val_f1_individual_macro": 0.7427779398156195, "val_acc_individual": 0.7610584518167457, "train_time_millis": 6248.41542635113, "eval_time_millis": 3711.99307218194}, "Epoch1": {"train_loss_means": 0.22238609194755554, "val_loss_mean": 0.24926841259002686, "val_f1_majority_bin": 0.6682966585167073, "val_f1_majority_macro": 0.7317326271949415, "val_acc_majority": 0.7467330429371499, "val_f1_individual_binary": 0.6614525139664804, "val_f1_individual_macro": 0.7381789142831792, "val_acc_individual": 0.7606635071090048, "train_time_millis": 6230.753319337964, "eval_time_millis": 3806.821429170668}, "Epoch2": {"train_loss_means": 0.18377231061458588, "val_loss_mean": 0.2660793960094452, "val_f1_majority_bin": 0.7175348495964784, "val_f1_majority_macro": 0.7547695857922965, "val_acc_majority": 0.760423148724331, "val_f1_individual_binary": 0.7018255578093305, "val_f1_individual_macro": 0.755828690935713, "val_acc_individual": 0.7677725118483413, "train_time_millis": 6215.725377202034, "eval_time_millis": 3819.3097496405244}, "Epoch3": {"train_loss_means": 0.15074434876441956, "val_loss_mean": 0.26461610198020935, "val_f1_majority_bin": 0.7349177330895795, "val_f1_majority_macro": 0.7291880464557878, "val_acc_majority": 0.7293092719352832, "val_f1_individual_binary": 0.7074198988195616, "val_f1_individual_macro": 0.7248095036445505, "val_acc_individual": 0.7259083728278041, "train_time_millis": 6303.709278814495, "eval_time_millis": 3821.9486633315682}, "Epoch4": {"train_loss_means": 0.12079232186079025, "val_loss_mean": 0.3288021981716156, "val_f1_majority_bin": 0.7182235834609493, "val_f1_majority_macro": 0.762675733030265, "val_acc_majority": 0.7710018668326073, "val_f1_individual_binary": 0.6988727858293076, "val_f1_individual_macro": 0.7618075269352724, "val_acc_individual": 0.7784360189573459, "train_time_millis": 6271.393619477749, "eval_time_millis": 3827.3298032581806}, "Epoch5": {"train_loss_means": 0.10301274806261063, "val_loss_mean": 0.32580578327178955, "val_f1_majority_bin": 0.7377963737796372, "val_f1_majority_macro": 0.7632802093617288, "val_acc_majority": 0.7660236465463597, "val_f1_individual_binary": 0.7187807276302852, "val_f1_individual_macro": 0.7650009248712482, "val_acc_individual": 0.7740916271721959, "train_time_millis": 6282.799274660647, "eval_time_millis": 3825.8155276998878}, "Epoch6": {"train_loss_means": 0.08883816003799438, "val_loss_mean": 0.3724045753479004, "val_f1_majority_bin": 0.7381974248927039, "val_f1_majority_macro": 0.7683277873362198, "val_acc_majority": 0.7722464219041693, "val_f1_individual_binary": 0.7162367223065251, "val_f1_individual_macro": 0.767253443757733, "val_acc_individual": 0.7784360189573459, "train_time_millis": 6292.884328402579, "eval_time_millis": 3812.682240270078}, "Epoch7": {"train_loss_means": 0.08041977137327194, "val_loss_mean": 0.4053505063056946, "val_f1_majority_bin": 0.7325581395348838, "val_f1_majority_macro": 0.7661702558392591, "val_acc_majority": 0.7710018668326073, "val_f1_individual_binary": 0.7076446280991736, "val_f1_individual_macro": 0.7633491682695357, "val_acc_individual": 0.7764612954186414, "train_time_millis": 6235.708659514785, "eval_time_millis": 3845.7004968076944}, "Epoch8": {"train_loss_means": 0.070009745657444, "val_loss_mean": 0.479149729013443, "val_f1_majority_bin": 0.7255048616305161, "val_f1_majority_macro": 0.7649900440278313, "val_acc_majority": 0.7716241443683883, "val_f1_individual_binary": 0.7017543859649122, "val_f1_individual_macro": 0.7627527820493741, "val_acc_individual": 0.7784360189573459, "train_time_millis": 6302.757566794753, "eval_time_millis": 3816.2745274603367}, "Epoch9": {"train_loss_means": 0.06488224864006042, "val_loss_mean": 0.4823395311832428, "val_f1_majority_bin": 0.7315288953913679, "val_f1_majority_macro": 0.7664141499154999, "val_acc_majority": 0.7716241443683883, "val_f1_individual_binary": 0.7088738972496109, "val_f1_individual_macro": 0.7650203085227971, "val_acc_individual": 0.7784360189573459, "train_time_millis": 6238.262500613928, "eval_time_millis": 3823.7082855775952}, "Test_results": {"test_f1_majority_binary": 0.7381974248927039, "test_f1_majority_macro": 0.7683277873362198, "test_acc_majority": 0.7722464219041693, "test_f1_individual_binary": 0.7162367223065251, "test_f1_individual_macro": 0.767253443757733, "test_acc_individual": 0.7784360189573459, "test_time_millis": 3819.832862354815, "dataset_size": 5373, "number_of_annotations": 8563, "train_size": 3458, "val_size": 2532, "test_size": 2573}}