{"Epoch0": {"train_loss_means": 1.16790771484375, "val_loss_mean": 1.107111930847168, "val_f1_majority_bin": 0.0, "val_f1_majority_macro": 0.41143542582966813, "val_acc_majority": 0.6990489363670349, "val_f1_individual_binary": 0.3040935695171356, "val_f1_individual_macro": 0.5615754202197503, "val_acc_individual": 0.7127916216850281, "train_acc_means": 0.6858807802200317, "train_time_millis": 25577.82702899931, "eval_time_millis": 3913.547099000425}, "Epoch1": {"train_loss_means": 1.1129834651947021, "val_loss_mean": 1.0957214832305908, "val_f1_majority_bin": 0.18244406580924988, "val_f1_majority_macro": 0.4907142019501742, "val_acc_majority": 0.6773098111152649, "val_f1_individual_binary": 0.3850823938846588, "val_f1_individual_macro": 0.5997158499282471, "val_acc_individual": 0.7148029208183289, "train_acc_means": 0.7045365571975708, "train_time_millis": 25581.332478999684, "eval_time_millis": 4036.4158720003616}, "Epoch2": {"train_loss_means": 0.9652209877967834, "val_loss_mean": 1.1187703609466553, "val_f1_majority_bin": 0.3638709783554077, "val_f1_majority_macro": 0.5682886420083583, "val_acc_majority": 0.6650815010070801, "val_f1_individual_binary": 0.43070361018180847, "val_f1_individual_macro": 0.6030095963779579, "val_acc_individual": 0.6777956485748291, "train_acc_means": 0.7449260950088501, "train_time_millis": 25341.99161500146, "eval_time_millis": 4012.203354999656}, "Test_results": {"test_f1_majority_binary": 0.36474907398223877, "test_f1_majority_macro": 0.5609426271056841, "test_acc_majority": 0.6486120223999023, "test_f1_individual_binary": 0.4050801992416382, "test_f1_individual_macro": 0.580085511464805, "test_acc_individual": 0.6530214548110962, "test_time_millis": 4036.2389830006578, "dataset_size": 7589, "number_of_annotations": 13049}}