{"Epoch0": {"train_loss_means": 0.6987690329551697, "val_loss_mean": 0.6094604134559631, "val_f1_majority_bin": 0.0, "val_f1_majority_macro": 0.49177444386963265, "val_acc_majority": 0.9676302671432495, "val_f1_individual_binary": 0.0, "val_f1_individual_macro": 0.493391557496361, "val_acc_individual": 0.9739110469818115, "train_acc_means": 0.9398148059844971, "train_time_millis": 1603.8903801236302, "eval_time_millis": 16132.771027972922}, "Epoch1": {"train_loss_means": 0.6575369238853455, "val_loss_mean": 0.5873136520385742, "val_f1_majority_bin": 0.0, "val_f1_majority_macro": 0.49177444386963265, "val_acc_majority": 0.9676302671432495, "val_f1_individual_binary": 0.0, "val_f1_individual_macro": 0.493391557496361, "val_acc_individual": 0.9739110469818115, "train_acc_means": 0.9583333134651184, "train_time_millis": 1602.850184077397, "eval_time_millis": 16160.767839057371}, "Epoch2": {"train_loss_means": 0.6190395355224609, "val_loss_mean": 0.5667334198951721, "val_f1_majority_bin": 0.0, "val_f1_majority_macro": 0.49177444386963265, "val_acc_majority": 0.9676302671432495, "val_f1_individual_binary": 0.0, "val_f1_individual_macro": 0.493391557496361, "val_acc_individual": 0.9739110469818115, "train_acc_means": 0.9583333134651184, "train_time_millis": 1613.8628770131618, "eval_time_millis": 16199.763352051377}, "Epoch3": {"train_loss_means": 0.5901055335998535, "val_loss_mean": 0.5520777702331543, "val_f1_majority_bin": 0.0, "val_f1_majority_macro": 0.49177444386963265, "val_acc_majority": 0.9676302671432495, "val_f1_individual_binary": 0.0, "val_f1_individual_macro": 0.493391557496361, "val_acc_individual": 0.9739110469818115, "train_acc_means": 0.9583333134651184, "train_time_millis": 1604.5373189263046, "eval_time_millis": 16190.776509931311}, "Epoch4": {"train_loss_means": 0.5829945206642151, "val_loss_mean": 0.5387673377990723, "val_f1_majority_bin": 0.0, "val_f1_majority_macro": 0.49177444386963265, "val_acc_majority": 0.9676302671432495, "val_f1_individual_binary": 0.0, "val_f1_individual_macro": 0.493391557496361, "val_acc_individual": 0.9739110469818115, "train_acc_means": 0.9544752836227417, "train_time_millis": 1610.9032831154764, "eval_time_millis": 16339.516398031265}, "Epoch5": {"train_loss_means": 0.5101798176765442, "val_loss_mean": 0.5379260182380676, "val_f1_majority_bin": 0.0, "val_f1_majority_macro": 0.49177444386963265, "val_acc_majority": 0.9676302671432495, "val_f1_individual_binary": 0.0, "val_f1_individual_macro": 0.493391557496361, "val_acc_individual": 0.9739110469818115, "train_acc_means": 0.9583333134651184, "train_time_millis": 1612.7994710113853, "eval_time_millis": 16335.86061396636}, "Epoch6": {"train_loss_means": 0.44715940952301025, "val_loss_mean": 0.5312161445617676, "val_f1_majority_bin": 0.0, "val_f1_majority_macro": 0.49177444386963265, "val_acc_majority": 0.9676302671432495, "val_f1_individual_binary": 0.0, "val_f1_individual_macro": 0.493391557496361, "val_acc_individual": 0.9739110469818115, "train_acc_means": 0.9583333134651184, "train_time_millis": 1606.088331900537, "eval_time_millis": 16202.092987019569}, "Epoch7": {"train_loss_means": 0.3969539701938629, "val_loss_mean": 0.5540757775306702, "val_f1_majority_bin": 0.0, "val_f1_majority_macro": 0.49177444386963265, "val_acc_majority": 0.9676302671432495, "val_f1_individual_binary": 0.0, "val_f1_individual_macro": 0.493391557496361, "val_acc_individual": 0.9739110469818115, "train_acc_means": 0.9583333134651184, "train_time_millis": 1612.037600018084, "eval_time_millis": 16359.926057979465}, "Test_results": {"test_f1_majority_binary": 0.0, "test_f1_majority_macro": 0.4913399709603817, "test_acc_majority": 0.9659496545791626, "test_f1_individual_binary": 0.0, "test_f1_individual_macro": 0.49337913620482104, "test_acc_individual": 0.9738626480102539, "test_time_millis": 16190.330513054505, "dataset_size": 20055, "number_of_annotations": 20055}}