{"Epoch0": {"train_loss_means": 0.04612741991877556, "val_loss_mean": 0.04206659644842148, "val_f1_majority_bin": 0.4426059979317477, "val_f1_majority_macro": 0.708683003648618, "val_acc_majority": 0.9517068363049906, "val_f1_individual_binary": 0.37705735660847883, "val_f1_individual_macro": 0.6752122614758709, "val_acc_individual": 0.9489182446525705, "train_time_millis": 66847.02165400086, "eval_time_millis": 10423.701359992265}, "Epoch1": {"train_loss_means": 0.035162489861249924, "val_loss_mean": 0.043153662234544754, "val_f1_majority_bin": 0.4236983842010772, "val_f1_majority_macro": 0.6967133942883923, "val_acc_majority": 0.9424782725562225, "val_f1_individual_binary": 0.3580034423407917, "val_f1_individual_macro": 0.6629855762092554, "val_acc_individual": 0.9389800008179624, "train_time_millis": 66857.42027701053, "eval_time_millis": 8389.879520997056}, "Epoch2": {"train_loss_means": 0.026964886114001274, "val_loss_mean": 0.049745723605155945, "val_f1_majority_bin": 0.39744612928970474, "val_f1_majority_macro": 0.6808057453605958, "val_acc_majority": 0.9323537317444673, "val_f1_individual_binary": 0.34060466896287794, "val_f1_individual_macro": 0.6516910013353352, "val_acc_individual": 0.9295325344566684, "train_time_millis": 66816.31147999724, "eval_time_millis": 8394.071703005466}, "Epoch3": {"train_loss_means": 0.021472765132784843, "val_loss_mean": 0.056748587638139725, "val_f1_majority_bin": 0.38669760247486473, "val_f1_majority_macro": 0.674493886595747, "val_acc_majority": 0.928949018905116, "val_f1_individual_binary": 0.3332099222510182, "val_f1_individual_macro": 0.6471140410155547, "val_acc_individual": 0.9263424808801276, "train_time_millis": 66812.9551410093, "eval_time_millis": 10413.123884005472}, "Epoch4": {"train_loss_means": 0.018407199531793594, "val_loss_mean": 0.08213172107934952, "val_f1_majority_bin": 0.4194174757281554, "val_f1_majority_macro": 0.6956659048751617, "val_acc_majority": 0.9464205716333662, "val_f1_individual_binary": 0.36059479553903345, "val_f1_individual_macro": 0.6655808202294098, "val_acc_individual": 0.9437241830599975, "train_time_millis": 66800.98972399719, "eval_time_millis": 10419.55749799672}, "Epoch5": {"train_loss_means": 0.01653091236948967, "val_loss_mean": 0.09285976737737656, "val_f1_majority_bin": 0.4403866809881848, "val_f1_majority_macro": 0.708015321701142, "val_acc_majority": 0.9533195950183675, "val_f1_individual_binary": 0.3785751430057202, "val_f1_individual_macro": 0.676569122834306, "val_acc_individual": 0.9511267432824834, "train_time_millis": 66771.22908500314, "eval_time_millis": 10414.046486999723}, "Epoch6": {"train_loss_means": 0.015291781164705753, "val_loss_mean": 0.09620631486177444, "val_f1_majority_bin": 0.4247967479674797, "val_f1_majority_macro": 0.6991356502045666, "val_acc_majority": 0.9492876982349252, "val_f1_individual_binary": 0.3682664054848188, "val_f1_individual_macro": 0.6703687981329344, "val_acc_individual": 0.9472414216187477, "train_time_millis": 66721.06323100161, "eval_time_millis": 10402.849976992002}, "Epoch7": {"train_loss_means": 0.014362085610628128, "val_loss_mean": 0.10508839786052704, "val_f1_majority_bin": 0.4261241970021413, "val_f1_majority_macro": 0.7005317076276838, "val_acc_majority": 0.9519756294238867, "val_f1_individual_binary": 0.36363636363636365, "val_f1_individual_macro": 0.6687023107625245, "val_acc_individual": 0.9496135127397652, "train_time_millis": 66724.1649869975, "eval_time_millis": 10419.133101007901}, "Epoch8": {"train_loss_means": 0.013646305538713932, "val_loss_mean": 0.10733877122402191, "val_f1_majority_bin": 0.43231441048034935, "val_f1_majority_macro": 0.7040110779861337, "val_acc_majority": 0.9534091927246663, "val_f1_individual_binary": 0.3646934460887949, "val_f1_individual_macro": 0.6695622091111918, "val_acc_individual": 0.9508404564230502, "train_time_millis": 66739.48244900384, "eval_time_millis": 10422.604522012989}, "Epoch9": {"train_loss_means": 0.013304488733410835, "val_loss_mean": 0.1101328432559967, "val_f1_majority_bin": 0.43660418963616315, "val_f1_majority_macro": 0.7063712052546914, "val_acc_majority": 0.9542155720813548, "val_f1_individual_binary": 0.36808510638297876, "val_f1_individual_macro": 0.6714101683503513, "val_acc_individual": 0.9514130301419165, "train_time_millis": 66734.25334200147, "eval_time_millis": 10418.341799988411}, "Test_results": {"test_f1_majority_binary": 0.4403866809881848, "test_f1_majority_macro": 0.708015321701142, "test_acc_majority": 0.9533195950183675, "test_f1_individual_binary": 0.3785751430057202, "test_f1_individual_macro": 0.676569122834306, "test_acc_individual": 0.9511267432824834, "test_time_millis": 8391.07025899284, "dataset_size": 55876, "number_of_annotations": 122639, "train_size": 73741, "val_size": 24451, "test_size": 24447}}