{"Epoch0": {"train_loss_means": 0.04388321563601494, "val_loss_mean": 0.04196447134017944, "val_f1_majority_bin": 0.035398230088495575, "val_f1_majority_macro": 0.48382714487644163, "val_acc_majority": 0.8734030197444832, "val_f1_individual_binary": 0.02424242424242424, "val_f1_individual_macro": 0.47867709080837456, "val_acc_individual": 0.8748055987558321, "train_time_millis": 5194.024891010486, "eval_time_millis": 2523.9445159968454}, "Epoch1": {"train_loss_means": 0.040128856897354126, "val_loss_mean": 0.03950832411646843, "val_f1_majority_bin": 0.12371134020618557, "val_f1_majority_macro": 0.5357018239492467, "val_acc_majority": 0.9012775842044135, "val_f1_individual_binary": 0.1142857142857143, "val_f1_individual_macro": 0.5316494360902256, "val_acc_individual": 0.9035769828926905, "train_time_millis": 3579.8256830021273, "eval_time_millis": 1874.0335699985735}, "Epoch2": {"train_loss_means": 0.0338769294321537, "val_loss_mean": 0.03431656211614609, "val_f1_majority_bin": 0.21714285714285714, "val_f1_majority_macro": 0.5642921784098255, "val_acc_majority": 0.8408826945412311, "val_f1_individual_binary": 0.1875, "val_f1_individual_macro": 0.5488449913644213, "val_acc_individual": 0.838258164852255, "train_time_millis": 3586.038125009509, "eval_time_millis": 2517.484729993157}, "Epoch3": {"train_loss_means": 0.027066824957728386, "val_loss_mean": 0.03323011100292206, "val_f1_majority_bin": 0.21487603305785127, "val_f1_majority_macro": 0.5777690596269893, "val_acc_majority": 0.8896631823461092, "val_f1_individual_binary": 0.17543859649122806, "val_f1_individual_macro": 0.558356532731245, "val_acc_individual": 0.890357698289269, "train_time_millis": 3560.1132689916994, "eval_time_millis": 2533.52158900816}, "Epoch4": {"train_loss_means": 0.022694041952490807, "val_loss_mean": 0.032203204929828644, "val_f1_majority_bin": 0.26153846153846155, "val_f1_majority_macro": 0.6006184770003865, "val_acc_majority": 0.8885017421602788, "val_f1_individual_binary": 0.2127659574468085, "val_f1_individual_macro": 0.5753427102670284, "val_acc_individual": 0.8849144634525661, "train_time_millis": 3564.616716001183, "eval_time_millis": 1965.057296998566}, "Epoch5": {"train_loss_means": 0.018627606332302094, "val_loss_mean": 0.040488120168447495, "val_f1_majority_bin": 0.23376623376623376, "val_f1_majority_macro": 0.5989499861840288, "val_acc_majority": 0.9314750290360047, "val_f1_individual_binary": 0.20952380952380953, "val_f1_individual_macro": 0.5879398536877256, "val_acc_individual": 0.9354587869362364, "train_time_millis": 3553.5265910002636, "eval_time_millis": 2517.8334360098233}, "Epoch6": {"train_loss_means": 0.016399122774600983, "val_loss_mean": 0.04467010870575905, "val_f1_majority_bin": 0.23880597014925373, "val_f1_majority_macro": 0.6039951300897326, "val_acc_majority": 0.9407665505226481, "val_f1_individual_binary": 0.20454545454545453, "val_f1_individual_macro": 0.5881825501390718, "val_acc_individual": 0.9455676516329704, "train_time_millis": 3571.7018119903514, "eval_time_millis": 2515.4128889989806}, "Epoch7": {"train_loss_means": 0.014349340461194515, "val_loss_mean": 0.04615124687552452, "val_f1_majority_bin": 0.2571428571428572, "val_f1_majority_macro": 0.6128329297820824, "val_acc_majority": 0.9396051103368177, "val_f1_individual_binary": 0.21739130434782608, "val_f1_individual_macro": 0.594179523141655, "val_acc_individual": 0.9440124416796267, "train_time_millis": 3581.6481899964856, "eval_time_millis": 2530.8045580022736}, "Epoch8": {"train_loss_means": 0.01295121293514967, "val_loss_mean": 0.04804462194442749, "val_f1_majority_bin": 0.2608695652173913, "val_f1_majority_macro": 0.6150082853310187, "val_acc_majority": 0.9407665505226481, "val_f1_individual_binary": 0.2197802197802198, "val_f1_individual_macro": 0.5955813634169136, "val_acc_individual": 0.9447900466562986, "train_time_millis": 3571.0588919901056, "eval_time_millis": 2522.124848997919}, "Epoch9": {"train_loss_means": 0.011987019330263138, "val_loss_mean": 0.04897622764110565, "val_f1_majority_bin": 0.26865671641791045, "val_f1_majority_macro": 0.6195247328313117, "val_acc_majority": 0.943089430894309, "val_f1_individual_binary": 0.2247191011235955, "val_f1_individual_macro": 0.5984650680809278, "val_acc_individual": 0.9463452566096423, "train_time_millis": 3562.698358000489, "eval_time_millis": 2518.2395709998673}, "Test_results": {"test_f1_majority_binary": 0.26865671641791045, "test_f1_majority_macro": 0.6195247328313117, "test_acc_majority": 0.943089430894309, "test_f1_individual_binary": 0.2247191011235955, "test_f1_individual_macro": 0.5984650680809278, "test_acc_individual": 0.9463452566096423, "test_time_millis": 2520.624607001082, "dataset_size": 4338, "number_of_annotations": 6517, "train_size": 3979, "val_size": 1286, "test_size": 1252}}