{"Epoch0": {"train_loss_means": 0.255236953496933, "val_loss_mean": 0.23959296941757202, "val_f1_majority_bin": 0.7316153362664991, "val_f1_majority_macro": 0.7858750586237027, "val_acc_majority": 0.7996245893946504, "val_f1_individual_binary": 0.6779935275080906, "val_f1_individual_macro": 0.7489311380468717, "val_acc_individual": 0.768974024089392, "train_time_millis": 42008.694155025296, "eval_time_millis": 6503.345635021105}, "Epoch1": {"train_loss_means": 0.2223956286907196, "val_loss_mean": 0.24011433124542236, "val_f1_majority_bin": 0.7478361223312177, "val_f1_majority_macro": 0.7875202754795669, "val_acc_majority": 0.7949319568277804, "val_f1_individual_binary": 0.6891816663573946, "val_f1_individual_macro": 0.7448052976133452, "val_acc_individual": 0.7569293281091278, "train_time_millis": 41242.40406200988, "eval_time_millis": 6416.678120032884}, "Epoch2": {"train_loss_means": 0.2025691270828247, "val_loss_mean": 0.25601038336753845, "val_f1_majority_bin": 0.7399629400864731, "val_f1_majority_macro": 0.7903371264942392, "val_acc_majority": 0.8024401689347724, "val_f1_individual_binary": 0.6861226920786182, "val_f1_individual_macro": 0.7526668348900809, "val_acc_individual": 0.7705703090988245, "train_time_millis": 41590.996576996986, "eval_time_millis": 6476.491670007817}, "Epoch3": {"train_loss_means": 0.18788383901119232, "val_loss_mean": 0.25928419828414917, "val_f1_majority_bin": 0.74221961244862, "val_f1_majority_macro": 0.7853341125939857, "val_acc_majority": 0.7939934303144064, "val_f1_individual_binary": 0.6854229607250755, "val_f1_individual_macro": 0.7445498023045598, "val_acc_individual": 0.7582353794804818, "train_time_millis": 41408.555522037204, "eval_time_millis": 6454.860370024107}, "Epoch4": {"train_loss_means": 0.176844984292984, "val_loss_mean": 0.2761697769165039, "val_f1_majority_bin": 0.7344701583434835, "val_f1_majority_macro": 0.7840289723015128, "val_acc_majority": 0.7954012200844673, "val_f1_individual_binary": 0.6811594202898551, "val_f1_individual_macro": 0.7467576723394872, "val_acc_individual": 0.7637498186039762, "train_time_millis": 41471.02181700757, "eval_time_millis": 6461.847950005904}, "Epoch5": {"train_loss_means": 0.16958492994308472, "val_loss_mean": 0.28875795006752014, "val_f1_majority_bin": 0.7478057343475717, "val_f1_majority_macro": 0.7894923697198102, "val_acc_majority": 0.7977475363679024, "val_f1_individual_binary": 0.6896811922278815, "val_f1_individual_macro": 0.7478591080818691, "val_acc_individual": 0.7612828326803076, "train_time_millis": 41655.38953297073, "eval_time_millis": 6459.710116963834}, "Epoch6": {"train_loss_means": 0.16416265070438385, "val_loss_mean": 0.30733367800712585, "val_f1_majority_bin": 0.731102850061958, "val_f1_majority_macro": 0.7836027845475954, "val_acc_majority": 0.7963397465978413, "val_f1_individual_binary": 0.6802070888092393, "val_f1_individual_macro": 0.748436877737953, "val_acc_individual": 0.7669423886228414, "train_time_millis": 41463.320237002335, "eval_time_millis": 6456.616720999591}, "Epoch7": {"train_loss_means": 0.15983565151691437, "val_loss_mean": 0.3302600383758545, "val_f1_majority_bin": 0.7353827606992164, "val_f1_majority_macro": 0.7833656024010873, "val_acc_majority": 0.7939934303144064, "val_f1_individual_binary": 0.6820741891629443, "val_f1_individual_macro": 0.7462264841331923, "val_acc_individual": 0.7624437672326223, "train_time_millis": 41351.60981799709, "eval_time_millis": 6493.152465962339}, "Epoch8": {"train_loss_means": 0.1562710851430893, "val_loss_mean": 0.3247033357620239, "val_f1_majority_bin": 0.7370977534911961, "val_f1_majority_macro": 0.7857572897475101, "val_acc_majority": 0.7968090098545284, "val_f1_individual_binary": 0.6820492764958935, "val_f1_individual_macro": 0.7472313756729583, "val_acc_individual": 0.7640400522420548, "train_time_millis": 41594.4510899717, "eval_time_millis": 6455.8846990112215}, "Epoch9": {"train_loss_means": 0.15242648124694824, "val_loss_mean": 0.3639530539512634, "val_f1_majority_bin": 0.7344701583434835, "val_f1_majority_macro": 0.7840289723015128, "val_acc_majority": 0.7954012200844673, "val_f1_individual_binary": 0.6807926231116342, "val_f1_individual_macro": 0.7467290691839116, "val_acc_individual": 0.7638949354230156, "train_time_millis": 41431.70832603937, "eval_time_millis": 6455.288285971619}, "Test_results": {"test_f1_majority_binary": 0.7399629400864731, "test_f1_majority_macro": 0.7903371264942392, "test_acc_majority": 0.8024401689347724, "test_f1_individual_binary": 0.6861226920786182, "test_f1_individual_macro": 0.7526668348900809, "test_acc_individual": 0.7705703090988245, "test_time_millis": 6435.038764029741, "dataset_size": 10657, "number_of_annotations": 34434, "train_size": 20746, "val_size": 6891, "test_size": 6797}}