{"Epoch0": {"train_loss_means": 0.025641534477472305, "val_loss_mean": 0.02843134105205536, "val_f1_majority_bin": 0.1, "val_f1_majority_macro": 0.46409691629955946, "val_acc_majority": 0.7114673242909988, "val_f1_individual_binary": 0.07874015748031496, "val_f1_individual_macro": 0.44876605189451985, "val_acc_individual": 0.6971527178602244, "train_time_millis": 3423.398169106804, "eval_time_millis": 787.8156020306051}, "Epoch1": {"train_loss_means": 0.021544713526964188, "val_loss_mean": 0.02650175616145134, "val_f1_majority_bin": 0.28985507246376807, "val_f1_majority_macro": 0.6291516186530044, "val_acc_majority": 0.9395807644882861, "val_f1_individual_binary": 0.22448979591836735, "val_f1_individual_macro": 0.5951277808420665, "val_acc_individual": 0.9344262295081968, "train_time_millis": 3412.6268110703677, "eval_time_millis": 1185.8343270141631}, "Epoch2": {"train_loss_means": 0.01349671371281147, "val_loss_mean": 0.029009731486439705, "val_f1_majority_bin": 0.3859649122807018, "val_f1_majority_macro": 0.6818003475141529, "val_acc_majority": 0.9568434032059187, "val_f1_individual_binary": 0.325, "val_f1_individual_macro": 0.6504356568364611, "val_acc_individual": 0.9534081104400345, "train_time_millis": 3422.1432249760255, "eval_time_millis": 2554.4674650300294}, "Epoch3": {"train_loss_means": 0.007451861165463924, "val_loss_mean": 0.03016827255487442, "val_f1_majority_bin": 0.3846153846153846, "val_f1_majority_macro": 0.676763650856915, "val_acc_majority": 0.9408138101109741, "val_f1_individual_binary": 0.30909090909090914, "val_f1_individual_macro": 0.6373353096179184, "val_acc_individual": 0.9344262295081968, "train_time_millis": 3399.862386053428, "eval_time_millis": 2565.52871898748}, "Epoch4": {"train_loss_means": 0.003928605001419783, "val_loss_mean": 0.05512979254126549, "val_f1_majority_bin": 0.4680851063829788, "val_f1_majority_macro": 0.7261060452549815, "val_acc_majority": 0.969173859432799, "val_f1_individual_binary": 0.40625, "val_f1_individual_macro": 0.6946955412599822, "val_acc_individual": 0.9672131147540983, "train_time_millis": 3411.001109983772, "eval_time_millis": 2561.4616700913757}, "Epoch5": {"train_loss_means": 0.002813848201185465, "val_loss_mean": 0.07233262807130814, "val_f1_majority_bin": 0.4878048780487805, "val_f1_majority_macro": 0.7372610728004814, "val_acc_majority": 0.9741060419235512, "val_f1_individual_binary": 0.43636363636363634, "val_f1_individual_macro": 0.711332503113325, "val_acc_individual": 0.9732528041415013, "train_time_millis": 3417.2671820269898, "eval_time_millis": 2529.9349720589817}, "Epoch6": {"train_loss_means": 0.0028896047733724117, "val_loss_mean": 0.07194815576076508, "val_f1_majority_bin": 0.47619047619047616, "val_f1_majority_macro": 0.7311332127787824, "val_acc_majority": 0.9728729963008631, "val_f1_individual_binary": 0.4210526315789474, "val_f1_individual_macro": 0.7032286598850066, "val_acc_individual": 0.9715271786022434, "train_time_millis": 3390.336432028562, "eval_time_millis": 2545.618264004588}, "Epoch7": {"train_loss_means": 0.002110579749569297, "val_loss_mean": 0.07558926194906235, "val_f1_majority_bin": 0.47619047619047616, "val_f1_majority_macro": 0.7311332127787824, "val_acc_majority": 0.9728729963008631, "val_f1_individual_binary": 0.4285714285714286, "val_f1_individual_macro": 0.7072123279019831, "val_acc_individual": 0.9723899913718723, "train_time_millis": 3395.2221169602126, "eval_time_millis": 2578.180321957916}, "Epoch8": {"train_loss_means": 0.0018652341095730662, "val_loss_mean": 0.07531547546386719, "val_f1_majority_bin": 0.47619047619047616, "val_f1_majority_macro": 0.7311332127787824, "val_acc_majority": 0.9728729963008631, "val_f1_individual_binary": 0.4285714285714286, "val_f1_individual_macro": 0.7072123279019831, "val_acc_individual": 0.9723899913718723, "train_time_millis": 3414.5730499876663, "eval_time_millis": 2104.945678031072}, "Epoch9": {"train_loss_means": 0.0019247799646109343, "val_loss_mean": 0.08078999817371368, "val_f1_majority_bin": 0.4736842105263158, "val_f1_majority_macro": 0.7305289739500266, "val_acc_majority": 0.9753390875462392, "val_f1_individual_binary": 0.4313725490196078, "val_f1_individual_macro": 0.7092901562918947, "val_acc_individual": 0.9749784296807593, "train_time_millis": 3413.682832964696, "eval_time_millis": 2569.614637061022}, "Test_results": {"test_f1_majority_binary": 0.4736842105263158, "test_f1_majority_macro": 0.7305289739500266, "test_acc_majority": 0.9753390875462392, "test_f1_individual_binary": 0.4313725490196078, "test_f1_individual_macro": 0.7092901562918947, "test_acc_individual": 0.9749784296807593, "test_time_millis": 2565.191950998269, "dataset_size": 3993, "number_of_annotations": 5599, "train_size": 3353, "val_size": 1159, "test_size": 1087}}