{"Epoch0": {"train_loss_means": 0.14117324352264404, "val_loss_mean": 0.13185283541679382, "val_f1_majority_bin": 0.6030927835051546, "val_f1_majority_macro": 0.7128367143332225, "val_acc_majority": 0.7547770700636943, "val_f1_individual_binary": 0.5477178423236515, "val_f1_individual_macro": 0.6827725701868954, "val_acc_individual": 0.7402700555996823, "train_time_millis": 1777.1759430000884, "eval_time_millis": 1931.119620000004}, "Epoch1": {"train_loss_means": 0.08725293725728989, "val_loss_mean": 0.1439565122127533, "val_f1_majority_bin": 0.6644067796610169, "val_f1_majority_macro": 0.7806945448773347, "val_acc_majority": 0.8423566878980892, "val_f1_individual_binary": 0.6059479553903346, "val_f1_individual_macro": 0.7494386241598138, "val_acc_individual": 0.8316123907863384, "train_time_millis": 1760.756449999917, "eval_time_millis": 2644.403384000043}, "Epoch2": {"train_loss_means": 0.07021733373403549, "val_loss_mean": 0.15879535675048828, "val_f1_majority_bin": 0.6827586206896552, "val_f1_majority_macro": 0.7937602627257799, "val_acc_majority": 0.8535031847133758, "val_f1_individual_binary": 0.6390977443609023, "val_f1_individual_macro": 0.7712105036003907, "val_acc_individual": 0.8474980142970612, "train_time_millis": 1814.0684710000414, "eval_time_millis": 2165.1001250000945}, "Epoch3": {"train_loss_means": 0.05405006557703018, "val_loss_mean": 0.16577522456645966, "val_f1_majority_bin": 0.6804123711340205, "val_f1_majority_macro": 0.792019657069601, "val_acc_majority": 0.8519108280254777, "val_f1_individual_binary": 0.6226415094339623, "val_f1_individual_macro": 0.76101894385179, "val_acc_individual": 0.8411437648927721, "train_time_millis": 1787.4757069999987, "eval_time_millis": 3018.986440000049}, "Epoch4": {"train_loss_means": 0.050185736268758774, "val_loss_mean": 0.1712542325258255, "val_f1_majority_bin": 0.6496815286624203, "val_f1_majority_macro": 0.7664543524416136, "val_acc_majority": 0.8248407643312102, "val_f1_individual_binary": 0.593103448275862, "val_f1_individual_macro": 0.7356642112380342, "val_acc_individual": 0.812549642573471, "train_time_millis": 1837.8275910000639, "eval_time_millis": 2509.315094000044}, "Epoch5": {"train_loss_means": 0.04661599546670914, "val_loss_mean": 0.226518914103508, "val_f1_majority_bin": 0.6570397111913358, "val_f1_majority_macro": 0.7800009587621644, "val_acc_majority": 0.8487261146496815, "val_f1_individual_binary": 0.6043737574552683, "val_f1_individual_macro": 0.7528072261221751, "val_acc_individual": 0.8419380460683081, "train_time_millis": 1902.2197589999905, "eval_time_millis": 2994.8213069999383}, "Epoch6": {"train_loss_means": 0.04374314844608307, "val_loss_mean": 0.19355016946792603, "val_f1_majority_bin": 0.6754966887417219, "val_f1_majority_macro": 0.7863856609327058, "val_acc_majority": 0.8439490445859873, "val_f1_individual_binary": 0.6209386281588447, "val_f1_individual_macro": 0.7570069922871616, "val_acc_individual": 0.8332009531374106, "train_time_millis": 1845.787304000055, "eval_time_millis": 2997.733540000013}, "Epoch7": {"train_loss_means": 0.040321461856365204, "val_loss_mean": 0.2218114584684372, "val_f1_majority_bin": 0.6643356643356643, "val_f1_majority_macro": 0.7826832960853579, "val_acc_majority": 0.8471337579617835, "val_f1_individual_binary": 0.6023166023166023, "val_f1_individual_macro": 0.7496583011583011, "val_acc_individual": 0.8363780778395552, "train_time_millis": 1755.4227219999348, "eval_time_millis": 2689.467315999991}, "Epoch8": {"train_loss_means": 0.038698460906744, "val_loss_mean": 0.225803941488266, "val_f1_majority_bin": 0.6643598615916955, "val_f1_majority_macro": 0.7820248118713389, "val_acc_majority": 0.8455414012738853, "val_f1_individual_binary": 0.6042065009560229, "val_f1_individual_macro": 0.7502235512298912, "val_acc_individual": 0.835583796664019, "train_time_millis": 1850.6594300000643, "eval_time_millis": 2997.921295000083}, "Epoch9": {"train_loss_means": 0.036324117332696915, "val_loss_mean": 0.23307660222053528, "val_f1_majority_bin": 0.6619718309859154, "val_f1_majority_macro": 0.7816031994435749, "val_acc_majority": 0.8471337579617835, "val_f1_individual_binary": 0.6070038910505836, "val_f1_individual_macro": 0.7531027439284854, "val_acc_individual": 0.8395552025416998, "train_time_millis": 1869.5497600000408, "eval_time_millis": 1324.6965680000358}, "Test_results": {"test_f1_majority_binary": 0.6827586206896552, "test_f1_majority_macro": 0.7937602627257799, "test_acc_majority": 0.8535031847133758, "test_f1_individual_binary": 0.6390977443609023, "test_f1_individual_macro": 0.7712105036003907, "test_acc_individual": 0.8474980142970612, "test_time_millis": 3016.9625480000377, "dataset_size": 1575, "number_of_annotations": 3269, "train_size": 700, "val_size": 1259, "test_size": 1310}}