{"Epoch0": {"train_loss_means": 2.365833282470703, "val_loss_mean": 2.0423130989074707, "val_f1_majority_bin": 0.0, "val_f1_majority_macro": 0.49311234530108894, "val_acc_majority": 0.9728237390518188, "val_f1_individual_binary": 0.020166072994470596, "val_f1_individual_macro": 0.4993766207008424, "val_acc_individual": 0.9580901861190796, "train_acc_means": 0.7950617671012878, "train_time_millis": 48655.327999033034, "eval_time_millis": 40472.19564206898}, "Epoch1": {"train_loss_means": 2.0309150218963623, "val_loss_mean": 1.8398261070251465, "val_f1_majority_bin": 0.0, "val_f1_majority_macro": 0.49311234530108894, "val_acc_majority": 0.9728237390518188, "val_f1_individual_binary": 0.10277923196554184, "val_f1_individual_macro": 0.540268973489356, "val_acc_individual": 0.9565934538841248, "train_acc_means": 0.959504246711731, "train_time_millis": 49055.10997097008, "eval_time_millis": 40222.48172794934}, "Epoch2": {"train_loss_means": 1.805825114250183, "val_loss_mean": 1.6620831489562988, "val_f1_majority_bin": 0.3102189898490906, "val_f1_majority_macro": 0.646759219545042, "val_acc_majority": 0.9673885107040405, "val_f1_individual_binary": 0.255766898393631, "val_f1_individual_macro": 0.6158425915834841, "val_acc_individual": 0.9533461928367615, "train_acc_means": 0.951714813709259, "train_time_millis": 49438.86470596772, "eval_time_millis": 40330.68769797683}, "Epoch3": {"train_loss_means": 1.5789417028427124, "val_loss_mean": 1.5102429389953613, "val_f1_majority_bin": 0.36071428656578064, "val_f1_majority_macro": 0.6641301462113265, "val_acc_majority": 0.9382279515266418, "val_f1_individual_binary": 0.34742435812950134, "val_f1_individual_macro": 0.6547542234524666, "val_acc_individual": 0.9283322095870972, "train_acc_means": 0.9396186470985413, "train_time_millis": 49261.6054849932, "eval_time_millis": 40174.66359108221}, "Epoch4": {"train_loss_means": 1.373398780822754, "val_loss_mean": 1.4474852085113525, "val_f1_majority_bin": 0.3788878321647644, "val_f1_majority_macro": 0.6745485725178471, "val_acc_majority": 0.9431455731391907, "val_f1_individual_binary": 0.3571605384349823, "val_f1_individual_macro": 0.6612056415619716, "val_acc_individual": 0.9340656399726868, "train_acc_means": 0.9410685896873474, "train_time_millis": 49147.01792097185, "eval_time_millis": 40492.87935695611}, "Epoch5": {"train_loss_means": 1.2303977012634277, "val_loss_mean": 1.403913140296936, "val_f1_majority_bin": 0.3764495849609375, "val_f1_majority_macro": 0.6723823624067903, "val_acc_majority": 0.9396945834159851, "val_f1_individual_binary": 0.3518388271331787, "val_f1_individual_macro": 0.6573656352222965, "val_acc_individual": 0.9298036694526672, "train_acc_means": 0.9430397748947144, "train_time_millis": 48991.10434495378, "eval_time_millis": 40622.33608204406}, "Epoch6": {"train_loss_means": 1.1301219463348389, "val_loss_mean": 1.3650810718536377, "val_f1_majority_bin": 0.36863377690315247, "val_f1_majority_macro": 0.6665224094999018, "val_acc_majority": 0.932620108127594, "val_f1_individual_binary": 0.34686824679374695, "val_f1_individual_macro": 0.6530584144110182, "val_acc_individual": 0.9232837557792664, "train_acc_means": 0.943182647228241, "train_time_millis": 49184.84424601775, "eval_time_millis": 40352.29781304952}, "Epoch7": {"train_loss_means": 1.0492868423461914, "val_loss_mean": 1.3861970901489258, "val_f1_majority_bin": 0.3799622058868408, "val_f1_majority_macro": 0.675155567570856, "val_acc_majority": 0.9434043765068054, "val_f1_individual_binary": 0.3495336174964905, "val_f1_individual_macro": 0.657043906582718, "val_acc_individual": 0.9327718019485474, "train_acc_means": 0.9459344744682312, "train_time_millis": 49155.70713800844, "eval_time_millis": 40321.28217397258}, "Epoch8": {"train_loss_means": 0.9906416535377502, "val_loss_mean": 1.3929721117019653, "val_f1_majority_bin": 0.37616387009620667, "val_f1_majority_macro": 0.6729290508521061, "val_acc_majority": 0.9421965479850769, "val_f1_individual_binary": 0.35132530331611633, "val_f1_individual_macro": 0.6576405313297213, "val_acc_individual": 0.9317063093185425, "train_acc_means": 0.9453098773956299, "train_time_millis": 48900.13672306668, "eval_time_millis": 40175.42057891842}, "Test_results": {"test_f1_majority_binary": 0.37288135290145874, "test_f1_majority_macro": 0.6713891502134349, "test_acc_majority": 0.9425515532493591, "test_f1_individual_binary": 0.3465030789375305, "test_f1_individual_macro": 0.6554204569140265, "test_acc_individual": 0.9323665499687195, "test_time_millis": 40354.43970398046, "dataset_size": 30956, "number_of_annotations": 107142}}