{"Epoch0": {"train_loss_means": 0.05914194881916046, "val_loss_mean": 0.05876220390200615, "val_f1_majority_bin": 0.3114754098360656, "val_f1_majority_macro": 0.6401475044725985, "val_acc_majority": 0.9403409090909091, "val_f1_individual_binary": 0.24293785310734464, "val_f1_individual_macro": 0.6033852558384226, "val_acc_individual": 0.9309634209170531, "train_time_millis": 11039.446865999707, "eval_time_millis": 3632.198162998975}, "Epoch1": {"train_loss_means": 0.04406527802348137, "val_loss_mean": 0.04740744084119797, "val_f1_majority_bin": 0.36514522821576767, "val_f1_majority_macro": 0.6528638762438062, "val_acc_majority": 0.8913352272727273, "val_f1_individual_binary": 0.31343283582089554, "val_f1_individual_macro": 0.6242946530387252, "val_acc_individual": 0.8815043791859866, "train_time_millis": 11059.445241999128, "eval_time_millis": 2647.490557999845}, "Epoch2": {"train_loss_means": 0.03469346463680267, "val_loss_mean": 0.05061323195695877, "val_f1_majority_bin": 0.39622641509433965, "val_f1_majority_macro": 0.6735356345825001, "val_acc_majority": 0.9090909090909091, "val_f1_individual_binary": 0.3444816053511705, "val_f1_individual_macro": 0.6448894211517227, "val_acc_individual": 0.899021123132406, "train_time_millis": 11098.191224000402, "eval_time_millis": 2986.35925400049}, "Epoch3": {"train_loss_means": 0.028845487162470818, "val_loss_mean": 0.057297609746456146, "val_f1_majority_bin": 0.41000000000000003, "val_f1_majority_macro": 0.6824464831804282, "val_acc_majority": 0.9161931818181818, "val_f1_individual_binary": 0.3504424778761062, "val_f1_individual_macro": 0.6497315875975891, "val_acc_individual": 0.9054611025244719, "train_time_millis": 11085.316742000941, "eval_time_millis": 2491.6449449992797}, "Epoch4": {"train_loss_means": 0.024789782240986824, "val_loss_mean": 0.06263572722673416, "val_f1_majority_bin": 0.3888888888888889, "val_f1_majority_macro": 0.6690598290598291, "val_acc_majority": 0.90625, "val_f1_individual_binary": 0.34105960264900664, "val_f1_individual_macro": 0.6427365052351178, "val_acc_individual": 0.8974755280783101, "train_time_millis": 11074.449708999964, "eval_time_millis": 1735.2496889998292}, "Epoch5": {"train_loss_means": 0.021551920101046562, "val_loss_mean": 0.0728263333439827, "val_f1_majority_bin": 0.449438202247191, "val_f1_majority_macro": 0.7061444233373939, "val_acc_majority": 0.9303977272727273, "val_f1_individual_binary": 0.3888888888888889, "val_f1_individual_macro": 0.6732323232323232, "val_acc_individual": 0.9206594538897476, "train_time_millis": 11028.88443899974, "eval_time_millis": 3652.529493001566}, "Epoch6": {"train_loss_means": 0.019764503464102745, "val_loss_mean": 0.08504248410463333, "val_f1_majority_bin": 0.46153846153846156, "val_f1_majority_macro": 0.7149797570850203, "val_acc_majority": 0.9403409090909091, "val_f1_individual_binary": 0.3872437357630979, "val_f1_individual_macro": 0.6752600931375217, "val_acc_individual": 0.9307058217413704, "train_time_millis": 11075.025187999927, "eval_time_millis": 3683.4151279999787}, "Epoch7": {"train_loss_means": 0.0181064885109663, "val_loss_mean": 0.09210804849863052, "val_f1_majority_bin": 0.4275862068965518, "val_f1_majority_macro": 0.69825585148272, "val_acc_majority": 0.9410511363636364, "val_f1_individual_binary": 0.3737864077669903, "val_f1_individual_macro": 0.6693469579640174, "val_acc_individual": 0.9335394126738794, "train_time_millis": 11126.461700001528, "eval_time_millis": 3663.398603001042}, "Epoch8": {"train_loss_means": 0.017184432595968246, "val_loss_mean": 0.09333246201276779, "val_f1_majority_bin": 0.4503311258278146, "val_f1_majority_macro": 0.7095933302685039, "val_acc_majority": 0.9410511363636364, "val_f1_individual_binary": 0.383177570093458, "val_f1_individual_macro": 0.6735953281219744, "val_acc_individual": 0.9319938176197836, "train_time_millis": 11095.240257000114, "eval_time_millis": 3688.037522000741}, "Epoch9": {"train_loss_means": 0.0167289637029171, "val_loss_mean": 0.0973188504576683, "val_f1_majority_bin": 0.4383561643835616, "val_f1_majority_macro": 0.7038222769483351, "val_acc_majority": 0.9417613636363636, "val_f1_individual_binary": 0.36803874092009686, "val_f1_individual_macro": 0.6662666837507571, "val_acc_individual": 0.9327666151468316, "train_time_millis": 11121.413730999848, "eval_time_millis": 3695.6325209994247}, "Test_results": {"test_f1_majority_binary": 0.4275862068965518, "test_f1_majority_macro": 0.69825585148272, "test_acc_majority": 0.9410511363636364, "test_f1_individual_binary": 0.3737864077669903, "test_f1_individual_macro": 0.6693469579640174, "test_acc_individual": 0.9335394126738794, "test_time_millis": 3631.0950120005145, "dataset_size": 7013, "number_of_annotations": 19551, "train_size": 11833, "val_size": 3882, "test_size": 3836}}