{"Epoch0": {"train_loss_means": 0.04738738760352135, "val_loss_mean": 0.04389301314949989, "val_f1_majority_bin": 0.5267727930535456, "val_f1_majority_macro": 0.7561226353645711, "val_acc_majority": 0.9718103448275862, "val_f1_individual_binary": 0.4574737604053565, "val_f1_individual_macro": 0.7192402822527777, "val_acc_individual": 0.9632984844404182, "train_time_millis": 123347.29279000021, "eval_time_millis": 16909.541467000963}, "Epoch1": {"train_loss_means": 0.03666834905743599, "val_loss_mean": 0.04525329917669296, "val_f1_majority_bin": 0.5440251572327044, "val_f1_majority_macro": 0.7655864130428722, "val_acc_majority": 0.975, "val_f1_individual_binary": 0.4751078008624069, "val_f1_individual_macro": 0.7290936742354619, "val_acc_individual": 0.9672159243934089, "train_time_millis": 123203.10019499811, "eval_time_millis": 16894.45623699794}, "Epoch2": {"train_loss_means": 0.030650045722723007, "val_loss_mean": 0.04643630236387253, "val_f1_majority_bin": 0.4913678618857902, "val_f1_majority_macro": 0.7371527241001099, "val_acc_majority": 0.9669827586206896, "val_f1_individual_binary": 0.4471380471380471, "val_f1_individual_macro": 0.7131391236757363, "val_acc_individual": 0.9597972724824327, "train_time_millis": 123251.77881799755, "eval_time_millis": 16898.509984002885}, "Epoch3": {"train_loss_means": 0.0253133662045002, "val_loss_mean": 0.05957364663481712, "val_f1_majority_bin": 0.4894514767932489, "val_f1_majority_macro": 0.7366551260972781, "val_acc_majority": 0.9687068965517242, "val_f1_individual_binary": 0.43942069939950545, "val_f1_individual_macro": 0.7096475762548221, "val_acc_individual": 0.9611438924662733, "train_time_millis": 123318.55755099969, "eval_time_millis": 16903.374086999975}, "Epoch4": {"train_loss_means": 0.021780796349048615, "val_loss_mean": 0.0733775869011879, "val_f1_majority_bin": 0.5, "val_f1_majority_macro": 0.7421305353014405, "val_acc_majority": 0.9694827586206897, "val_f1_individual_binary": 0.44375000000000003, "val_f1_individual_macro": 0.7117107993046214, "val_acc_individual": 0.9607766324706805, "train_time_millis": 123376.87315899893, "eval_time_millis": 16907.570660998317}, "Epoch5": {"train_loss_means": 0.019541185349225998, "val_loss_mean": 0.1014787033200264, "val_f1_majority_bin": 0.5268456375838927, "val_f1_majority_macro": 0.757184984780267, "val_acc_majority": 0.9756896551724138, "val_f1_individual_binary": 0.45041322314049587, "val_f1_individual_macro": 0.7168171381516322, "val_acc_individual": 0.9674362803907647, "train_time_millis": 123303.01188099838, "eval_time_millis": 16923.66380800013}, "Epoch6": {"train_loss_means": 0.01808198355138302, "val_loss_mean": 0.10207425057888031, "val_f1_majority_bin": 0.4897360703812316, "val_f1_majority_macro": 0.7371408835785721, "val_acc_majority": 0.97, "val_f1_individual_binary": 0.44354838709677424, "val_f1_individual_macro": 0.7121614880593929, "val_acc_individual": 0.9628332884460006, "train_time_millis": 123158.95656299836, "eval_time_millis": 16919.1677480012}, "Epoch7": {"train_loss_means": 0.01722997985780239, "val_loss_mean": 0.10076924413442612, "val_f1_majority_bin": 0.5076923076923078, "val_f1_majority_macro": 0.7467508101654443, "val_acc_majority": 0.9724137931034482, "val_f1_individual_binary": 0.44753666792027075, "val_f1_individual_macro": 0.7144740421358222, "val_acc_individual": 0.964033004431604, "train_time_millis": 123297.7687470011, "eval_time_millis": 16965.89271600169}, "Epoch8": {"train_loss_means": 0.016313115134835243, "val_loss_mean": 0.1131526529788971, "val_f1_majority_bin": 0.5071770334928231, "val_f1_majority_macro": 0.7467440565506024, "val_acc_majority": 0.9733620689655172, "val_f1_individual_binary": 0.4453978159126365, "val_f1_individual_macro": 0.7137127852597231, "val_acc_individual": 0.965183752417795, "train_time_millis": 123166.32360099902, "eval_time_millis": 16906.673615001637}, "Epoch9": {"train_loss_means": 0.01554287038743496, "val_loss_mean": 0.11659862101078033, "val_f1_majority_bin": 0.5032051282051283, "val_f1_majority_macro": 0.7447368660161007, "val_acc_majority": 0.9732758620689655, "val_f1_individual_binary": 0.4441814595660749, "val_f1_individual_macro": 0.7131900210111962, "val_acc_individual": 0.9655020444139755, "train_time_millis": 123167.96533100205, "eval_time_millis": 16897.755466998206}, "Test_results": {"test_f1_majority_binary": 0.5440251572327044, "test_f1_majority_macro": 0.7655864130428722, "test_acc_majority": 0.975, "test_f1_individual_binary": 0.4751078008624069, "test_f1_individual_macro": 0.7290936742354619, "test_acc_individual": 0.9672159243934089, "test_time_millis": 16925.46476500138, "dataset_size": 58004, "number_of_annotations": 204898, "train_size": 123066, "val_size": 40843, "test_size": 40989}}