{"Epoch0": {"train_loss_means": 0.15502582490444183, "val_loss_mean": 0.12218675017356873, "val_f1_majority_bin": 0.6126760563380281, "val_f1_majority_macro": 0.7461629734644188, "val_acc_majority": 0.8163606010016694, "val_f1_individual_binary": 0.5589519650655023, "val_f1_individual_macro": 0.7168208956841159, "val_acc_individual": 0.8048309178743961, "train_time_millis": 2401.312093999877, "eval_time_millis": 2500.5372610000904}, "Epoch1": {"train_loss_means": 0.1003812700510025, "val_loss_mean": 0.11566272377967834, "val_f1_majority_bin": 0.6296296296296295, "val_f1_majority_macro": 0.7461649292312907, "val_acc_majority": 0.7996661101836394, "val_f1_individual_binary": 0.5593869731800767, "val_f1_individual_macro": 0.7054040809052837, "val_acc_individual": 0.7777777777777778, "train_time_millis": 2212.5890150000487, "eval_time_millis": 2931.912687000022}, "Epoch2": {"train_loss_means": 0.08139411360025406, "val_loss_mean": 0.11016476899385452, "val_f1_majority_bin": 0.736842105263158, "val_f1_majority_macro": 0.8374932175800326, "val_acc_majority": 0.8998330550918197, "val_f1_individual_binary": 0.7102272727272727, "val_f1_individual_macro": 0.8254279553391892, "val_acc_individual": 0.9014492753623189, "train_time_millis": 2439.6683269999357, "eval_time_millis": 2942.7511480000703}, "Epoch3": {"train_loss_means": 0.060750242322683334, "val_loss_mean": 0.10247787088155746, "val_f1_majority_bin": 0.7072243346007604, "val_f1_majority_macro": 0.8124356967121449, "val_acc_majority": 0.8714524207011686, "val_f1_individual_binary": 0.6634146341463415, "val_f1_individual_macro": 0.7901410520129297, "val_acc_individual": 0.8666666666666667, "train_time_millis": 2389.5204100001592, "eval_time_millis": 2910.036244000139}, "Epoch4": {"train_loss_means": 0.04782327264547348, "val_loss_mean": 0.13174113631248474, "val_f1_majority_bin": 0.6613545816733067, "val_f1_majority_macro": 0.7857987269506976, "val_acc_majority": 0.8580968280467446, "val_f1_individual_binary": 0.6342710997442454, "val_f1_individual_macro": 0.7745506779245348, "val_acc_individual": 0.8618357487922705, "train_time_millis": 2396.4576669998223, "eval_time_millis": 2913.7782860000243}, "Epoch5": {"train_loss_means": 0.04204654321074486, "val_loss_mean": 0.18341782689094543, "val_f1_majority_bin": 0.7040816326530611, "val_f1_majority_macro": 0.8230987005580676, "val_acc_majority": 0.9031719532554258, "val_f1_individual_binary": 0.72, "val_f1_individual_macro": 0.836271186440678, "val_acc_individual": 0.9188405797101449, "train_time_millis": 2303.90604299987, "eval_time_millis": 2864.9204580001424}, "Epoch6": {"train_loss_means": 0.04686955362558365, "val_loss_mean": 0.1328505575656891, "val_f1_majority_bin": 0.7044534412955465, "val_f1_majority_macro": 0.8138460687024525, "val_acc_majority": 0.8781302170283807, "val_f1_individual_binary": 0.6701298701298701, "val_f1_individual_macro": 0.7973794751242822, "val_acc_individual": 0.8772946859903382, "train_time_millis": 2418.946298000037, "eval_time_millis": 2973.3221019998837}, "Epoch7": {"train_loss_means": 0.04133005812764168, "val_loss_mean": 0.14069409668445587, "val_f1_majority_bin": 0.6938775510204082, "val_f1_majority_macro": 0.8075893526350728, "val_acc_majority": 0.8747913188647746, "val_f1_individual_binary": 0.6614583333333334, "val_f1_individual_macro": 0.7921763790035588, "val_acc_individual": 0.8743961352657005, "train_time_millis": 2400.536604000081, "eval_time_millis": 2912.1923750001315}, "Epoch8": {"train_loss_means": 0.03864535689353943, "val_loss_mean": 0.15621142089366913, "val_f1_majority_bin": 0.7012987012987012, "val_f1_majority_macro": 0.8149719980123289, "val_acc_majority": 0.8848080133555927, "val_f1_individual_binary": 0.6815642458100559, "val_f1_individual_macro": 0.8074877303816634, "val_acc_individual": 0.8898550724637682, "train_time_millis": 2350.411025999847, "eval_time_millis": 2920.3552290000516}, "Epoch9": {"train_loss_means": 0.03756226971745491, "val_loss_mean": 0.1637783646583557, "val_f1_majority_bin": 0.7074235807860262, "val_f1_majority_macro": 0.8191400669668005, "val_acc_majority": 0.8881469115191987, "val_f1_individual_binary": 0.6873239436619719, "val_f1_individual_macro": 0.8113004557960006, "val_acc_individual": 0.8927536231884058, "train_time_millis": 2357.959150999932, "eval_time_millis": 2916.072758999917}, "Test_results": {"test_f1_majority_binary": 0.7040816326530611, "test_f1_majority_macro": 0.8230987005580676, "test_acc_majority": 0.9031719532554258, "test_f1_individual_binary": 0.72, "test_f1_individual_macro": 0.836271186440678, "test_acc_individual": 0.9188405797101449, "test_time_millis": 2941.166259000056, "dataset_size": 1660, "number_of_annotations": 2961, "train_size": 884, "val_size": 1035, "test_size": 1042}}