{"Epoch0": {"train_loss_means": 0.2858838438987732, "val_loss_mean": 0.25257956981658936, "val_f1_majority_bin": 0.6703470031545742, "val_f1_majority_macro": 0.727773707127133, "val_acc_majority": 0.7398879900435594, "val_f1_individual_binary": 0.664873587950511, "val_f1_individual_macro": 0.7352449062997486, "val_acc_individual": 0.7539494470774092, "train_time_millis": 5552.312271000119, "eval_time_millis": 3974.498700001277}, "Epoch1": {"train_loss_means": 0.22064970433712006, "val_loss_mean": 0.24217569828033447, "val_f1_majority_bin": 0.737913486005089, "val_f1_majority_macro": 0.7434999829538234, "val_acc_majority": 0.7436216552582452, "val_f1_individual_binary": 0.7111882046834345, "val_f1_individual_macro": 0.7348544359167716, "val_acc_individual": 0.7369668246445498, "train_time_millis": 5475.632718997076, "eval_time_millis": 3952.885468999739}, "Epoch2": {"train_loss_means": 0.17893002927303314, "val_loss_mean": 0.29025378823280334, "val_f1_majority_bin": 0.7109077040427154, "val_f1_majority_macro": 0.7558742408810529, "val_acc_majority": 0.7641568139390168, "val_f1_individual_binary": 0.6938992042440318, "val_f1_individual_macro": 0.7561977933771276, "val_acc_individual": 0.7721169036334913, "train_time_millis": 5611.807580004097, "eval_time_millis": 2933.0613459969754}, "Epoch3": {"train_loss_means": 0.15141524374485016, "val_loss_mean": 0.29964521527290344, "val_f1_majority_bin": 0.7148288973384032, "val_f1_majority_macro": 0.7586782717339724, "val_acc_majority": 0.7666459240821406, "val_f1_individual_binary": 0.6992561105207227, "val_f1_individual_macro": 0.7606902802760747, "val_acc_individual": 0.7764612954186414, "train_time_millis": 5561.163042999397, "eval_time_millis": 3845.2004960054182}, "Epoch4": {"train_loss_means": 0.11842580139636993, "val_loss_mean": 0.3930192291736603, "val_f1_majority_bin": 0.6840390879478827, "val_f1_majority_macro": 0.7443357574684026, "val_acc_majority": 0.7585563161169881, "val_f1_individual_binary": 0.672, "val_f1_individual_macro": 0.7493977066988534, "val_acc_individual": 0.7733017377567141, "train_time_millis": 5568.097041999863, "eval_time_millis": 3961.417425001855}, "Epoch5": {"train_loss_means": 0.0984988883137703, "val_loss_mean": 0.38687363266944885, "val_f1_majority_bin": 0.7217712177121771, "val_f1_majority_macro": 0.7594870074574871, "val_acc_majority": 0.7654013690105788, "val_f1_individual_binary": 0.6986945169712794, "val_f1_individual_macro": 0.757730872331305, "val_acc_individual": 0.7721169036334913, "train_time_millis": 5626.555982002174, "eval_time_millis": 3949.832967002294}, "Epoch6": {"train_loss_means": 0.0820797011256218, "val_loss_mean": 0.4382909834384918, "val_f1_majority_bin": 0.7156644394951744, "val_f1_majority_macro": 0.7552612502778497, "val_acc_majority": 0.761667703795893, "val_f1_individual_binary": 0.6953781512605043, "val_f1_individual_macro": 0.755916923731518, "val_acc_individual": 0.7709320695102686, "train_time_millis": 5595.1029940042645, "eval_time_millis": 3961.247302002448}, "Epoch7": {"train_loss_means": 0.07581208646297455, "val_loss_mean": 0.48846015334129333, "val_f1_majority_bin": 0.7229629629629629, "val_f1_majority_macro": 0.7611595930694643, "val_acc_majority": 0.7672682016179216, "val_f1_individual_binary": 0.6997885835095137, "val_f1_individual_macro": 0.760360874352487, "val_acc_individual": 0.7756714060031595, "train_time_millis": 5547.727853001561, "eval_time_millis": 3938.674065997475}, "Epoch8": {"train_loss_means": 0.06485143303871155, "val_loss_mean": 0.5973017811775208, "val_f1_majority_bin": 0.688783570300158, "val_f1_majority_macro": 0.743262421700387, "val_acc_majority": 0.7548226509023024, "val_f1_individual_binary": 0.6711787930062042, "val_f1_individual_macro": 0.7470144952572801, "val_acc_individual": 0.7697472353870458, "train_time_millis": 5585.68803199887, "eval_time_millis": 3862.0763450016966}, "Epoch9": {"train_loss_means": 0.06185659393668175, "val_loss_mean": 0.574652373790741, "val_f1_majority_bin": 0.6986831913245546, "val_f1_majority_macro": 0.7481975499004467, "val_acc_majority": 0.7579340385812072, "val_f1_individual_binary": 0.6795366795366795, "val_f1_individual_macro": 0.7504112188824585, "val_acc_individual": 0.7705371248025277, "train_time_millis": 5585.711862993776, "eval_time_millis": 4002.789762998873}, "Test_results": {"test_f1_majority_binary": 0.7148288973384032, "test_f1_majority_macro": 0.7586782717339724, "test_acc_majority": 0.7666459240821406, "test_f1_individual_binary": 0.6992561105207227, "test_f1_individual_macro": 0.7606902802760747, "test_acc_individual": 0.7764612954186414, "test_time_millis": 4013.209860997449, "dataset_size": 5083, "number_of_annotations": 8059, "train_size": 2954, "val_size": 2532, "test_size": 2573}}