{"Epoch0": {"train_loss_means": 0.027476906776428223, "val_loss_mean": 0.045324746519327164, "val_f1_majority_bin": 0.1081081081081081, "val_f1_majority_macro": 0.27700181524808387, "val_acc_majority": 0.31645569620253167, "val_f1_individual_binary": 0.09553478712357216, "val_f1_individual_macro": 0.2794371409431786, "val_acc_individual": 0.32637277648878577, "train_time_millis": 141.49548999921535, "eval_time_millis": 2525.7090630002494}, "Epoch1": {"train_loss_means": 0.026628226041793823, "val_loss_mean": 0.045496027916669846, "val_f1_majority_bin": 0.10932475884244373, "val_f1_majority_macro": 0.3064544941165624, "val_acc_majority": 0.3624856156501726, "val_f1_individual_binary": 0.09312638580931264, "val_f1_individual_macro": 0.30368908364099834, "val_acc_individual": 0.36736272235112144, "train_time_millis": 139.83982100035064, "eval_time_millis": 2528.993099997024}, "Epoch2": {"train_loss_means": 0.02724228799343109, "val_loss_mean": 0.045690834522247314, "val_f1_majority_bin": 0.11428571428571427, "val_f1_majority_macro": 0.3466165413533835, "val_acc_majority": 0.42922899884925203, "val_f1_individual_binary": 0.09594095940959409, "val_f1_individual_macro": 0.34069467598229286, "val_acc_individual": 0.43155452436194897, "train_time_millis": 136.35517199872993, "eval_time_millis": 2532.522030000109}, "Epoch3": {"train_loss_means": 0.03413337096571922, "val_loss_mean": 0.04590732976794243, "val_f1_majority_bin": 0.10204081632653061, "val_f1_majority_macro": 0.37473835688121404, "val_acc_majority": 0.4936708860759494, "val_f1_individual_binary": 0.08547008547008547, "val_f1_individual_macro": 0.37235287712994725, "val_acc_individual": 0.5034802784222738, "train_time_millis": 139.03407199904905, "eval_time_millis": 2532.236376999208}, "Epoch4": {"train_loss_means": 0.030976001173257828, "val_loss_mean": 0.046009354293346405, "val_f1_majority_bin": 0.10176991150442477, "val_f1_majority_macro": 0.3930311454878267, "val_acc_majority": 0.5327963176064442, "val_f1_individual_binary": 0.08549618320610688, "val_f1_individual_macro": 0.3876471076569115, "val_acc_individual": 0.5367362722351121, "train_time_millis": 138.6805580004875, "eval_time_millis": 2075.684535000619}, "Epoch5": {"train_loss_means": 0.030977925285696983, "val_loss_mean": 0.0460340790450573, "val_f1_majority_bin": 0.0997732426303855, "val_f1_majority_macro": 0.39684113172382807, "val_acc_majority": 0.5431530494821634, "val_f1_individual_binary": 0.08411214953271028, "val_f1_individual_macro": 0.39082150686512057, "val_acc_individual": 0.5452436194895591, "train_time_millis": 140.48033799917903, "eval_time_millis": 2529.663896999409}, "Epoch6": {"train_loss_means": 0.026380712166428566, "val_loss_mean": 0.04601101204752922, "val_f1_majority_bin": 0.09821428571428571, "val_f1_majority_macro": 0.3925179955703212, "val_acc_majority": 0.5350978135788262, "val_f1_individual_binary": 0.08307692307692308, "val_f1_individual_macro": 0.38761284170375077, "val_acc_individual": 0.5390564578499614, "train_time_millis": 138.98422100101016, "eval_time_millis": 2539.006122999126}, "Epoch7": {"train_loss_means": 0.026673555374145508, "val_loss_mean": 0.046028461307287216, "val_f1_majority_bin": 0.09954751131221719, "val_f1_majority_macro": 0.3962243729400592, "val_acc_majority": 0.5420023014959724, "val_f1_individual_binary": 0.08411214953271028, "val_f1_individual_macro": 0.39082150686512057, "val_acc_individual": 0.5452436194895591, "train_time_millis": 142.06184599970584, "eval_time_millis": 2031.5138359983393}, "Epoch8": {"train_loss_means": 0.024610992521047592, "val_loss_mean": 0.04606330022215843, "val_f1_majority_bin": 0.10161662817551961, "val_f1_majority_macro": 0.40176616849389013, "val_acc_majority": 0.5523590333716916, "val_f1_individual_binary": 0.08544303797468354, "val_f1_individual_macro": 0.394819778966871, "val_acc_individual": 0.5529775715390565, "train_time_millis": 136.24427000104333, "eval_time_millis": 2530.841161002172}, "Epoch9": {"train_loss_means": 0.02635655738413334, "val_loss_mean": 0.04608384147286415, "val_f1_majority_bin": 0.10232558139534884, "val_f1_majority_macro": 0.4036092738781026, "val_acc_majority": 0.5558112773302647, "val_f1_individual_binary": 0.08293460925039872, "val_f1_individual_macro": 0.39470875434444386, "val_acc_individual": 0.5552977571539056, "train_time_millis": 137.68811699992511, "eval_time_millis": 2532.0211139987805}, "Test_results": {"test_f1_majority_binary": 0.10232558139534884, "test_f1_majority_macro": 0.4036092738781026, "test_acc_majority": 0.5558112773302647, "test_f1_individual_binary": 0.08293460925039872, "test_f1_individual_macro": 0.39470875434444386, "test_acc_individual": 0.5552977571539056, "test_time_millis": 2538.78013099893, "dataset_size": 1783, "number_of_annotations": 2688, "train_size": 140, "val_size": 1293, "test_size": 1255}}