{"Epoch0": {"train_loss_means": 0.06331804394721985, "val_loss_mean": 0.05244341865181923, "val_f1_majority_bin": 0.40970350404312667, "val_f1_majority_macro": 0.6778569291108887, "val_acc_majority": 0.9010691160969734, "val_f1_individual_binary": 0.3885394828791055, "val_f1_individual_macro": 0.668423460350169, "val_acc_individual": 0.9046737117333042, "train_time_millis": 27601.924483999996, "eval_time_millis": 5617.590421000017}, "Epoch1": {"train_loss_means": 0.046372171491384506, "val_loss_mean": 0.05428679287433624, "val_f1_majority_bin": 0.4134871339840284, "val_f1_majority_macro": 0.6795531103897928, "val_acc_majority": 0.900466797169101, "val_f1_individual_binary": 0.39037800687285223, "val_f1_individual_macro": 0.6689510575096675, "val_acc_individual": 0.9033663797799325, "train_time_millis": 26717.308986999997, "eval_time_millis": 5615.649017999999}, "Epoch2": {"train_loss_means": 0.03639257326722145, "val_loss_mean": 0.05866282060742378, "val_f1_majority_bin": 0.3658536585365853, "val_f1_majority_macro": 0.6457464793355875, "val_acc_majority": 0.8668875169402198, "val_f1_individual_binary": 0.3362541073384447, "val_f1_individual_macro": 0.631470871719065, "val_acc_individual": 0.8679594727094455, "train_time_millis": 26766.22859099999, "eval_time_millis": 5620.266766000014}, "Epoch3": {"train_loss_means": 0.027406249195337296, "val_loss_mean": 0.09499677270650864, "val_f1_majority_bin": 0.43086816720257237, "val_f1_majority_macro": 0.6939343670250453, "val_acc_majority": 0.9200421623249511, "val_f1_individual_binary": 0.41098169717138106, "val_f1_individual_macro": 0.6848566681240444, "val_acc_individual": 0.9228674147510622, "train_time_millis": 26712.21023199996, "eval_time_millis": 5608.8264250000175}, "Epoch4": {"train_loss_means": 0.02196577563881874, "val_loss_mean": 0.10026663541793823, "val_f1_majority_bin": 0.411873840445269, "val_f1_majority_macro": 0.6799618300882524, "val_acc_majority": 0.9045324499322391, "val_f1_individual_binary": 0.385438972162741, "val_f1_individual_macro": 0.6673317406075249, "val_acc_individual": 0.9061989323455714, "train_time_millis": 26742.369207000025, "eval_time_millis": 5610.329331999992}, "Epoch5": {"train_loss_means": 0.01881076768040657, "val_loss_mean": 0.12574432790279388, "val_f1_majority_bin": 0.4188034188034188, "val_f1_majority_macro": 0.6873702822188161, "val_acc_majority": 0.918084625809366, "val_f1_individual_binary": 0.4019933554817276, "val_f1_individual_macro": 0.6800103188741272, "val_acc_individual": 0.9215600827976904, "train_time_millis": 26690.332490999994, "eval_time_millis": 4355.316421999987}, "Epoch6": {"train_loss_means": 0.015856724232435226, "val_loss_mean": 0.1412779837846756, "val_f1_majority_bin": 0.420353982300885, "val_f1_majority_macro": 0.6890104052722715, "val_acc_majority": 0.9210962204487276, "val_f1_individual_binary": 0.4037800687285223, "val_f1_individual_macro": 0.6817085757158955, "val_acc_individual": 0.9243926353633294, "train_time_millis": 26726.72869400003, "eval_time_millis": 5569.326279999985}, "Epoch7": {"train_loss_means": 0.01388657558709383, "val_loss_mean": 0.14956462383270264, "val_f1_majority_bin": 0.40770101925254815, "val_f1_majority_macro": 0.6827600991092969, "val_acc_majority": 0.9212468001806957, "val_f1_individual_binary": 0.39229422066549907, "val_f1_individual_macro": 0.6759914411877681, "val_acc_individual": 0.9243926353633294, "train_time_millis": 26724.047278000002, "eval_time_millis": 5557.447562999982}, "Epoch8": {"train_loss_means": 0.01347071211785078, "val_loss_mean": 0.1696438491344452, "val_f1_majority_bin": 0.416969696969697, "val_f1_majority_macro": 0.6891784344204671, "val_acc_majority": 0.9275711489233549, "val_f1_individual_binary": 0.40375586854460094, "val_f1_individual_macro": 0.6835179042023299, "val_acc_individual": 0.9308203508007408, "train_time_millis": 26718.423658000007, "eval_time_millis": 5558.387568}, "Epoch9": {"train_loss_means": 0.011981146410107613, "val_loss_mean": 0.174825519323349, "val_f1_majority_bin": 0.4116930572472594, "val_f1_majority_macro": 0.6864660615664112, "val_acc_majority": 0.9272699894594187, "val_f1_individual_binary": 0.4, "val_f1_individual_macro": 0.6816163718348942, "val_acc_individual": 0.9307114064712931, "train_time_millis": 26659.240392000014, "eval_time_millis": 4577.859262999993}, "Test_results": {"test_f1_majority_binary": 0.416969696969697, "test_f1_majority_macro": 0.6891784344204671, "test_acc_majority": 0.9275711489233549, "test_f1_individual_binary": 0.40375586854460094, "test_f1_individual_macro": 0.6835179042023299, "test_acc_individual": 0.9308203508007408, "test_time_millis": 4541.057095000042, "dataset_size": 33234, "number_of_annotations": 46168, "train_size": 27669, "val_size": 9179, "test_size": 9320}}