{"Epoch0": {"train_loss_means": 0.11757747083902359, "val_loss_mean": 0.08922845125198364, "val_f1_majority_bin": 0.773972602739726, "val_f1_majority_macro": 0.8621369037795016, "val_acc_majority": 0.9185185185185185, "val_f1_individual_binary": 0.7566320645905421, "val_f1_individual_macro": 0.8521698117252586, "val_acc_individual": 0.9139126886984904, "train_time_millis": 20813.7350399993, "eval_time_millis": 4132.170400000177}, "Epoch1": {"train_loss_means": 0.08008779585361481, "val_loss_mean": 0.08509062230587006, "val_f1_majority_bin": 0.7933333333333332, "val_f1_majority_macro": 0.8731818181818181, "val_acc_majority": 0.9234567901234568, "val_f1_individual_binary": 0.7664804469273744, "val_f1_individual_macro": 0.8571608623456437, "val_acc_individual": 0.9147286821705426, "train_time_millis": 21022.685591997288, "eval_time_millis": 4169.042282999726}, "Epoch2": {"train_loss_means": 0.055267583578825, "val_loss_mean": 0.08509146422147751, "val_f1_majority_bin": 0.8093645484949833, "val_f1_majority_macro": 0.8831077095237974, "val_acc_majority": 0.9296296296296296, "val_f1_individual_binary": 0.7905935050391937, "val_f1_individual_macro": 0.8719742281993175, "val_acc_individual": 0.9237046103631171, "train_time_millis": 20793.30723500243, "eval_time_millis": 4086.010482002166}, "Epoch3": {"train_loss_means": 0.04287071153521538, "val_loss_mean": 0.0844876617193222, "val_f1_majority_bin": 0.7711598746081505, "val_f1_majority_macro": 0.8575245952594941, "val_acc_majority": 0.9098765432098765, "val_f1_individual_binary": 0.7586933614330875, "val_f1_individual_macro": 0.8503813379389065, "val_acc_individual": 0.9065687474500204, "train_time_millis": 20854.91634600112, "eval_time_millis": 3431.434755999362}, "Epoch4": {"train_loss_means": 0.03819634020328522, "val_loss_mean": 0.10082317888736725, "val_f1_majority_bin": 0.8118811881188118, "val_f1_majority_macro": 0.8843005029432327, "val_acc_majority": 0.9296296296296296, "val_f1_individual_binary": 0.7935779816513762, "val_f1_individual_macro": 0.8744564846222141, "val_acc_individual": 0.9265605875152999, "train_time_millis": 20989.35404099757, "eval_time_millis": 4196.774315001676}, "Epoch5": {"train_loss_means": 0.02834709919989109, "val_loss_mean": 0.10344847291707993, "val_f1_majority_bin": 0.7560975609756099, "val_f1_majority_macro": 0.8470890281658234, "val_acc_majority": 0.9012345679012346, "val_f1_individual_binary": 0.7560718057022175, "val_f1_individual_macro": 0.8488323630280998, "val_acc_individual": 0.9057527539779682, "train_time_millis": 20867.644760000985, "eval_time_millis": 4150.589606000722}, "Epoch6": {"train_loss_means": 0.024218596518039703, "val_loss_mean": 0.12644065916538239, "val_f1_majority_bin": 0.8065573770491803, "val_f1_majority_macro": 0.8808452284485444, "val_acc_majority": 0.9271604938271605, "val_f1_individual_binary": 0.7739032620922385, "val_f1_individual_macro": 0.8619080227730068, "val_acc_individual": 0.9179926560587516, "train_time_millis": 20987.754166999366, "eval_time_millis": 4155.622558999312}, "Epoch7": {"train_loss_means": 0.022260170429944992, "val_loss_mean": 0.12796777486801147, "val_f1_majority_bin": 0.8120805369127517, "val_f1_majority_macro": 0.8848602381991897, "val_acc_majority": 0.9308641975308642, "val_f1_individual_binary": 0.8, "val_f1_individual_macro": 0.8787234042553191, "val_acc_individual": 0.9298245614035088, "train_time_millis": 20865.920294996613, "eval_time_millis": 4153.769101998478}, "Epoch8": {"train_loss_means": 0.019352708011865616, "val_loss_mean": 0.16694578528404236, "val_f1_majority_bin": 0.8153310104529617, "val_f1_majority_macro": 0.8877855352339827, "val_acc_majority": 0.9345679012345679, "val_f1_individual_binary": 0.7980652962515116, "val_f1_individual_macro": 0.8785418505797435, "val_acc_individual": 0.9318645450836394, "train_time_millis": 20824.772400002985, "eval_time_millis": 4160.40799899929}, "Epoch9": {"train_loss_means": 0.017589734867215157, "val_loss_mean": 0.16680185496807098, "val_f1_majority_bin": 0.8096885813148789, "val_f1_majority_macro": 0.884183133632646, "val_acc_majority": 0.9320987654320988, "val_f1_individual_binary": 0.7947494033412889, "val_f1_individual_macro": 0.8762132843478098, "val_acc_individual": 0.9298245614035088, "train_time_millis": 20822.690901000897, "eval_time_millis": 4143.880039999203}, "Test_results": {"test_f1_majority_binary": 0.8153310104529617, "test_f1_majority_macro": 0.8877855352339827, "test_acc_majority": 0.9345679012345679, "test_f1_individual_binary": 0.7980652962515116, "test_f1_individual_macro": 0.8785418505797435, "test_acc_individual": 0.9318645450836394, "test_time_millis": 3875.6878599997435, "dataset_size": 4050, "number_of_annotations": 12168, "train_size": 7286, "val_size": 2451, "test_size": 2431}}
