{"Epoch0": {"train_loss_means": 0.28534647822380066, "val_loss_mean": 0.2454102635383606, "val_f1_majority_bin": 0.7117172969621823, "val_f1_majority_macro": 0.763413320449282, "val_acc_majority": 0.7747093023255814, "val_f1_individual_binary": 0.6591485762616296, "val_f1_individual_macro": 0.7364166367207363, "val_acc_individual": 0.7590673575129534, "train_time_millis": 5685.866329818964, "eval_time_millis": 5481.047481298447}, "Epoch1": {"train_loss_means": 0.21923045814037323, "val_loss_mean": 0.25392821431159973, "val_f1_majority_bin": 0.652143359100492, "val_f1_majority_macro": 0.7345744521934993, "val_acc_majority": 0.7601744186046512, "val_f1_individual_binary": 0.6196911196911197, "val_f1_individual_macro": 0.7245395552266223, "val_acc_individual": 0.7644479872459147, "train_time_millis": 5681.475783698261, "eval_time_millis": 5458.141228184104}, "Epoch2": {"train_loss_means": 0.18641816079616547, "val_loss_mean": 0.2839551270008087, "val_f1_majority_bin": 0.7139588100686499, "val_f1_majority_macro": 0.696145642810959, "val_acc_majority": 0.6971899224806202, "val_f1_individual_binary": 0.6469749439804441, "val_f1_individual_macro": 0.6544802552942985, "val_acc_individual": 0.6546432841769629, "train_time_millis": 5711.837636306882, "eval_time_millis": 4437.133428640664}, "Epoch3": {"train_loss_means": 0.15912048518657684, "val_loss_mean": 0.2478088140487671, "val_f1_majority_bin": 0.7441629408842525, "val_f1_majority_macro": 0.7503320614586748, "val_acc_majority": 0.750484496124031, "val_f1_individual_binary": 0.683526999316473, "val_f1_individual_macro": 0.7187778435576521, "val_acc_individual": 0.7231964926265444, "train_time_millis": 5666.521115228534, "eval_time_millis": 5544.352908618748}, "Epoch4": {"train_loss_means": 0.14270301163196564, "val_loss_mean": 0.29749414324760437, "val_f1_majority_bin": 0.7374166161309884, "val_f1_majority_macro": 0.7813747058065188, "val_acc_majority": 0.7902131782945736, "val_f1_individual_binary": 0.6904205607476636, "val_f1_individual_macro": 0.7650529905976673, "val_acc_individual": 0.7887604623355918, "train_time_millis": 5650.845605880022, "eval_time_millis": 5473.988581448793}, "Epoch5": {"train_loss_means": 0.11728479713201523, "val_loss_mean": 0.28012749552726746, "val_f1_majority_bin": 0.7462014631401237, "val_f1_majority_macro": 0.7771841003493047, "val_acc_majority": 0.7814922480620154, "val_f1_individual_binary": 0.6981333333333334, "val_f1_individual_macro": 0.759025304910383, "val_acc_individual": 0.7744121163810282, "train_time_millis": 5663.070799782872, "eval_time_millis": 5482.93680511415}, "Epoch6": {"train_loss_means": 0.10460951924324036, "val_loss_mean": 0.3683597147464752, "val_f1_majority_bin": 0.7322201607915894, "val_f1_majority_macro": 0.7798894511644128, "val_acc_majority": 0.7902131782945736, "val_f1_individual_binary": 0.6828689982216953, "val_f1_individual_macro": 0.7611282847608026, "val_acc_individual": 0.7867676365085692, "train_time_millis": 5703.439733944833, "eval_time_millis": 5492.4491457641125}, "Epoch7": {"train_loss_means": 0.09834977984428406, "val_loss_mean": 0.348275363445282, "val_f1_majority_bin": 0.7534722222222222, "val_f1_majority_macro": 0.787986111111111, "val_acc_majority": 0.7936046511627907, "val_f1_individual_binary": 0.6960621186910705, "val_f1_individual_macro": 0.7628055539023004, "val_acc_individual": 0.7815862893583101, "train_time_millis": 5679.581807926297, "eval_time_millis": 5474.943923763931}, "Epoch8": {"train_loss_means": 0.08829008042812347, "val_loss_mean": 0.40082618594169617, "val_f1_majority_bin": 0.736144578313253, "val_f1_majority_macro": 0.7793364706801273, "val_acc_majority": 0.7877906976744186, "val_f1_individual_binary": 0.6855983772819473, "val_f1_individual_macro": 0.7604149821109812, "val_acc_individual": 0.783778397768035, "train_time_millis": 5702.949121594429, "eval_time_millis": 5463.74533418566}, "Epoch9": {"train_loss_means": 0.08172623813152313, "val_loss_mean": 0.40254780650138855, "val_f1_majority_bin": 0.7403903015966883, "val_f1_majority_macro": 0.780125392899288, "val_acc_majority": 0.7873062015503876, "val_f1_individual_binary": 0.6871970345024236, "val_f1_individual_macro": 0.7595887148312394, "val_acc_individual": 0.7813870067756078, "train_time_millis": 5700.493142940104, "eval_time_millis": 5449.6387941762805}, "Test_results": {"test_f1_majority_binary": 0.7374166161309884, "test_f1_majority_macro": 0.7813747058065188, "test_acc_majority": 0.7902131782945736, "test_f1_individual_binary": 0.6904205607476636, "test_f1_individual_macro": 0.7650529905976673, "test_acc_individual": 0.7887604623355918, "test_time_millis": 5461.221892386675, "dataset_size": 5589, "number_of_annotations": 13181, "train_size": 3100, "val_size": 5018, "test_size": 5063}}