{"Epoch0": {"train_loss_means": 0.2694965898990631, "val_loss_mean": 0.23892474174499512, "val_f1_majority_bin": 0.7250000000000001, "val_f1_majority_macro": 0.7681372549019607, "val_acc_majority": 0.7761627906976745, "val_f1_individual_binary": 0.6737513283740701, "val_f1_individual_macro": 0.7389802560237697, "val_acc_individual": 0.7552809884416102, "train_time_millis": 12668.199717998505, "eval_time_millis": 5339.095962990541}, "Epoch1": {"train_loss_means": 0.22004486620426178, "val_loss_mean": 0.24047183990478516, "val_f1_majority_bin": 0.727170868347339, "val_f1_majority_macro": 0.7596588443315867, "val_acc_majority": 0.7640503875968992, "val_f1_individual_binary": 0.6713147410358565, "val_f1_individual_macro": 0.7260228190229117, "val_acc_individual": 0.7369469908330012, "train_time_millis": 12644.850982993376, "eval_time_millis": 5490.985259006266}, "Epoch2": {"train_loss_means": 0.18990178406238556, "val_loss_mean": 0.24497364461421967, "val_f1_majority_bin": 0.7279260780287475, "val_f1_majority_macro": 0.7424034059868508, "val_acc_majority": 0.7432170542635659, "val_f1_individual_binary": 0.6589621572626331, "val_f1_individual_macro": 0.695655718503271, "val_acc_individual": 0.7000797130330809, "train_time_millis": 12615.348760038614, "eval_time_millis": 5494.882920989767}, "Epoch3": {"train_loss_means": 0.1697208136320114, "val_loss_mean": 0.25518152117729187, "val_f1_majority_bin": 0.722252898950856, "val_f1_majority_macro": 0.7525809164585959, "val_acc_majority": 0.7562984496124031, "val_f1_individual_binary": 0.6637384089799903, "val_f1_individual_macro": 0.7158368703707632, "val_acc_individual": 0.7253886010362695, "train_time_millis": 12530.267641006503, "eval_time_millis": 5494.577853998635}, "Epoch4": {"train_loss_means": 0.15161675214767456, "val_loss_mean": 0.2736988067626953, "val_f1_majority_bin": 0.7205882352941176, "val_f1_majority_macro": 0.7556331006979062, "val_acc_majority": 0.7606589147286822, "val_f1_individual_binary": 0.6633115249119276, "val_f1_individual_macro": 0.72129614516794, "val_acc_individual": 0.7333599043443603, "train_time_millis": 12522.357986017596, "eval_time_millis": 3870.00066798646}, "Epoch5": {"train_loss_means": 0.14021649956703186, "val_loss_mean": 0.306343138217926, "val_f1_majority_bin": 0.7024096385542168, "val_f1_majority_macro": 0.751123781999961, "val_acc_majority": 0.7606589147286822, "val_f1_individual_binary": 0.6526655896607431, "val_f1_individual_macro": 0.7243081190948448, "val_acc_individual": 0.7429254683140694, "train_time_millis": 12583.623509970494, "eval_time_millis": 5496.474463026971}, "Epoch6": {"train_loss_means": 0.13304013013839722, "val_loss_mean": 0.28803908824920654, "val_f1_majority_bin": 0.7182448036951501, "val_f1_majority_macro": 0.7572860078575917, "val_acc_majority": 0.7635658914728682, "val_f1_individual_binary": 0.6641005901975878, "val_f1_individual_macro": 0.7254368401387027, "val_acc_individual": 0.7391390992427261, "train_time_millis": 12685.456576989964, "eval_time_millis": 4822.755059984047}, "Epoch7": {"train_loss_means": 0.1279350370168686, "val_loss_mean": 0.4066256284713745, "val_f1_majority_bin": 0.659400544959128, "val_f1_majority_macro": 0.735715310073549, "val_acc_majority": 0.7577519379844961, "val_f1_individual_binary": 0.6262688403568132, "val_f1_individual_macro": 0.7235986795741325, "val_acc_individual": 0.7578716620167397, "train_time_millis": 12583.660700998735, "eval_time_millis": 5497.318332025316}, "Epoch8": {"train_loss_means": 0.12116830050945282, "val_loss_mean": 0.42507511377334595, "val_f1_majority_bin": 0.680236375574524, "val_f1_majority_macro": 0.7466440994955155, "val_acc_majority": 0.7640503875968992, "val_f1_individual_binary": 0.6424349881796689, "val_f1_individual_macro": 0.7302674038913979, "val_acc_individual": 0.7588680749302511, "train_time_millis": 12519.607149006333, "eval_time_millis": 4652.738657023292}, "Epoch9": {"train_loss_means": 0.11828839033842087, "val_loss_mean": 0.4516814351081848, "val_f1_majority_bin": 0.6755852842809364, "val_f1_majority_macro": 0.7456923762840307, "val_acc_majority": 0.7650193798449613, "val_f1_individual_binary": 0.6389140271493213, "val_f1_individual_macro": 0.730407764950944, "val_acc_individual": 0.7614587485053806, "train_time_millis": 12574.575621983968, "eval_time_millis": 5164.3544510006905}, "Test_results": {"test_f1_majority_binary": 0.7250000000000001, "test_f1_majority_macro": 0.7681372549019607, "test_acc_majority": 0.7761627906976745, "test_f1_individual_binary": 0.6737513283740701, "test_f1_individual_macro": 0.7389802560237697, "test_acc_individual": 0.7552809884416102, "test_time_millis": 5504.262936010491, "dataset_size": 7512, "number_of_annotations": 17081, "train_size": 7000, "val_size": 5018, "test_size": 5063}}