{"Epoch0": {"train_loss_means": 1.0804717540740967, "val_loss_mean": 0.9770570993423462, "val_f1_majority_bin": 0.6630061864852905, "val_f1_majority_macro": 0.6917762814806075, "val_acc_majority": 0.6944617033004761, "val_f1_individual_binary": 0.6379477381706238, "val_f1_individual_macro": 0.694224029314154, "val_acc_individual": 0.7045813798904419, "train_acc_means": 0.644934892654419, "train_time_millis": 11961.16067999992, "eval_time_millis": 3741.0116159999234}, "Epoch1": {"train_loss_means": 0.9146277904510498, "val_loss_mean": 0.8450802564620972, "val_f1_majority_bin": 0.6767676472663879, "val_f1_majority_macro": 0.7158455451672081, "val_acc_majority": 0.7212196588516235, "val_f1_individual_binary": 0.7041725516319275, "val_f1_individual_macro": 0.7444438206263997, "val_acc_individual": 0.7507898807525635, "train_acc_means": 0.7485668659210205, "train_time_millis": 11935.427551999965, "eval_time_millis": 3741.525664999699}, "Epoch2": {"train_loss_means": 0.6875845193862915, "val_loss_mean": 0.8145065307617188, "val_f1_majority_bin": 0.6316652894020081, "val_f1_majority_macro": 0.7033013213920773, "val_acc_majority": 0.7205973863601685, "val_f1_individual_binary": 0.6738148927688599, "val_f1_individual_macro": 0.7491188708381218, "val_acc_individual": 0.7717219591140747, "train_acc_means": 0.8293914794921875, "train_time_millis": 11950.150469000164, "eval_time_millis": 3742.102786000032}, "Epoch3": {"train_loss_means": 0.503173828125, "val_loss_mean": 0.8468519449234009, "val_f1_majority_bin": 0.668154776096344, "val_f1_majority_macro": 0.7148260440539853, "val_acc_majority": 0.7224642038345337, "val_f1_individual_binary": 0.6968325972557068, "val_f1_individual_macro": 0.7503675091049553, "val_acc_individual": 0.7618483304977417, "train_acc_means": 0.8870894312858582, "train_time_millis": 11933.42470799962, "eval_time_millis": 3736.8388740001137}, "Test_results": {"test_f1_majority_binary": 0.6869257688522339, "test_f1_majority_macro": 0.719926924297277, "test_acc_majority": 0.7238154411315918, "test_f1_individual_binary": 0.6928605437278748, "test_f1_individual_macro": 0.7416574811333034, "test_acc_individual": 0.7508744597434998, "test_time_millis": 3742.5346230002106, "dataset_size": 5675, "number_of_annotations": 9053}}