{"Epoch0": {"train_loss_means": 0.836136519908905, "val_loss_mean": 0.8151942491531372, "val_f1_majority_bin": 0.0, "val_f1_majority_macro": 0.42584167424931757, "val_acc_majority": 0.741679847240448, "val_f1_individual_binary": 0.0, "val_f1_individual_macro": 0.42951059167275385, "val_acc_individual": 0.7528809309005737, "train_acc_means": 0.7456954121589661, "train_time_millis": 8474.447297001461, "eval_time_millis": 1087.5733499997295}, "Epoch1": {"train_loss_means": 0.8060107827186584, "val_loss_mean": 0.7968124747276306, "val_f1_majority_bin": 0.3923705816268921, "val_f1_majority_macro": 0.57160428051695, "val_acc_majority": 0.6465927362442017, "val_f1_individual_binary": 0.3910614550113678, "val_f1_individual_macro": 0.6049991647951892, "val_acc_individual": 0.7208706736564636, "train_acc_means": 0.7612243890762329, "train_time_millis": 7940.967205999186, "eval_time_millis": 1088.3997390010336}, "Epoch2": {"train_loss_means": 0.7177901864051819, "val_loss_mean": 0.8297348022460938, "val_f1_majority_bin": 0.349693238735199, "val_f1_majority_macro": 0.561598762519008, "val_acc_majority": 0.6640253663063049, "val_f1_individual_binary": 0.3661971688270569, "val_f1_individual_macro": 0.5898922949461475, "val_acc_individual": 0.7119078040122986, "train_acc_means": 0.78142249584198, "train_time_millis": 7941.696204999971, "eval_time_millis": 1089.3562700002803}, "Test_results": {"test_f1_majority_binary": 0.3421829044818878, "test_f1_majority_macro": 0.5585788319060333, "test_acc_majority": 0.6646616458892822, "test_f1_individual_binary": 0.35519126057624817, "test_f1_individual_macro": 0.5876566040250567, "test_acc_individual": 0.7187127470970154, "test_time_millis": 1153.7779720001708, "dataset_size": 3284, "number_of_annotations": 4128}}