{"Epoch0": {"train_loss_means": 0.8395355343818665, "val_loss_mean": 0.8392242193222046, "val_f1_majority_bin": 0.0, "val_f1_majority_macro": 0.42584167424931757, "val_acc_majority": 0.741679847240448, "val_f1_individual_binary": 0.0, "val_f1_individual_macro": 0.42951059167275385, "val_acc_individual": 0.7528809309005737, "train_acc_means": 0.7302895784378052, "train_time_millis": 10119.077085983008, "eval_time_millis": 1527.0173100288957}, "Epoch1": {"train_loss_means": 0.7880086898803711, "val_loss_mean": 0.8249688148498535, "val_f1_majority_bin": 0.03448275849223137, "val_f1_majority_macro": 0.4400354969574037, "val_acc_majority": 0.7337559461593628, "val_f1_individual_binary": 0.08490566164255142, "val_f1_individual_macro": 0.47060097833682735, "val_acc_individual": 0.7516005039215088, "train_acc_means": 0.769386351108551, "train_time_millis": 9457.829146005679, "eval_time_millis": 1530.585718981456}, "Epoch2": {"train_loss_means": 0.714706540107727, "val_loss_mean": 0.8294343948364258, "val_f1_majority_bin": 0.23893804848194122, "val_f1_majority_macro": 0.5364574435370896, "val_acc_majority": 0.7274168133735657, "val_f1_individual_binary": 0.24242424964904785, "val_f1_individual_macro": 0.5441705187467899, "val_acc_individual": 0.7439180612564087, "train_acc_means": 0.8035038113594055, "train_time_millis": 9449.790498998482, "eval_time_millis": 1531.9566139951348}, "Epoch3": {"train_loss_means": 0.5848761200904846, "val_loss_mean": 0.9183703660964966, "val_f1_majority_bin": 0.25095057487487793, "val_f1_majority_macro": 0.5268766865725041, "val_acc_majority": 0.6877971291542053, "val_f1_individual_binary": 0.28378379344940186, "val_f1_individual_macro": 0.5581636138508177, "val_acc_individual": 0.7285531163215637, "train_acc_means": 0.8606406450271606, "train_time_millis": 9446.279629948549, "eval_time_millis": 1530.234774982091}, "Test_results": {"test_f1_majority_binary": 0.2240000069141388, "test_f1_majority_macro": 0.5221851851851852, "test_acc_majority": 0.7082706689834595, "test_f1_individual_binary": 0.24028268456459045, "test_f1_individual_macro": 0.5430804108565421, "test_acc_individual": 0.7437425255775452, "test_time_millis": 1608.0721740145236, "dataset_size": 3284, "number_of_annotations": 4128}}