{"Epoch0": {"train_loss_means": 0.2680579423904419, "val_loss_mean": 0.25922924280166626, "val_f1_majority_bin": 0.7350689127105665, "val_f1_majority_macro": 0.7372633720179339, "val_acc_majority": 0.7372817008352316, "val_f1_individual_binary": 0.7114914425427872, "val_f1_individual_macro": 0.7241961114609142, "val_acc_individual": 0.7247813411078717, "train_time_millis": 9749.475661010365, "eval_time_millis": 3269.610894989455}, "Epoch1": {"train_loss_means": 0.20346513390541077, "val_loss_mean": 0.2576100826263428, "val_f1_majority_bin": 0.7489361702127659, "val_f1_majority_macro": 0.7733714435710848, "val_acc_majority": 0.7760060744115413, "val_f1_individual_binary": 0.7298969072164949, "val_f1_individual_macro": 0.7654547827221716, "val_acc_individual": 0.7708454810495626, "train_time_millis": 9757.795519006322, "eval_time_millis": 3295.2026089915307}, "Epoch2": {"train_loss_means": 0.1490987241268158, "val_loss_mean": 0.3086429238319397, "val_f1_majority_bin": 0.7417998317914214, "val_f1_majority_macro": 0.7646715421932886, "val_acc_majority": 0.7668944570994685, "val_f1_individual_binary": 0.7216494845360825, "val_f1_individual_macro": 0.7582930966984209, "val_acc_individual": 0.7638483965014577, "train_time_millis": 9782.026051994762, "eval_time_millis": 3283.694441008265}, "Epoch3": {"train_loss_means": 0.10218165069818497, "val_loss_mean": 0.3995859920978546, "val_f1_majority_bin": 0.686217008797654, "val_f1_majority_macro": 0.7434809438774118, "val_acc_majority": 0.7562642369020501, "val_f1_individual_binary": 0.675345809601302, "val_f1_individual_macro": 0.7470322868996968, "val_acc_individual": 0.7673469387755102, "train_time_millis": 9709.809210995445, "eval_time_millis": 3277.890701996512}, "Epoch4": {"train_loss_means": 0.0769200474023819, "val_loss_mean": 0.375444233417511, "val_f1_majority_bin": 0.7474402730375427, "val_f1_majority_macro": 0.7724889463682926, "val_acc_majority": 0.7752467729688687, "val_f1_individual_binary": 0.7253521126760564, "val_f1_individual_macro": 0.7656611309648939, "val_acc_individual": 0.7725947521865889, "train_time_millis": 9787.534677001531, "eval_time_millis": 3287.1068639942678}, "Epoch5": {"train_loss_means": 0.05777577683329582, "val_loss_mean": 0.4377182126045227, "val_f1_majority_bin": 0.7338638373121132, "val_f1_majority_macro": 0.7667988514571211, "val_acc_majority": 0.7714502657555049, "val_f1_individual_binary": 0.7162654996353026, "val_f1_individual_macro": 0.7636694181032269, "val_acc_individual": 0.7731778425655976, "train_time_millis": 9735.477526002796, "eval_time_millis": 3283.36447601032}, "Epoch6": {"train_loss_means": 0.048761192709207535, "val_loss_mean": 0.4480375349521637, "val_f1_majority_bin": 0.7462946817785528, "val_f1_majority_macro": 0.7752993247493976, "val_acc_majority": 0.7790432801822323, "val_f1_individual_binary": 0.7289719626168224, "val_f1_individual_macro": 0.7720387032309223, "val_acc_individual": 0.7801749271137026, "train_time_millis": 9732.187703993986, "eval_time_millis": 3337.375218005036}, "Epoch7": {"train_loss_means": 0.03675884008407593, "val_loss_mean": 0.5562317967414856, "val_f1_majority_bin": 0.7295597484276731, "val_f1_majority_macro": 0.7658318137273146, "val_acc_majority": 0.7714502657555049, "val_f1_individual_binary": 0.7137546468401488, "val_f1_individual_macro": 0.7645511843313454, "val_acc_individual": 0.7755102040816326, "train_time_millis": 9674.521847002325, "eval_time_millis": 3294.445617008023}, "Epoch8": {"train_loss_means": 0.030284952372312546, "val_loss_mean": 0.5523258447647095, "val_f1_majority_bin": 0.7411971830985915, "val_f1_majority_macro": 0.7724677504278004, "val_acc_majority": 0.7767653758542141, "val_f1_individual_binary": 0.7242136064374542, "val_f1_individual_macro": 0.770735014561432, "val_acc_individual": 0.7801749271137026, "train_time_millis": 9794.388972994057, "eval_time_millis": 2861.251780996099}, "Epoch9": {"train_loss_means": 0.024758968502283096, "val_loss_mean": 0.6115223169326782, "val_f1_majority_bin": 0.7218181818181818, "val_f1_majority_macro": 0.7611698471020505, "val_acc_majority": 0.7676537585421412, "val_f1_individual_binary": 0.7069486404833836, "val_f1_individual_macro": 0.7613565614572664, "val_acc_individual": 0.7737609329446065, "train_time_millis": 9728.025881006033, "eval_time_millis": 2258.620806998806}, "Test_results": {"test_f1_majority_binary": 0.7462946817785528, "test_f1_majority_macro": 0.7752993247493976, "test_acc_majority": 0.7790432801822323, "test_f1_individual_binary": 0.7289719626168224, "test_f1_individual_macro": 0.7720387032309223, "test_acc_individual": 0.7801749271137026, "test_time_millis": 3222.127704997547, "dataset_size": 6619, "number_of_annotations": 8486, "train_size": 5093, "val_size": 1715, "test_size": 1678}}