{"Epoch0": {"train_loss_means": 0.029292572289705276, "val_loss_mean": 0.030453750863671303, "val_f1_majority_bin": 0.08065994500458294, "val_f1_majority_macro": 0.48289096207965954, "val_acc_majority": 0.7957646100590511, "val_f1_individual_binary": 0.0663584443840087, "val_f1_individual_macro": 0.47843167012362176, "val_acc_individual": 0.8039965743648302, "train_time_millis": 916.8982487171888, "eval_time_millis": 9815.291211009026}, "Epoch1": {"train_loss_means": 0.027605978772044182, "val_loss_mean": 0.03017314150929451, "val_f1_majority_bin": 0.08040593286494925, "val_f1_majority_macro": 0.4712414865120906, "val_acc_majority": 0.7601303196904907, "val_f1_individual_binary": 0.06841505131128849, "val_f1_individual_macro": 0.46755717486432424, "val_acc_individual": 0.7667713388524122, "train_time_millis": 917.4821902997792, "eval_time_millis": 8753.947130404413}, "Epoch2": {"train_loss_means": 0.02539222687482834, "val_loss_mean": 0.029673684388399124, "val_f1_majority_bin": 0.08206686930091187, "val_f1_majority_macro": 0.4487012834947754, "val_acc_majority": 0.692526980248422, "val_f1_individual_binary": 0.07150368033648791, "val_f1_individual_macro": 0.4454162788532801, "val_acc_individual": 0.6975164145018555, "train_time_millis": 909.2892836779356, "eval_time_millis": 8762.6959271729}, "Epoch3": {"train_loss_means": 0.023366186767816544, "val_loss_mean": 0.029634544625878334, "val_f1_majority_bin": 0.1175684702738811, "val_f1_majority_macro": 0.5223870344977164, "val_acc_majority": 0.8655060069232335, "val_f1_individual_binary": 0.10246382479468126, "val_f1_individual_macro": 0.5158948631564327, "val_acc_individual": 0.8689694547530687, "train_time_millis": 905.0014968961477, "eval_time_millis": 8727.787768933922}, "Epoch4": {"train_loss_means": 0.02124604396522045, "val_loss_mean": 0.029308438301086426, "val_f1_majority_bin": 0.12630117973629423, "val_f1_majority_macro": 0.5285683781448047, "val_acc_majority": 0.8718183669313785, "val_f1_individual_binary": 0.11124644742184328, "val_f1_individual_macro": 0.5220155840757081, "val_acc_individual": 0.8750214102198116, "train_time_millis": 886.2631367519498, "eval_time_millis": 8732.62304905802}, "Epoch5": {"train_loss_means": 0.01803642511367798, "val_loss_mean": 0.029459677636623383, "val_f1_majority_bin": 0.14914645103324348, "val_f1_majority_macro": 0.5490214474150622, "val_acc_majority": 0.9035837914884952, "val_f1_individual_binary": 0.13759479956663057, "val_f1_individual_macro": 0.5448099359453211, "val_acc_individual": 0.909106480159863, "train_time_millis": 894.0151729620993, "eval_time_millis": 8089.509256184101}, "Epoch6": {"train_loss_means": 0.01571112871170044, "val_loss_mean": 0.030392855405807495, "val_f1_majority_bin": 0.17447916666666669, "val_f1_majority_macro": 0.5704457710849756, "val_acc_majority": 0.9354510283038078, "val_f1_individual_binary": 0.16666666666666666, "val_f1_individual_macro": 0.5676333511068982, "val_acc_individual": 0.9394804453325721, "train_time_millis": 883.0739613622427, "eval_time_millis": 9729.097687639296}, "Epoch7": {"train_loss_means": 0.013172036036849022, "val_loss_mean": 0.031259533017873764, "val_f1_majority_bin": 0.18528610354223435, "val_f1_majority_macro": 0.5768313119509163, "val_acc_majority": 0.9391162695988597, "val_f1_individual_binary": 0.17304492512479203, "val_f1_individual_macro": 0.5718304914142347, "val_acc_individual": 0.9432486440194119, "train_time_millis": 893.7737289816141, "eval_time_millis": 9764.124325942248}, "Epoch8": {"train_loss_means": 0.011850920505821705, "val_loss_mean": 0.031450968235731125, "val_f1_majority_bin": 0.18414322250639387, "val_f1_majority_macro": 0.5751593007877107, "val_acc_majority": 0.9350437792710242, "val_f1_individual_binary": 0.16628175519630486, "val_f1_individual_macro": 0.5670873956379379, "val_acc_individual": 0.9381672851841278, "train_time_millis": 896.5779449790716, "eval_time_millis": 7611.928076017648}, "Epoch9": {"train_loss_means": 0.011206332594156265, "val_loss_mean": 0.03205803781747818, "val_f1_majority_bin": 0.1876675603217158, "val_f1_majority_macro": 0.5778003374685095, "val_acc_majority": 0.9383017715332926, "val_f1_individual_binary": 0.17306122448979594, "val_f1_individual_macro": 0.5715476215630462, "val_acc_individual": 0.942163859548958, "train_time_millis": 881.3370959833264, "eval_time_millis": 7607.142559252679}, "Test_results": {"test_f1_majority_binary": 0.18528610354223435, "test_f1_majority_macro": 0.5768313119509163, "test_acc_majority": 0.9391162695988597, "test_f1_individual_binary": 0.17304492512479203, "test_f1_individual_macro": 0.5718304914142347, "test_acc_individual": 0.9432486440194119, "test_time_millis": 7673.580795060843, "dataset_size": 20063, "number_of_annotations": 35706, "train_size": 798, "val_size": 17515, "test_size": 17393}}