{"Epoch0": {"train_loss_means": 0.1673797070980072, "val_loss_mean": 0.15780796110630035, "val_f1_majority_bin": 0.6545454545454545, "val_f1_majority_macro": 0.7265660134918086, "val_acc_majority": 0.7455357142857143, "val_f1_individual_binary": 0.622680412371134, "val_f1_individual_macro": 0.7048209978037276, "val_acc_individual": 0.7276785714285714, "train_time_millis": 2137.7119249664247, "eval_time_millis": 570.1176539878361}, "Epoch1": {"train_loss_means": 0.11383672058582306, "val_loss_mean": 0.16552256047725677, "val_f1_majority_bin": 0.7169811320754716, "val_f1_majority_macro": 0.8146309169149288, "val_acc_majority": 0.8660714285714286, "val_f1_individual_binary": 0.6363636363636362, "val_f1_individual_macro": 0.7641277641277642, "val_acc_individual": 0.8333333333333334, "train_time_millis": 2142.418424016796, "eval_time_millis": 2351.6183509491384}, "Epoch2": {"train_loss_means": 0.08190329372882843, "val_loss_mean": 0.1425100862979889, "val_f1_majority_bin": 0.7086614173228345, "val_f1_majority_macro": 0.7966983099075231, "val_acc_majority": 0.8348214285714286, "val_f1_individual_binary": 0.6522911051212938, "val_f1_individual_macro": 0.759855727278016, "val_acc_individual": 0.8080357142857143, "train_time_millis": 2134.572290990036, "eval_time_millis": 2346.03497502394}, "Epoch3": {"train_loss_means": 0.06619666516780853, "val_loss_mean": 0.14885783195495605, "val_f1_majority_bin": 0.7218045112781956, "val_f1_majority_macro": 0.802172096908939, "val_acc_majority": 0.8348214285714286, "val_f1_individual_binary": 0.6735218508997429, "val_f1_individual_macro": 0.7702687788530128, "val_acc_individual": 0.8110119047619048, "train_time_millis": 2140.164515993092, "eval_time_millis": 2349.140549020376}, "Epoch4": {"train_loss_means": 0.06228143349289894, "val_loss_mean": 0.15239566564559937, "val_f1_majority_bin": 0.7058823529411765, "val_f1_majority_macro": 0.7888386123680242, "val_acc_majority": 0.8214285714285714, "val_f1_individual_binary": 0.6482412060301509, "val_f1_individual_macro": 0.7501248313448852, "val_acc_individual": 0.7916666666666666, "train_time_millis": 2146.7199220205657, "eval_time_millis": 2337.2496330412105}, "Epoch5": {"train_loss_means": 0.059161778539419174, "val_loss_mean": 0.17404620349407196, "val_f1_majority_bin": 0.7142857142857142, "val_f1_majority_macro": 0.8012422360248447, "val_acc_majority": 0.8392857142857143, "val_f1_individual_binary": 0.6630434782608695, "val_f1_individual_macro": 0.7679971489665003, "val_acc_individual": 0.8154761904761905, "train_time_millis": 2123.50486201467, "eval_time_millis": 2335.673272027634}, "Epoch6": {"train_loss_means": 0.056065645068883896, "val_loss_mean": 0.18844516575336456, "val_f1_majority_bin": 0.7058823529411765, "val_f1_majority_macro": 0.799749687108886, "val_acc_majority": 0.84375, "val_f1_individual_binary": 0.6455331412103746, "val_f1_individual_macro": 0.7610815154396908, "val_acc_individual": 0.8169642857142857, "train_time_millis": 2135.122712003067, "eval_time_millis": 2341.8001380050555}, "Epoch7": {"train_loss_means": 0.05536758527159691, "val_loss_mean": 0.18680472671985626, "val_f1_majority_bin": 0.7166666666666666, "val_f1_majority_macro": 0.8065040650406503, "val_acc_majority": 0.8482142857142857, "val_f1_individual_binary": 0.6571428571428573, "val_f1_individual_macro": 0.7682092555331992, "val_acc_individual": 0.8214285714285714, "train_time_millis": 2118.290014041122, "eval_time_millis": 2338.2442540023476}, "Epoch8": {"train_loss_means": 0.05363798141479492, "val_loss_mean": 0.203291118144989, "val_f1_majority_bin": 0.7256637168141592, "val_f1_majority_macro": 0.8165632016906617, "val_acc_majority": 0.8616071428571429, "val_f1_individual_binary": 0.6565349544072948, "val_f1_individual_macro": 0.7726024525731056, "val_acc_individual": 0.8318452380952381, "train_time_millis": 2136.3870479981415, "eval_time_millis": 2341.554472979624}, "Epoch9": {"train_loss_means": 0.051755595952272415, "val_loss_mean": 0.2162117063999176, "val_f1_majority_bin": 0.7321428571428571, "val_f1_majority_macro": 0.8214285714285714, "val_acc_majority": 0.8660714285714286, "val_f1_individual_binary": 0.6625766871165644, "val_f1_individual_macro": 0.7772608386466908, "val_acc_individual": 0.8363095238095238, "train_time_millis": 2127.905462984927, "eval_time_millis": 2345.4443130176514}, "Test_results": {"test_f1_majority_binary": 0.7321428571428571, "test_f1_majority_macro": 0.8214285714285714, "test_acc_majority": 0.8660714285714286, "test_f1_individual_binary": 0.6625766871165644, "test_f1_individual_macro": 0.7772608386466908, "test_acc_individual": 0.8363095238095238, "test_time_millis": 2347.540566988755, "dataset_size": 1120, "number_of_annotations": 3360, "train_size": 2016, "val_size": 672, "test_size": 672}}