{"Epoch0": {"train_loss_means": 0.15050652623176575, "val_loss_mean": 0.15143367648124695, "val_f1_majority_bin": 0.5434782608695652, "val_f1_majority_macro": 0.7127503663898388, "val_acc_majority": 0.8125, "val_f1_individual_binary": 0.4644194756554307, "val_f1_individual_macro": 0.6658216226930821, "val_acc_individual": 0.7872023809523809, "train_time_millis": 401.64999396074563, "eval_time_millis": 2639.134128985461}, "Epoch1": {"train_loss_means": 0.10894045233726501, "val_loss_mean": 0.13630934059619904, "val_f1_majority_bin": 0.5434782608695652, "val_f1_majority_macro": 0.7127503663898388, "val_acc_majority": 0.8125, "val_f1_individual_binary": 0.4681647940074906, "val_f1_individual_macro": 0.6681585344225012, "val_acc_individual": 0.7886904761904762, "train_time_millis": 402.8462709975429, "eval_time_millis": 2636.78413501475}, "Epoch2": {"train_loss_means": 0.08815763890743256, "val_loss_mean": 0.15594923496246338, "val_f1_majority_bin": 0.5277777777777778, "val_f1_majority_macro": 0.7186761229314421, "val_acc_majority": 0.8482142857142857, "val_f1_individual_binary": 0.40579710144927533, "val_f1_individual_macro": 0.6488088409621047, "val_acc_individual": 0.8169642857142857, "train_time_millis": 401.3633800204843, "eval_time_millis": 2638.0184720037505}, "Epoch3": {"train_loss_means": 0.08137132227420807, "val_loss_mean": 0.16580034792423248, "val_f1_majority_bin": 0.523076923076923, "val_f1_majority_macro": 0.7210684876481221, "val_acc_majority": 0.8616071428571429, "val_f1_individual_binary": 0.38709677419354843, "val_f1_individual_macro": 0.644325589169313, "val_acc_individual": 0.8303571428571429, "train_time_millis": 401.60190395545214, "eval_time_millis": 2637.2979329898953}, "Epoch4": {"train_loss_means": 0.0751907080411911, "val_loss_mean": 0.1643023043870926, "val_f1_majority_bin": 0.5135135135135135, "val_f1_majority_macro": 0.7086284145107675, "val_acc_majority": 0.8392857142857143, "val_f1_individual_binary": 0.39906103286384975, "val_f1_individual_macro": 0.6429434253620752, "val_acc_individual": 0.8095238095238095, "train_time_millis": 399.895690032281, "eval_time_millis": 2636.94715796737}, "Epoch5": {"train_loss_means": 0.07047022879123688, "val_loss_mean": 0.210709348320961, "val_f1_majority_bin": 0.3773584905660377, "val_f1_majority_macro": 0.6469070933842846, "val_acc_majority": 0.8526785714285714, "val_f1_individual_binary": 0.2933333333333333, "val_f1_individual_macro": 0.6022780569514238, "val_acc_individual": 0.8422619047619048, "train_time_millis": 401.1994780157693, "eval_time_millis": 2640.0244609685615}, "Epoch6": {"train_loss_means": 0.066268190741539, "val_loss_mean": 0.18862545490264893, "val_f1_majority_bin": 0.47887323943661975, "val_f1_majority_macro": 0.6903650016811745, "val_acc_majority": 0.8348214285714286, "val_f1_individual_binary": 0.3872549019607843, "val_f1_individual_macro": 0.6388028895768834, "val_acc_individual": 0.8139880952380952, "train_time_millis": 401.0244550299831, "eval_time_millis": 2635.5367379728705}, "Epoch7": {"train_loss_means": 0.06611412018537521, "val_loss_mean": 0.19554531574249268, "val_f1_majority_bin": 0.5074626865671641, "val_f1_majority_macro": 0.7104242566694088, "val_acc_majority": 0.8526785714285714, "val_f1_individual_binary": 0.38541666666666663, "val_f1_individual_macro": 0.6414930555555556, "val_acc_individual": 0.8244047619047619, "train_time_millis": 400.0355220050551, "eval_time_millis": 2635.1119030150585}, "Epoch8": {"train_loss_means": 0.06691683083772659, "val_loss_mean": 0.20691335201263428, "val_f1_majority_bin": 0.5151515151515151, "val_f1_majority_macro": 0.7156909408218308, "val_acc_majority": 0.8571428571428571, "val_f1_individual_binary": 0.39153439153439157, "val_f1_individual_macro": 0.645983645983646, "val_acc_individual": 0.8288690476190477, "train_time_millis": 400.8419510209933, "eval_time_millis": 2631.4879219862632}, "Epoch9": {"train_loss_means": 0.06412296742200851, "val_loss_mean": 0.21494275331497192, "val_f1_majority_bin": 0.45901639344262296, "val_f1_majority_macro": 0.6868725378065828, "val_acc_majority": 0.8526785714285714, "val_f1_individual_binary": 0.3542857142857143, "val_f1_individual_macro": 0.6288109495295124, "val_acc_individual": 0.8318452380952381, "train_time_millis": 398.9272339968011, "eval_time_millis": 2042.4591400078498}, "Test_results": {"test_f1_majority_binary": 0.523076923076923, "test_f1_majority_macro": 0.7210684876481221, "test_acc_majority": 0.8616071428571429, "test_f1_individual_binary": 0.38709677419354843, "test_f1_individual_macro": 0.644325589169313, "test_acc_individual": 0.8303571428571429, "test_time_millis": 2636.6551339742728, "dataset_size": 515, "number_of_annotations": 3090, "train_size": 402, "val_size": 1344, "test_size": 1344}}