{"Epoch0": {"train_loss_means": 0.06309662014245987, "val_loss_mean": 0.05404581502079964, "val_f1_majority_bin": 0.30887045309508615, "val_f1_majority_macro": 0.6293831793580913, "val_acc_majority": 0.9065654387024416, "val_f1_individual_binary": 0.3181430278204472, "val_f1_individual_macro": 0.6316998762709674, "val_acc_individual": 0.8986503627784261, "train_time_millis": 35733.84220339358, "eval_time_millis": 15355.055053718388}, "Epoch1": {"train_loss_means": 0.04887192323803902, "val_loss_mean": 0.05668635666370392, "val_f1_majority_bin": 0.3136246786632391, "val_f1_majority_macro": 0.6321198395628228, "val_acc_majority": 0.9078595461996376, "val_f1_individual_binary": 0.3226473629782834, "val_f1_individual_macro": 0.6344184044948651, "val_acc_individual": 0.900299355624334, "train_time_millis": 35909.775231964886, "eval_time_millis": 17474.92520324886}, "Epoch2": {"train_loss_means": 0.040545690804719925, "val_loss_mean": 0.059136923402547836, "val_f1_majority_bin": 0.2705761316872428, "val_f1_majority_macro": 0.6019045080698198, "val_acc_majority": 0.8776637045983953, "val_f1_individual_binary": 0.29191155891407783, "val_f1_individual_macro": 0.6106649439151224, "val_acc_individual": 0.8716322492262418, "train_time_millis": 35958.37749168277, "eval_time_millis": 17469.979885034263}, "Epoch3": {"train_loss_means": 0.033921174705028534, "val_loss_mean": 0.094619981944561, "val_f1_majority_bin": 0.35510887772194305, "val_f1_majority_macro": 0.6600448881969729, "val_acc_majority": 0.9335691484772668, "val_f1_individual_binary": 0.3449186097668279, "val_f1_individual_macro": 0.6524162304454008, "val_acc_individual": 0.9244507585367091, "train_time_millis": 35969.196622725576, "eval_time_millis": 16467.563756275922}, "Epoch4": {"train_loss_means": 0.02946179360151291, "val_loss_mean": 0.0920146256685257, "val_f1_majority_bin": 0.3224461431549687, "val_f1_majority_macro": 0.6388020625170971, "val_acc_majority": 0.9158830126822535, "val_f1_individual_binary": 0.33240586162122054, "val_f1_individual_macro": 0.6417016032866127, "val_acc_individual": 0.9086965345781115, "train_time_millis": 36041.2835739553, "eval_time_millis": 17514.04730696231}, "Epoch5": {"train_loss_means": 0.02678838185966015, "val_loss_mean": 0.10646983236074448, "val_f1_majority_bin": 0.34703196347031967, "val_f1_majority_macro": 0.6538982754977353, "val_acc_majority": 0.9259770511603831, "val_f1_individual_binary": 0.3458494012583722, "val_f1_individual_macro": 0.6511208607720645, "val_acc_individual": 0.9182353239636715, "train_time_millis": 35982.65980416909, "eval_time_millis": 17497.323169838637}, "Epoch6": {"train_loss_means": 0.025030439719557762, "val_loss_mean": 0.132996067404747, "val_f1_majority_bin": 0.3609022556390977, "val_f1_majority_macro": 0.6630529017563239, "val_acc_majority": 0.9340005176429989, "val_f1_individual_binary": 0.350147025559828, "val_f1_individual_macro": 0.6557696089970745, "val_acc_individual": 0.9271145162108682, "train_time_millis": 36004.64288704097, "eval_time_millis": 17482.86573216319}, "Epoch7": {"train_loss_means": 0.023856114596128464, "val_loss_mean": 0.13106420636177063, "val_f1_majority_bin": 0.3509316770186335, "val_f1_majority_macro": 0.656373849836621, "val_acc_majority": 0.927875075489604, "val_f1_individual_binary": 0.3501583949313622, "val_f1_individual_macro": 0.6543169945264495, "val_acc_individual": 0.9219392155867877, "train_time_millis": 35965.41578229517, "eval_time_millis": 17455.67841315642}, "Epoch8": {"train_loss_means": 0.023288683965802193, "val_loss_mean": 0.13944754004478455, "val_f1_majority_bin": 0.36118143459915614, "val_f1_majority_macro": 0.6633838254506895, "val_acc_majority": 0.9346907083081701, "val_f1_individual_binary": 0.35414301929625425, "val_f1_individual_macro": 0.6579598491840732, "val_acc_individual": 0.9278248515906439, "train_time_millis": 35998.484265990555, "eval_time_millis": 16764.658637344837}, "Epoch9": {"train_loss_means": 0.022409312427043915, "val_loss_mean": 0.13797174394130707, "val_f1_majority_bin": 0.3513513513513513, "val_f1_majority_macro": 0.6570659329280019, "val_acc_majority": 0.9296005521525321, "val_f1_individual_binary": 0.34901365705614573, "val_f1_individual_macro": 0.6542772500955115, "val_acc_individual": 0.9238165305190522, "train_time_millis": 36045.94880482182, "eval_time_millis": 17466.583858709782}, "Test_results": {"test_f1_majority_binary": 0.36118143459915614, "test_f1_majority_macro": 0.6633838254506895, "test_acc_majority": 0.9346907083081701, "test_f1_individual_binary": 0.35414301929625425, "test_f1_individual_macro": 0.6579598491840732, "test_acc_individual": 0.9278248515906439, "test_time_millis": 17454.480266664177, "dataset_size": 32187, "number_of_annotations": 111842, "train_size": 33050, "val_size": 39418, "test_size": 39374}}