{"Epoch0": {"train_loss_means": 0.6699439883232117, "val_loss_mean": 0.4701704978942871, "val_f1_majority_bin": 0.37185928225517273, "val_f1_majority_macro": 0.6604547970143372, "val_acc_majority": 0.9057457447052002, "val_f1_individual_binary": 0.3729854226112366, "val_f1_individual_macro": 0.662563238100025, "val_acc_individual": 0.9110699892044067, "train_acc_means": 0.944936215877533, "train_time_millis": 84579.25983800669, "eval_time_millis": 12767.80375301314}, "Epoch1": {"train_loss_means": 0.4192110598087311, "val_loss_mean": 0.4065362811088562, "val_f1_majority_bin": 0.44238409399986267, "val_f1_majority_macro": 0.7043614781020642, "val_acc_majority": 0.9365103244781494, "val_f1_individual_binary": 0.4501541554927826, "val_f1_individual_macro": 0.7097044014611391, "val_acc_individual": 0.941765546798706, "train_acc_means": 0.949259877204895, "train_time_millis": 84981.18814300688, "eval_time_millis": 12854.818802996306}, "Epoch2": {"train_loss_means": 0.32007384300231934, "val_loss_mean": 0.4047098457813263, "val_f1_majority_bin": 0.4695121943950653, "val_f1_majority_macro": 0.7209531465852498, "val_acc_majority": 0.9475192427635193, "val_f1_individual_binary": 0.47851336002349854, "val_f1_individual_macro": 0.7264376295743934, "val_acc_individual": 0.9511265754699707, "train_acc_means": 0.9567453861236572, "train_time_millis": 85291.66526399786, "eval_time_millis": 12908.45335299673}, "Epoch3": {"train_loss_means": 0.24991217255592346, "val_loss_mean": 0.4543294608592987, "val_f1_majority_bin": 0.4508320689201355, "val_f1_majority_macro": 0.7110124175482074, "val_acc_majority": 0.9452571272850037, "val_f1_individual_binary": 0.4809248447418213, "val_f1_individual_macro": 0.7276404504768317, "val_acc_individual": 0.9511265754699707, "train_acc_means": 0.9643641114234924, "train_time_millis": 84879.08975499158, "eval_time_millis": 12893.933587009087}, "Test_results": {"test_f1_majority_binary": 0.4407294690608978, "test_f1_majority_macro": 0.7058811144373072, "test_acc_majority": 0.9449184536933899, "test_f1_individual_binary": 0.4366706907749176, "test_f1_individual_macro": 0.7052210500499819, "test_acc_individual": 0.9498765468597412, "test_time_millis": 12997.510362998582, "dataset_size": 33234, "number_of_annotations": 46168}}