{"Epoch0": {"train_loss_means": 0.022133810445666313, "val_loss_mean": 0.014267206192016602, "val_f1_majority_bin": 0.34032634032634024, "val_f1_majority_macro": 0.6591779982044712, "val_acc_majority": 0.9574755822689707, "val_f1_individual_binary": 0.3082706766917293, "val_f1_individual_macro": 0.6438375993711613, "val_acc_individual": 0.96, "train_time_millis": 28395.840813000177, "eval_time_millis": 5674.375999999029}, "Epoch1": {"train_loss_means": 0.011748799122869968, "val_loss_mean": 0.013876836746931076, "val_f1_majority_bin": 0.3203285420944558, "val_f1_majority_macro": 0.647257774907479, "val_acc_majority": 0.9502629601803155, "val_f1_individual_binary": 0.29491525423728815, "val_f1_individual_macro": 0.6357787950018559, "val_acc_individual": 0.9547826086956521, "train_time_millis": 28364.350331999958, "eval_time_millis": 5670.212011000331}, "Epoch2": {"train_loss_means": 0.008376353420317173, "val_loss_mean": 0.013013613410294056, "val_f1_majority_bin": 0.28315412186379924, "val_f1_majority_macro": 0.625893246628261, "val_acc_majority": 0.9398948159278738, "val_f1_individual_binary": 0.2674772036474164, "val_f1_individual_macro": 0.6201550148549335, "val_acc_individual": 0.9476086956521739, "train_time_millis": 28353.19953099861, "eval_time_millis": 5667.189665000478}, "Epoch3": {"train_loss_means": 0.005780353676527739, "val_loss_mean": 0.016562018543481827, "val_f1_majority_bin": 0.3191919191919192, "val_f1_majority_macro": 0.6464473056747735, "val_acc_majority": 0.9493613824192336, "val_f1_individual_binary": 0.2966666666666667, "val_f1_individual_macro": 0.6364794007490637, "val_acc_individual": 0.9541304347826087, "train_time_millis": 28422.835511999438, "eval_time_millis": 5718.771563999326}, "Epoch4": {"train_loss_means": 0.004581650253385305, "val_loss_mean": 0.024065852165222168, "val_f1_majority_bin": 0.3791208791208791, "val_f1_majority_macro": 0.680831874752777, "val_acc_majority": 0.9660405709992487, "val_f1_individual_binary": 0.3510392609699769, "val_f1_individual_macro": 0.6676997384607217, "val_acc_individual": 0.9694565217391304, "train_time_millis": 28432.765870000367, "eval_time_millis": 5674.910126999748}, "Epoch5": {"train_loss_means": 0.003279387019574642, "val_loss_mean": 0.030580444261431694, "val_f1_majority_bin": 0.42138364779874216, "val_f1_majority_macro": 0.7036105431111936, "val_acc_majority": 0.9723516153268219, "val_f1_individual_binary": 0.3905013192612138, "val_f1_individual_macro": 0.6888414703514325, "val_acc_individual": 0.9748913043478261, "train_time_millis": 28397.199689001354, "eval_time_millis": 5663.877066999703}, "Epoch6": {"train_loss_means": 0.002979517914354801, "val_loss_mean": 0.03397997096180916, "val_f1_majority_bin": 0.4551724137931034, "val_f1_majority_macro": 0.7215186185708988, "val_acc_majority": 0.9762584522915101, "val_f1_individual_binary": 0.42441860465116277, "val_f1_individual_macro": 0.7067263603672296, "val_acc_individual": 0.9784782608695652, "train_time_millis": 28367.432549001023, "eval_time_millis": 5666.552947001037}, "Epoch7": {"train_loss_means": 0.0025545379612594843, "val_loss_mean": 0.03625653311610222, "val_f1_majority_bin": 0.4429967426710098, "val_f1_majority_macro": 0.7149229656598916, "val_acc_majority": 0.974305033809166, "val_f1_individual_binary": 0.4120879120879121, "val_f1_individual_macro": 0.7001113767580833, "val_acc_individual": 0.9767391304347826, "train_time_millis": 28465.633207999417, "eval_time_millis": 5668.878615000722}, "Epoch8": {"train_loss_means": 0.002278396626934409, "val_loss_mean": 0.04036392644047737, "val_f1_majority_bin": 0.4925373134328359, "val_f1_majority_macro": 0.7410547324716702, "val_acc_majority": 0.979564237415477, "val_f1_individual_binary": 0.46202531645569617, "val_f1_individual_macro": 0.7263123706808452, "val_acc_individual": 0.9815217391304348, "train_time_millis": 28413.569983000343, "eval_time_millis": 5675.448403000701}, "Epoch9": {"train_loss_means": 0.002020828891545534, "val_loss_mean": 0.03991859406232834, "val_f1_majority_bin": 0.4680851063829787, "val_f1_majority_macro": 0.728285721751514, "val_acc_majority": 0.9774605559729527, "val_f1_individual_binary": 0.44108761329305135, "val_f1_individual_macro": 0.7154245416069551, "val_acc_individual": 0.9798913043478261, "train_time_millis": 28524.51055399979, "eval_time_millis": 5669.123998000941}, "Test_results": {"test_f1_majority_binary": 0.4925373134328359, "test_f1_majority_macro": 0.7410547324716702, "test_acc_majority": 0.979564237415477, "test_f1_individual_binary": 0.46202531645569617, "test_f1_individual_macro": 0.7263123706808452, "test_acc_individual": 0.9815217391304348, "test_time_millis": 5666.605178001191, "dataset_size": 33234, "number_of_annotations": 46168, "train_size": 27632, "val_size": 9200, "test_size": 9336}}