{"Epoch0": {"train_loss_means": 0.051189154386520386, "val_loss_mean": 0.03897395730018616, "val_f1_majority_bin": 0.37030411449016104, "val_f1_majority_macro": 0.6648240369170603, "val_acc_majority": 0.9236193989367473, "val_f1_individual_binary": 0.3354107648725212, "val_f1_individual_macro": 0.6475403489138263, "val_acc_individual": 0.9239546191247974, "train_time_millis": 48314.9483371526, "eval_time_millis": 8692.093902267516}, "Epoch1": {"train_loss_means": 0.03836022689938545, "val_loss_mean": 0.038162488490343094, "val_f1_majority_bin": 0.4012036108324975, "val_f1_majority_macro": 0.6834830349855553, "val_acc_majority": 0.935228382336986, "val_f1_individual_binary": 0.36095054592164416, "val_f1_individual_macro": 0.6634916932660144, "val_acc_individual": 0.9354943273905997, "train_time_millis": 48353.43726258725, "eval_time_millis": 8685.402630828321}, "Epoch2": {"train_loss_means": 0.03227365389466286, "val_loss_mean": 0.038270145654678345, "val_f1_majority_bin": 0.40824742268041236, "val_f1_majority_macro": 0.6876899046521623, "val_acc_majority": 0.9377237712921775, "val_f1_individual_binary": 0.37508372404554585, "val_f1_individual_macro": 0.6716512737474042, "val_acc_individual": 0.9395137763371151, "train_time_millis": 48266.98413398117, "eval_time_millis": 8696.424016728997}, "Epoch3": {"train_loss_means": 0.026558205485343933, "val_loss_mean": 0.0415726900100708, "val_f1_majority_bin": 0.34719999999999995, "val_f1_majority_macro": 0.6498569832402235, "val_acc_majority": 0.9114679396766844, "val_f1_individual_binary": 0.3232848232848233, "val_f1_individual_macro": 0.6391367074316671, "val_acc_individual": 0.9155915721231767, "train_time_millis": 48481.51598125696, "eval_time_millis": 8690.145576372743}, "Epoch4": {"train_loss_means": 0.022442512214183807, "val_loss_mean": 0.048981547355651855, "val_f1_majority_bin": 0.396039603960396, "val_f1_majority_macro": 0.6805152106119702, "val_acc_majority": 0.933817945101443, "val_f1_individual_binary": 0.3649444081098757, "val_f1_individual_macro": 0.6659141057636108, "val_acc_individual": 0.9370502431118315, "train_time_millis": 48375.18890108913, "eval_time_millis": 8697.404920123518}, "Epoch5": {"train_loss_means": 0.019753234460949898, "val_loss_mean": 0.06025782600045204, "val_f1_majority_bin": 0.3995749202975557, "val_f1_majority_macro": 0.6836381432791729, "val_acc_majority": 0.9387002278398612, "val_f1_individual_binary": 0.3712660028449502, "val_f1_individual_macro": 0.6706214540783643, "val_acc_individual": 0.9426904376012966, "train_time_millis": 48406.39645140618, "eval_time_millis": 8589.315167628229}, "Epoch6": {"train_loss_means": 0.017367340624332428, "val_loss_mean": 0.05959760770201683, "val_f1_majority_bin": 0.388235294117647, "val_f1_majority_macro": 0.6762010282463737, "val_acc_majority": 0.9322990126939351, "val_f1_individual_binary": 0.356629653821032, "val_f1_individual_macro": 0.6615168460789733, "val_acc_individual": 0.9361426256077796, "train_time_millis": 48349.22453481704, "eval_time_millis": 8633.201183751225}, "Epoch7": {"train_loss_means": 0.01612616889178753, "val_loss_mean": 0.07035700976848602, "val_f1_majority_bin": 0.40397350993377484, "val_f1_majority_macro": 0.6865828298185533, "val_acc_majority": 0.9414126071389823, "val_f1_individual_binary": 0.3793876026885736, "val_f1_individual_macro": 0.6756143055630527, "val_acc_individual": 0.9461264181523501, "train_time_millis": 48479.927812702954, "eval_time_millis": 8669.967699795961}, "Epoch8": {"train_loss_means": 0.015171407721936703, "val_loss_mean": 0.07114612311124802, "val_f1_majority_bin": 0.4034896401308615, "val_f1_majority_macro": 0.6861314159437204, "val_acc_majority": 0.9406531409352283, "val_f1_individual_binary": 0.379690949227373, "val_f1_individual_macro": 0.6755529785979529, "val_acc_individual": 0.9453484602917342, "train_time_millis": 48438.13593685627, "eval_time_millis": 8664.246642030776}, "Epoch9": {"train_loss_means": 0.014289772137999535, "val_loss_mean": 0.07450901716947556, "val_f1_majority_bin": 0.40393013100436675, "val_f1_majority_macro": 0.6863810947292641, "val_acc_majority": 0.9407616361071932, "val_f1_individual_binary": 0.37730287398673545, "val_f1_individual_macro": 0.6743260038397381, "val_acc_individual": 0.9452188006482982, "train_time_millis": 48275.141331367195, "eval_time_millis": 8600.292180664837}, "Test_results": {"test_f1_majority_binary": 0.40397350993377484, "test_f1_majority_macro": 0.6865828298185533, "test_acc_majority": 0.9414126071389823, "test_f1_individual_binary": 0.3793876026885736, "test_f1_individual_macro": 0.6756143055630527, "test_acc_individual": 0.9461264181523501, "test_time_millis": 8667.87167917937, "dataset_size": 46126, "number_of_annotations": 77562, "train_size": 46535, "val_size": 15425, "test_size": 15602}}