{"Epoch0": {"train_loss_means": 0.2709486484527588, "val_loss_mean": 0.2966914474964142, "val_f1_majority_bin": 0.4537275064267352, "val_f1_majority_macro": 0.6011241082429534, "val_acc_majority": 0.6555915721231766, "val_f1_individual_binary": 0.45367258761401824, "val_f1_individual_macro": 0.5958510267720183, "val_acc_individual": 0.6458689901976039, "train_time_millis": 232493.525631, "eval_time_millis": 29649.78650100005}, "Epoch1": {"train_loss_means": 0.20681869983673096, "val_loss_mean": 0.3210374414920807, "val_f1_majority_bin": 0.4210526315789474, "val_f1_majority_macro": 0.5973958565051682, "val_acc_majority": 0.6746353322528363, "val_f1_individual_binary": 0.41559858194709576, "val_f1_individual_macro": 0.5911670933029263, "val_acc_individual": 0.6665629376069706, "train_time_millis": 233138.90484899998, "eval_time_millis": 29658.904337999957}, "Epoch2": {"train_loss_means": 0.16719762980937958, "val_loss_mean": 0.40622639656066895, "val_f1_majority_bin": 0.3759274525968673, "val_f1_majority_macro": 0.5862984026347215, "val_acc_majority": 0.6932739059967585, "val_f1_individual_binary": 0.373855383643827, "val_f1_individual_macro": 0.5845740219550817, "val_acc_individual": 0.6914579119340283, "train_time_millis": 233157.86111, "eval_time_millis": 29668.480457999976}, "Epoch3": {"train_loss_means": 0.14171381294727325, "val_loss_mean": 0.43912142515182495, "val_f1_majority_bin": 0.3889763779527559, "val_f1_majority_macro": 0.5886507639900168, "val_acc_majority": 0.6855753646677472, "val_f1_individual_binary": 0.3881678237247208, "val_f1_individual_macro": 0.5878581493636705, "val_acc_individual": 0.6846117939940874, "train_time_millis": 233128.95644799995, "eval_time_millis": 29668.992766999963}, "Epoch4": {"train_loss_means": 0.12547212839126587, "val_loss_mean": 0.38730111718177795, "val_f1_majority_bin": 0.4682988072818581, "val_f1_majority_macro": 0.6074667832400915, "val_acc_majority": 0.656807131280389, "val_f1_individual_binary": 0.4654926225606854, "val_f1_individual_macro": 0.6029497324546377, "val_acc_individual": 0.6505367978839272, "train_time_millis": 233154.31244299997, "eval_time_millis": 27670.79516600006}, "Epoch5": {"train_loss_means": 0.11444293707609177, "val_loss_mean": 0.40366849303245544, "val_f1_majority_bin": 0.4748118123914302, "val_f1_majority_macro": 0.5960846223066532, "val_acc_majority": 0.6324959481361426, "val_f1_individual_binary": 0.4767518009168304, "val_f1_individual_macro": 0.5935070499809584, "val_acc_individual": 0.6270421658627664, "train_time_millis": 233085.03934499982, "eval_time_millis": 29678.13811500014}, "Epoch6": {"train_loss_means": 0.10741358995437622, "val_loss_mean": 0.4974372386932373, "val_f1_majority_bin": 0.4404591104734576, "val_f1_majority_macro": 0.6101222712164013, "val_acc_majority": 0.6839546191247974, "val_f1_individual_binary": 0.43819312956451173, "val_f1_individual_macro": 0.6056860591581432, "val_acc_individual": 0.6768321145168819, "train_time_millis": 233029.85401699995, "eval_time_millis": 29675.7042549998}, "Epoch7": {"train_loss_means": 0.1001826599240303, "val_loss_mean": 0.4701787829399109, "val_f1_majority_bin": 0.46654158849280797, "val_f1_majority_macro": 0.6054613845970183, "val_acc_majority": 0.6543760129659644, "val_f1_individual_binary": 0.4669205140409329, "val_f1_individual_macro": 0.6040104188327642, "val_acc_individual": 0.6514703594211918, "train_time_millis": 233037.82626400015, "eval_time_millis": 27797.338321999632}, "Epoch8": {"train_loss_means": 0.09639021009206772, "val_loss_mean": 0.6440299153327942, "val_f1_majority_bin": 0.3738474434199497, "val_f1_majority_macro": 0.5871374540102687, "val_acc_majority": 0.6973257698541329, "val_f1_individual_binary": 0.3757881462799496, "val_f1_individual_macro": 0.5856424722310717, "val_acc_individual": 0.6919246927026607, "train_time_millis": 232963.74628400008, "eval_time_millis": 29606.279838999853}, "Epoch9": {"train_loss_means": 0.09172486513853073, "val_loss_mean": 0.5863860249519348, "val_f1_majority_bin": 0.41358936484490405, "val_f1_majority_macro": 0.5959627449573488, "val_acc_majority": 0.6782820097244733, "val_f1_individual_binary": 0.4158800666296502, "val_f1_individual_macro": 0.5942348884812756, "val_acc_individual": 0.6726310875991909, "train_time_millis": 233034.08604100015, "eval_time_millis": 29663.70668599984}, "Test_results": {"test_f1_majority_binary": 0.4404591104734576, "test_f1_majority_macro": 0.6101222712164013, "test_acc_majority": 0.6839546191247974, "test_f1_individual_binary": 0.43819312956451173, "test_f1_individual_macro": 0.6056860591581432, "test_acc_individual": 0.6768321145168819, "test_time_millis": 29603.426173000116, "dataset_size": 12636, "number_of_annotations": 32698, "train_size": 19440, "val_size": 6427, "test_size": 6831}}