{"Epoch0": {"train_loss_means": 0.28231021761894226, "val_loss_mean": 0.26557907462120056, "val_f1_majority_bin": 0.2175226586102719, "val_f1_majority_macro": 0.5110254802485322, "val_acc_majority": 0.6871980676328503, "val_f1_individual_binary": 0.23318385650224216, "val_f1_individual_macro": 0.5216973666528969, "val_acc_individual": 0.6957295373665481, "train_time_millis": 7794.747667008778, "eval_time_millis": 6042.34816301323}, "Epoch1": {"train_loss_means": 0.2716740667819977, "val_loss_mean": 0.27022784948349, "val_f1_majority_bin": 0.4005449591280654, "val_f1_majority_macro": 0.46166076589808913, "val_acc_majority": 0.46859903381642515, "val_f1_individual_binary": 0.3857868020304569, "val_f1_individual_macro": 0.4533842957103987, "val_acc_individual": 0.46174377224199287, "train_time_millis": 7804.4622680026805, "eval_time_millis": 6048.591240003589}, "Epoch2": {"train_loss_means": 0.24883688986301422, "val_loss_mean": 0.2714737057685852, "val_f1_majority_bin": 0.3717105263157895, "val_f1_majority_macro": 0.5036033547609482, "val_acc_majority": 0.538647342995169, "val_f1_individual_binary": 0.3680387409200968, "val_f1_individual_macro": 0.50047506666258, "val_acc_individual": 0.5355871886120996, "train_time_millis": 7808.989589000703, "eval_time_millis": 6067.064707996906}, "Epoch3": {"train_loss_means": 0.2248697280883789, "val_loss_mean": 0.2767364978790283, "val_f1_majority_bin": 0.315, "val_f1_majority_macro": 0.5484235668789809, "val_acc_majority": 0.6690821256038647, "val_f1_individual_binary": 0.30996309963099633, "val_f1_individual_macro": 0.5453684196865416, "val_acc_individual": 0.6672597864768683, "train_time_millis": 7819.387039999128, "eval_time_millis": 6079.038753989153}, "Epoch4": {"train_loss_means": 0.19277788698673248, "val_loss_mean": 0.29109784960746765, "val_f1_majority_bin": 0.34765624999999994, "val_f1_majority_macro": 0.527849104020979, "val_acc_majority": 0.5966183574879227, "val_f1_individual_binary": 0.351233671988389, "val_f1_individual_macro": 0.5322557070653939, "val_acc_individual": 0.6023131672597865, "train_time_millis": 7822.886455003754, "eval_time_millis": 6051.966293001897}, "Epoch5": {"train_loss_means": 0.16150598227977753, "val_loss_mean": 0.3117188811302185, "val_f1_majority_bin": 0.3355408388520972, "val_f1_majority_macro": 0.5426665125266306, "val_acc_majority": 0.6364734299516909, "val_f1_individual_binary": 0.3322475570032573, "val_f1_individual_macro": 0.5406647821735993, "val_acc_individual": 0.6352313167259787, "train_time_millis": 7827.318272989942, "eval_time_millis": 6061.230096995132}, "Epoch6": {"train_loss_means": 0.13225330412387848, "val_loss_mean": 0.35298243165016174, "val_f1_majority_bin": 0.29975429975429974, "val_f1_majority_macro": 0.5357858768587351, "val_acc_majority": 0.6557971014492754, "val_f1_individual_binary": 0.3054545454545455, "val_f1_individual_macro": 0.5402419959310419, "val_acc_individual": 0.6601423487544484, "train_time_millis": 7840.184002998285, "eval_time_millis": 5394.934900003136}, "Epoch7": {"train_loss_means": 0.12120577692985535, "val_loss_mean": 0.34656471014022827, "val_f1_majority_bin": 0.33535353535353535, "val_f1_majority_macro": 0.5259885678490329, "val_acc_majority": 0.6026570048309179, "val_f1_individual_binary": 0.33777777777777773, "val_f1_individual_macro": 0.5268037013491559, "val_acc_individual": 0.6023131672597865, "train_time_millis": 7847.505666999496, "eval_time_millis": 6057.224425007007}, "Epoch8": {"train_loss_means": 0.09675512462854385, "val_loss_mean": 0.36001139879226685, "val_f1_majority_bin": 0.36223506743737954, "val_f1_majority_macro": 0.5355590464715482, "val_acc_majority": 0.6002415458937198, "val_f1_individual_binary": 0.3574468085106383, "val_f1_individual_macro": 0.5319314405482549, "val_acc_individual": 0.5969750889679716, "train_time_millis": 7849.605642011738, "eval_time_millis": 6056.87484399823}, "Epoch9": {"train_loss_means": 0.09043801575899124, "val_loss_mean": 0.37651917338371277, "val_f1_majority_bin": 0.325678496868476, "val_f1_majority_macro": 0.5256259943985541, "val_acc_majority": 0.6099033816425121, "val_f1_individual_binary": 0.3297380585516179, "val_f1_individual_macro": 0.5288465152045144, "val_acc_individual": 0.6129893238434164, "train_time_millis": 7865.236626006663, "eval_time_millis": 6067.963324006996}, "Test_results": {"test_f1_majority_binary": 0.2175226586102719, "test_f1_majority_macro": 0.5110254802485322, "test_acc_majority": 0.6871980676328503, "test_f1_individual_binary": 0.23318385650224216, "test_f1_individual_macro": 0.5216973666528969, "test_acc_individual": 0.6957295373665481, "test_time_millis": 6064.824155997485, "dataset_size": 4427, "number_of_annotations": 6065, "train_size": 728, "val_size": 1124, "test_size": 1382}}