{"Epoch0": {"train_loss_means": 0.27928856015205383, "val_loss_mean": 0.2785053551197052, "val_f1_majority_bin": 0.41201716738197425, "val_f1_majority_macro": 0.5280865057689093, "val_acc_majority": 0.5566343042071198, "val_f1_individual_binary": 0.3788819875776398, "val_f1_individual_macro": 0.5170272006853716, "val_acc_individual": 0.5565410199556541, "train_time_millis": 50038.70761000144, "eval_time_millis": 6453.650385010405}, "Epoch1": {"train_loss_means": 0.26879796385765076, "val_loss_mean": 0.2933571934700012, "val_f1_majority_bin": 0.4649610678531702, "val_f1_majority_macro": 0.4806480731936008, "val_acc_majority": 0.4811218985976268, "val_f1_individual_binary": 0.4380358534684334, "val_f1_individual_macro": 0.4656799084629588, "val_acc_individual": 0.467110125646711, "train_time_millis": 49722.01963599946, "eval_time_millis": 5822.2256709996145}, "Epoch2": {"train_loss_means": 0.23869891464710236, "val_loss_mean": 0.29410383105278015, "val_f1_majority_bin": 0.37358490566037733, "val_f1_majority_macro": 0.5614148093256569, "val_acc_majority": 0.6418554476806904, "val_f1_individual_binary": 0.34520547945205476, "val_f1_individual_macro": 0.5516513227219788, "val_acc_individual": 0.6467110125646711, "train_time_millis": 49759.9453599978, "eval_time_millis": 7031.3780379947275}, "Epoch3": {"train_loss_means": 0.18268904089927673, "val_loss_mean": 0.3517053425312042, "val_f1_majority_bin": 0.4290123456790123, "val_f1_majority_macro": 0.5611065045144648, "val_acc_majority": 0.6008629989212514, "val_f1_individual_binary": 0.39643652561247217, "val_f1_individual_macro": 0.5483288822752627, "val_acc_individual": 0.5994087213599408, "train_time_millis": 49753.748254006496, "eval_time_millis": 5819.882198993582}, "Epoch4": {"train_loss_means": 0.12722250819206238, "val_loss_mean": 0.4835314154624939, "val_f1_majority_bin": 0.35363457760314343, "val_f1_majority_macro": 0.554512456087817, "val_acc_majority": 0.645091693635383, "val_f1_individual_binary": 0.3319268635724331, "val_f1_individual_macro": 0.5469158127385975, "val_acc_individual": 0.6489283074648928, "train_time_millis": 49786.832351004705, "eval_time_millis": 5821.0291449941}, "Epoch5": {"train_loss_means": 0.08650974929332733, "val_loss_mean": 0.6144183874130249, "val_f1_majority_bin": 0.35081374321880654, "val_f1_majority_macro": 0.53743607991071, "val_acc_majority": 0.6127292340884574, "val_f1_individual_binary": 0.3491655969191271, "val_f1_individual_macro": 0.5430311637942806, "val_acc_individual": 0.6252771618625277, "train_time_millis": 49786.75735001161, "eval_time_millis": 5822.293092991458}, "Epoch6": {"train_loss_means": 0.06438840180635452, "val_loss_mean": 0.5637972950935364, "val_f1_majority_bin": 0.411371237458194, "val_f1_majority_macro": 0.5655582301940651, "val_acc_majority": 0.6202804746494067, "val_f1_individual_binary": 0.39859320046893315, "val_f1_individual_macro": 0.5608724232242129, "val_acc_individual": 0.6208425720620843, "train_time_millis": 49789.3813069968, "eval_time_millis": 7866.644716006704}, "Epoch7": {"train_loss_means": 0.04946113005280495, "val_loss_mean": 0.7419679760932922, "val_f1_majority_bin": 0.4128595600676819, "val_f1_majority_macro": 0.5690584419499138, "val_acc_majority": 0.6256742179072277, "val_f1_individual_binary": 0.3947681331747919, "val_f1_individual_macro": 0.560922940582034, "val_acc_individual": 0.6237989652623799, "train_time_millis": 49795.501143002184, "eval_time_millis": 6779.6906949952245}, "Epoch8": {"train_loss_means": 0.04213080182671547, "val_loss_mean": 1.043496012687683, "val_f1_majority_bin": 0.3595959595959595, "val_f1_majority_macro": 0.5631681048899592, "val_acc_majority": 0.6580366774541532, "val_f1_individual_binary": 0.3395149786019971, "val_f1_individual_macro": 0.5542961426675821, "val_acc_individual": 0.6577974870657798, "train_time_millis": 49772.36814299249, "eval_time_millis": 5821.570776999579}, "Epoch9": {"train_loss_means": 0.03834346681833267, "val_loss_mean": 1.1246659755706787, "val_f1_majority_bin": 0.33405639913232105, "val_f1_majority_macro": 0.5568343732919323, "val_acc_majority": 0.668824163969795, "val_f1_individual_binary": 0.32407407407407407, "val_f1_individual_macro": 0.5556230428679408, "val_acc_individual": 0.6762749445676275, "train_time_millis": 49772.330872991006, "eval_time_millis": 5819.452809999348}, "Test_results": {"test_f1_majority_binary": 0.33405639913232105, "test_f1_majority_macro": 0.5568343732919323, "test_acc_majority": 0.668824163969795, "test_f1_individual_binary": 0.32407407407407407, "test_f1_individual_macro": 0.5556230428679408, "test_acc_individual": 0.6762749445676275, "test_time_millis": 5814.440789996297, "dataset_size": 4890, "number_of_annotations": 7112, "train_size": 4143, "val_size": 1353, "test_size": 1616}}