{"Epoch0": {"train_loss_means": 2.283184766769409, "val_loss_mean": 2.2124619483947754, "val_f1_majority_bin": 0.0, "val_f1_majority_macro": 0.4971366594360087, "val_acc_majority": 0.9886118769645691, "val_f1_individual_binary": 0.02466316521167755, "val_f1_individual_macro": 0.4835663782804074, "val_acc_individual": 0.8913480639457703, "train_acc_means": 0.7171453833580017, "train_time_millis": 26824.386306572706, "eval_time_millis": 43491.806311067194}, "Epoch1": {"train_loss_means": 1.9821951389312744, "val_loss_mean": 2.072190284729004, "val_f1_majority_bin": 0.0, "val_f1_majority_macro": 0.4971366594360087, "val_acc_majority": 0.9886118769645691, "val_f1_individual_binary": 0.0047904192470014095, "val_f1_individual_macro": 0.49705342538634856, "val_acc_individual": 0.9788597822189331, "train_acc_means": 0.9429605603218079, "train_time_millis": 26950.90660871938, "eval_time_millis": 43695.51727408543}, "Epoch2": {"train_loss_means": 1.7555656433105469, "val_loss_mean": 1.9716517925262451, "val_f1_majority_bin": 0.0, "val_f1_majority_macro": 0.4971366594360087, "val_acc_majority": 0.9886118769645691, "val_f1_individual_binary": 0.01834862306714058, "val_f1_individual_macro": 0.5050570270258821, "val_acc_individual": 0.9836678504943848, "train_acc_means": 0.9822689294815063, "train_time_millis": 27091.73450199887, "eval_time_millis": 43704.106512945145}, "Epoch3": {"train_loss_means": 1.5868194103240967, "val_loss_mean": 1.9423787593841553, "val_f1_majority_bin": 0.0, "val_f1_majority_macro": 0.4971366594360087, "val_acc_majority": 0.9886118769645691, "val_f1_individual_binary": 0.0031595577020198107, "val_f1_individual_macro": 0.49753412902651406, "val_acc_individual": 0.9839476943016052, "train_acc_means": 0.9860499501228333, "train_time_millis": 27058.49072802812, "eval_time_millis": 43734.10063609481}, "Epoch4": {"train_loss_means": 1.462327480316162, "val_loss_mean": 1.8838818073272705, "val_f1_majority_bin": 0.0, "val_f1_majority_macro": 0.4971366594360087, "val_acc_majority": 0.9886118769645691, "val_f1_individual_binary": 0.015600623562932014, "val_f1_individual_macro": 0.5037542471471997, "val_acc_individual": 0.9839476943016052, "train_acc_means": 0.9866026043891907, "train_time_millis": 27073.606899939477, "eval_time_millis": 43541.756166145205}, "Epoch5": {"train_loss_means": 1.3692052364349365, "val_loss_mean": 1.8850089311599731, "val_f1_majority_bin": 0.0, "val_f1_majority_macro": 0.4971366594360087, "val_acc_majority": 0.9886118769645691, "val_f1_individual_binary": 0.0031746032182127237, "val_f1_individual_macro": 0.49756104113697586, "val_acc_individual": 0.9840239882469177, "train_acc_means": 0.987231969833374, "train_time_millis": 27050.357025116682, "eval_time_millis": 43625.031776726246}, "Epoch6": {"train_loss_means": 1.2724506855010986, "val_loss_mean": 1.787787914276123, "val_f1_majority_bin": 0.14364640414714813, "val_f1_majority_macro": 0.5684537856989643, "val_acc_majority": 0.9866275787353516, "val_f1_individual_binary": 0.10080183297395706, "val_f1_individual_macro": 0.5453523602030518, "val_acc_individual": 0.9800300002098083, "train_acc_means": 0.9875013828277588, "train_time_millis": 27111.590053886175, "eval_time_millis": 43590.418227016926}, "Epoch7": {"train_loss_means": 1.2012053728103638, "val_loss_mean": 1.7685235738754272, "val_f1_majority_bin": 0.10884353518486023, "val_f1_majority_macro": 0.5515782696842574, "val_acc_majority": 0.9886981248855591, "val_f1_individual_binary": 0.09028727561235428, "val_f1_individual_macro": 0.5408746337537613, "val_acc_individual": 0.9830827713012695, "train_acc_means": 0.9871960878372192, "train_time_millis": 27257.037836126983, "eval_time_millis": 43570.86160592735}, "Epoch8": {"train_loss_means": 1.1261873245239258, "val_loss_mean": 1.7480212450027466, "val_f1_majority_bin": 0.23333333432674408, "val_f1_majority_macro": 0.6136669275135496, "val_acc_majority": 0.9880942106246948, "val_f1_individual_binary": 0.1504315733909607, "val_f1_individual_macro": 0.5707881607905945, "val_acc_individual": 0.9824721813201904, "train_acc_means": 0.9869625568389893, "train_time_millis": 27056.85850419104, "eval_time_millis": 43774.5565790683}, "Epoch9": {"train_loss_means": 1.0654232501983643, "val_loss_mean": 1.7293373346328735, "val_f1_majority_bin": 0.2295081913471222, "val_f1_majority_macro": 0.6116887476932354, "val_acc_majority": 0.9878354072570801, "val_f1_individual_binary": 0.17298577725887299, "val_f1_individual_macro": 0.5820055301805925, "val_acc_individual": 0.9822432398796082, "train_acc_means": 0.9864040613174438, "train_time_millis": 27068.153327330947, "eval_time_millis": 43812.82230699435}, "Test_results": {"test_f1_majority_binary": 0.20879121124744415, "test_f1_majority_macro": 0.6012654418010474, "test_acc_majority": 0.9875776171684265, "test_f1_individual_binary": 0.16347381472587585, "test_f1_individual_macro": 0.5775403972333172, "test_acc_individual": 0.9833806753158569, "test_time_millis": 43587.391290813684, "dataset_size": 27147, "number_of_annotations": 92821}}