{"Epoch0": {"train_loss_means": 0.16087986528873444, "val_loss_mean": 0.14894066751003265, "val_f1_majority_bin": 0.6008230452674896, "val_f1_majority_macro": 0.7423276902984155, "val_acc_majority": 0.8200371057513914, "val_f1_individual_binary": 0.619047619047619, "val_f1_individual_macro": 0.7605192153431051, "val_acc_individual": 0.8440925700365408, "train_time_millis": 4173.447502020281, "eval_time_millis": 1169.061259017326}, "Epoch1": {"train_loss_means": 0.11180644482374191, "val_loss_mean": 0.13105235993862152, "val_f1_majority_bin": 0.6850393700787402, "val_f1_majority_macro": 0.7939759957189818, "val_acc_majority": 0.8515769944341373, "val_f1_individual_binary": 0.6723163841807909, "val_f1_individual_macro": 0.7911271361897743, "val_acc_individual": 0.8587088915956151, "train_time_millis": 4293.155499995919, "eval_time_millis": 1683.2577970053535}, "Epoch2": {"train_loss_means": 0.07976460456848145, "val_loss_mean": 0.12812282145023346, "val_f1_majority_bin": 0.7183673469387755, "val_f1_majority_macro": 0.817767106842737, "val_acc_majority": 0.8719851576994434, "val_f1_individual_binary": 0.7087087087087087, "val_f1_individual_macro": 0.8173031702443467, "val_acc_individual": 0.881851400730816, "train_time_millis": 4257.51836199197, "eval_time_millis": 1798.5525430121925}, "Epoch3": {"train_loss_means": 0.057477254420518875, "val_loss_mean": 0.10695628821849823, "val_f1_majority_bin": 0.7786259541984732, "val_f1_majority_macro": 0.8537737614129621, "val_acc_majority": 0.8923933209647495, "val_f1_individual_binary": 0.7732558139534884, "val_f1_individual_macro": 0.856581682015265, "val_acc_individual": 0.904993909866017, "train_time_millis": 4241.161356010707, "eval_time_millis": 1859.9016109947115}, "Epoch4": {"train_loss_means": 0.041234783828258514, "val_loss_mean": 0.1342967450618744, "val_f1_majority_bin": 0.6788990825688074, "val_f1_majority_macro": 0.7695427503389975, "val_acc_majority": 0.8051948051948052, "val_f1_individual_binary": 0.6544622425629291, "val_f1_individual_macro": 0.7645755196217134, "val_acc_individual": 0.8160779537149817, "train_time_millis": 4214.048138994258, "eval_time_millis": 1425.7999639958143}, "Epoch5": {"train_loss_means": 0.03202999383211136, "val_loss_mean": 0.1613328605890274, "val_f1_majority_bin": 0.7871485943775101, "val_f1_majority_macro": 0.8616080728220481, "val_acc_majority": 0.9016697588126159, "val_f1_individual_binary": 0.7815384615384615, "val_f1_individual_macro": 0.8638140295543485, "val_acc_individual": 0.9135200974421437, "train_time_millis": 4261.34461798938, "eval_time_millis": 2758.9428939973004}, "Epoch6": {"train_loss_means": 0.02541162446141243, "val_loss_mean": 0.15193518996238708, "val_f1_majority_bin": 0.757142857142857, "val_f1_majority_macro": 0.8359649122807017, "val_acc_majority": 0.8738404452690167, "val_f1_individual_binary": 0.7425474254742549, "val_f1_individual_macro": 0.8339602799013065, "val_acc_individual": 0.8842874543239951, "train_time_millis": 4196.038544003386, "eval_time_millis": 2625.345559004927}, "Epoch7": {"train_loss_means": 0.021863101050257683, "val_loss_mean": 0.14954833686351776, "val_f1_majority_bin": 0.7816091954022988, "val_f1_majority_macro": 0.8559208767709168, "val_acc_majority": 0.8942486085343229, "val_f1_individual_binary": 0.7823529411764706, "val_f1_individual_macro": 0.8627586518478358, "val_acc_individual": 0.9098660170523751, "train_time_millis": 4302.148017974105, "eval_time_millis": 1323.0957899941131}, "Epoch8": {"train_loss_means": 0.012186123058199883, "val_loss_mean": 0.18101364374160767, "val_f1_majority_bin": 0.7871485943775101, "val_f1_majority_macro": 0.8616080728220481, "val_acc_majority": 0.9016697588126159, "val_f1_individual_binary": 0.7901234567901235, "val_f1_individual_macro": 0.869265066786564, "val_acc_individual": 0.9171741778319124, "train_time_millis": 4207.606422016397, "eval_time_millis": 2741.740626981482}, "Epoch9": {"train_loss_means": 0.011466766707599163, "val_loss_mean": 0.18358786404132843, "val_f1_majority_bin": 0.8032128514056226, "val_f1_majority_macro": 0.8720527465713276, "val_acc_majority": 0.9090909090909091, "val_f1_individual_binary": 0.8049535603715171, "val_f1_individual_macro": 0.8785950516034993, "val_acc_individual": 0.9232643118148599, "train_time_millis": 4178.558112995233, "eval_time_millis": 2247.737279976718}, "Test_results": {"test_f1_majority_binary": 0.8032128514056226, "test_f1_majority_macro": 0.8720527465713276, "test_acc_majority": 0.9090909090909091, "test_f1_individual_binary": 0.8049535603715171, "test_f1_individual_macro": 0.8785950516034993, "test_acc_individual": 0.9232643118148599, "test_time_millis": 2750.1507879933342, "dataset_size": 2181, "number_of_annotations": 3256, "train_size": 1644, "val_size": 821, "test_size": 791}}