{"Epoch0": {"train_loss_means": 0.29090315103530884, "val_loss_mean": 0.29556626081466675, "val_f1_majority_bin": 0.02641509433962264, "val_f1_majority_macro": 0.4215882289879932, "val_acc_majority": 0.6915720263000598, "val_f1_individual_binary": 0.03951701427003293, "val_f1_individual_macro": 0.43442595398502626, "val_acc_individual": 0.7101689301093077, "train_time_millis": 101271.13844989799, "eval_time_millis": 10814.76025201846}, "Epoch1": {"train_loss_means": 0.27322912216186523, "val_loss_mean": 0.3102475702762604, "val_f1_majority_bin": 0.1412151067323481, "val_f1_majority_macro": 0.47506498851414625, "val_acc_majority": 0.6873879258816498, "val_f1_individual_binary": 0.155820348304308, "val_f1_individual_macro": 0.484823454928382, "val_acc_individual": 0.6949320967207685, "train_time_millis": 100673.53005893528, "eval_time_millis": 12835.099676041864}, "Epoch2": {"train_loss_means": 0.23434825241565704, "val_loss_mean": 0.3205912411212921, "val_f1_majority_bin": 0.3019323671497584, "val_f1_majority_macro": 0.536192553709907, "val_acc_majority": 0.6545128511655708, "val_f1_individual_binary": 0.3269476372924649, "val_f1_individual_macro": 0.5456294537088443, "val_acc_individual": 0.6508777740973832, "train_time_millis": 100665.17011099495, "eval_time_millis": 12831.372430897318}, "Epoch3": {"train_loss_means": 0.1807117462158203, "val_loss_mean": 0.36843568086624146, "val_f1_majority_bin": 0.2978723404255319, "val_f1_majority_macro": 0.5388066060195975, "val_acc_majority": 0.6646742378959952, "val_f1_individual_binary": 0.2853127196064652, "val_f1_individual_macro": 0.5324721777880648, "val_acc_individual": 0.6631334879099039, "train_time_millis": 100674.05980208423, "eval_time_millis": 10811.258806963451}, "Epoch4": {"train_loss_means": 0.13599944114685059, "val_loss_mean": 0.5020986795425415, "val_f1_majority_bin": 0.38204393505253104, "val_f1_majority_macro": 0.5503086138942516, "val_acc_majority": 0.6132695756126718, "val_f1_individual_binary": 0.37623762376237624, "val_f1_individual_macro": 0.5428165540516179, "val_acc_individual": 0.6035110963895329, "train_time_millis": 100678.21995390113, "eval_time_millis": 10811.307289055549}, "Epoch5": {"train_loss_means": 0.10209112614393234, "val_loss_mean": 0.5678468942642212, "val_f1_majority_bin": 0.3900096061479348, "val_f1_majority_macro": 0.557260768366809, "val_acc_majority": 0.620442319187089, "val_f1_individual_binary": 0.3656480505795574, "val_f1_individual_macro": 0.5374133972704551, "val_acc_individual": 0.6011924478304074, "train_time_millis": 100670.10102292988, "eval_time_millis": 10817.071683006361}, "Epoch6": {"train_loss_means": 0.0833524689078331, "val_loss_mean": 0.7320795059204102, "val_f1_majority_bin": 0.3179723502304148, "val_f1_majority_macro": 0.5395350048165795, "val_acc_majority": 0.6461446503287508, "val_f1_individual_binary": 0.3161904761904762, "val_f1_individual_macro": 0.5374364883753188, "val_acc_individual": 0.6432593574031136, "train_time_millis": 100700.89990098495, "eval_time_millis": 10814.152040984482}, "Epoch7": {"train_loss_means": 0.06901445984840393, "val_loss_mean": 0.9530556201934814, "val_f1_majority_bin": 0.36616915422885576, "val_f1_majority_macro": 0.5470316082976829, "val_acc_majority": 0.6192468619246861, "val_f1_individual_binary": 0.3531317494600432, "val_f1_individual_macro": 0.5334698403296394, "val_acc_individual": 0.6031798608810864, "train_time_millis": 100691.74970395397, "eval_time_millis": 10811.090525006875}, "Epoch8": {"train_loss_means": 0.058564990758895874, "val_loss_mean": 1.1539578437805176, "val_f1_majority_bin": 0.33782383419689116, "val_f1_majority_macro": 0.5347246008447707, "val_acc_majority": 0.6180514046622834, "val_f1_individual_binary": 0.33465683494044246, "val_f1_individual_macro": 0.5301354350140809, "val_acc_individual": 0.6114607485922491, "train_time_millis": 100685.14868698549, "eval_time_millis": 11064.480928936973}, "Epoch9": {"train_loss_means": 0.05242523178458214, "val_loss_mean": 1.3710969686508179, "val_f1_majority_bin": 0.3166109253065775, "val_f1_majority_macro": 0.5331523389293198, "val_acc_majority": 0.6335923490735206, "val_f1_individual_binary": 0.3173252279635258, "val_f1_individual_macro": 0.5308456324201877, "val_acc_individual": 0.6280225240145744, "train_time_millis": 100696.5419659391, "eval_time_millis": 12839.1375860665}, "Test_results": {"test_f1_majority_binary": 0.3019323671497584, "test_f1_majority_macro": 0.536192553709907, "test_acc_majority": 0.6545128511655708, "test_f1_individual_binary": 0.3269476372924649, "test_f1_individual_macro": 0.5456294537088443, "test_acc_individual": 0.6508777740973832, "test_time_millis": 12830.512176966295, "dataset_size": 8684, "number_of_annotations": 15862, "train_size": 9357, "val_size": 3019, "test_size": 3486}}