{"Epoch0": {"train_loss_means": 0.06359561532735825, "val_loss_mean": 0.0527181513607502, "val_f1_majority_bin": 0.2530612244897959, "val_f1_majority_macro": 0.563816424445035, "val_acc_majority": 0.7852112676056338, "val_f1_individual_binary": 0.20105820105820107, "val_f1_individual_macro": 0.5371901743546039, "val_acc_individual": 0.781317885590152, "train_time_millis": 0, "eval_time_millis": 0}, "Epoch1": {"train_loss_means": 0.047049231827259064, "val_loss_mean": 0.04867813363671303, "val_f1_majority_bin": 0.22910216718266255, "val_f1_majority_macro": 0.5243990198693906, "val_acc_majority": 0.7077464788732394, "val_f1_individual_binary": 0.1875, "val_f1_individual_macro": 0.5013055555555556, "val_acc_individual": 0.6987690079652426, "train_time_millis": 0, "eval_time_millis": 0}, "Epoch2": {"train_loss_means": 0.033832237124443054, "val_loss_mean": 0.04745061695575714, "val_f1_majority_bin": 0.31, "val_f1_majority_macro": 0.6091223404255319, "val_acc_majority": 0.8380281690140845, "val_f1_individual_binary": 0.25974025974025977, "val_f1_individual_macro": 0.5834153621439686, "val_acc_individual": 0.834902244750181, "train_time_millis": 0, "eval_time_millis": 0}, "Epoch3": {"train_loss_means": 0.025280313566327095, "val_loss_mean": 0.05460325628519058, "val_f1_majority_bin": 0.3097345132743363, "val_f1_majority_macro": 0.6020932376926486, "val_acc_majority": 0.8169014084507042, "val_f1_individual_binary": 0.24293785310734467, "val_f1_individual_macro": 0.5658210860221109, "val_acc_individual": 0.8059377262853005, "train_time_millis": 0, "eval_time_millis": 0}, "Epoch4": {"train_loss_means": 0.01852223090827465, "val_loss_mean": 0.0650319755077362, "val_f1_majority_bin": 0.3333333333333333, "val_f1_majority_macro": 0.6272965879265091, "val_acc_majority": 0.8591549295774648, "val_f1_individual_binary": 0.27611940298507465, "val_f1_individual_macro": 0.5991663574668757, "val_acc_individual": 0.8595220854453295, "train_time_millis": 0, "eval_time_millis": 0}, "Epoch5": {"train_loss_means": 0.015795152634382248, "val_loss_mean": 0.07243914157152176, "val_f1_majority_bin": 0.32402234636871513, "val_f1_majority_macro": 0.6223390420368166, "val_acc_majority": 0.857981220657277, "val_f1_individual_binary": 0.2710622710622711, "val_f1_individual_macro": 0.5955552415978289, "val_acc_individual": 0.8559015206372194, "train_time_millis": 0, "eval_time_millis": 0}, "Epoch6": {"train_loss_means": 0.012759893201291561, "val_loss_mean": 0.08664868026971817, "val_f1_majority_bin": 0.33783783783783783, "val_f1_majority_macro": 0.6374279163482248, "val_acc_majority": 0.8849765258215962, "val_f1_individual_binary": 0.29357798165137616, "val_f1_individual_macro": 0.6165216952282038, "val_acc_individual": 0.88848660391021, "train_time_millis": 0, "eval_time_millis": 0}, "Epoch7": {"train_loss_means": 0.011324835009872913, "val_loss_mean": 0.08797791600227356, "val_f1_majority_bin": 0.34615384615384615, "val_f1_majority_macro": 0.6401311866428145, "val_acc_majority": 0.8802816901408451, "val_f1_individual_binary": 0.29310344827586204, "val_f1_individual_macro": 0.6141406569442551, "val_acc_individual": 0.8812454742939899, "train_time_millis": 0, "eval_time_millis": 0}, "Epoch8": {"train_loss_means": 0.010834237560629845, "val_loss_mean": 0.10306370258331299, "val_f1_majority_bin": 0.37795275590551186, "val_f1_majority_macro": 0.6639288192970806, "val_acc_majority": 0.9072769953051644, "val_f1_individual_binary": 0.3191489361702127, "val_f1_individual_macro": 0.6347104432210815, "val_acc_individual": 0.9073135409123824, "train_time_millis": 0, "eval_time_millis": 0}, "Epoch9": {"train_loss_means": 0.010198107920587063, "val_loss_mean": 0.09863769263029099, "val_f1_majority_bin": 0.3404255319148936, "val_f1_majority_macro": 0.6404622861109976, "val_acc_majority": 0.8908450704225352, "val_f1_individual_binary": 0.298076923076923, "val_f1_individual_macro": 0.6204558460333714, "val_acc_individual": 0.8942795076031861, "train_time_millis": 0, "eval_time_millis": 0}, "Test_results": {"test_f1_majority_binary": 0.37795275590551186, "test_f1_majority_macro": 0.6639288192970806, "test_acc_majority": 0.9072769953051644, "test_f1_individual_binary": 0.3191489361702127, "test_f1_individual_macro": 0.6347104432210815, "test_acc_individual": 0.9073135409123824, "test_time_millis": 0, "dataset_size": 4284, "number_of_annotations": 6870, "train_size": 4172, "val_size": 1381, "test_size": 1317}}