{"Epoch0": {"train_loss_means": 1.3310298919677734, "val_loss_mean": 1.2989095449447632, "val_f1_majority_bin": 0.0, "val_f1_majority_macro": 0.48583569405099153, "val_acc_majority": 0.944903552532196, "val_f1_individual_binary": 0.07117437571287155, "val_f1_individual_macro": 0.5041034732924374, "val_acc_individual": 0.8820605278015137, "train_acc_means": 0.7204782366752625, "train_time_millis": 18174.62890625, "eval_time_millis": 2832.804931640625}, "Epoch1": {"train_loss_means": 1.1729844808578491, "val_loss_mean": 1.199284315109253, "val_f1_majority_bin": 0.0, "val_f1_majority_macro": 0.48583569405099153, "val_acc_majority": 0.944903552532196, "val_f1_individual_binary": 0.036363635212183, "val_f1_individual_macro": 0.5059019293959053, "val_acc_individual": 0.9521012306213379, "train_acc_means": 0.9100865721702576, "train_time_millis": 18204.376953125, "eval_time_millis": 2835.65771484375}, "Epoch2": {"train_loss_means": 1.0418970584869385, "val_loss_mean": 1.1454756259918213, "val_f1_majority_bin": 0.0, "val_f1_majority_macro": 0.48583569405099153, "val_acc_majority": 0.944903552532196, "val_f1_individual_binary": 0.03921568766236305, "val_f1_individual_macro": 0.5082757432297619, "val_acc_individual": 0.9557161927223206, "train_acc_means": 0.954604983329773, "train_time_millis": 18245.298828125, "eval_time_millis": 2835.31982421875}, "Epoch3": {"train_loss_means": 0.9304091930389404, "val_loss_mean": 1.0781395435333252, "val_f1_majority_bin": 0.0, "val_f1_majority_macro": 0.48583569405099153, "val_acc_majority": 0.944903552532196, "val_f1_individual_binary": 0.07619047909975052, "val_f1_individual_macro": 0.5268709844502485, "val_acc_individual": 0.9561681151390076, "train_acc_means": 0.9570513963699341, "train_time_millis": 18235.220703125, "eval_time_millis": 2830.3974609375}, "Epoch4": {"train_loss_means": 0.8139432072639465, "val_loss_mean": 1.0048502683639526, "val_f1_majority_bin": 0.3132530152797699, "val_f1_majority_macro": 0.6430226874083447, "val_acc_majority": 0.9476584196090698, "val_f1_individual_binary": 0.3375000059604645, "val_f1_individual_macro": 0.6563261837787154, "val_acc_individual": 0.9521012306213379, "train_acc_means": 0.9613175392150879, "train_time_millis": 18272.921875, "eval_time_millis": 2834.958251953125}, "Epoch5": {"train_loss_means": 0.7124465107917786, "val_loss_mean": 0.944133460521698, "val_f1_majority_bin": 0.3193277418613434, "val_f1_majority_macro": 0.6399941229527265, "val_acc_majority": 0.9256198406219482, "val_f1_individual_binary": 0.3333333432674408, "val_f1_individual_macro": 0.6495645288994458, "val_acc_individual": 0.9349299669265747, "train_acc_means": 0.9633069634437561, "train_time_millis": 18290.50390625, "eval_time_millis": 2831.67431640625}, "Epoch6": {"train_loss_means": 0.6178629398345947, "val_loss_mean": 0.9549561738967896, "val_f1_majority_bin": 0.3461538553237915, "val_f1_majority_macro": 0.6566834804539723, "val_acc_majority": 0.9375573992729187, "val_f1_individual_binary": 0.3730570077896118, "val_f1_individual_macro": 0.6722360334357851, "val_acc_individual": 0.94532310962677, "train_acc_means": 0.9644893407821655, "train_time_millis": 18338.947265625, "eval_time_millis": 2834.553955078125}, "Epoch7": {"train_loss_means": 0.5595835447311401, "val_loss_mean": 0.9398235082626343, "val_f1_majority_bin": 0.31578946113586426, "val_f1_majority_macro": 0.638999388004896, "val_acc_majority": 0.9283746480941772, "val_f1_individual_binary": 0.3461538553237915, "val_f1_individual_macro": 0.6569555385344859, "val_acc_individual": 0.9385449886322021, "train_acc_means": 0.9655709266662598, "train_time_millis": 18334.021484375, "eval_time_millis": 2833.5810546875}, "Epoch8": {"train_loss_means": 0.5052223801612854, "val_loss_mean": 0.9134191870689392, "val_f1_majority_bin": 0.328125, "val_f1_majority_macro": 0.6430868902439024, "val_acc_majority": 0.9210284948348999, "val_f1_individual_binary": 0.3362068831920624, "val_f1_individual_macro": 0.6497438869978459, "val_acc_individual": 0.9304112195968628, "train_acc_means": 0.966322124004364, "train_time_millis": 18375.078125, "eval_time_millis": 2837.297119140625}, "Epoch9": {"train_loss_means": 0.4658181965351105, "val_loss_mean": 1.0575706958770752, "val_f1_majority_bin": 0.3193277418613434, "val_f1_majority_macro": 0.6399941229527265, "val_acc_majority": 0.9256198406219482, "val_f1_individual_binary": 0.33944955468177795, "val_f1_individual_macro": 0.652614504482506, "val_acc_individual": 0.9349299669265747, "train_acc_means": 0.965557336807251, "train_time_millis": 18351.029296875, "eval_time_millis": 2832.983154296875}, "Test_results": {"test_f1_majority_binary": 0.30630630254745483, "test_f1_majority_macro": 0.6339893900869511, "test_acc_majority": 0.9273585081100464, "test_f1_individual_binary": 0.34285715222358704, "test_f1_individual_macro": 0.6543154761904761, "test_acc_individual": 0.9349363446235657, "test_time_millis": 2744.249267578125, "dataset_size": 5434, "number_of_annotations": 10861}}