{"Epoch0": {"train_loss_means": 0.6150071024894714, "val_loss_mean": 0.6012806296348572, "val_f1_majority_bin": 0.0, "val_f1_majority_macro": 0.47499762785843064, "val_acc_majority": 0.9047533273696899, "val_f1_individual_binary": 0.0, "val_f1_individual_macro": 0.4658247881565499, "val_acc_individual": 0.8720449209213257, "train_acc_means": 0.90625, "train_time_millis": 1690.0583498645574, "eval_time_millis": 10431.669187033549}, "Epoch1": {"train_loss_means": 0.5734277963638306, "val_loss_mean": 0.5858948230743408, "val_f1_majority_bin": 0.0, "val_f1_majority_macro": 0.47499762785843064, "val_acc_majority": 0.9047533273696899, "val_f1_individual_binary": 0.0, "val_f1_individual_macro": 0.4658247881565499, "val_acc_individual": 0.8720449209213257, "train_acc_means": 0.911057710647583, "train_time_millis": 1692.1141999773681, "eval_time_millis": 10568.648105021566}, "Epoch2": {"train_loss_means": 0.54469895362854, "val_loss_mean": 0.5733900666236877, "val_f1_majority_bin": 0.0, "val_f1_majority_macro": 0.47499762785843064, "val_acc_majority": 0.9047533273696899, "val_f1_individual_binary": 0.0, "val_f1_individual_macro": 0.4658247881565499, "val_acc_individual": 0.8720449209213257, "train_acc_means": 0.911057710647583, "train_time_millis": 1695.9668979980052, "eval_time_millis": 10425.842540105805}, "Epoch3": {"train_loss_means": 0.49622079730033875, "val_loss_mean": 0.5751197934150696, "val_f1_majority_bin": 0.0, "val_f1_majority_macro": 0.47499762785843064, "val_acc_majority": 0.9047533273696899, "val_f1_individual_binary": 0.0, "val_f1_individual_macro": 0.4658247881565499, "val_acc_individual": 0.8720449209213257, "train_acc_means": 0.911057710647583, "train_time_millis": 1694.4153439253569, "eval_time_millis": 10443.224048009142}, "Epoch4": {"train_loss_means": 0.4161115288734436, "val_loss_mean": 0.5675114989280701, "val_f1_majority_bin": 0.03290676325559616, "val_f1_majority_macro": 0.4913084063259432, "val_acc_majority": 0.9043918251991272, "val_f1_individual_binary": 0.024378810077905655, "val_f1_individual_macro": 0.47781430135352826, "val_acc_individual": 0.8715511560440063, "train_acc_means": 0.9134615659713745, "train_time_millis": 1692.2715718392283, "eval_time_millis": 10471.172074088827}, "Epoch5": {"train_loss_means": 0.28046879172325134, "val_loss_mean": 0.5927467346191406, "val_f1_majority_bin": 0.12018489837646484, "val_f1_majority_macro": 0.5326853269508934, "val_acc_majority": 0.8968009948730469, "val_f1_individual_binary": 0.10180623829364777, "val_f1_individual_macro": 0.5143950774205293, "val_acc_individual": 0.8649466037750244, "train_acc_means": 0.9567307829856873, "train_time_millis": 1698.372412007302, "eval_time_millis": 10437.479702057317}, "Test_results": {"test_f1_majority_binary": 0.13292117416858673, "test_f1_majority_macro": 0.5395386178472839, "test_acc_majority": 0.8986083269119263, "test_f1_individual_binary": 0.10894308984279633, "test_f1_individual_macro": 0.517935775664177, "test_acc_individual": 0.8649331331253052, "test_time_millis": 10605.357818072662, "dataset_size": 11482, "number_of_annotations": 11482}}