{"Epoch0": {"train_loss_means": 1.2500817775726318, "val_loss_mean": 1.1859630346298218, "val_f1_majority_bin": 0.0, "val_f1_majority_macro": 0.41074188562596603, "val_acc_majority": 0.6970492005348206, "val_f1_individual_binary": 0.3030303120613098, "val_f1_individual_macro": 0.5184972755950675, "val_acc_individual": 0.6149162650108337, "train_acc_means": 0.5792590379714966, "train_time_millis": 10001.234780997038, "eval_time_millis": 4398.6970509868115}, "Epoch1": {"train_loss_means": 1.201116919517517, "val_loss_mean": 1.1607797145843506, "val_f1_majority_bin": 0.0, "val_f1_majority_macro": 0.41074188562596603, "val_acc_majority": 0.6970492005348206, "val_f1_individual_binary": 0.36425647139549255, "val_f1_individual_macro": 0.559173094990407, "val_acc_individual": 0.6453576683998108, "train_acc_means": 0.6688382029533386, "train_time_millis": 9958.97719101049, "eval_time_millis": 4326.426215004176}, "Epoch2": {"train_loss_means": 1.1464093923568726, "val_loss_mean": 1.1696617603302002, "val_f1_majority_bin": 0.0042105261236429214, "val_f1_majority_macro": 0.41026060296371997, "val_acc_majority": 0.6898360848426819, "val_f1_individual_binary": 0.35789474844932556, "val_f1_individual_macro": 0.548326383410346, "val_acc_individual": 0.6286149024963379, "train_acc_means": 0.732454240322113, "train_time_millis": 10019.232064951211, "eval_time_millis": 4518.112340010703}, "Epoch3": {"train_loss_means": 1.039172887802124, "val_loss_mean": 1.1613584756851196, "val_f1_majority_bin": 0.0, "val_f1_majority_macro": 0.40845616757176106, "val_acc_majority": 0.690491795539856, "val_f1_individual_binary": 0.33676469326019287, "val_f1_individual_macro": 0.5526225993477474, "val_acc_individual": 0.6567732095718384, "train_acc_means": 0.79925936460495, "train_time_millis": 9872.074012178928, "eval_time_millis": 4440.35432417877}, "Test_results": {"test_f1_majority_binary": 0.022123893722891808, "test_f1_majority_macro": 0.4259309761784638, "test_acc_majority": 0.7099737524986267, "test_f1_individual_binary": 0.36117058992385864, "test_f1_individual_macro": 0.5678364929919941, "test_acc_individual": 0.6666666865348816, "test_time_millis": 4947.084258077666, "dataset_size": 4828, "number_of_annotations": 8463}}