{"Epoch0": {"train_loss_means": 0.05786219984292984, "val_loss_mean": 0.05597257614135742, "val_f1_majority_bin": 0.10526315789473685, "val_f1_majority_macro": 0.5107596577651025, "val_acc_majority": 0.8468468468468469, "val_f1_individual_binary": 0.07373271889400922, "val_f1_individual_macro": 0.4958292014233215, "val_acc_individual": 0.8492123030757689, "train_time_millis": 2992.4554150056792, "eval_time_millis": 2548.173446994042}, "Epoch1": {"train_loss_means": 0.054341115057468414, "val_loss_mean": 0.054904717952013016, "val_f1_majority_bin": 0.12429378531073446, "val_f1_majority_macro": 0.5136791002851359, "val_acc_majority": 0.8254504504504504, "val_f1_individual_binary": 0.09195402298850575, "val_f1_individual_macro": 0.4967046622219037, "val_acc_individual": 0.822205551387847, "train_time_millis": 2971.3176420045784, "eval_time_millis": 2553.7284619931597}, "Epoch2": {"train_loss_means": 0.050897374749183655, "val_loss_mean": 0.0525963120162487, "val_f1_majority_bin": 0.14285714285714285, "val_f1_majority_macro": 0.5095729013254786, "val_acc_majority": 0.7837837837837838, "val_f1_individual_binary": 0.13134328358208955, "val_f1_individual_macro": 0.5032520793714823, "val_acc_individual": 0.781695423855964, "train_time_millis": 2979.2232039908413, "eval_time_millis": 2552.5961450039176}, "Epoch3": {"train_loss_means": 0.0444103442132473, "val_loss_mean": 0.049136966466903687, "val_f1_majority_bin": 0.18855218855218853, "val_f1_majority_macro": 0.5128021253781903, "val_acc_majority": 0.7286036036036037, "val_f1_individual_binary": 0.1605504587155963, "val_f1_individual_macro": 0.49821244908873996, "val_acc_individual": 0.7254313578394599, "train_time_millis": 2977.577829005895, "eval_time_millis": 2299.1814939887263}, "Epoch4": {"train_loss_means": 0.03894846886396408, "val_loss_mean": 0.0488370880484581, "val_f1_majority_bin": 0.19811320754716982, "val_f1_majority_macro": 0.5447087776866284, "val_acc_majority": 0.8085585585585585, "val_f1_individual_binary": 0.17891373801916935, "val_f1_individual_macro": 0.5348457342879528, "val_acc_individual": 0.8072018004501126, "train_time_millis": 2981.905343986, "eval_time_millis": 2544.003653994878}, "Epoch5": {"train_loss_means": 0.03466292843222618, "val_loss_mean": 0.04709615558385849, "val_f1_majority_bin": 0.213953488372093, "val_f1_majority_macro": 0.552844777498026, "val_acc_majority": 0.8096846846846847, "val_f1_individual_binary": 0.18633540372670807, "val_f1_individual_macro": 0.5372803298497022, "val_acc_individual": 0.8034508627156789, "train_time_millis": 2979.8897730070166, "eval_time_millis": 2551.8780139973387}, "Epoch6": {"train_loss_means": 0.031100336462259293, "val_loss_mean": 0.04857062175869942, "val_f1_majority_bin": 0.2346938775510204, "val_f1_majority_macro": 0.5698785843451304, "val_acc_majority": 0.831081081081081, "val_f1_individual_binary": 0.20905923344947736, "val_f1_individual_macro": 0.5568204952451254, "val_acc_individual": 0.8297074268567142, "train_time_millis": 2971.804840999539, "eval_time_millis": 2553.4141270036343}, "Epoch7": {"train_loss_means": 0.02734779566526413, "val_loss_mean": 0.047251638025045395, "val_f1_majority_bin": 0.2304147465437788, "val_f1_majority_macro": 0.5616473989293622, "val_acc_majority": 0.8119369369369369, "val_f1_individual_binary": 0.19875776397515527, "val_f1_individual_macro": 0.5443447522947449, "val_acc_individual": 0.8064516129032258, "train_time_millis": 2974.3134980089962, "eval_time_millis": 2552.5107130088145}, "Epoch8": {"train_loss_means": 0.02614559791982174, "val_loss_mean": 0.05210244655609131, "val_f1_majority_bin": 0.2235294117647059, "val_f1_majority_macro": 0.5706688154713941, "val_acc_majority": 0.8513513513513513, "val_f1_individual_binary": 0.21052631578947367, "val_f1_individual_macro": 0.5649572463610453, "val_acc_individual": 0.8537134283570893, "train_time_millis": 2965.428922994761, "eval_time_millis": 2563.387339003384}, "Epoch9": {"train_loss_means": 0.0245719775557518, "val_loss_mean": 0.05391297861933708, "val_f1_majority_bin": 0.22500000000000003, "val_f1_majority_macro": 0.5741336633663366, "val_acc_majority": 0.8603603603603603, "val_f1_individual_binary": 0.2155172413793103, "val_f1_individual_macro": 0.5703716034341088, "val_acc_individual": 0.8634658664666166, "train_time_millis": 2999.0630249958485, "eval_time_millis": 1891.7012970050564}, "Test_results": {"test_f1_majority_binary": 0.22500000000000003, "test_f1_majority_macro": 0.5741336633663366, "test_acc_majority": 0.8603603603603603, "test_f1_individual_binary": 0.2155172413793103, "test_f1_individual_macro": 0.5703716034341088, "test_acc_individual": 0.8634658664666166, "test_time_millis": 2547.2206129925326, "dataset_size": 3546, "number_of_annotations": 5550, "train_size": 2982, "val_size": 1333, "test_size": 1235}}