{"Epoch0": {"train_loss_means": 0.14345984160900116, "val_loss_mean": 0.10960761457681656, "val_f1_majority_bin": 0.6188925081433224, "val_f1_majority_macro": 0.7493229241641587, "val_acc_majority": 0.8171875, "val_f1_individual_binary": 0.5711035267349261, "val_f1_individual_macro": 0.7211953277238987, "val_acc_individual": 0.8019957983193278, "train_time_millis": 3107.5015690000782, "eval_time_millis": 3584.096380999881}, "Epoch1": {"train_loss_means": 0.0845143273472786, "val_loss_mean": 0.10844145715236664, "val_f1_majority_bin": 0.6233766233766234, "val_f1_majority_macro": 0.7520175297953076, "val_acc_majority": 0.81875, "val_f1_individual_binary": 0.579841449603624, "val_f1_individual_macro": 0.7265019213830086, "val_acc_individual": 0.8051470588235294, "train_time_millis": 3032.2193340000467, "eval_time_millis": 3620.8826329998374}, "Epoch2": {"train_loss_means": 0.06249094754457474, "val_loss_mean": 0.12695524096488953, "val_f1_majority_bin": 0.7632850241545893, "val_f1_majority_macro": 0.8588093340717029, "val_acc_majority": 0.9234375, "val_f1_individual_binary": 0.7241379310344828, "val_f1_individual_macro": 0.837285818057514, "val_acc_individual": 0.9159663865546218, "train_time_millis": 3033.8468309998916, "eval_time_millis": 3061.80296499997}, "Epoch3": {"train_loss_means": 0.051994867622852325, "val_loss_mean": 0.11134312301874161, "val_f1_majority_bin": 0.7416666666666666, "val_f1_majority_macro": 0.8410256410256409, "val_acc_majority": 0.903125, "val_f1_individual_binary": 0.6890510948905109, "val_f1_individual_macro": 0.8104237222771479, "val_acc_individual": 0.8881302521008403, "train_time_millis": 3092.896261000078, "eval_time_millis": 3579.990111000143}, "Epoch4": {"train_loss_means": 0.043976880609989166, "val_loss_mean": 0.12439919263124466, "val_f1_majority_bin": 0.6973180076628352, "val_f1_majority_macro": 0.8098955102102203, "val_acc_majority": 0.8765625, "val_f1_individual_binary": 0.6559139784946237, "val_f1_individual_macro": 0.7861815323282517, "val_acc_individual": 0.865546218487395, "train_time_millis": 3054.1974960001426, "eval_time_millis": 2763.355711000031}, "Epoch5": {"train_loss_means": 0.03950585424900055, "val_loss_mean": 0.14411602914333344, "val_f1_majority_bin": 0.7649769585253456, "val_f1_majority_macro": 0.8584997680679409, "val_acc_majority": 0.9203125, "val_f1_individual_binary": 0.7140495867768594, "val_f1_individual_macro": 0.8300188614496223, "val_acc_individual": 0.9091386554621849, "train_time_millis": 3146.371616999886, "eval_time_millis": 1997.279565999861}, "Epoch6": {"train_loss_means": 0.03884703293442726, "val_loss_mean": 0.1359144151210785, "val_f1_majority_bin": 0.742857142857143, "val_f1_majority_macro": 0.8409937888198757, "val_acc_majority": 0.9015625, "val_f1_individual_binary": 0.6964028776978418, "val_f1_individual_macro": 0.8143113007185001, "val_acc_individual": 0.8891806722689075, "train_time_millis": 3009.2458350000015, "eval_time_millis": 3617.0519629999944}, "Epoch7": {"train_loss_means": 0.036873411387205124, "val_loss_mean": 0.14657671749591827, "val_f1_majority_bin": 0.759825327510917, "val_f1_majority_macro": 0.8537471071427087, "val_acc_majority": 0.9140625, "val_f1_individual_binary": 0.7038759689922481, "val_f1_individual_macro": 0.8217451296115208, "val_acc_individual": 0.8996848739495799, "train_time_millis": 3161.184263999985, "eval_time_millis": 3171.398927000155}, "Epoch8": {"train_loss_means": 0.034105703234672546, "val_loss_mean": 0.15146112442016602, "val_f1_majority_bin": 0.7577092511013217, "val_f1_majority_macro": 0.852738766101468, "val_acc_majority": 0.9140625, "val_f1_individual_binary": 0.7053291536050156, "val_f1_individual_macro": 0.8230115799570819, "val_acc_individual": 0.9012605042016807, "train_time_millis": 3163.3779109999978, "eval_time_millis": 3593.41487100005}, "Epoch9": {"train_loss_means": 0.03289875015616417, "val_loss_mean": 0.15283365547657013, "val_f1_majority_bin": 0.7577092511013217, "val_f1_majority_macro": 0.852738766101468, "val_acc_majority": 0.9140625, "val_f1_individual_binary": 0.7053291536050156, "val_f1_individual_macro": 0.8230115799570819, "val_acc_individual": 0.9012605042016807, "train_time_millis": 3206.4182279998477, "eval_time_millis": 3589.6945190002043}, "Test_results": {"test_f1_majority_binary": 0.7632850241545893, "test_f1_majority_macro": 0.8588093340717029, "test_acc_majority": 0.9234375, "test_f1_individual_binary": 0.7241379310344828, "test_f1_individual_macro": 0.837285818057514, "test_acc_individual": 0.9159663865546218, "test_time_millis": 3647.9221019999386, "dataset_size": 1665, "number_of_annotations": 4986, "train_size": 1144, "val_size": 1904, "test_size": 1938}}