{"Epoch0": {"train_loss_means": 1.781794548034668, "val_loss_mean": 1.3500250577926636, "val_f1_majority_bin": 0.40737149119377136, "val_f1_majority_macro": 0.6898640888288071, "val_acc_majority": 0.9471772909164429, "val_f1_individual_binary": 0.3721657693386078, "val_f1_individual_macro": 0.6694109047091978, "val_acc_individual": 0.9366752505302429, "train_acc_means": 0.9182241559028625, "train_time_millis": 228720.11333494447, "eval_time_millis": 42106.544878100976}, "Epoch1": {"train_loss_means": 1.1854705810546875, "val_loss_mean": 1.1461254358291626, "val_f1_majority_bin": 0.409335732460022, "val_f1_majority_macro": 0.6897269007936313, "val_acc_majority": 0.9431140422821045, "val_f1_individual_binary": 0.3810673654079437, "val_f1_individual_macro": 0.6727209746729819, "val_acc_individual": 0.9326270818710327, "train_acc_means": 0.9434384107589722, "train_time_millis": 229403.65563891828, "eval_time_millis": 42213.17492192611}, "Epoch2": {"train_loss_means": 0.9800913333892822, "val_loss_mean": 1.102652668952942, "val_f1_majority_bin": 0.4227488040924072, "val_f1_majority_macro": 0.6975830221035236, "val_acc_majority": 0.9473502039909363, "val_f1_individual_binary": 0.394540935754776, "val_f1_individual_macro": 0.6803387258288018, "val_acc_individual": 0.9358603358268738, "train_acc_means": 0.9451726078987122, "train_time_millis": 230391.2160950713, "eval_time_millis": 42098.55810692534}, "Epoch3": {"train_loss_means": 0.856806755065918, "val_loss_mean": 1.10297429561615, "val_f1_majority_bin": 0.4058234691619873, "val_f1_majority_macro": 0.688094401887311, "val_acc_majority": 0.9435462951660156, "val_f1_individual_binary": 0.38533395528793335, "val_f1_individual_macro": 0.6743387977741113, "val_acc_individual": 0.9308133125305176, "train_acc_means": 0.9483591318130493, "train_time_millis": 230146.9918389339, "eval_time_millis": 42283.143206033856}, "Epoch4": {"train_loss_means": 0.7554543018341064, "val_loss_mean": 1.1503918170928955, "val_f1_majority_bin": 0.4557522237300873, "val_f1_majority_macro": 0.7168099793390897, "val_acc_majority": 0.9574652314186096, "val_f1_individual_binary": 0.4099099040031433, "val_f1_individual_macro": 0.6905061599403407, "val_acc_individual": 0.9449030160903931, "train_acc_means": 0.9509451389312744, "train_time_millis": 230467.09005581215, "eval_time_millis": 42270.677546970546}, "Test_results": {"test_f1_majority_binary": 0.46875, "test_f1_majority_macro": 0.7236725987049195, "test_acc_majority": 0.9588484764099121, "test_f1_individual_binary": 0.4318573772907257, "test_f1_individual_macro": 0.7022630330846973, "test_acc_individual": 0.9478462934494019, "test_time_millis": 42228.08885597624, "dataset_size": 57855, "number_of_annotations": 190068}}