{"Epoch0": {"train_loss_means": 1.2750283479690552, "val_loss_mean": 1.3317917585372925, "val_f1_majority_bin": 0.0, "val_f1_majority_macro": 0.41089743589743594, "val_acc_majority": 0.6974973082542419, "val_f1_individual_binary": 0.23554913699626923, "val_f1_individual_macro": 0.5269747037894708, "val_acc_individual": 0.7065187096595764, "train_acc_means": 0.6836102604866028, "train_time_millis": 29310.637016998953, "eval_time_millis": 6559.959185004118}, "Epoch1": {"train_loss_means": 1.2420066595077515, "val_loss_mean": 1.3233592510223389, "val_f1_majority_bin": 0.0, "val_f1_majority_macro": 0.41089743589743594, "val_acc_majority": 0.6974973082542419, "val_f1_individual_binary": 0.21739129722118378, "val_f1_individual_macro": 0.5198597093556694, "val_acc_individual": 0.7104021906852722, "train_acc_means": 0.7335264682769775, "train_time_millis": 29793.323296995368, "eval_time_millis": 6596.332029999758}, "Epoch2": {"train_loss_means": 1.2306480407714844, "val_loss_mean": 1.3230047225952148, "val_f1_majority_bin": 0.0, "val_f1_majority_macro": 0.41089743589743594, "val_acc_majority": 0.6974973082542419, "val_f1_individual_binary": 0.2400578409433365, "val_f1_individual_macro": 0.5298452946930544, "val_acc_individual": 0.7084604501724243, "train_acc_means": 0.7359505891799927, "train_time_millis": 29694.98696899973, "eval_time_millis": 6603.9550860004965}, "Epoch3": {"train_loss_means": 1.2195249795913696, "val_loss_mean": 1.3215833902359009, "val_f1_majority_bin": 0.0, "val_f1_majority_macro": 0.41089743589743594, "val_acc_majority": 0.6974973082542419, "val_f1_individual_binary": 0.2294117659330368, "val_f1_individual_macro": 0.5251332327802916, "val_acc_individual": 0.7092926502227783, "train_acc_means": 0.7357693314552307, "train_time_millis": 29866.43307399936, "eval_time_millis": 6624.003318996984}, "Epoch4": {"train_loss_means": 1.1930830478668213, "val_loss_mean": 1.3277215957641602, "val_f1_majority_bin": 0.06965173780918121, "val_f1_majority_macro": 0.443546990074036, "val_acc_majority": 0.6947769522666931, "val_f1_individual_binary": 0.2540125548839569, "val_f1_individual_macro": 0.5344842102516645, "val_acc_individual": 0.7034674286842346, "train_acc_means": 0.7417935132980347, "train_time_millis": 29765.722129995993, "eval_time_millis": 6617.475724000542}, "Test_results": {"test_f1_majority_binary": 0.06482981890439987, "test_f1_majority_macro": 0.4383490484527349, "test_acc_majority": 0.686753511428833, "test_f1_individual_binary": 0.2608069181442261, "test_f1_individual_macro": 0.5398314243149513, "test_acc_individual": 0.7090187072753906, "test_time_millis": 6698.287687002448, "dataset_size": 9352, "number_of_annotations": 17820}}