{"Epoch0": {"train_loss_means": 0.05763646587729454, "val_loss_mean": 0.04780635982751846, "val_f1_majority_bin": 0.3553559974342527, "val_f1_majority_macro": 0.6498771688416076, "val_acc_majority": 0.8976265661607415, "val_f1_individual_binary": 0.30698033166216737, "val_f1_individual_macro": 0.6254567191367528, "val_acc_individual": 0.896259092483547, "train_time_millis": 12029.459807090461, "eval_time_millis": 8694.54703014344}, "Epoch1": {"train_loss_means": 0.040154095739126205, "val_loss_mean": 0.044838108122348785, "val_f1_majority_bin": 0.3623931623931624, "val_f1_majority_macro": 0.6499028846811161, "val_acc_majority": 0.8860140572476317, "val_f1_individual_binary": 0.3119643469317792, "val_f1_individual_macro": 0.624352961753468, "val_acc_individual": 0.8841357810876342, "train_time_millis": 11952.80423713848, "eval_time_millis": 8724.996386095881}, "Epoch2": {"train_loss_means": 0.028870340436697006, "val_loss_mean": 0.04898601397871971, "val_f1_majority_bin": 0.3273073263558516, "val_f1_majority_macro": 0.6233274026257926, "val_acc_majority": 0.8559641438321279, "val_f1_individual_binary": 0.28216704288939054, "val_f1_individual_macro": 0.6001831999012869, "val_acc_individual": 0.8531347419466574, "train_time_millis": 12032.014353666455, "eval_time_millis": 6594.9388281442225}, "Epoch3": {"train_loss_means": 0.021429333835840225, "val_loss_mean": 0.06234821304678917, "val_f1_majority_bin": 0.349756361667569, "val_f1_majority_macro": 0.641117569151095, "val_acc_majority": 0.8776611999592544, "val_f1_individual_binary": 0.30293159609120524, "val_f1_individual_macro": 0.6175771554916025, "val_acc_individual": 0.8764576838702228, "train_time_millis": 12036.688900087029, "eval_time_millis": 8723.330205772072}, "Epoch4": {"train_loss_means": 0.01677355356514454, "val_loss_mean": 0.08090094476938248, "val_f1_majority_bin": 0.36007348438456827, "val_f1_majority_macro": 0.6510105769792405, "val_acc_majority": 0.8935520016298258, "val_f1_individual_binary": 0.3152011922503726, "val_f1_individual_macro": 0.6288459027584778, "val_acc_individual": 0.8938921602586306, "train_time_millis": 12022.736914921552, "eval_time_millis": 6588.226614985615}, "Epoch5": {"train_loss_means": 0.01456152182072401, "val_loss_mean": 0.09682859480381012, "val_f1_majority_bin": 0.38776928422515644, "val_f1_majority_macro": 0.6696746943247245, "val_acc_majority": 0.9102577162065805, "val_f1_individual_binary": 0.34215017064846415, "val_f1_individual_macro": 0.6472051162839844, "val_acc_individual": 0.910980256321441, "train_time_millis": 12004.217506852001, "eval_time_millis": 8699.190783780068}, "Epoch6": {"train_loss_means": 0.012798055075109005, "val_loss_mean": 0.10467523336410522, "val_f1_majority_bin": 0.391578947368421, "val_f1_majority_macro": 0.6719825650126745, "val_acc_majority": 0.9116838137924009, "val_f1_individual_binary": 0.3455407152089617, "val_f1_individual_macro": 0.6492731574683548, "val_acc_individual": 0.9123080475695647, "train_time_millis": 12006.803804077208, "eval_time_millis": 8722.089913208038}, "Epoch7": {"train_loss_means": 0.0111871138215065, "val_loss_mean": 0.12425350397825241, "val_f1_majority_bin": 0.4056603773584906, "val_f1_majority_macro": 0.6822441958680047, "val_acc_majority": 0.9229907303656921, "val_f1_individual_binary": 0.35465116279069764, "val_f1_individual_macro": 0.6568835924450727, "val_acc_individual": 0.9231035677173537, "train_time_millis": 11983.52280864492, "eval_time_millis": 8709.785738028586}, "Epoch8": {"train_loss_means": 0.01070371177047491, "val_loss_mean": 0.1214921846985817, "val_f1_majority_bin": 0.40305343511450387, "val_f1_majority_macro": 0.6801885817790376, "val_acc_majority": 0.9203422634205969, "val_f1_individual_binary": 0.35117370892018784, "val_f1_individual_macro": 0.6543344708714859, "val_acc_individual": 0.9202170650040411, "train_time_millis": 12009.566193912178, "eval_time_millis": 8706.562140025198}, "Epoch9": {"train_loss_means": 0.01020388025790453, "val_loss_mean": 0.13717696070671082, "val_f1_majority_bin": 0.39724849527085127, "val_f1_majority_macro": 0.6796485560107166, "val_acc_majority": 0.9285932565957014, "val_f1_individual_binary": 0.35061464457509356, "val_f1_individual_macro": 0.6567707220373409, "val_acc_individual": 0.929857984066505, "train_time_millis": 12041.741081979126, "eval_time_millis": 7695.051325019449}, "Test_results": {"test_f1_majority_binary": 0.39724849527085127, "test_f1_majority_macro": 0.6796485560107166, "test_acc_majority": 0.9285932565957014, "test_f1_individual_binary": 0.35061464457509356, "test_f1_individual_macro": 0.6567707220373409, "test_acc_individual": 0.929857984066505, "test_time_millis": 8703.922761138529, "dataset_size": 27052, "number_of_annotations": 47022, "train_size": 12180, "val_size": 17322, "test_size": 17520}}