{"Epoch0": {"train_loss_means": 0.05318136885762215, "val_loss_mean": 0.05285118147730827, "val_f1_majority_bin": 0.1176470588235294, "val_f1_majority_macro": 0.46971461852067564, "val_acc_majority": 0.7034596375617792, "val_f1_individual_binary": 0.09716599190283401, "val_f1_individual_macro": 0.45931157881771006, "val_acc_individual": 0.7018716577540107, "train_time_millis": 2298.702935993788, "eval_time_millis": 2341.93388800486}, "Epoch1": {"train_loss_means": 0.04923507571220398, "val_loss_mean": 0.046174049377441406, "val_f1_majority_bin": 0.15613382899628253, "val_f1_majority_macro": 0.45796109439232124, "val_acc_majority": 0.6260296540362438, "val_f1_individual_binary": 0.14723926380368096, "val_f1_individual_macro": 0.4548162130984217, "val_acc_individual": 0.6283422459893048, "train_time_millis": 2296.162065002136, "eval_time_millis": 1327.6141059905058}, "Epoch2": {"train_loss_means": 0.03951875865459442, "val_loss_mean": 0.034146737307310104, "val_f1_majority_bin": 0.3181818181818181, "val_f1_majority_macro": 0.6175012602923877, "val_acc_majority": 0.8517298187808896, "val_f1_individual_binary": 0.30769230769230765, "val_f1_individual_macro": 0.6135476463834673, "val_acc_individual": 0.8556149732620321, "train_time_millis": 2296.7302420001943, "eval_time_millis": 315.65551199309994}, "Epoch3": {"train_loss_means": 0.027938803657889366, "val_loss_mean": 0.031110480427742004, "val_f1_majority_bin": 0.3307086614173228, "val_f1_majority_macro": 0.6262558946461039, "val_acc_majority": 0.8599670510708401, "val_f1_individual_binary": 0.3221476510067115, "val_f1_individual_macro": 0.6235831053845733, "val_acc_individual": 0.8649732620320856, "train_time_millis": 2288.6454639956355, "eval_time_millis": 1173.1985210062703}, "Epoch4": {"train_loss_means": 0.02011908032000065, "val_loss_mean": 0.033258575946092606, "val_f1_majority_bin": 0.409090909090909, "val_f1_majority_macro": 0.6814548683998062, "val_acc_majority": 0.914332784184514, "val_f1_individual_binary": 0.4077669902912622, "val_f1_individual_macro": 0.6819883049087323, "val_acc_individual": 0.9184491978609626, "train_time_millis": 2296.3479370082496, "eval_time_millis": 2344.6263700025156}, "Epoch5": {"train_loss_means": 0.01399548351764679, "val_loss_mean": 0.03604583814740181, "val_f1_majority_bin": 0.4166666666666667, "val_f1_majority_macro": 0.683288610614192, "val_acc_majority": 0.9077429983525536, "val_f1_individual_binary": 0.4107142857142857, "val_f1_individual_macro": 0.6815132122213047, "val_acc_individual": 0.9117647058823529, "train_time_millis": 2295.6282180093694, "eval_time_millis": 2352.560765997623}, "Epoch6": {"train_loss_means": 0.011024972423911095, "val_loss_mean": 0.04731348529458046, "val_f1_majority_bin": 0.4923076923076923, "val_f1_majority_macro": 0.7317935328379193, "val_acc_majority": 0.9456342668863262, "val_f1_individual_binary": 0.4935064935064935, "val_f1_individual_macro": 0.73301117487164, "val_acc_individual": 0.9478609625668449, "train_time_millis": 2297.3229979979806, "eval_time_millis": 2348.9913230005186}, "Epoch7": {"train_loss_means": 0.00966685637831688, "val_loss_mean": 0.044811103492975235, "val_f1_majority_bin": 0.5070422535211268, "val_f1_majority_macro": 0.7382105405838355, "val_acc_majority": 0.942339373970346, "val_f1_individual_binary": 0.5, "val_f1_individual_macro": 0.735127478753541, "val_acc_individual": 0.9438502673796791, "train_time_millis": 2286.53144800046, "eval_time_millis": 1933.0076580081368}, "Epoch8": {"train_loss_means": 0.007953699678182602, "val_loss_mean": 0.04651414230465889, "val_f1_majority_bin": 0.5142857142857142, "val_f1_majority_macro": 0.7422827172827173, "val_acc_majority": 0.943986820428336, "val_f1_individual_binary": 0.5060240963855421, "val_f1_individual_macro": 0.7385039094808108, "val_acc_individual": 0.9451871657754011, "train_time_millis": 2285.3407340007834, "eval_time_millis": 771.531259000767}, "Epoch9": {"train_loss_means": 0.00735772168263793, "val_loss_mean": 0.04845963045954704, "val_f1_majority_bin": 0.5151515151515151, "val_f1_majority_macro": 0.7436384753457924, "val_acc_majority": 0.9472817133443163, "val_f1_individual_binary": 0.5063291139240506, "val_f1_individual_macro": 0.739403089072117, "val_acc_individual": 0.9478609625668449, "train_time_millis": 2287.547669999185, "eval_time_millis": 313.90147100319155}, "Test_results": {"test_f1_majority_binary": 0.5151515151515151, "test_f1_majority_macro": 0.7436384753457924, "test_acc_majority": 0.9472817133443163, "test_f1_individual_binary": 0.5063291139240506, "test_f1_individual_macro": 0.739403089072117, "test_acc_individual": 0.9478609625668449, "test_time_millis": 2348.6401080008363, "dataset_size": 3063, "number_of_annotations": 3753, "train_size": 2295, "val_size": 748, "test_size": 710}}