{"Epoch0": {"train_loss_means": 1.3400731086730957, "val_loss_mean": 3.1456949710845947, "val_f1_majority_bin": 0.0, "val_f1_majority_macro": 1.0, "val_acc_majority": 1.0, "val_f1_individual_binary": 0.0, "val_f1_individual_macro": 0.36133590237636487, "val_acc_individual": 0.565768301486969, "train_acc_means": 0.47789865732192993, "train_time_millis": 9557.915233999665, "eval_time_millis": 35475.52308899958}, "Epoch1": {"train_loss_means": 1.211964726448059, "val_loss_mean": 2.938880205154419, "val_f1_majority_bin": 0.0, "val_f1_majority_macro": 1.0, "val_acc_majority": 1.0, "val_f1_individual_binary": 0.0, "val_f1_individual_macro": 0.40243975722612824, "val_acc_individual": 0.6734714508056641, "train_acc_means": 0.6653414368629456, "train_time_millis": 9532.360776000132, "eval_time_millis": 35863.78507399968}, "Epoch2": {"train_loss_means": 1.0905835628509521, "val_loss_mean": 2.7677829265594482, "val_f1_majority_bin": 0.0, "val_f1_majority_macro": 1.0, "val_acc_majority": 1.0, "val_f1_individual_binary": 0.0, "val_f1_individual_macro": 0.4347430650295589, "val_acc_individual": 0.7691069841384888, "train_acc_means": 0.8269656300544739, "train_time_millis": 9560.248085999774, "eval_time_millis": 35901.70961500007}, "Epoch3": {"train_loss_means": 0.985677182674408, "val_loss_mean": 2.633782148361206, "val_f1_majority_bin": 0.0, "val_f1_majority_macro": 1.0, "val_acc_majority": 1.0, "val_f1_individual_binary": 0.0, "val_f1_individual_macro": 0.46003475238922675, "val_acc_individual": 0.8519710302352905, "train_acc_means": 0.9131892919540405, "train_time_millis": 9441.430845000468, "eval_time_millis": 35564.52573899969}, "Epoch4": {"train_loss_means": 0.8818752765655518, "val_loss_mean": 2.529942035675049, "val_f1_majority_bin": 0.0, "val_f1_majority_macro": 1.0, "val_acc_majority": 1.0, "val_f1_individual_binary": 0.0, "val_f1_individual_macro": 0.46792230723955264, "val_acc_individual": 0.8794247508049011, "train_acc_means": 0.962698221206665, "train_time_millis": 9580.704383000011, "eval_time_millis": 35860.60917599934}, "Epoch5": {"train_loss_means": 0.80668044090271, "val_loss_mean": 2.4235124588012695, "val_f1_majority_bin": 0.0, "val_f1_majority_macro": 1.0, "val_acc_majority": 1.0, "val_f1_individual_binary": 0.0, "val_f1_individual_macro": 0.4774841048815091, "val_acc_individual": 0.9138174057006836, "train_acc_means": 0.9844292402267456, "train_time_millis": 9572.071007999511, "eval_time_millis": 35935.72166099966}, "Epoch6": {"train_loss_means": 0.7455914616584778, "val_loss_mean": 2.362950325012207, "val_f1_majority_bin": 0.0, "val_f1_majority_macro": 1.0, "val_acc_majority": 1.0, "val_f1_individual_binary": 0.0, "val_f1_individual_macro": 0.4806497101373583, "val_acc_individual": 0.9254826903343201, "train_acc_means": 0.9952218532562256, "train_time_millis": 9456.710111000575, "eval_time_millis": 35759.35465400016}, "Epoch7": {"train_loss_means": 0.6941765546798706, "val_loss_mean": 2.2842354774475098, "val_f1_majority_bin": 0.0, "val_f1_majority_macro": 1.0, "val_acc_majority": 1.0, "val_f1_individual_binary": 0.0, "val_f1_individual_macro": 0.4836431612836224, "val_acc_individual": 0.9366452097892761, "train_acc_means": 1.0, "train_time_millis": 9560.990482999841, "eval_time_millis": 35914.6996190002}, "Epoch8": {"train_loss_means": 0.6506808400154114, "val_loss_mean": 2.241955280303955, "val_f1_majority_bin": 0.0, "val_f1_majority_macro": 1.0, "val_acc_majority": 1.0, "val_f1_individual_binary": 0.0, "val_f1_individual_macro": 0.48428586246240013, "val_acc_individual": 0.9390587210655212, "train_acc_means": 1.0, "train_time_millis": 9574.527859000227, "eval_time_millis": 35927.32547000014}, "Epoch9": {"train_loss_means": 0.6181430816650391, "val_loss_mean": 2.177713632583618, "val_f1_majority_bin": 0.0, "val_f1_majority_macro": 1.0, "val_acc_majority": 1.0, "val_f1_individual_binary": 0.0, "val_f1_individual_macro": 0.48723766307430516, "val_acc_individual": 0.9502212405204773, "train_acc_means": 1.0, "train_time_millis": 9566.25891099975, "eval_time_millis": 35942.17023800047}, "Test_results": {"test_f1_majority_binary": 0.0, "test_f1_majority_macro": 1.0, "test_acc_majority": 1.0, "test_f1_individual_binary": 0.0, "test_f1_individual_macro": 0.48770491803278687, "test_acc_individual": 0.9520000219345093, "test_time_millis": 35705.91717099978, "dataset_size": 4734, "number_of_annotations": 20744}}