{"Epoch0": {"train_loss_means": 0.12119823694229126, "val_loss_mean": 0.11326130479574203, "val_f1_majority_bin": 0.5517241379310345, "val_f1_majority_macro": 0.6975488159534691, "val_acc_majority": 0.7678571428571429, "val_f1_individual_binary": 0.48672566371681414, "val_f1_individual_macro": 0.6567956676793025, "val_acc_individual": 0.7410714285714286, "train_time_millis": 3407.832414028235, "eval_time_millis": 2598.308544023894}, "Epoch1": {"train_loss_means": 0.08917984366416931, "val_loss_mean": 0.11844829469919205, "val_f1_majority_bin": 0.5037037037037038, "val_f1_majority_macro": 0.6448230978582417, "val_acc_majority": 0.7008928571428571, "val_f1_individual_binary": 0.45202020202020204, "val_f1_individual_macro": 0.6115586242168521, "val_acc_individual": 0.6770833333333334, "train_time_millis": 3411.765336000826, "eval_time_millis": 2599.418797006365}, "Epoch2": {"train_loss_means": 0.07569985091686249, "val_loss_mean": 0.1145026683807373, "val_f1_majority_bin": 0.53125, "val_f1_majority_macro": 0.671875, "val_acc_majority": 0.7321428571428571, "val_f1_individual_binary": 0.48000000000000004, "val_f1_individual_macro": 0.6393808049535604, "val_acc_individual": 0.7098214285714286, "train_time_millis": 3415.2843480114825, "eval_time_millis": 2602.150705002714}, "Epoch3": {"train_loss_means": 0.06567040830850601, "val_loss_mean": 0.180624321103096, "val_f1_majority_bin": 0.5333333333333333, "val_f1_majority_macro": 0.7080074487895717, "val_acc_majority": 0.8125, "val_f1_individual_binary": 0.48275862068965525, "val_f1_individual_macro": 0.6790524405387335, "val_acc_individual": 0.7991071428571429, "train_time_millis": 3418.7815209734254, "eval_time_millis": 2603.9370409562252}, "Epoch4": {"train_loss_means": 0.06310636550188065, "val_loss_mean": 0.1444471925497055, "val_f1_majority_bin": 0.5544554455445544, "val_f1_majority_macro": 0.7123862242131994, "val_acc_majority": 0.7991071428571429, "val_f1_individual_binary": 0.48979591836734687, "val_f1_individual_macro": 0.673469387755102, "val_acc_individual": 0.7767857142857143, "train_time_millis": 3391.8465329916216, "eval_time_millis": 2607.970414974261}, "Epoch5": {"train_loss_means": 0.06011218950152397, "val_loss_mean": 0.12405135482549667, "val_f1_majority_bin": 0.5333333333333334, "val_f1_majority_macro": 0.6813008130081302, "val_acc_majority": 0.75, "val_f1_individual_binary": 0.4786324786324786, "val_f1_individual_macro": 0.6471712242104991, "val_acc_individual": 0.7276785714285714, "train_time_millis": 3410.0050689885393, "eval_time_millis": 2604.0424030506983}, "Epoch6": {"train_loss_means": 0.060017477720975876, "val_loss_mean": 0.116798534989357, "val_f1_majority_bin": 0.512, "val_f1_majority_macro": 0.6615727554179567, "val_acc_majority": 0.7276785714285714, "val_f1_individual_binary": 0.46174863387978143, "val_f1_individual_macro": 0.6301585705186229, "val_acc_individual": 0.7068452380952381, "train_time_millis": 3399.882759025786, "eval_time_millis": 2597.7371530025266}, "Epoch7": {"train_loss_means": 0.05894733592867851, "val_loss_mean": 0.1588398665189743, "val_f1_majority_bin": 0.5142857142857142, "val_f1_majority_macro": 0.6827988338192419, "val_acc_majority": 0.7723214285714286, "val_f1_individual_binary": 0.4836601307189543, "val_f1_individual_macro": 0.6657221655521554, "val_acc_individual": 0.7648809523809523, "train_time_millis": 3408.381635963451, "eval_time_millis": 2041.3384269922972}, "Epoch8": {"train_loss_means": 0.05834885686635971, "val_loss_mean": 0.16249850392341614, "val_f1_majority_bin": 0.5000000000000001, "val_f1_majority_macro": 0.6744186046511629, "val_acc_majority": 0.7678571428571429, "val_f1_individual_binary": 0.4752475247524752, "val_f1_individual_macro": 0.661254886295546, "val_acc_individual": 0.7633928571428571, "train_time_millis": 3412.3740479699336, "eval_time_millis": 2598.5570600023493}, "Epoch9": {"train_loss_means": 0.057233504951000214, "val_loss_mean": 0.16707874834537506, "val_f1_majority_bin": 0.5048543689320388, "val_f1_majority_macro": 0.6785141409877584, "val_acc_majority": 0.7723214285714286, "val_f1_individual_binary": 0.47333333333333333, "val_f1_individual_macro": 0.6609961685823755, "val_acc_individual": 0.7648809523809523, "train_time_millis": 3417.6762080169283, "eval_time_millis": 2619.747678982094}, "Test_results": {"test_f1_majority_binary": 0.5333333333333333, "test_f1_majority_macro": 0.7080074487895717, "test_acc_majority": 0.8125, "test_f1_individual_binary": 0.48275862068965525, "test_f1_individual_macro": 0.6790524405387335, "test_acc_individual": 0.7991071428571429, "test_time_millis": 2605.736077995971, "dataset_size": 985, "number_of_annotations": 5910, "train_size": 3222, "val_size": 1344, "test_size": 1344}}