{"Epoch0": {"train_loss_means": 0.06300924718379974, "val_loss_mean": 0.0637172982096672, "val_f1_majority_bin": 0.10966057441253263, "val_f1_majority_macro": 0.4290000289036833, "val_acc_majority": 0.6075949367088608, "val_f1_individual_binary": 0.09335727109515261, "val_f1_individual_macro": 0.42223309587285973, "val_acc_individual": 0.6094354215003867, "train_time_millis": 1993.2841139998345, "eval_time_millis": 2544.917904000613}, "Epoch1": {"train_loss_means": 0.06174802407622337, "val_loss_mean": 0.06322027742862701, "val_f1_majority_bin": 0.13999999999999999, "val_f1_majority_macro": 0.48029207232267035, "val_acc_majority": 0.7031070195627158, "val_f1_individual_binary": 0.12037037037037038, "val_f1_individual_macro": 0.4719772000412668, "val_acc_individual": 0.7061098221191029, "train_time_millis": 1958.8544629987155, "eval_time_millis": 2590.0848800010863}, "Epoch2": {"train_loss_means": 0.06087759509682655, "val_loss_mean": 0.06244610622525215, "val_f1_majority_bin": 0.15384615384615383, "val_f1_majority_macro": 0.5152882713858323, "val_acc_majority": 0.7848101265822784, "val_f1_individual_binary": 0.134185303514377, "val_f1_individual_macro": 0.5074798052987635, "val_acc_individual": 0.7904098994586234, "train_time_millis": 1964.306302001205, "eval_time_millis": 1532.7408800003468}, "Epoch3": {"train_loss_means": 0.05619961395859718, "val_loss_mean": 0.06139508634805679, "val_f1_majority_bin": 0.17391304347826086, "val_f1_majority_macro": 0.5311106693550678, "val_acc_majority": 0.8032220943613348, "val_f1_individual_binary": 0.14915254237288136, "val_f1_individual_macro": 0.5197966989472439, "val_acc_individual": 0.805877803557618, "train_time_millis": 1976.2478320008086, "eval_time_millis": 2533.680660002574}, "Epoch4": {"train_loss_means": 0.051428526639938354, "val_loss_mean": 0.05977003648877144, "val_f1_majority_bin": 0.17, "val_f1_majority_macro": 0.5310338101430429, "val_acc_majority": 0.80897583429229, "val_f1_individual_binary": 0.15602836879432624, "val_f1_individual_macro": 0.5263648788416075, "val_acc_individual": 0.8159319412219644, "train_time_millis": 1986.5334359965345, "eval_time_millis": 2543.8386220012035}, "Epoch5": {"train_loss_means": 0.04868953675031662, "val_loss_mean": 0.05840524658560753, "val_f1_majority_bin": 0.20253164556962025, "val_f1_majority_macro": 0.5613924050632911, "val_acc_majority": 0.8550057537399309, "val_f1_individual_binary": 0.17777777777777778, "val_f1_individual_macro": 0.549710574615276, "val_acc_individual": 0.8569218870843001, "train_time_millis": 1969.813862000592, "eval_time_millis": 2550.442365998606}, "Epoch6": {"train_loss_means": 0.04154439643025398, "val_loss_mean": 0.057606399059295654, "val_f1_majority_bin": 0.2054794520547945, "val_f1_majority_macro": 0.5663075652233772, "val_acc_majority": 0.8665132336018412, "val_f1_individual_binary": 0.18357487922705315, "val_f1_individual_macro": 0.5562683139304665, "val_acc_individual": 0.8692962103634957, "train_time_millis": 1962.1928460001072, "eval_time_millis": 2559.1224649979267}, "Epoch7": {"train_loss_means": 0.03875315934419632, "val_loss_mean": 0.05745542794466019, "val_f1_majority_bin": 0.22377622377622378, "val_f1_majority_macro": 0.5770918736435978, "val_acc_majority": 0.8722669735327964, "val_f1_individual_binary": 0.19095477386934673, "val_f1_individual_macro": 0.5617530467587203, "val_acc_individual": 0.8754833720030936, "train_time_millis": 1960.7917850007652, "eval_time_millis": 2549.3071199998667}, "Epoch8": {"train_loss_means": 0.036666907370090485, "val_loss_mean": 0.057990603148937225, "val_f1_majority_bin": 0.2318840579710145, "val_f1_majority_macro": 0.5828170289855072, "val_acc_majority": 0.8780207134637514, "val_f1_individual_binary": 0.19791666666666666, "val_f1_individual_macro": 0.5667945906432749, "val_acc_individual": 0.8808971384377416, "train_time_millis": 1971.613581001293, "eval_time_millis": 2550.952767000126}, "Epoch9": {"train_loss_means": 0.03497140109539032, "val_loss_mean": 0.05831658095121384, "val_f1_majority_bin": 0.2406015037593985, "val_f1_majority_macro": 0.5888365774248706, "val_acc_majority": 0.8837744533947065, "val_f1_individual_binary": 0.20430107526881722, "val_f1_individual_macro": 0.5713172043010752, "val_acc_individual": 0.88553750966744, "train_time_millis": 1982.3561949997384, "eval_time_millis": 1882.5819289995707}, "Test_results": {"test_f1_majority_binary": 0.2406015037593985, "test_f1_majority_macro": 0.5888365774248706, "test_acc_majority": 0.8837744533947065, "test_f1_individual_binary": 0.20430107526881722, "test_f1_individual_macro": 0.5713172043010752, "test_acc_individual": 0.88553750966744, "test_time_millis": 2555.4707539995434, "dataset_size": 2824, "number_of_annotations": 4382, "train_size": 1834, "val_size": 1293, "test_size": 1255}}