{"Epoch0": {"train_loss_means": 0.022961363196372986, "val_loss_mean": 0.02356361225247383, "val_f1_majority_bin": 0.08, "val_f1_majority_macro": 0.5346980175195943, "val_acc_majority": 0.9790337283500455, "val_f1_individual_binary": 0.11764705882352942, "val_f1_individual_macro": 0.5534317249545397, "val_acc_individual": 0.9786931818181818, "train_time_millis": 6397.442203015089, "eval_time_millis": 2938.4582500206307}, "Epoch1": {"train_loss_means": 0.017036177217960358, "val_loss_mean": 0.01647152006626129, "val_f1_majority_bin": 0.11003236245954692, "val_f1_majority_macro": 0.48207188414754537, "val_acc_majority": 0.7493163172288059, "val_f1_individual_binary": 0.11764705882352941, "val_f1_individual_macro": 0.4864895531097531, "val_acc_individual": 0.7514204545454546, "train_time_millis": 6413.688795058988, "eval_time_millis": 2945.365892024711}, "Epoch2": {"train_loss_means": 0.010278650559484959, "val_loss_mean": 0.017046650871634483, "val_f1_majority_bin": 0.15165876777251183, "val_f1_majority_macro": 0.5306957479810618, "val_acc_majority": 0.8368277119416591, "val_f1_individual_binary": 0.14742014742014745, "val_f1_individual_macro": 0.5282555282555284, "val_acc_individual": 0.8357007575757576, "train_time_millis": 6395.347673096694, "eval_time_millis": 2926.6490529989824}, "Epoch3": {"train_loss_means": 0.006837357766926289, "val_loss_mean": 0.031341806054115295, "val_f1_majority_bin": 0.29411764705882354, "val_f1_majority_macro": 0.6357700182613026, "val_acc_majority": 0.9562443026435734, "val_f1_individual_binary": 0.2676056338028169, "val_f1_individual_macro": 0.6210639633982237, "val_acc_individual": 0.9507575757575758, "train_time_millis": 6373.664377024397, "eval_time_millis": 2969.5208159973845}, "Epoch4": {"train_loss_means": 0.00419192761182785, "val_loss_mean": 0.03612387180328369, "val_f1_majority_bin": 0.28571428571428575, "val_f1_majority_macro": 0.6298670625548283, "val_acc_majority": 0.9498632634457612, "val_f1_individual_binary": 0.2784810126582279, "val_f1_individual_macro": 0.625221814740329, "val_acc_individual": 0.9460227272727273, "train_time_millis": 6432.397523079999, "eval_time_millis": 1950.6092430092394}, "Epoch5": {"train_loss_means": 0.003331956919282675, "val_loss_mean": 0.04883238300681114, "val_f1_majority_bin": 0.3773584905660377, "val_f1_majority_macro": 0.6809725661611132, "val_acc_majority": 0.9699179580674567, "val_f1_individual_binary": 0.34234234234234234, "val_f1_individual_macro": 0.6622968701743318, "val_acc_individual": 0.9654356060606061, "train_time_millis": 6452.68654206302, "eval_time_millis": 2211.488325963728}, "Epoch6": {"train_loss_means": 0.002636783057823777, "val_loss_mean": 0.04890822991728783, "val_f1_majority_bin": 0.33898305084745767, "val_f1_majority_macro": 0.6603580359623705, "val_acc_majority": 0.9644484958979034, "val_f1_individual_binary": 0.319327731092437, "val_f1_individual_macro": 0.6497978484938434, "val_acc_individual": 0.9616477272727273, "train_time_millis": 6441.090521053411, "eval_time_millis": 2979.0623990120366}, "Epoch7": {"train_loss_means": 0.0020804714877158403, "val_loss_mean": 0.058717481791973114, "val_f1_majority_bin": 0.3111111111111111, "val_f1_majority_macro": 0.648342898505765, "val_acc_majority": 0.9717411121239745, "val_f1_individual_binary": 0.3298969072164949, "val_f1_individual_macro": 0.6570734838965925, "val_acc_individual": 0.9692234848484849, "train_time_millis": 6426.879748003557, "eval_time_millis": 2800.908601959236}, "Epoch8": {"train_loss_means": 0.0020212046802043915, "val_loss_mean": 0.05496465042233467, "val_f1_majority_bin": 0.37288135593220345, "val_f1_majority_macro": 0.6777755725796848, "val_acc_majority": 0.9662716499544212, "val_f1_individual_binary": 0.3361344537815126, "val_f1_individual_macro": 0.658444815197699, "val_acc_individual": 0.962594696969697, "train_time_millis": 6443.939745076932, "eval_time_millis": 2959.6221359679475}, "Epoch9": {"train_loss_means": 0.0019074975280091166, "val_loss_mean": 0.060832679271698, "val_f1_majority_bin": 0.3111111111111111, "val_f1_majority_macro": 0.648342898505765, "val_acc_majority": 0.9717411121239745, "val_f1_individual_binary": 0.32653061224489793, "val_f1_individual_macro": 0.6552672450463461, "val_acc_individual": 0.96875, "train_time_millis": 6454.212751006708, "eval_time_millis": 2933.7893300689757}, "Test_results": {"test_f1_majority_binary": 0.08, "test_f1_majority_macro": 0.5346980175195943, "test_acc_majority": 0.9790337283500455, "test_f1_individual_binary": 0.11764705882352942, "test_f1_individual_macro": 0.5534317249545397, "test_acc_individual": 0.9786931818181818, "test_time_millis": 2913.783497060649, "dataset_size": 5434, "number_of_annotations": 10438, "train_size": 6359, "val_size": 2112, "test_size": 1967}}