{"Epoch0": {"train_loss_means": 0.06392404437065125, "val_loss_mean": 0.05438517779111862, "val_f1_majority_bin": 0.2826086956521739, "val_f1_majority_macro": 0.614321518717338, "val_acc_majority": 0.8996197718631179, "val_f1_individual_binary": 0.2725366876310273, "val_f1_individual_macro": 0.6092980344730606, "val_acc_individual": 0.8995658465991317, "train_time_millis": 9527.951079000559, "eval_time_millis": 3317.3185939995165}, "Epoch1": {"train_loss_means": 0.045552875846624374, "val_loss_mean": 0.046121615916490555, "val_f1_majority_bin": 0.3053435114503817, "val_f1_majority_macro": 0.6142427016711368, "val_acc_majority": 0.8615969581749049, "val_f1_individual_binary": 0.2745664739884393, "val_f1_individual_macro": 0.5969165596059919, "val_acc_individual": 0.8547033285094067, "train_time_millis": 9538.749642999392, "eval_time_millis": 3303.4863760003645}, "Epoch2": {"train_loss_means": 0.0365021675825119, "val_loss_mean": 0.04797034338116646, "val_f1_majority_bin": 0.3627906976744187, "val_f1_majority_macro": 0.653030959603255, "val_acc_majority": 0.8958174904942966, "val_f1_individual_binary": 0.31971580817051515, "val_f1_individual_macro": 0.629686169407457, "val_acc_individual": 0.8891461649782924, "train_time_millis": 9530.011792999176, "eval_time_millis": 3301.59585399997}, "Epoch3": {"train_loss_means": 0.031020300462841988, "val_loss_mean": 0.05252097547054291, "val_f1_majority_bin": 0.40229885057471265, "val_f1_majority_macro": 0.6799767868508743, "val_acc_majority": 0.9209125475285171, "val_f1_individual_binary": 0.35999999999999993, "val_f1_individual_macro": 0.6577089783281734, "val_acc_individual": 0.9166425470332851, "train_time_millis": 9507.856108000851, "eval_time_millis": 3296.313703999658}, "Epoch4": {"train_loss_means": 0.026665406301617622, "val_loss_mean": 0.05561694875359535, "val_f1_majority_bin": 0.4114285714285714, "val_f1_majority_macro": 0.6847366889729415, "val_acc_majority": 0.9216730038022813, "val_f1_individual_binary": 0.35761589403973515, "val_f1_individual_macro": 0.6562742626463195, "val_acc_individual": 0.9157742402315485, "train_time_millis": 9513.795506999486, "eval_time_millis": 3307.6457229999505}, "Epoch5": {"train_loss_means": 0.02294895425438881, "val_loss_mean": 0.060821693390607834, "val_f1_majority_bin": 0.4276729559748428, "val_f1_majority_macro": 0.6954228802537104, "val_acc_majority": 0.9307984790874525, "val_f1_individual_binary": 0.3583535108958838, "val_f1_individual_macro": 0.6587827274350128, "val_acc_individual": 0.9232995658465991, "train_time_millis": 9527.348061999874, "eval_time_millis": 2286.8027119993712}, "Epoch6": {"train_loss_means": 0.021150125190615654, "val_loss_mean": 0.06466738134622574, "val_f1_majority_bin": 0.4258064516129032, "val_f1_majority_macro": 0.6949234278266536, "val_acc_majority": 0.932319391634981, "val_f1_individual_binary": 0.36318407960199006, "val_f1_individual_macro": 0.6619239390019784, "val_acc_individual": 0.925904486251809, "train_time_millis": 9520.550023999931, "eval_time_millis": 2287.761364000289}, "Epoch7": {"train_loss_means": 0.019529081881046295, "val_loss_mean": 0.07149510830640793, "val_f1_majority_bin": 0.43283582089552236, "val_f1_majority_macro": 0.7011935514734022, "val_acc_majority": 0.9422053231939164, "val_f1_individual_binary": 0.3688760806916426, "val_f1_individual_macro": 0.667753597255771, "val_acc_individual": 0.9366136034732272, "train_time_millis": 9540.057217999674, "eval_time_millis": 3310.583847000089}, "Epoch8": {"train_loss_means": 0.018423214554786682, "val_loss_mean": 0.07204976677894592, "val_f1_majority_bin": 0.4428571428571429, "val_f1_majority_macro": 0.7057659208261619, "val_acc_majority": 0.9406844106463879, "val_f1_individual_binary": 0.3701657458563536, "val_f1_individual_macro": 0.6676729767766801, "val_acc_individual": 0.9340086830680173, "train_time_millis": 9558.660340999268, "eval_time_millis": 2287.551381999947}, "Epoch9": {"train_loss_means": 0.01779463142156601, "val_loss_mean": 0.07372399419546127, "val_f1_majority_bin": 0.437956204379562, "val_f1_majority_macro": 0.7035348611147709, "val_acc_majority": 0.9414448669201521, "val_f1_individual_binary": 0.3693181818181818, "val_f1_individual_macro": 0.6677331988688348, "val_acc_individual": 0.9357452966714906, "train_time_millis": 9517.568709999978, "eval_time_millis": 3299.4450599999254}, "Test_results": {"test_f1_majority_binary": 0.43283582089552236, "test_f1_majority_macro": 0.7011935514734022, "test_acc_majority": 0.9422053231939164, "test_f1_individual_binary": 0.3688760806916426, "test_f1_individual_macro": 0.667753597255771, "test_acc_individual": 0.9366136034732272, "test_time_millis": 3301.392241999565, "dataset_size": 6614, "number_of_annotations": 17374, "train_size": 10516, "val_size": 3455, "test_size": 3403}}