{"Epoch0": {"train_loss_means": 0.05189688131213188, "val_loss_mean": 0.04715769737958908, "val_f1_majority_bin": 0.41909814323607436, "val_f1_majority_macro": 0.7047521206389334, "val_acc_majority": 0.9811239441475608, "val_f1_individual_binary": 0.3147853736089031, "val_f1_individual_macro": 0.6495556582080858, "val_acc_individual": 0.9693529272339417, "train_time_millis": 117658.10695500113, "eval_time_millis": 17848.06152800593}, "Epoch1": {"train_loss_means": 0.04283415526151657, "val_loss_mean": 0.04783334210515022, "val_f1_majority_bin": 0.3697813121272366, "val_f1_majority_macro": 0.6779085847892251, "val_acc_majority": 0.9726771246336838, "val_f1_individual_binary": 0.31672297297297297, "val_f1_individual_macro": 0.6484970764001576, "val_acc_individual": 0.9616496800189619, "train_time_millis": 117546.23852299846, "eval_time_millis": 17945.979320000333}, "Epoch2": {"train_loss_means": 0.03613327816128731, "val_loss_mean": 0.053182415664196014, "val_f1_majority_bin": 0.37362637362637363, "val_f1_majority_macro": 0.6805491752082811, "val_acc_majority": 0.9754352697810722, "val_f1_individual_binary": 0.30958904109589036, "val_f1_individual_macro": 0.6455963212536271, "val_acc_individual": 0.9641621237260014, "train_time_millis": 117693.34710900148, "eval_time_millis": 17247.53339400195}, "Epoch3": {"train_loss_means": 0.030830614268779755, "val_loss_mean": 0.065705806016922, "val_f1_majority_bin": 0.34883720930232565, "val_f1_majority_macro": 0.667013809164562, "val_acc_majority": 0.971039475952422, "val_f1_individual_binary": 0.30280528052805283, "val_f1_individual_macro": 0.641092229799875, "val_acc_individual": 0.9599431144821048, "train_time_millis": 117563.80647500191, "eval_time_millis": 17786.94768800051}, "Epoch4": {"train_loss_means": 0.027607737109065056, "val_loss_mean": 0.07642152905464172, "val_f1_majority_bin": 0.36134453781512604, "val_f1_majority_macro": 0.6739844829167148, "val_acc_majority": 0.9737976210998104, "val_f1_individual_binary": 0.306601683650864, "val_f1_individual_macro": 0.6437724514841148, "val_acc_individual": 0.9629059018724816, "train_time_millis": 117563.11411400384, "eval_time_millis": 17963.36595399771}, "Epoch5": {"train_loss_means": 0.025521066039800644, "val_loss_mean": 0.08960132300853729, "val_f1_majority_bin": 0.3314917127071823, "val_f1_majority_macro": 0.6577365010735946, "val_acc_majority": 0.968712290984313, "val_f1_individual_binary": 0.2990059642147117, "val_f1_individual_macro": 0.638735254751343, "val_acc_individual": 0.9582128466461247, "train_time_millis": 117492.64088500058, "eval_time_millis": 17672.361495002406}, "Epoch6": {"train_loss_means": 0.024054350331425667, "val_loss_mean": 0.09904253482818604, "val_f1_majority_bin": 0.3294573643410853, "val_f1_majority_macro": 0.6571035058658882, "val_acc_majority": 0.9701775555938631, "val_f1_individual_binary": 0.2863087806908032, "val_f1_individual_macro": 0.6326941392993765, "val_acc_individual": 0.9593505570040294, "train_time_millis": 117624.25156699464, "eval_time_millis": 17982.71239799942}, "Epoch7": {"train_loss_means": 0.02320975251495838, "val_loss_mean": 0.09680160880088806, "val_f1_majority_bin": 0.3006535947712418, "val_f1_majority_macro": 0.6408544177822215, "val_acc_majority": 0.9631098086536805, "val_f1_individual_binary": 0.2839727500896379, "val_f1_individual_macro": 0.6297485056719715, "val_acc_individual": 0.9526665086513392, "train_time_millis": 117628.52611400012, "eval_time_millis": 18119.829426999786}, "Epoch8": {"train_loss_means": 0.022352872416377068, "val_loss_mean": 0.10896988213062286, "val_f1_majority_bin": 0.30303030303030304, "val_f1_majority_macro": 0.6423599104713655, "val_acc_majority": 0.9643164971556628, "val_f1_individual_binary": 0.28402803393581705, "val_f1_individual_macro": 0.6301306830223478, "val_acc_individual": 0.953993837402228, "train_time_millis": 117576.84383000014, "eval_time_millis": 16970.20677499677}, "Epoch9": {"train_loss_means": 0.021763194352388382, "val_loss_mean": 0.11045179516077042, "val_f1_majority_bin": 0.31690140845070425, "val_f1_majority_macro": 0.6498802854234436, "val_acc_majority": 0.9665574900879159, "val_f1_individual_binary": 0.2876869965477561, "val_f1_individual_macro": 0.6324888946761136, "val_acc_individual": 0.9559848305285613, "train_time_millis": 117659.90024000348, "eval_time_millis": 16944.136231999437}, "Test_results": {"test_f1_majority_binary": 0.41909814323607436, "test_f1_majority_macro": 0.7047521206389334, "test_acc_majority": 0.9811239441475608, "test_f1_individual_binary": 0.3147853736089031, "test_f1_individual_macro": 0.6495556582080858, "test_acc_individual": 0.9693529272339417, "test_time_millis": 15944.524448001175, "dataset_size": 58011, "number_of_annotations": 211225, "train_size": 126629, "val_size": 42190, "test_size": 42406}}