{"Epoch0": {"train_loss_means": 0.058854300528764725, "val_loss_mean": 0.05585609748959541, "val_f1_majority_bin": 0.4461709211986682, "val_f1_majority_macro": 0.7118966180503409, "val_acc_majority": 0.9569827586206896, "val_f1_individual_binary": 0.40594594594594596, "val_f1_individual_macro": 0.68911420878634, "val_acc_individual": 0.9470361445783132, "train_time_millis": 127145.01169789582, "eval_time_millis": 18784.015582990833}, "Epoch1": {"train_loss_means": 0.04784282669425011, "val_loss_mean": 0.05860668048262596, "val_f1_majority_bin": 0.5597381342062192, "val_f1_majority_macro": 0.773914841595119, "val_acc_majority": 0.9768103448275862, "val_f1_individual_binary": 0.4440284537626357, "val_f1_individual_macro": 0.7127709896942497, "val_acc_individual": 0.9642168674698796, "train_time_millis": 127102.04468900338, "eval_time_millis": 19090.559478034265}, "Epoch2": {"train_loss_means": 0.042250268161296844, "val_loss_mean": 0.060551322996616364, "val_f1_majority_bin": 0.5650793650793651, "val_f1_majority_macro": 0.7764696781090223, "val_acc_majority": 0.9763793103448276, "val_f1_individual_binary": 0.44574780058651026, "val_f1_individual_macro": 0.7134559214214193, "val_acc_individual": 0.963566265060241, "train_time_millis": 127142.80765398871, "eval_time_millis": 19096.107579069212}, "Epoch3": {"train_loss_means": 0.03800360485911369, "val_loss_mean": 0.05968298390507698, "val_f1_majority_bin": 0.5506807866868382, "val_f1_majority_macro": 0.7687518135483971, "val_acc_majority": 0.974396551724138, "val_f1_individual_binary": 0.44700944386149, "val_f1_individual_macro": 0.7136408569926983, "val_acc_individual": 0.9619036144578313, "train_time_millis": 127210.95711702947, "eval_time_millis": 18879.812391940504}, "Epoch4": {"train_loss_means": 0.03422125428915024, "val_loss_mean": 0.06515756249427795, "val_f1_majority_bin": 0.5052910052910052, "val_f1_majority_macro": 0.7443136544900936, "val_acc_majority": 0.9677586206896551, "val_f1_individual_binary": 0.4384328358208956, "val_f1_individual_macro": 0.7078983591517994, "val_acc_individual": 0.9564819277108434, "train_time_millis": 127113.24588395655, "eval_time_millis": 19086.549567058682}, "Epoch5": {"train_loss_means": 0.031256258487701416, "val_loss_mean": 0.07642564922571182, "val_f1_majority_bin": 0.5256975036710719, "val_f1_majority_macro": 0.7556770301782687, "val_acc_majority": 0.9721551724137931, "val_f1_individual_binary": 0.4364492266308002, "val_f1_individual_macro": 0.7077530165843378, "val_acc_individual": 0.9596144578313253, "train_time_millis": 127189.5312940469, "eval_time_millis": 19039.676128071733}, "Epoch6": {"train_loss_means": 0.02910073846578598, "val_loss_mean": 0.07488091289997101, "val_f1_majority_bin": 0.4858199753390876, "val_f1_majority_macro": 0.7335973787991164, "val_acc_majority": 0.964051724137931, "val_f1_individual_binary": 0.44212962962962965, "val_f1_individual_macro": 0.7089457360659464, "val_acc_individual": 0.9535421686746988, "train_time_millis": 127001.86009798199, "eval_time_millis": 19204.69632698223}, "Epoch7": {"train_loss_means": 0.02750253863632679, "val_loss_mean": 0.08752305060625076, "val_f1_majority_bin": 0.5061224489795918, "val_f1_majority_macro": 0.7449819901252288, "val_acc_majority": 0.9687068965517242, "val_f1_individual_binary": 0.4354587869362364, "val_f1_individual_macro": 0.7063550749872007, "val_acc_individual": 0.9562650602409638, "train_time_millis": 127056.66502309032, "eval_time_millis": 19097.56169503089}, "Epoch8": {"train_loss_means": 0.026160165667533875, "val_loss_mean": 0.09045906364917755, "val_f1_majority_bin": 0.5048010973936901, "val_f1_majority_macro": 0.7443679733775446, "val_acc_majority": 0.9688793103448275, "val_f1_individual_binary": 0.4409743910056215, "val_f1_individual_macro": 0.7092713755574488, "val_acc_individual": 0.9568674698795181, "train_time_millis": 127083.8286819635, "eval_time_millis": 19077.32440403197}, "Epoch9": {"train_loss_means": 0.025784071534872055, "val_loss_mean": 0.09597226977348328, "val_f1_majority_bin": 0.5244956772334294, "val_f1_majority_macro": 0.7549164603175944, "val_acc_majority": 0.971551724137931, "val_f1_individual_binary": 0.43848167539267013, "val_f1_individual_macro": 0.7085083249374039, "val_acc_individual": 0.9586506024096385, "train_time_millis": 127026.25325298868, "eval_time_millis": 19066.56138401013}, "Test_results": {"test_f1_majority_binary": 0.5597381342062192, "test_f1_majority_macro": 0.773914841595119, "test_acc_majority": 0.9768103448275862, "test_f1_individual_binary": 0.4440284537626357, "test_f1_individual_macro": 0.7127709896942497, "test_acc_individual": 0.9642168674698796, "test_time_millis": 19099.475226015784, "dataset_size": 58005, "number_of_annotations": 207515, "train_size": 124629, "val_size": 41500, "test_size": 41386}}