{"Epoch0": {"train_loss_means": 0.03138744458556175, "val_loss_mean": 0.03191908821463585, "val_f1_majority_bin": 0.07246376811594203, "val_f1_majority_macro": 0.49725502656710624, "val_acc_majority": 0.8561797752808988, "val_f1_individual_binary": 0.06666666666666667, "val_f1_individual_macro": 0.4945368171021378, "val_acc_individual": 0.8567251461988304, "train_time_millis": 3555.93508200036, "eval_time_millis": 2639.3304359989997}, "Epoch1": {"train_loss_means": 0.029739728197455406, "val_loss_mean": 0.03155164793133736, "val_f1_majority_bin": 0.08450704225352113, "val_f1_majority_macro": 0.5232365521390485, "val_acc_majority": 0.9269662921348315, "val_f1_individual_binary": 0.07766990291262135, "val_f1_individual_macro": 0.5207946931957713, "val_acc_individual": 0.9305555555555556, "train_time_millis": 3546.9093500014424, "eval_time_millis": 2644.4361670000944}, "Epoch2": {"train_loss_means": 0.028258059173822403, "val_loss_mean": 0.030772140249609947, "val_f1_majority_bin": 0.15624999999999997, "val_f1_majority_macro": 0.5623907342657343, "val_acc_majority": 0.9393258426966292, "val_f1_individual_binary": 0.14736842105263157, "val_f1_individual_macro": 0.5583491101855358, "val_acc_individual": 0.9407894736842105, "train_time_millis": 3587.6559680000355, "eval_time_millis": 2645.493603999057}, "Epoch3": {"train_loss_means": 0.02639179117977619, "val_loss_mean": 0.029563726857304573, "val_f1_majority_bin": 0.18181818181818182, "val_f1_majority_macro": 0.5778656126482213, "val_acc_majority": 0.949438202247191, "val_f1_individual_binary": 0.17073170731707318, "val_f1_individual_macro": 0.5725550021136986, "val_acc_individual": 0.9502923976608187, "train_time_millis": 3574.085231999561, "eval_time_millis": 1716.0192129995266}, "Epoch4": {"train_loss_means": 0.02311577834188938, "val_loss_mean": 0.027515321969985962, "val_f1_majority_bin": 0.3116883116883117, "val_f1_majority_macro": 0.640283380741396, "val_acc_majority": 0.9404494382022472, "val_f1_individual_binary": 0.2931034482758621, "val_f1_individual_macro": 0.630902869176099, "val_acc_individual": 0.9400584795321637, "train_time_millis": 3600.074845000563, "eval_time_millis": 1612.5888789993041}, "Epoch5": {"train_loss_means": 0.02024266868829727, "val_loss_mean": 0.025792915374040604, "val_f1_majority_bin": 0.30952380952380953, "val_f1_majority_macro": 0.6376628481581312, "val_acc_majority": 0.9348314606741573, "val_f1_individual_binary": 0.288, "val_f1_individual_macro": 0.6269567215626196, "val_acc_individual": 0.9349415204678363, "train_time_millis": 3562.4987379997037, "eval_time_millis": 1600.204431999373}, "Epoch6": {"train_loss_means": 0.01717371493577957, "val_loss_mean": 0.024724572896957397, "val_f1_majority_bin": 0.3243243243243243, "val_f1_majority_macro": 0.647508000380216, "val_acc_majority": 0.9438202247191011, "val_f1_individual_binary": 0.2982456140350877, "val_f1_individual_macro": 0.6338672768878719, "val_acc_individual": 0.9415204678362573, "train_time_millis": 3590.73542599981, "eval_time_millis": 1930.8598759998858}, "Epoch7": {"train_loss_means": 0.015240740031003952, "val_loss_mean": 0.023894041776657104, "val_f1_majority_bin": 0.32, "val_f1_majority_macro": 0.6450439882697947, "val_acc_majority": 0.9426966292134832, "val_f1_individual_binary": 0.2956521739130435, "val_f1_individual_macro": 0.6323739694441219, "val_acc_individual": 0.9407894736842105, "train_time_millis": 3548.680077999961, "eval_time_millis": 804.3196329999773}, "Epoch8": {"train_loss_means": 0.013632255606353283, "val_loss_mean": 0.02383432351052761, "val_f1_majority_bin": 0.3243243243243243, "val_f1_majority_macro": 0.647508000380216, "val_acc_majority": 0.9438202247191011, "val_f1_individual_binary": 0.30357142857142855, "val_f1_individual_macro": 0.6369229094076655, "val_acc_individual": 0.9429824561403509, "train_time_millis": 3576.7311830004473, "eval_time_millis": 2631.9983190005587}, "Epoch9": {"train_loss_means": 0.012866819277405739, "val_loss_mean": 0.02418084256350994, "val_f1_majority_bin": 0.3287671232876712, "val_f1_majority_macro": 0.650030896148815, "val_acc_majority": 0.9449438202247191, "val_f1_individual_binary": 0.3063063063063063, "val_f1_individual_macro": 0.6384864864864864, "val_acc_individual": 0.9437134502923976, "train_time_millis": 3564.813035000043, "eval_time_millis": 2635.8592410015262}, "Test_results": {"test_f1_majority_binary": 0.18181818181818182, "test_f1_majority_macro": 0.5778656126482213, "test_acc_majority": 0.949438202247191, "test_f1_individual_binary": 0.17073170731707318, "test_f1_individual_macro": 0.5725550021136986, "test_acc_individual": 0.9502923976608187, "test_time_millis": 2632.3609049995866, "dataset_size": 4338, "number_of_annotations": 6517, "train_size": 3883, "val_size": 1368, "test_size": 1266}}