{"Epoch0": {"train_loss_means": 0.5448843240737915, "val_loss_mean": 0.57382732629776, "val_f1_majority_bin": 0.0, "val_f1_majority_macro": 0.49311234530108894, "val_acc_majority": 0.9728237390518188, "val_f1_individual_binary": 0.0, "val_f1_individual_macro": 0.4901042609887978, "val_acc_individual": 0.9611852169036865, "train_acc_means": 0.9775000214576721, "train_time_millis": 3241.5598661173135, "eval_time_millis": 22573.37993499823}, "Epoch1": {"train_loss_means": 0.48946255445480347, "val_loss_mean": 0.5515739321708679, "val_f1_majority_bin": 0.0, "val_f1_majority_macro": 0.49311234530108894, "val_acc_majority": 0.9728237390518188, "val_f1_individual_binary": 0.0, "val_f1_individual_macro": 0.4901042609887978, "val_acc_individual": 0.9611852169036865, "train_acc_means": 0.9787499904632568, "train_time_millis": 3239.290561992675, "eval_time_millis": 22705.20419208333}, "Epoch2": {"train_loss_means": 0.44906729459762573, "val_loss_mean": 0.5412177443504333, "val_f1_majority_bin": 0.0, "val_f1_majority_macro": 0.49311234530108894, "val_acc_majority": 0.9728237390518188, "val_f1_individual_binary": 0.0, "val_f1_individual_macro": 0.4901042609887978, "val_acc_individual": 0.9611852169036865, "train_acc_means": 0.9787499904632568, "train_time_millis": 3250.911463983357, "eval_time_millis": 22706.89114718698}, "Epoch3": {"train_loss_means": 0.3995526134967804, "val_loss_mean": 0.5294866561889648, "val_f1_majority_bin": 0.0, "val_f1_majority_macro": 0.49311234530108894, "val_acc_majority": 0.9728237390518188, "val_f1_individual_binary": 0.0, "val_f1_individual_macro": 0.4901042609887978, "val_acc_individual": 0.9611852169036865, "train_acc_means": 0.9787499904632568, "train_time_millis": 3253.910018131137, "eval_time_millis": 22837.845762027428}, "Epoch4": {"train_loss_means": 0.34816527366638184, "val_loss_mean": 0.5518656373023987, "val_f1_majority_bin": 0.0, "val_f1_majority_macro": 0.49311234530108894, "val_acc_majority": 0.9728237390518188, "val_f1_individual_binary": 0.0, "val_f1_individual_macro": 0.4901042609887978, "val_acc_individual": 0.9611852169036865, "train_acc_means": 0.9787499904632568, "train_time_millis": 3252.746621146798, "eval_time_millis": 22586.728281108662}, "Test_results": {"test_f1_majority_binary": 0.0, "test_f1_majority_macro": 0.4930913860953214, "test_acc_majority": 0.9727421998977661, "test_f1_individual_binary": 0.0, "test_f1_individual_macro": 0.48998069973186875, "test_acc_individual": 0.9607101082801819, "test_time_millis": 22851.921640103683, "dataset_size": 23969, "number_of_annotations": 23969}}