{"Epoch0": {"train_loss_means": 0.06385082751512527, "val_loss_mean": 0.05091200768947601, "val_f1_majority_bin": 0.47186574531095754, "val_f1_majority_macro": 0.7222828241786711, "val_acc_majority": 0.9480834546336729, "val_f1_individual_binary": 0.43277553375649164, "val_f1_individual_macro": 0.7030885272213473, "val_acc_individual": 0.9491858361333678, "train_time_millis": 60285.301460069604, "eval_time_millis": 10063.622561050579}, "Epoch1": {"train_loss_means": 0.049154117703437805, "val_loss_mean": 0.04785562679171562, "val_f1_majority_bin": 0.4615384615384615, "val_f1_majority_macro": 0.7143745223736988, "val_acc_majority": 0.9381853469189714, "val_f1_individual_binary": 0.4270676691729324, "val_f1_individual_macro": 0.6979595056588194, "val_acc_individual": 0.9409149651072629, "train_time_millis": 60437.02606402803, "eval_time_millis": 10053.904104977846}, "Epoch2": {"train_loss_means": 0.04328438267111778, "val_loss_mean": 0.04891098290681839, "val_f1_majority_bin": 0.4668483197093552, "val_f1_majority_macro": 0.7183798213442465, "val_acc_majority": 0.9430373605046094, "val_f1_individual_binary": 0.4415443175638934, "val_f1_individual_macro": 0.706837665823818, "val_acc_individual": 0.9469113466011889, "train_time_millis": 60359.15105207823, "eval_time_millis": 10071.521437959746}, "Epoch3": {"train_loss_means": 0.03866845741868019, "val_loss_mean": 0.05113450437784195, "val_f1_majority_bin": 0.42220699108978754, "val_f1_majority_macro": 0.6890942009910845, "val_acc_majority": 0.9181950509461426, "val_f1_individual_binary": 0.4004944375772559, "val_f1_individual_macro": 0.6801854478375208, "val_acc_individual": 0.9247867666063583, "train_time_millis": 60460.860252031125, "eval_time_millis": 10043.242324027233}, "Epoch4": {"train_loss_means": 0.034430451691150665, "val_loss_mean": 0.05544726178050041, "val_f1_majority_bin": 0.3871331828442438, "val_f1_majority_macro": 0.6647418754225466, "val_acc_majority": 0.8946142649199418, "val_f1_individual_binary": 0.35309705200397484, "val_f1_individual_macro": 0.6491733472853829, "val_acc_individual": 0.8990436805376066, "train_time_millis": 60429.6134019969, "eval_time_millis": 10077.368987025693}, "Epoch5": {"train_loss_means": 0.030075162649154663, "val_loss_mean": 0.0635208934545517, "val_f1_majority_bin": 0.42449547668754345, "val_f1_majority_macro": 0.6906809517167442, "val_acc_majority": 0.9197476952935468, "val_f1_individual_binary": 0.3993288590604027, "val_f1_individual_macro": 0.6799431713359635, "val_acc_individual": 0.9259757043163608, "train_time_millis": 60415.121910045855, "eval_time_millis": 10046.768418047577}, "Epoch6": {"train_loss_means": 0.027393870055675507, "val_loss_mean": 0.06819406151771545, "val_f1_majority_bin": 0.42424242424242425, "val_f1_majority_macro": 0.6903026506847365, "val_acc_majority": 0.918874332848132, "val_f1_individual_binary": 0.39604775627830385, "val_f1_individual_macro": 0.677795533636794, "val_acc_individual": 0.9241664512794003, "train_time_millis": 60320.352214970626, "eval_time_millis": 10006.695376010612}, "Epoch7": {"train_loss_means": 0.026194123551249504, "val_loss_mean": 0.0776715874671936, "val_f1_majority_bin": 0.44881889763779526, "val_f1_majority_macro": 0.7063122409595388, "val_acc_majority": 0.9320718098010674, "val_f1_individual_binary": 0.42020774315391884, "val_f1_individual_macro": 0.6933150714019621, "val_acc_individual": 0.9365210648746446, "train_time_millis": 60319.99753997661, "eval_time_millis": 10031.262976001017}, "Epoch8": {"train_loss_means": 0.02422855794429779, "val_loss_mean": 0.07730945944786072, "val_f1_majority_bin": 0.4310595065312047, "val_f1_majority_macro": 0.6951470577581149, "val_acc_majority": 0.9239204269771956, "val_f1_individual_binary": 0.40191804707933737, "val_f1_individual_macro": 0.6821107984599896, "val_acc_individual": 0.9290772809511502, "train_time_millis": 60378.198018996045, "eval_time_millis": 10050.476643955335}, "Epoch9": {"train_loss_means": 0.023306751623749733, "val_loss_mean": 0.07942799478769302, "val_f1_majority_bin": 0.443609022556391, "val_f1_majority_macro": 0.7026136399089009, "val_acc_majority": 0.928190198932557, "val_f1_individual_binary": 0.41205578047683306, "val_f1_individual_macro": 0.6881075787238965, "val_acc_individual": 0.9324373223055052, "train_time_millis": 60339.590221992694, "eval_time_millis": 10049.551254953258}, "Test_results": {"test_f1_majority_binary": 0.47186574531095754, "test_f1_majority_macro": 0.7222828241786711, "test_acc_majority": 0.9480834546336729, "test_f1_individual_binary": 0.43277553375649164, "test_f1_individual_macro": 0.7030885272213473, "test_acc_individual": 0.9491858361333678, "test_time_millis": 10034.230805002153, "dataset_size": 51682, "number_of_annotations": 96716, "train_size": 58158, "val_size": 19345, "test_size": 19213}}