{"Epoch0": {"train_loss_means": 0.2671204209327698, "val_loss_mean": 0.24531836807727814, "val_f1_majority_bin": 0.7295888824551245, "val_f1_majority_macro": 0.7077668689343545, "val_acc_majority": 0.7093963907902925, "val_f1_individual_binary": 0.7004318806438947, "val_f1_individual_macro": 0.6986466117561945, "val_acc_individual": 0.6986571879936809, "train_time_millis": 9438.388007998583, "eval_time_millis": 3962.362664999091}, "Epoch1": {"train_loss_means": 0.2082313746213913, "val_loss_mean": 0.24644120037555695, "val_f1_majority_bin": 0.7309117865085248, "val_f1_majority_macro": 0.7681368584017155, "val_acc_majority": 0.7741132545115121, "val_f1_individual_binary": 0.7141382868937048, "val_f1_individual_macro": 0.76845749917302, "val_acc_individual": 0.7812006319115324, "train_time_millis": 9447.717285998806, "eval_time_millis": 3965.1721679983893}, "Epoch2": {"train_loss_means": 0.1657404750585556, "val_loss_mean": 0.23188979923725128, "val_f1_majority_bin": 0.7534883720930233, "val_f1_majority_macro": 0.768201178439724, "val_acc_majority": 0.7691350342252644, "val_f1_individual_binary": 0.7371375116931712, "val_f1_individual_macro": 0.7725332124426212, "val_acc_individual": 0.778041074249605, "train_time_millis": 9381.207938000443, "eval_time_millis": 3968.5700529953465}, "Epoch3": {"train_loss_means": 0.1313420981168747, "val_loss_mean": 0.2510218620300293, "val_f1_majority_bin": 0.7525562372188139, "val_f1_majority_macro": 0.7723857316603515, "val_acc_majority": 0.7741132545115121, "val_f1_individual_binary": 0.7370441458733205, "val_f1_individual_macro": 0.7765757642118281, "val_acc_individual": 0.7835703001579779, "train_time_millis": 9416.067482001381, "eval_time_millis": 3968.131485002232}, "Epoch4": {"train_loss_means": 0.1084120124578476, "val_loss_mean": 0.35477012395858765, "val_f1_majority_bin": 0.7383040935672515, "val_f1_majority_macro": 0.7721856329158034, "val_acc_majority": 0.777224642190417, "val_f1_individual_binary": 0.7209062821833162, "val_f1_individual_macro": 0.7736498098937081, "val_acc_individual": 0.7859399684044234, "train_time_millis": 9418.054109999503, "eval_time_millis": 3965.473264004686}, "Epoch5": {"train_loss_means": 0.08895760774612427, "val_loss_mean": 0.3044528067111969, "val_f1_majority_bin": 0.7553763440860216, "val_f1_majority_macro": 0.7722420538506585, "val_acc_majority": 0.7734909769757312, "val_f1_individual_binary": 0.7338403041825095, "val_f1_individual_macro": 0.7723255574966601, "val_acc_individual": 0.7788309636650869, "train_time_millis": 9465.43587299675, "eval_time_millis": 3951.1599019970163}, "Epoch6": {"train_loss_means": 0.07868140190839767, "val_loss_mean": 0.41185635328292847, "val_f1_majority_bin": 0.7458100558659219, "val_f1_majority_macro": 0.7707725924671921, "val_acc_majority": 0.7734909769757312, "val_f1_individual_binary": 0.7231920199501247, "val_f1_individual_macro": 0.7708800897396914, "val_acc_individual": 0.7808056872037915, "train_time_millis": 9468.581531997188, "eval_time_millis": 3977.8459399967687}, "Epoch7": {"train_loss_means": 0.06547503173351288, "val_loss_mean": 0.418830007314682, "val_f1_majority_bin": 0.7373595505617978, "val_f1_majority_macro": 0.7642105015378822, "val_acc_majority": 0.7672682016179216, "val_f1_individual_binary": 0.7185148018063222, "val_f1_individual_macro": 0.7679190746250759, "val_acc_individual": 0.7784360189573459, "train_time_millis": 9429.034799002693, "eval_time_millis": 3359.0680439956486}, "Epoch8": {"train_loss_means": 0.05851850286126137, "val_loss_mean": 0.46868330240249634, "val_f1_majority_bin": 0.7426523297491039, "val_f1_majority_macro": 0.7726455711417317, "val_acc_majority": 0.776602364654636, "val_f1_individual_binary": 0.7223637289862456, "val_f1_individual_macro": 0.7733069854218555, "val_acc_individual": 0.7847551342812006, "train_time_millis": 9456.142966002517, "eval_time_millis": 3980.8517069977825}, "Epoch9": {"train_loss_means": 0.05248156562447548, "val_loss_mean": 0.49618059396743774, "val_f1_majority_bin": 0.7419585418155825, "val_f1_majority_macro": 0.7715302350951191, "val_acc_majority": 0.7753578095830741, "val_f1_individual_binary": 0.7223637289862456, "val_f1_individual_macro": 0.7733069854218555, "val_acc_individual": 0.7847551342812006, "train_time_millis": 9439.080741001817, "eval_time_millis": 3958.814967001672}, "Test_results": {"test_f1_majority_binary": 0.7383040935672515, "test_f1_majority_macro": 0.7721856329158034, "test_acc_majority": 0.777224642190417, "test_f1_individual_binary": 0.7209062821833162, "test_f1_individual_macro": 0.7736498098937081, "test_acc_individual": 0.7859399684044234, "test_time_millis": 3058.4672289987793, "dataset_size": 6210, "number_of_annotations": 10047, "train_size": 4942, "val_size": 2532, "test_size": 2573}}