{"Epoch0": {"train_loss_means": 0.7712746262550354, "val_loss_mean": 0.5900455117225647, "val_f1_majority_bin": 0.006006006151437759, "val_f1_majority_macro": 0.49443453290204525, "val_acc_majority": 0.9663069844245911, "val_f1_individual_binary": 0.0041841003112494946, "val_f1_individual_macro": 0.49515853042828095, "val_acc_individual": 0.9726468324661255, "train_acc_means": 0.5131579041481018, "train_time_millis": 3427.48214607127, "eval_time_millis": 16120.643340982497}, "Epoch1": {"train_loss_means": 0.6035372614860535, "val_loss_mean": 0.5319052934646606, "val_f1_majority_bin": 0.0, "val_f1_majority_macro": 0.49177444386963265, "val_acc_majority": 0.9676302671432495, "val_f1_individual_binary": 0.0, "val_f1_individual_macro": 0.493391557496361, "val_acc_individual": 0.9739110469818115, "train_acc_means": 0.9568712711334229, "train_time_millis": 3532.690550899133, "eval_time_millis": 16136.554958065972}, "Epoch2": {"train_loss_means": 0.5063311457633972, "val_loss_mean": 0.5197740197181702, "val_f1_majority_bin": 0.04278074949979782, "val_f1_majority_macro": 0.5121032517830398, "val_acc_majority": 0.9635586142539978, "val_f1_individual_binary": 0.047101449221372604, "val_f1_individual_macro": 0.5158723408936663, "val_acc_individual": 0.9697735905647278, "train_acc_means": 0.9561403393745422, "train_time_millis": 3433.8727169670165, "eval_time_millis": 16272.773063043132}, "Epoch3": {"train_loss_means": 0.4107210338115692, "val_loss_mean": 0.5242578387260437, "val_f1_majority_bin": 0.052356019616127014, "val_f1_majority_macro": 0.5167832217241888, "val_acc_majority": 0.9631514549255371, "val_f1_individual_binary": 0.05653710290789604, "val_f1_individual_macro": 0.5204701985292312, "val_acc_individual": 0.9693138599395752, "train_acc_means": 0.9660087823867798, "train_time_millis": 3429.2865809984505, "eval_time_millis": 16314.32548398152}, "Epoch4": {"train_loss_means": 0.31029123067855835, "val_loss_mean": 0.5152415037155151, "val_f1_majority_bin": 0.07657657563686371, "val_f1_majority_macro": 0.5276134288839975, "val_acc_majority": 0.958265483379364, "val_f1_individual_binary": 0.08875739574432373, "val_f1_individual_macro": 0.5353538505924095, "val_acc_individual": 0.9646017551422119, "train_acc_means": 0.9802631735801697, "train_time_millis": 3431.7217259667814, "eval_time_millis": 16117.893381975591}, "Epoch5": {"train_loss_means": 0.2531966269016266, "val_loss_mean": 0.5715932250022888, "val_f1_majority_bin": 0.06526806205511093, "val_f1_majority_macro": 0.5222016480146455, "val_acc_majority": 0.9591816067695618, "val_f1_individual_binary": 0.07476635277271271, "val_f1_individual_macro": 0.5286893071877974, "val_acc_individual": 0.965865969657898, "train_acc_means": 0.9824561476707458, "train_time_millis": 3433.0135150812566, "eval_time_millis": 16285.784547915682}, "Test_results": {"test_f1_majority_binary": 0.12558139860630035, "test_f1_majority_macro": 0.5529929073888235, "test_acc_majority": 0.9616678357124329, "test_f1_individual_binary": 0.10862620174884796, "test_f1_individual_macro": 0.5460791243041945, "test_acc_individual": 0.9676615595817566, "test_time_millis": 16105.966782895848, "dataset_size": 20541, "number_of_annotations": 20541}}