{"Epoch0": {"train_loss_means": 0.833236575126648, "val_loss_mean": 0.7315601706504822, "val_f1_majority_bin": 0.0, "val_f1_majority_macro": 0.48743718592964824, "val_acc_majority": 0.9509803652763367, "val_f1_individual_binary": 0.0, "val_f1_individual_macro": 0.489419795221843, "val_acc_individual": 0.9585561752319336, "train_acc_means": 0.8502105474472046, "train_time_millis": 3141.0673991777003, "eval_time_millis": 644.4168430753052}, "Epoch1": {"train_loss_means": 0.8031868934631348, "val_loss_mean": 0.686367392539978, "val_f1_majority_bin": 0.0, "val_f1_majority_macro": 0.48743718592964824, "val_acc_majority": 0.9509803652763367, "val_f1_individual_binary": 0.0, "val_f1_individual_macro": 0.489419795221843, "val_acc_individual": 0.9585561752319336, "train_acc_means": 0.94343501329422, "train_time_millis": 3124.6105660684407, "eval_time_millis": 644.7193957865238}, "Epoch2": {"train_loss_means": 0.777298629283905, "val_loss_mean": 0.6620699167251587, "val_f1_majority_bin": 0.0, "val_f1_majority_macro": 0.48743718592964824, "val_acc_majority": 0.9509803652763367, "val_f1_individual_binary": 0.0, "val_f1_individual_macro": 0.489419795221843, "val_acc_individual": 0.9585561752319336, "train_acc_means": 0.9431709051132202, "train_time_millis": 3168.677092064172, "eval_time_millis": 633.8279456831515}, "Epoch3": {"train_loss_means": 0.7515174746513367, "val_loss_mean": 0.6462704539299011, "val_f1_majority_bin": 0.0, "val_f1_majority_macro": 0.48743718592964824, "val_acc_majority": 0.9509803652763367, "val_f1_individual_binary": 0.0, "val_f1_individual_macro": 0.489419795221843, "val_acc_individual": 0.9585561752319336, "train_acc_means": 0.9447478652000427, "train_time_millis": 3125.1170611940324, "eval_time_millis": 639.1073339618742}, "Epoch4": {"train_loss_means": 0.7401095032691956, "val_loss_mean": 0.6369988322257996, "val_f1_majority_bin": 0.0, "val_f1_majority_macro": 0.48743718592964824, "val_acc_majority": 0.9509803652763367, "val_f1_individual_binary": 0.0, "val_f1_individual_macro": 0.489419795221843, "val_acc_individual": 0.9585561752319336, "train_acc_means": 0.9452428817749023, "train_time_millis": 3123.9623897708952, "eval_time_millis": 642.3069629818201}, "Epoch5": {"train_loss_means": 0.7306913733482361, "val_loss_mean": 0.6263510584831238, "val_f1_majority_bin": 0.0, "val_f1_majority_macro": 0.48743718592964824, "val_acc_majority": 0.9509803652763367, "val_f1_individual_binary": 0.0, "val_f1_individual_macro": 0.489419795221843, "val_acc_individual": 0.9585561752319336, "train_acc_means": 0.9442785382270813, "train_time_millis": 3131.0939360409975, "eval_time_millis": 642.9356499575078}, "Epoch6": {"train_loss_means": 0.7268341779708862, "val_loss_mean": 0.6193656921386719, "val_f1_majority_bin": 0.0, "val_f1_majority_macro": 0.48743718592964824, "val_acc_majority": 0.9509803652763367, "val_f1_individual_binary": 0.0, "val_f1_individual_macro": 0.489419795221843, "val_acc_individual": 0.9585561752319336, "train_acc_means": 0.9431609511375427, "train_time_millis": 3128.805755171925, "eval_time_millis": 641.6172874160111}, "Epoch7": {"train_loss_means": 0.7244888544082642, "val_loss_mean": 0.6184926629066467, "val_f1_majority_bin": 0.0, "val_f1_majority_macro": 0.48743718592964824, "val_acc_majority": 0.9509803652763367, "val_f1_individual_binary": 0.0, "val_f1_individual_macro": 0.489419795221843, "val_acc_individual": 0.9585561752319336, "train_acc_means": 0.9436304569244385, "train_time_millis": 3137.7567583695054, "eval_time_millis": 630.9605487622321}, "Epoch8": {"train_loss_means": 0.7122802138328552, "val_loss_mean": 0.6124603748321533, "val_f1_majority_bin": 0.0, "val_f1_majority_macro": 0.48743718592964824, "val_acc_majority": 0.9509803652763367, "val_f1_individual_binary": 0.0, "val_f1_individual_macro": 0.489419795221843, "val_acc_individual": 0.9585561752319336, "train_acc_means": 0.9451173543930054, "train_time_millis": 3142.079837154597, "eval_time_millis": 638.3694978430867}, "Epoch9": {"train_loss_means": 0.7079898118972778, "val_loss_mean": 0.606056272983551, "val_f1_majority_bin": 0.0, "val_f1_majority_macro": 0.48743718592964824, "val_acc_majority": 0.9509803652763367, "val_f1_individual_binary": 0.0, "val_f1_individual_macro": 0.489419795221843, "val_acc_individual": 0.9585561752319336, "train_acc_means": 0.9443367719650269, "train_time_millis": 3166.800925973803, "eval_time_millis": 630.415984429419}, "Test_results": {"test_f1_majority_binary": 0.0, "test_f1_majority_macro": 0.48563968668407315, "test_acc_majority": 0.9441624283790588, "test_f1_individual_binary": 0.0, "test_f1_individual_macro": 0.48735955056179775, "test_acc_individual": 0.9506849050521851, "test_time_millis": 615.9766409546137, "dataset_size": 3063, "number_of_annotations": 3753}}