{"Epoch0": {"train_loss_means": 1.801955223083496, "val_loss_mean": 1.4271905422210693, "val_f1_majority_bin": 0.32270917296409607, "val_f1_majority_macro": 0.6378457773956263, "val_acc_majority": 0.9120689630508423, "val_f1_individual_binary": 0.3311561048030853, "val_f1_individual_macro": 0.6385510265327378, "val_acc_individual": 0.899975597858429, "train_acc_means": 0.9048263430595398, "train_time_millis": 209096.90507198684, "eval_time_millis": 38977.59333695285}, "Epoch1": {"train_loss_means": 1.252794623374939, "val_loss_mean": 1.269988775253296, "val_f1_majority_bin": 0.38558557629585266, "val_f1_majority_macro": 0.677355943539737, "val_acc_majority": 0.9412068724632263, "val_f1_individual_binary": 0.37740862369537354, "val_f1_individual_macro": 0.6705418843565321, "val_acc_individual": 0.9313552975654602, "train_acc_means": 0.9347010254859924, "train_time_millis": 209321.2140519172, "eval_time_millis": 39122.021081042476}, "Epoch2": {"train_loss_means": 1.0556786060333252, "val_loss_mean": 1.2527291774749756, "val_f1_majority_bin": 0.3877367079257965, "val_f1_majority_macro": 0.6785001003513665, "val_acc_majority": 0.9414654970169067, "val_f1_individual_binary": 0.38160210847854614, "val_f1_individual_macro": 0.6726382764631639, "val_acc_individual": 0.9313797354698181, "train_acc_means": 0.9413642883300781, "train_time_millis": 210384.35156992637, "eval_time_millis": 39048.763582948595}, "Epoch3": {"train_loss_means": 0.9297500848770142, "val_loss_mean": 1.2516001462936401, "val_f1_majority_bin": 0.41359221935272217, "val_f1_majority_macro": 0.6931741047772946, "val_acc_majority": 0.9479310512542725, "val_f1_individual_binary": 0.3887362778186798, "val_f1_individual_macro": 0.6771494350719703, "val_acc_individual": 0.934798538684845, "train_acc_means": 0.9446525573730469, "train_time_millis": 210351.2063169619, "eval_time_millis": 39297.49746993184}, "Epoch4": {"train_loss_means": 0.8132395148277283, "val_loss_mean": 1.301447868347168, "val_f1_majority_bin": 0.3891323506832123, "val_f1_majority_macro": 0.6787676297479484, "val_acc_majority": 0.939913809299469, "val_f1_individual_binary": 0.3828158378601074, "val_f1_individual_macro": 0.6726120878010065, "val_acc_individual": 0.9291331171989441, "train_acc_means": 0.9474464654922485, "train_time_millis": 210547.3899509525, "eval_time_millis": 39198.13312997576}, "Test_results": {"test_f1_majority_binary": 0.3724394738674164, "test_f1_majority_macro": 0.6709901659011864, "test_acc_majority": 0.9419015645980835, "test_f1_individual_binary": 0.36985060572624207, "test_f1_individual_macro": 0.667019926236495, "test_acc_individual": 0.9322298169136047, "test_time_millis": 39309.44920703769, "dataset_size": 58004, "number_of_annotations": 204898}}