{"Epoch0": {"train_loss_means": 0.02999223954975605, "val_loss_mean": 0.02564634568989277, "val_f1_majority_bin": 0.06010928961748634, "val_f1_majority_macro": 0.5147317049423734, "val_acc_majority": 0.9406436027952721, "val_f1_individual_binary": 0.06545184083302343, "val_f1_individual_macro": 0.5161775660328112, "val_acc_individual": 0.9360706199598057, "train_time_millis": 1868.2733749737963, "eval_time_millis": 17841.238418011926}, "Epoch1": {"train_loss_means": 0.02688821218907833, "val_loss_mean": 0.024726448580622673, "val_f1_majority_bin": 0.07355516637478109, "val_f1_majority_macro": 0.48615072894296524, "val_acc_majority": 0.8174445690622034, "val_f1_individual_binary": 0.08308308308308308, "val_f1_individual_macro": 0.4896626300925001, "val_acc_individual": 0.8135795873718487, "train_time_millis": 1876.0152939939871, "eval_time_millis": 15797.083121025935}, "Epoch2": {"train_loss_means": 0.023415720090270042, "val_loss_mean": 0.02245279587805271, "val_f1_majority_bin": 0.09553853086976116, "val_f1_majority_macro": 0.4998992086681965, "val_acc_majority": 0.8268484168751618, "val_f1_individual_binary": 0.11092651757188499, "val_f1_individual_macro": 0.5063270447534817, "val_acc_individual": 0.8230176295504846, "train_time_millis": 1863.4253119817004, "eval_time_millis": 15705.520791001618}, "Epoch3": {"train_loss_means": 0.018599750474095345, "val_loss_mean": 0.019301431253552437, "val_f1_majority_bin": 0.17341040462427745, "val_f1_majority_macro": 0.5639251740931227, "val_acc_majority": 0.9136398930204469, "val_f1_individual_binary": 0.1825631686774414, "val_f1_individual_macro": 0.5670916213882323, "val_acc_individual": 0.908646874761505, "train_time_millis": 1851.9163699820638, "eval_time_millis": 15536.993439076468}, "Epoch4": {"train_loss_means": 0.013136183843016624, "val_loss_mean": 0.019011138007044792, "val_f1_majority_bin": 0.29856115107913667, "val_f1_majority_macro": 0.6406621719330979, "val_acc_majority": 0.9663532050729013, "val_f1_individual_binary": 0.27715355805243447, "val_f1_individual_macro": 0.6284829007280556, "val_acc_individual": 0.9607214632781297, "train_time_millis": 1867.1634240308776, "eval_time_millis": 15526.38074697461}, "Epoch5": {"train_loss_means": 0.009869139641523361, "val_loss_mean": 0.01991773210465908, "val_f1_majority_bin": 0.30662020905923343, "val_f1_majority_macro": 0.6445079106159579, "val_acc_majority": 0.9656630144077302, "val_f1_individual_binary": 0.28335625859697383, "val_f1_individual_macro": 0.6314540231718728, "val_acc_individual": 0.9602381134091429, "train_time_millis": 1872.9213940678164, "eval_time_millis": 17598.666102974676}, "Epoch6": {"train_loss_means": 0.007431606762111187, "val_loss_mean": 0.018936917185783386, "val_f1_majority_bin": 0.2528445006321112, "val_f1_majority_macro": 0.61322498355709, "val_acc_majority": 0.9490121646104737, "val_f1_individual_binary": 0.2503410641200546, "val_f1_individual_macro": 0.6106500130736889, "val_acc_individual": 0.9440840519982702, "train_time_millis": 1875.8152700029314, "eval_time_millis": 17755.095622036606}, "Epoch7": {"train_loss_means": 0.00594877265393734, "val_loss_mean": 0.022537777200341225, "val_f1_majority_bin": 0.29900332225913623, "val_f1_majority_macro": 0.6401571084280624, "val_acc_majority": 0.9635924424122164, "val_f1_individual_binary": 0.2768959435626102, "val_f1_individual_macro": 0.6277079586837282, "val_acc_individual": 0.9582792744664071, "train_time_millis": 1862.2943880036473, "eval_time_millis": 15788.736775983125}, "Epoch8": {"train_loss_means": 0.005390519741922617, "val_loss_mean": 0.024943111464381218, "val_f1_majority_bin": 0.3257575757575757, "val_f1_majority_macro": 0.6550214558402958, "val_acc_majority": 0.9692865153998792, "val_f1_individual_binary": 0.29382470119521914, "val_f1_individual_macro": 0.6376576841049846, "val_acc_individual": 0.9639268360935155, "train_time_millis": 1843.9625150058419, "eval_time_millis": 15819.37356700655}, "Epoch9": {"train_loss_means": 0.005106762517243624, "val_loss_mean": 0.026053456589579582, "val_f1_majority_bin": 0.32661290322580644, "val_f1_majority_macro": 0.6559450833681708, "val_acc_majority": 0.9711845397291001, "val_f1_individual_binary": 0.2998955067920585, "val_f1_individual_macro": 0.641212876466534, "val_acc_individual": 0.96591111450304, "train_time_millis": 1860.8853810001165, "eval_time_millis": 15560.471503064036}, "Test_results": {"test_f1_majority_binary": 0.32661290322580644, "test_f1_majority_macro": 0.6559450833681708, "test_acc_majority": 0.9711845397291001, "test_f1_individual_binary": 0.2998955067920585, "test_f1_individual_macro": 0.641212876466534, "test_acc_individual": 0.96591111450304, "test_time_millis": 15531.888080993667, "dataset_size": 23697, "number_of_annotations": 80571, "train_size": 1850, "val_size": 39309, "test_size": 39412}}