{"Epoch0": {"train_loss_means": 0.03918089345097542, "val_loss_mean": 0.030093533918261528, "val_f1_majority_bin": 0.2185792349726776, "val_f1_majority_macro": 0.5875372597132934, "val_acc_majority": 0.9175792507204611, "val_f1_individual_binary": 0.2598105548037889, "val_f1_individual_macro": 0.6059203611517849, "val_acc_individual": 0.9098995223192226, "train_time_millis": 18427.779328005272, "eval_time_millis": 3650.420239995583}, "Epoch1": {"train_loss_means": 0.0272725448012352, "val_loss_mean": 0.0320269837975502, "val_f1_majority_bin": 0.11170212765957448, "val_f1_majority_macro": 0.5018756275014097, "val_acc_majority": 0.807492795389049, "val_f1_individual_binary": 0.16445993031358888, "val_f1_individual_macro": 0.5262385576663676, "val_acc_individual": 0.8025037061439632, "train_time_millis": 18433.28607600415, "eval_time_millis": 4211.872656000196}, "Epoch2": {"train_loss_means": 0.02093392051756382, "val_loss_mean": 0.03405836224555969, "val_f1_majority_bin": 0.16129032258064516, "val_f1_majority_macro": 0.5483670731463126, "val_acc_majority": 0.8801152737752161, "val_f1_individual_binary": 0.21171634121274407, "val_f1_individual_macro": 0.5715220617335992, "val_acc_individual": 0.8736616702355461, "train_time_millis": 18460.649514992838, "eval_time_millis": 3192.288848993485}, "Epoch3": {"train_loss_means": 0.016367323696613312, "val_loss_mean": 0.0391598716378212, "val_f1_majority_bin": 0.17475728155339806, "val_f1_majority_macro": 0.5613369741100324, "val_acc_majority": 0.9020172910662824, "val_f1_individual_binary": 0.24078624078624078, "val_f1_individual_macro": 0.5931155780202391, "val_acc_individual": 0.8982045791467633, "train_time_millis": 18456.234832003247, "eval_time_millis": 4207.831826992333}, "Epoch4": {"train_loss_means": 0.013364939019083977, "val_loss_mean": 0.0550294928252697, "val_f1_majority_bin": 0.20930232558139533, "val_f1_majority_macro": 0.5840326060896667, "val_acc_majority": 0.9216138328530259, "val_f1_individual_binary": 0.23823529411764705, "val_f1_individual_macro": 0.5965212415449517, "val_acc_individual": 0.9146763300938889, "train_time_millis": 18447.76451900543, "eval_time_millis": 3288.298258994473}, "Epoch5": {"train_loss_means": 0.012756465002894402, "val_loss_mean": 0.049423668533563614, "val_f1_majority_bin": 0.1846153846153846, "val_f1_majority_macro": 0.568032883147387, "val_acc_majority": 0.90835734870317, "val_f1_individual_binary": 0.24675324675324678, "val_f1_individual_macro": 0.5978753922827085, "val_acc_individual": 0.904463844506671, "train_time_millis": 18457.89074100321, "eval_time_millis": 4204.057231007027}, "Epoch6": {"train_loss_means": 0.011774984188377857, "val_loss_mean": 0.06981967389583588, "val_f1_majority_bin": 0.23703703703703705, "val_f1_majority_macro": 0.6030762396579488, "val_acc_majority": 0.9406340057636887, "val_f1_individual_binary": 0.26199261992619927, "val_f1_individual_macro": 0.6137549306527548, "val_acc_individual": 0.9341129962114972, "train_time_millis": 18452.820980004617, "eval_time_millis": 4205.142113991315}, "Epoch7": {"train_loss_means": 0.010861391201615334, "val_loss_mean": 0.06228243187069893, "val_f1_majority_bin": 0.18181818181818182, "val_f1_majority_macro": 0.5676072328524354, "val_acc_majority": 0.9118155619596542, "val_f1_individual_binary": 0.24376731301939059, "val_f1_individual_macro": 0.5979782274378915, "val_acc_individual": 0.9100642398286938, "train_time_millis": 18443.22378501238, "eval_time_millis": 4202.932127998793}, "Epoch8": {"train_loss_means": 0.010216237977147102, "val_loss_mean": 0.07089771330356598, "val_f1_majority_bin": 0.2097902097902098, "val_f1_majority_macro": 0.5879128385891235, "val_acc_majority": 0.9348703170028818, "val_f1_individual_binary": 0.2711267605633803, "val_f1_individual_macro": 0.6176784658182376, "val_acc_individual": 0.9318069510788997, "train_time_millis": 18528.866848006146, "eval_time_millis": 4206.434029998491}, "Epoch9": {"train_loss_means": 0.009865209460258484, "val_loss_mean": 0.07356862723827362, "val_f1_majority_bin": 0.21897810218978106, "val_f1_majority_macro": 0.5934374459343745, "val_acc_majority": 0.938328530259366, "val_f1_individual_binary": 0.27289048473967686, "val_f1_individual_macro": 0.6189657430172273, "val_acc_individual": 0.933289408664141, "train_time_millis": 18432.160840995493, "eval_time_millis": 4205.742242993438}, "Test_results": {"test_f1_majority_binary": 0.23703703703703705, "test_f1_majority_macro": 0.6030762396579488, "test_acc_majority": 0.9406340057636887, "test_f1_individual_binary": 0.26199261992619927, "test_f1_individual_macro": 0.6137549306527548, "test_acc_individual": 0.9341129962114972, "test_time_millis": 3186.955084995134, "dataset_size": 8684, "number_of_annotations": 30497, "train_size": 18548, "val_size": 6071, "test_size": 5878}}