{"Epoch0": {"train_loss_means": 0.0650978684425354, "val_loss_mean": 0.06553705781698227, "val_f1_majority_bin": 0.4289156626506024, "val_f1_majority_macro": 0.6981915307075935, "val_acc_majority": 0.9384415584415584, "val_f1_individual_binary": 0.3854863612969635, "val_f1_individual_macro": 0.6743875048398482, "val_acc_individual": 0.9307163373661763, "train_time_millis": 110684.37320799967, "eval_time_millis": 16366.144514000553}, "Epoch1": {"train_loss_means": 0.052386216819286346, "val_loss_mean": 0.06461886316537857, "val_f1_majority_bin": 0.47514910536779326, "val_f1_majority_macro": 0.7256256072688518, "val_acc_majority": 0.9542857142857143, "val_f1_individual_binary": 0.4210189041973726, "val_f1_individual_macro": 0.6967811613354632, "val_acc_individual": 0.947573040879682, "train_time_millis": 110689.15251199905, "eval_time_millis": 16563.873082999635}, "Epoch2": {"train_loss_means": 0.043131183832883835, "val_loss_mean": 0.066624715924263, "val_f1_majority_bin": 0.4294770206022187, "val_f1_majority_macro": 0.698253484199818, "val_acc_majority": 0.9376623376623376, "val_f1_individual_binary": 0.403276955602537, "val_f1_individual_macro": 0.6843092375863798, "val_acc_individual": 0.934488061043897, "train_time_millis": 110806.33289700017, "eval_time_millis": 15431.916685000033}, "Epoch3": {"train_loss_means": 0.03598305955529213, "val_loss_mean": 0.08384203165769577, "val_f1_majority_bin": 0.4508771929824561, "val_f1_majority_macro": 0.7111854088773847, "val_acc_majority": 0.9458008658008658, "val_f1_individual_binary": 0.417220456515458, "val_f1_individual_macro": 0.6932069322425778, "val_acc_individual": 0.9414802564772101, "train_time_millis": 110811.14281000009, "eval_time_millis": 16389.949580001485}, "Epoch4": {"train_loss_means": 0.031523048877716064, "val_loss_mean": 0.09995212405920029, "val_f1_majority_bin": 0.4590163934426229, "val_f1_majority_macro": 0.7160094238824787, "val_acc_majority": 0.9485714285714286, "val_f1_individual_binary": 0.4180254965905722, "val_f1_individual_macro": 0.6940419577338242, "val_acc_individual": 0.9430469724664171, "train_time_millis": 110713.69954799957, "eval_time_millis": 16530.184249999365}, "Epoch5": {"train_loss_means": 0.029046619310975075, "val_loss_mean": 0.10761430859565735, "val_f1_majority_bin": 0.4522785898538263, "val_f1_majority_macro": 0.7116204454944475, "val_acc_majority": 0.9448484848484848, "val_f1_individual_binary": 0.41280731846769586, "val_f1_individual_macro": 0.6907089346174288, "val_acc_individual": 0.9404067658920127, "train_time_millis": 110939.5813530009, "eval_time_millis": 16373.948653999832}, "Epoch6": {"train_loss_means": 0.02701837755739689, "val_loss_mean": 0.12221170216798782, "val_f1_majority_bin": 0.43414634146341463, "val_f1_majority_macro": 0.7011609622269062, "val_acc_majority": 0.9397402597402598, "val_f1_individual_binary": 0.4063526834611172, "val_f1_individual_macro": 0.6865714583017422, "val_acc_individual": 0.9370992543592421, "train_time_millis": 110980.81715199987, "eval_time_millis": 16232.376358999318}, "Epoch7": {"train_loss_means": 0.025304492563009262, "val_loss_mean": 0.13119202852249146, "val_f1_majority_bin": 0.4389410760034159, "val_f1_majority_macro": 0.7044903747475696, "val_acc_majority": 0.9431168831168831, "val_f1_individual_binary": 0.40781648258283776, "val_f1_individual_macro": 0.6879227360393663, "val_acc_individual": 0.9393332753068152, "train_time_millis": 110880.12745100059, "eval_time_millis": 16115.068295999663}, "Epoch8": {"train_loss_means": 0.02397773414850235, "val_loss_mean": 0.14085489511489868, "val_f1_majority_bin": 0.4323432343234323, "val_f1_majority_macro": 0.7004552428927103, "val_acc_majority": 0.9404329004329004, "val_f1_individual_binary": 0.4049518569463548, "val_f1_individual_macro": 0.6859136534000523, "val_acc_individual": 0.9372443206545391, "train_time_millis": 110836.43741700143, "eval_time_millis": 16310.837305001769}, "Epoch9": {"train_loss_means": 0.023224061354994774, "val_loss_mean": 0.15447668731212616, "val_f1_majority_bin": 0.4517857142857143, "val_f1_majority_macro": 0.7119256141947224, "val_acc_majority": 0.9468398268398268, "val_f1_individual_binary": 0.41775923718712754, "val_f1_individual_macro": 0.6939813295332082, "val_acc_individual": 0.9433080917979516, "train_time_millis": 110868.07848099852, "eval_time_millis": 16437.193720001233}, "Test_results": {"test_f1_majority_binary": 0.47514910536779326, "test_f1_majority_macro": 0.7256256072688518, "test_acc_majority": 0.9542857142857143, "test_f1_individual_binary": 0.4210189041973726, "test_f1_individual_macro": 0.6967811613354632, "test_acc_individual": 0.947573040879682, "test_time_millis": 16402.680458999384, "dataset_size": 57784, "number_of_annotations": 173255, "train_size": 104101, "val_size": 34467, "test_size": 34687}}