{"Epoch0": {"train_loss_means": 0.1517522782087326, "val_loss_mean": 0.13439522683620453, "val_f1_majority_bin": 0.6295294753921038, "val_f1_majority_macro": 0.7714596422351845, "val_acc_majority": 0.8596023775363804, "val_f1_individual_binary": 0.6109646810753822, "val_f1_individual_macro": 0.7612695439884458, "val_acc_individual": 0.8559015913306648, "train_time_millis": 71175.63557500034, "eval_time_millis": 10053.68120499952}, "Epoch1": {"train_loss_means": 0.12371859699487686, "val_loss_mean": 0.13272161781787872, "val_f1_majority_bin": 0.6303664921465969, "val_f1_majority_macro": 0.7702036334331352, "val_acc_majority": 0.8552982168477147, "val_f1_individual_binary": 0.6168272987757228, "val_f1_individual_macro": 0.7642315144686568, "val_acc_individual": 0.8563897295714146, "train_time_millis": 70562.74158300039, "eval_time_millis": 10021.739566000178}, "Epoch2": {"train_loss_means": 0.10983195155858994, "val_loss_mean": 0.13969354331493378, "val_f1_majority_bin": 0.6418152350081037, "val_f1_majority_macro": 0.7789827408125127, "val_acc_majority": 0.8641114982578397, "val_f1_individual_binary": 0.6251648641519387, "val_f1_individual_macro": 0.7700247800843552, "val_acc_individual": 0.8612711119789124, "train_time_millis": 70423.79450000044, "eval_time_millis": 7898.837738001021}, "Epoch3": {"train_loss_means": 0.09607328474521637, "val_loss_mean": 0.14073467254638672, "val_f1_majority_bin": 0.6371061843640607, "val_f1_majority_macro": 0.77989073514573, "val_acc_majority": 0.8725148596023775, "val_f1_individual_binary": 0.632688927943761, "val_f1_individual_macro": 0.7796176598481692, "val_acc_individual": 0.8775749292199551, "train_time_millis": 70339.19240700016, "eval_time_millis": 10008.025885001189}, "Epoch4": {"train_loss_means": 0.08192586898803711, "val_loss_mean": 0.160039022564888, "val_f1_majority_bin": 0.6320293398533007, "val_f1_majority_macro": 0.7789548324481967, "val_acc_majority": 0.8766140602582496, "val_f1_individual_binary": 0.6292404683278295, "val_f1_individual_macro": 0.7786248975273656, "val_acc_individual": 0.8794298545348043, "train_time_millis": 70131.44028300121, "eval_time_millis": 9998.583126000085}, "Epoch5": {"train_loss_means": 0.07091904431581497, "val_loss_mean": 0.1684369146823883, "val_f1_majority_bin": 0.6311702717692734, "val_f1_majority_macro": 0.7737875243195833, "val_acc_majority": 0.8637015781922525, "val_f1_individual_binary": 0.6239507554560716, "val_f1_individual_macro": 0.7722402783902874, "val_acc_individual": 0.868788440886459, "train_time_millis": 70162.97424300137, "eval_time_millis": 9997.693310000614}, "Epoch6": {"train_loss_means": 0.06290338933467865, "val_loss_mean": 0.17391808331012726, "val_f1_majority_bin": 0.6320393657736468, "val_f1_majority_macro": 0.7735805354533514, "val_acc_majority": 0.8620618979299036, "val_f1_individual_binary": 0.6177838577291382, "val_f1_individual_macro": 0.7673911267731901, "val_acc_individual": 0.8636141755345114, "train_time_millis": 69782.15877299954, "eval_time_millis": 10013.926044000982}, "Epoch7": {"train_loss_means": 0.056188009679317474, "val_loss_mean": 0.2114553302526474, "val_f1_majority_bin": 0.6438275251033668, "val_f1_majority_macro": 0.7845300055771018, "val_acc_majority": 0.876409100225456, "val_f1_individual_binary": 0.6323226376214308, "val_f1_individual_macro": 0.7796173431538602, "val_acc_individual": 0.8780630674607048, "train_time_millis": 69816.09405600102, "eval_time_millis": 9387.22892899932}, "Epoch8": {"train_loss_means": 0.05325404182076454, "val_loss_mean": 0.21713413298130035, "val_f1_majority_bin": 0.6431924882629108, "val_f1_majority_macro": 0.7838510243648797, "val_acc_majority": 0.875384300061488, "val_f1_individual_binary": 0.6256171943072902, "val_f1_individual_macro": 0.7749924849668235, "val_acc_individual": 0.8741579615347066, "train_time_millis": 70079.39472500038, "eval_time_millis": 10006.147193000288}, "Epoch9": {"train_loss_means": 0.048954639583826065, "val_loss_mean": 0.22754676640033722, "val_f1_majority_bin": 0.6393831553973903, "val_f1_majority_macro": 0.782030527153601, "val_acc_majority": 0.875384300061488, "val_f1_individual_binary": 0.6240093924273554, "val_f1_individual_macro": 0.7745025005347739, "val_acc_individual": 0.8749389827199062, "train_time_millis": 70017.13957300126, "eval_time_millis": 9998.5367090012}, "Test_results": {"test_f1_majority_binary": 0.6320293398533007, "test_f1_majority_macro": 0.7789548324481967, "test_acc_majority": 0.8766140602582496, "test_f1_individual_binary": 0.6292404683278295, "test_f1_individual_macro": 0.7786248975273656, "test_acc_individual": 0.8794298545348043, "test_time_millis": 9915.78470999957, "dataset_size": 24360, "number_of_annotations": 50693, "train_size": 30369, "val_size": 10243, "test_size": 10081}}