{"Epoch0": {"train_loss_means": 0.06549863517284393, "val_loss_mean": 0.06591374427080154, "val_f1_majority_bin": 0.4409448818897637, "val_f1_majority_macro": 0.7074113666255294, "val_acc_majority": 0.9500878734622145, "val_f1_individual_binary": 0.3920552677029361, "val_f1_individual_macro": 0.6827245348340834, "val_acc_individual": 0.9490187558838439, "train_time_millis": 86471.36836200024, "eval_time_millis": 13809.030148999682}, "Epoch1": {"train_loss_means": 0.053345177322626114, "val_loss_mean": 0.06958773732185364, "val_f1_majority_bin": 0.47167868177136973, "val_f1_majority_macro": 0.7240673458423144, "val_acc_majority": 0.954920913884007, "val_f1_individual_binary": 0.4144981412639405, "val_f1_individual_macro": 0.6953810878122882, "val_acc_individual": 0.9543775798392353, "train_time_millis": 86366.15613000003, "eval_time_millis": 13952.07703899996}, "Epoch2": {"train_loss_means": 0.046860724687576294, "val_loss_mean": 0.06502979248762131, "val_f1_majority_bin": 0.4513788098693759, "val_f1_majority_macro": 0.7080109838328266, "val_acc_majority": 0.9335676625659051, "val_f1_individual_binary": 0.41235772357723577, "val_f1_individual_macro": 0.6888574914161174, "val_acc_individual": 0.9345716561662684, "train_time_millis": 86215.38128600013, "eval_time_millis": 13801.427444999717}, "Epoch3": {"train_loss_means": 0.04159584268927574, "val_loss_mean": 0.07254400849342346, "val_f1_majority_bin": 0.45353159851301117, "val_f1_majority_macro": 0.7096049307064238, "val_acc_majority": 0.9354130052724078, "val_f1_individual_binary": 0.4096224523889075, "val_f1_individual_macro": 0.6878998696490792, "val_acc_individual": 0.9360199869650229, "train_time_millis": 86520.84372499985, "eval_time_millis": 13801.495255999725}, "Epoch4": {"train_loss_means": 0.03689749911427498, "val_loss_mean": 0.08232129365205765, "val_f1_majority_bin": 0.44940239043824703, "val_f1_majority_macro": 0.7086351640635783, "val_acc_majority": 0.9392794376098418, "val_f1_individual_binary": 0.41399206635412916, "val_f1_individual_macro": 0.6915089279791156, "val_acc_individual": 0.941161561300601, "train_time_millis": 86360.8785739998, "eval_time_millis": 13966.537827000138}, "Epoch5": {"train_loss_means": 0.033392876386642456, "val_loss_mean": 0.10212644934654236, "val_f1_majority_bin": 0.4566801619433199, "val_f1_majority_macro": 0.7127535536778156, "val_acc_majority": 0.9410369068541301, "val_f1_individual_binary": 0.4127906976744186, "val_f1_individual_macro": 0.6910001807859937, "val_acc_individual": 0.9414874357303208, "train_time_millis": 86366.30430200012, "eval_time_millis": 13818.833131999781}, "Epoch6": {"train_loss_means": 0.030665330588817596, "val_loss_mean": 0.09620904177427292, "val_f1_majority_bin": 0.43096234309623427, "val_f1_majority_macro": 0.6963495950687023, "val_acc_majority": 0.9282952548330404, "val_f1_individual_binary": 0.3992443324937028, "val_f1_individual_macro": 0.6812971566425486, "val_acc_individual": 0.9309146208994135, "train_time_millis": 86439.30304300011, "eval_time_millis": 13817.325738999898}, "Epoch7": {"train_loss_means": 0.028561482205986977, "val_loss_mean": 0.11153040081262589, "val_f1_majority_bin": 0.44106463878326996, "val_f1_majority_macro": 0.7033954576523018, "val_acc_majority": 0.9354130052724078, "val_f1_individual_binary": 0.4082901554404145, "val_f1_individual_macro": 0.6877812329331379, "val_acc_individual": 0.9379752335433413, "train_time_millis": 86237.92332499988, "eval_time_millis": 13848.948669000038}, "Epoch8": {"train_loss_means": 0.026863733306527138, "val_loss_mean": 0.1216389462351799, "val_f1_majority_bin": 0.44285714285714284, "val_f1_majority_macro": 0.7051029900332226, "val_acc_majority": 0.9383128295254833, "val_f1_individual_binary": 0.40864864864864864, "val_f1_individual_macro": 0.6886841344690032, "val_acc_individual": 0.9405822289810993, "train_time_millis": 86409.14373500027, "eval_time_millis": 13805.163396000353}, "Epoch9": {"train_loss_means": 0.02648260071873665, "val_loss_mean": 0.12423446774482727, "val_f1_majority_bin": 0.4433811802232855, "val_f1_majority_macro": 0.7054625607244949, "val_acc_majority": 0.9386643233743409, "val_f1_individual_binary": 0.40807498197548664, "val_f1_individual_macro": 0.6883880685486445, "val_acc_individual": 0.9405460207111305, "train_time_millis": 86495.73945299971, "eval_time_millis": 13662.618308999754}, "Test_results": {"test_f1_majority_binary": 0.47167868177136973, "test_f1_majority_macro": 0.7240673458423144, "test_acc_majority": 0.954920913884007, "test_f1_individual_binary": 0.4144981412639405, "test_f1_individual_macro": 0.6953810878122882, "test_acc_individual": 0.9543775798392353, "test_time_millis": 13797.504542999832, "dataset_size": 56941, "number_of_annotations": 137775, "train_size": 82630, "val_size": 27618, "test_size": 27527}}