{"Epoch0": {"train_loss_means": 2.0678048133850098, "val_loss_mean": 2.0114550590515137, "val_f1_majority_bin": 0.0, "val_f1_majority_macro": 0.41759864950411474, "val_acc_majority": 0.7170289754867554, "val_f1_individual_binary": 0.30417826771736145, "val_f1_individual_macro": 0.5581652381596747, "val_acc_individual": 0.7041686177253723, "train_acc_means": 0.6507793664932251, "train_time_millis": 125159.71061800019, "eval_time_millis": 24880.942177999714}, "Epoch1": {"train_loss_means": 1.9857218265533447, "val_loss_mean": 1.9748190641403198, "val_f1_majority_bin": 0.25563910603523254, "val_f1_majority_macro": 0.5247661137576767, "val_acc_majority": 0.677173912525177, "val_f1_individual_binary": 0.39392566680908203, "val_f1_individual_macro": 0.5897970703932875, "val_acc_individual": 0.6833254098892212, "train_acc_means": 0.6812784075737, "train_time_millis": 125308.65754400019, "eval_time_millis": 24748.67156800019}, "Epoch2": {"train_loss_means": 1.8339351415634155, "val_loss_mean": 1.9795788526535034, "val_f1_majority_bin": 0.25044092535972595, "val_f1_majority_macro": 0.5283212337475903, "val_acc_majority": 0.6920289993286133, "val_f1_individual_binary": 0.35285094380378723, "val_f1_individual_macro": 0.578906779724969, "val_acc_individual": 0.7002605199813843, "train_acc_means": 0.7152316570281982, "train_time_millis": 125721.54419800018, "eval_time_millis": 24667.502970999976}, "Epoch3": {"train_loss_means": 1.5182406902313232, "val_loss_mean": 2.0833568572998047, "val_f1_majority_bin": 0.32682573795318604, "val_f1_majority_macro": 0.5508917199790053, "val_acc_majority": 0.6626811623573303, "val_f1_individual_binary": 0.40107670426368713, "val_f1_individual_macro": 0.5931369098986627, "val_acc_individual": 0.683799147605896, "train_acc_means": 0.770772397518158, "train_time_millis": 125668.15692299997, "eval_time_millis": 24646.492828999726}, "Test_results": {"test_f1_majority_binary": 0.32056736946105957, "test_f1_majority_macro": 0.5431687735178345, "test_acc_majority": 0.6516363620758057, "test_f1_individual_binary": 0.3875386714935303, "test_f1_individual_macro": 0.5755906151452364, "test_acc_individual": 0.6589147448539734, "test_time_millis": 24613.145355000142, "dataset_size": 13768, "number_of_annotations": 41213}}