{"Epoch0": {"train_loss_means": 0.7052223682403564, "val_loss_mean": 0.6739166975021362, "val_f1_majority_bin": 0.4902634620666504, "val_f1_majority_macro": 0.558313929499886, "val_acc_majority": 0.5687984228134155, "val_f1_individual_binary": 0.4503311216831207, "val_f1_individual_macro": 0.5485698182330562, "val_acc_individual": 0.5699481964111328, "train_acc_means": 0.48728352785110474, "train_time_millis": 2110.5665719951503, "eval_time_millis": 3858.3188289776444}, "Epoch1": {"train_loss_means": 0.643839418888092, "val_loss_mean": 0.6759287118911743, "val_f1_majority_bin": 0.45947757363319397, "val_f1_majority_macro": 0.5766078511866255, "val_acc_majority": 0.6090116500854492, "val_f1_individual_binary": 0.4337567985057831, "val_f1_individual_macro": 0.5777996510464561, "val_acc_individual": 0.6269429922103882, "train_acc_means": 0.6569263935089111, "train_time_millis": 1338.0219110113103, "eval_time_millis": 3858.97251899587}, "Epoch2": {"train_loss_means": 0.5255253314971924, "val_loss_mean": 0.6615467071533203, "val_f1_majority_bin": 0.547756016254425, "val_f1_majority_macro": 0.6094428742699491, "val_acc_majority": 0.6191860437393188, "val_f1_individual_binary": 0.5150895118713379, "val_f1_individual_macro": 0.6027945121752656, "val_acc_individual": 0.6221601963043213, "train_acc_means": 0.7681277394294739, "train_time_millis": 1341.6502850013785, "eval_time_millis": 3880.48658601474}, "Epoch3": {"train_loss_means": 0.3434380888938904, "val_loss_mean": 0.7282741665840149, "val_f1_majority_bin": 0.6041317582130432, "val_f1_majority_macro": 0.6503756838679204, "val_acc_majority": 0.6564922332763672, "val_f1_individual_binary": 0.552690863609314, "val_f1_individual_macro": 0.6284394559579213, "val_acc_individual": 0.6438820362091064, "train_acc_means": 0.9047619104385376, "train_time_millis": 1339.904619002482, "eval_time_millis": 3881.3306580123026}, "Test_results": {"test_f1_majority_binary": 0.5976645350456238, "test_f1_majority_macro": 0.6297867766685417, "test_acc_majority": 0.6325739026069641, "test_f1_individual_binary": 0.5637955069541931, "test_f1_individual_macro": 0.6181702187708846, "test_acc_individual": 0.6259135007858276, "test_time_millis": 3869.6750259841792, "dataset_size": 4458, "number_of_annotations": 4458}}