{"Epoch0": {"train_loss_means": 1.2897530794143677, "val_loss_mean": 0.9652042388916016, "val_f1_majority_bin": 0.39400428533554077, "val_f1_majority_macro": 0.6773083347862174, "val_acc_majority": 0.9260324239730835, "val_f1_individual_binary": 0.3674832880496979, "val_f1_individual_macro": 0.6637760957149046, "val_acc_individual": 0.9248801469802856, "train_acc_means": 0.9081478118896484, "train_time_millis": 170468.78410805948, "eval_time_millis": 29133.33943800535}, "Epoch1": {"train_loss_means": 0.9070137739181519, "val_loss_mean": 0.8703346252441406, "val_f1_majority_bin": 0.42192190885543823, "val_f1_majority_macro": 0.693156669433029, "val_acc_majority": 0.9329151511192322, "val_f1_individual_binary": 0.3918604552745819, "val_f1_individual_macro": 0.677595438517824, "val_acc_individual": 0.9308315515518188, "train_acc_means": 0.9315321445465088, "train_time_millis": 171035.0651399931, "eval_time_millis": 29053.888062015176}, "Epoch2": {"train_loss_means": 0.759758710861206, "val_loss_mean": 0.8309798240661621, "val_f1_majority_bin": 0.42056792974472046, "val_f1_majority_macro": 0.692849886291698, "val_acc_majority": 0.9342219829559326, "val_f1_individual_binary": 0.40046364068984985, "val_f1_individual_macro": 0.682095103387933, "val_acc_individual": 0.9315919876098633, "train_acc_means": 0.939599335193634, "train_time_millis": 171613.294791081, "eval_time_millis": 29208.677134942263}, "Epoch3": {"train_loss_means": 0.6486743092536926, "val_loss_mean": 0.904079794883728, "val_f1_majority_bin": 0.40252453088760376, "val_f1_majority_macro": 0.6814759274543691, "val_acc_majority": 0.9257710576057434, "val_f1_individual_binary": 0.37846654653549194, "val_f1_individual_macro": 0.669114290009957, "val_acc_individual": 0.92441725730896, "train_acc_means": 0.94633549451828, "train_time_millis": 171869.82234497555, "eval_time_millis": 28947.632753057405}, "Test_results": {"test_f1_majority_binary": 0.39038601517677307, "test_f1_majority_macro": 0.6758063401096753, "test_acc_majority": 0.927090585231781, "test_f1_individual_binary": 0.3785754442214966, "test_f1_individual_macro": 0.6698224842043099, "test_acc_individual": 0.9267292618751526, "test_time_millis": 29123.20794002153, "dataset_size": 57414, "number_of_annotations": 151257}}