{"Epoch0": {"train_loss_means": 0.6850635409355164, "val_loss_mean": 0.6545841693878174, "val_f1_majority_bin": 0.522828996181488, "val_f1_majority_macro": 0.6343281893518002, "val_acc_majority": 0.6683260798454285, "val_f1_individual_binary": 0.518971860408783, "val_f1_individual_macro": 0.6449086646373885, "val_acc_individual": 0.6895734667778015, "train_acc_means": 0.5743534564971924, "train_time_millis": 3814.136294007767, "eval_time_millis": 3111.169746000087}, "Epoch1": {"train_loss_means": 0.6099383234977722, "val_loss_mean": 0.611162006855011, "val_f1_majority_bin": 0.6791277527809143, "val_f1_majority_macro": 0.6795265726859623, "val_acc_majority": 0.6795270442962646, "val_f1_individual_binary": 0.6451342105865479, "val_f1_individual_macro": 0.6647312931984373, "val_acc_individual": 0.6658768057823181, "train_acc_means": 0.6914511919021606, "train_time_millis": 3823.729321011342, "eval_time_millis": 3154.872125989641}, "Epoch2": {"train_loss_means": 0.440744012594223, "val_loss_mean": 0.6348395943641663, "val_f1_majority_bin": 0.6797130107879639, "val_f1_majority_macro": 0.693812469125598, "val_acc_majority": 0.6944617033004761, "val_f1_individual_binary": 0.6546255350112915, "val_f1_individual_macro": 0.6870121310927444, "val_acc_individual": 0.690363347530365, "train_acc_means": 0.8225574493408203, "train_time_millis": 3813.026126998011, "eval_time_millis": 3085.0492540048435}, "Epoch3": {"train_loss_means": 0.23946236073970795, "val_loss_mean": 0.7191966772079468, "val_f1_majority_bin": 0.6048052906990051, "val_f1_majority_macro": 0.6835685704838368, "val_acc_majority": 0.7031736373901367, "val_f1_individual_binary": 0.6121991872787476, "val_f1_individual_macro": 0.7003626537504531, "val_acc_individual": 0.7263033390045166, "train_acc_means": 0.922054648399353, "train_time_millis": 3811.1608879989944, "eval_time_millis": 3089.840089000063}, "Test_results": {"test_f1_majority_binary": 0.6183500289916992, "test_f1_majority_macro": 0.6796616754761925, "test_acc_majority": 0.6913965344429016, "test_f1_individual_binary": 0.604938268661499, "test_f1_individual_macro": 0.6825440889567478, "test_acc_individual": 0.7015157341957092, "test_time_millis": 3107.0454019936733, "dataset_size": 4129, "number_of_annotations": 4129}}