{"Epoch0": {"train_loss_means": 0.2893162965774536, "val_loss_mean": 0.2892371118068695, "val_f1_majority_bin": 0.3288288288288288, "val_f1_majority_macro": 0.5359661385523455, "val_acc_majority": 0.628428927680798, "val_f1_individual_binary": 0.3211859172328598, "val_f1_individual_macro": 0.5284698521004405, "val_acc_individual": 0.6195915541709934, "train_time_millis": 96671.18609393947, "eval_time_millis": 12455.73285210412}, "Epoch1": {"train_loss_means": 0.261234313249588, "val_loss_mean": 0.29585716128349304, "val_f1_majority_bin": 0.47908121410992616, "val_f1_majority_macro": 0.5799126533093623, "val_acc_majority": 0.6041147132169576, "val_f1_individual_binary": 0.4656419529837251, "val_f1_individual_macro": 0.5670890639848519, "val_acc_individual": 0.5908618899273105, "train_time_millis": 96200.25411597453, "eval_time_millis": 12477.922088000923}, "Epoch2": {"train_loss_means": 0.2137306034564972, "val_loss_mean": 0.3100157082080841, "val_f1_majority_bin": 0.3973509933774834, "val_f1_majority_macro": 0.6059319173980772, "val_acc_majority": 0.7163341645885287, "val_f1_individual_binary": 0.3648750946252839, "val_f1_individual_macro": 0.5883159408508963, "val_acc_individual": 0.7095880927656628, "train_time_millis": 96164.54144299496, "eval_time_millis": 12473.568917950615}, "Epoch3": {"train_loss_means": 0.16864341497421265, "val_loss_mean": 0.3578294515609741, "val_f1_majority_bin": 0.4815133276010318, "val_f1_majority_macro": 0.5933239009643301, "val_acc_majority": 0.6240648379052369, "val_f1_individual_binary": 0.45045915901401645, "val_f1_individual_macro": 0.571953763923293, "val_acc_individual": 0.6064382139148494, "train_time_millis": 96188.2067041006, "eval_time_millis": 12474.409274989739}, "Epoch4": {"train_loss_means": 0.12407075613737106, "val_loss_mean": 0.43387046456336975, "val_f1_majority_bin": 0.46829268292682924, "val_f1_majority_macro": 0.5688278379244864, "val_acc_majority": 0.5922693266832918, "val_f1_individual_binary": 0.4363304427202191, "val_f1_individual_macro": 0.5460157928683337, "val_acc_individual": 0.5725164416753202, "train_time_millis": 96204.56029404886, "eval_time_millis": 12479.338695993647}, "Epoch5": {"train_loss_means": 0.10056111216545105, "val_loss_mean": 0.5110024809837341, "val_f1_majority_bin": 0.44491080797481636, "val_f1_majority_macro": 0.6051605037656786, "val_acc_majority": 0.6701995012468828, "val_f1_individual_binary": 0.4019024970273484, "val_f1_individual_macro": 0.5781485141386742, "val_acc_individual": 0.6517826237452405, "train_time_millis": 96262.57741893642, "eval_time_millis": 10447.699935990386}, "Epoch6": {"train_loss_means": 0.07850600779056549, "val_loss_mean": 0.6629331111907959, "val_f1_majority_bin": 0.441860465116279, "val_f1_majority_macro": 0.5885772913816689, "val_acc_majority": 0.6408977556109726, "val_f1_individual_binary": 0.40044247787610615, "val_f1_individual_macro": 0.5636973094670203, "val_acc_individual": 0.6247836621668398, "train_time_millis": 96271.4295310434, "eval_time_millis": 10452.836230979301}, "Epoch7": {"train_loss_means": 0.06387906521558762, "val_loss_mean": 0.825983464717865, "val_f1_majority_bin": 0.4437434279705573, "val_f1_majority_macro": 0.6046807525320221, "val_acc_majority": 0.6701995012468828, "val_f1_individual_binary": 0.4088463837417813, "val_f1_individual_macro": 0.5839603416881867, "val_acc_individual": 0.6576670128071997, "train_time_millis": 96313.99811699521, "eval_time_millis": 12553.267388022505}, "Epoch8": {"train_loss_means": 0.05358411371707916, "val_loss_mean": 0.8327502012252808, "val_f1_majority_bin": 0.43775933609958506, "val_f1_majority_macro": 0.5981131796362453, "val_acc_majority": 0.6620947630922693, "val_f1_individual_binary": 0.3997641509433963, "val_f1_individual_macro": 0.5751882979116786, "val_acc_individual": 0.6476289373485635, "train_time_millis": 96265.10956999846, "eval_time_millis": 12471.408802084625}, "Epoch9": {"train_loss_means": 0.04651753604412079, "val_loss_mean": 1.0338548421859741, "val_f1_majority_bin": 0.44678609062170704, "val_f1_majority_macro": 0.6071911860811059, "val_acc_majority": 0.6726932668329177, "val_f1_individual_binary": 0.4043452021726011, "val_f1_individual_macro": 0.5824201138259268, "val_acc_individual": 0.6583592938733126, "train_time_millis": 96231.44335788675, "eval_time_millis": 10447.765416000038}, "Test_results": {"test_f1_majority_binary": 0.3973509933774834, "test_f1_majority_macro": 0.6059319173980772, "test_acc_majority": 0.7163341645885287, "test_f1_individual_binary": 0.3648750946252839, "test_f1_individual_macro": 0.5883159408508963, "test_acc_individual": 0.7095880927656628, "test_time_millis": 10438.2557409117, "dataset_size": 8365, "number_of_annotations": 15180, "train_size": 8958, "val_size": 2889, "test_size": 3333}}