{"Epoch0": {"train_loss_means": 0.03139682486653328, "val_loss_mean": 0.035362593829631805, "val_f1_majority_bin": 0.12844036697247707, "val_f1_majority_macro": 0.5331947099395371, "val_acc_majority": 0.8841463414634146, "val_f1_individual_binary": 0.11920529801324503, "val_f1_individual_macro": 0.5288583124370432, "val_acc_individual": 0.88504753673293, "train_time_millis": 3376.0875430889428, "eval_time_millis": 2494.703915901482}, "Epoch1": {"train_loss_means": 0.02793518267571926, "val_loss_mean": 0.03060299903154373, "val_f1_majority_bin": 0.12794612794612795, "val_f1_majority_macro": 0.4675471518360572, "val_acc_majority": 0.6841463414634147, "val_f1_individual_binary": 0.11442786069651742, "val_f1_individual_macro": 0.4641176960386353, "val_acc_individual": 0.6923076923076923, "train_time_millis": 3365.3049441054463, "eval_time_millis": 2492.2179328277707}, "Epoch2": {"train_loss_means": 0.01951882615685463, "val_loss_mean": 0.025163425132632256, "val_f1_majority_bin": 0.223463687150838, "val_f1_majority_macro": 0.5641616861489988, "val_acc_majority": 0.8304878048780487, "val_f1_individual_binary": 0.2074688796680498, "val_f1_individual_macro": 0.5576659400752212, "val_acc_individual": 0.8349178910976663, "train_time_millis": 3370.0039172545075, "eval_time_millis": 2493.075701408088}, "Epoch3": {"train_loss_means": 0.01185978390276432, "val_loss_mean": 0.028670698404312134, "val_f1_majority_bin": 0.2631578947368421, "val_f1_majority_macro": 0.5939445387662705, "val_acc_majority": 0.8634146341463415, "val_f1_individual_binary": 0.23414634146341462, "val_f1_individual_macro": 0.5798517387734332, "val_acc_individual": 0.8643042350907519, "train_time_millis": 3384.257076308131, "eval_time_millis": 1121.7727879993618}, "Epoch4": {"train_loss_means": 0.007668411359190941, "val_loss_mean": 0.04657167196273804, "val_f1_majority_bin": 0.411764705882353, "val_f1_majority_macro": 0.693159706630744, "val_acc_majority": 0.9512195121951219, "val_f1_individual_binary": 0.3655913978494624, "val_f1_individual_macro": 0.6695133936568338, "val_acc_individual": 0.9490060501296457, "train_time_millis": 3367.2178220003843, "eval_time_millis": 460.05821507424116}, "Epoch5": {"train_loss_means": 0.005285672843456268, "val_loss_mean": 0.05587344616651535, "val_f1_majority_bin": 0.4262295081967213, "val_f1_majority_macro": 0.7020317901971573, "val_acc_majority": 0.9573170731707317, "val_f1_individual_binary": 0.3902439024390244, "val_f1_individual_macro": 0.6839212343736341, "val_acc_individual": 0.9567847882454624, "train_time_millis": 3367.628785315901, "eval_time_millis": 460.2166460826993}, "Epoch6": {"train_loss_means": 0.004577433690428734, "val_loss_mean": 0.06945409625768661, "val_f1_majority_bin": 0.4230769230769231, "val_f1_majority_macro": 0.7020926177097462, "val_acc_majority": 0.9634146341463414, "val_f1_individual_binary": 0.4000000000000001, "val_f1_individual_macro": 0.6906417112299466, "val_acc_individual": 0.9636992221261884, "train_time_millis": 3369.1148292273283, "eval_time_millis": 2492.6576768048108}, "Epoch7": {"train_loss_means": 0.003751925891265273, "val_loss_mean": 0.07307199388742447, "val_f1_majority_bin": 0.4150943396226415, "val_f1_majority_macro": 0.6977803141087373, "val_acc_majority": 0.9621951219512195, "val_f1_individual_binary": 0.3943661971830986, "val_f1_individual_macro": 0.6875977218639523, "val_acc_individual": 0.9628349178910977, "train_time_millis": 3355.514674913138, "eval_time_millis": 2495.17042003572}, "Epoch8": {"train_loss_means": 0.0034773636143654585, "val_loss_mean": 0.07964910566806793, "val_f1_majority_bin": 0.44000000000000006, "val_f1_majority_macro": 0.7111949685534591, "val_acc_majority": 0.9658536585365853, "val_f1_individual_binary": 0.411764705882353, "val_f1_individual_macro": 0.6969776334398408, "val_acc_individual": 0.9654278305963699, "train_time_millis": 3368.0334691889584, "eval_time_millis": 2492.4642257392406}, "Epoch9": {"train_loss_means": 0.0032289628870785236, "val_loss_mean": 0.08350536227226257, "val_f1_majority_bin": 0.44000000000000006, "val_f1_majority_macro": 0.7111949685534591, "val_acc_majority": 0.9658536585365853, "val_f1_individual_binary": 0.41791044776119407, "val_f1_individual_macro": 0.7002769862303968, "val_acc_individual": 0.9662921348314607, "train_time_millis": 3362.674899864942, "eval_time_millis": 2494.001779705286}, "Test_results": {"test_f1_majority_binary": 0.44000000000000006, "test_f1_majority_macro": 0.7111949685534591, "test_acc_majority": 0.9658536585365853, "test_f1_individual_binary": 0.41791044776119407, "test_f1_individual_macro": 0.7002769862303968, "test_acc_individual": 0.9662921348314607, "test_time_millis": 2498.4531099908054, "dataset_size": 3993, "number_of_annotations": 5599, "train_size": 3361, "val_size": 1157, "test_size": 1081}}