{"Epoch0": {"train_loss_means": 0.24581952393054962, "val_loss_mean": 0.21863287687301636, "val_f1_majority_bin": 0.7736077481840195, "val_f1_majority_macro": 0.8161845387445776, "val_acc_majority": 0.826046511627907, "val_f1_individual_binary": 0.7213769786383895, "val_f1_individual_macro": 0.776087462720968, "val_acc_individual": 0.7894553478109395, "train_time_millis": 54384.60470503196, "eval_time_millis": 7663.264906965196}, "Epoch1": {"train_loss_means": 0.19783559441566467, "val_loss_mean": 0.21946385502815247, "val_f1_majority_bin": 0.7832604622111179, "val_f1_majority_macro": 0.827347163302669, "val_acc_majority": 0.8386046511627907, "val_f1_individual_binary": 0.7245112296009047, "val_f1_individual_macro": 0.7849874193866937, "val_acc_individual": 0.8019974451283243, "train_time_millis": 53443.47653497243, "eval_time_millis": 7667.608251969796}, "Epoch2": {"train_loss_means": 0.1729365885257721, "val_loss_mean": 0.23521381616592407, "val_f1_majority_bin": 0.7783572359843546, "val_f1_majority_macro": 0.8277180250782221, "val_acc_majority": 0.8418604651162791, "val_f1_individual_binary": 0.7217566208514917, "val_f1_individual_macro": 0.7871398598216236, "val_acc_individual": 0.8072233190105679, "train_time_millis": 53378.99211701006, "eval_time_millis": 7668.7096990062855}, "Epoch3": {"train_loss_means": 0.1549789160490036, "val_loss_mean": 0.23476870357990265, "val_f1_majority_bin": 0.7700865265760197, "val_f1_majority_macro": 0.815692032862954, "val_acc_majority": 0.8269767441860465, "val_f1_individual_binary": 0.7223012486170381, "val_f1_individual_macro": 0.7805173062727229, "val_acc_individual": 0.7959586575310649, "train_time_millis": 53541.877523995936, "eval_time_millis": 7656.952039978933}, "Epoch4": {"train_loss_means": 0.14097380638122559, "val_loss_mean": 0.280368447303772, "val_f1_majority_bin": 0.7795275590551181, "val_f1_majority_macro": 0.8292450475390865, "val_acc_majority": 0.8437209302325581, "val_f1_individual_binary": 0.7184859749915512, "val_f1_individual_macro": 0.7855522585502697, "val_acc_individual": 0.8065265358262688, "train_time_millis": 53539.093518978916, "eval_time_millis": 7660.230892011896}, "Epoch5": {"train_loss_means": 0.12864357233047485, "val_loss_mean": 0.3002937138080597, "val_f1_majority_bin": 0.7784352399737017, "val_f1_majority_macro": 0.8285842986482399, "val_acc_majority": 0.8432558139534884, "val_f1_individual_binary": 0.7197986577181208, "val_f1_individual_macro": 0.7857561926487958, "val_acc_individual": 0.8060620137034026, "train_time_millis": 53465.746969974134, "eval_time_millis": 7661.306164984126}, "Epoch6": {"train_loss_means": 0.11860116571187973, "val_loss_mean": 0.33061647415161133, "val_f1_majority_bin": 0.7829560585885487, "val_f1_majority_macro": 0.833222132224939, "val_acc_majority": 0.8483720930232558, "val_f1_individual_binary": 0.7151452638817261, "val_f1_individual_macro": 0.7849290545625202, "val_acc_individual": 0.8075717106027175, "train_time_millis": 53631.37487502536, "eval_time_millis": 6651.060231029987}, "Epoch7": {"train_loss_means": 0.1092454344034195, "val_loss_mean": 0.3444485068321228, "val_f1_majority_bin": 0.7837314396384766, "val_f1_majority_macro": 0.8309787696193109, "val_acc_majority": 0.8441860465116279, "val_f1_individual_binary": 0.722769028871391, "val_f1_individual_macro": 0.7854362850630549, "val_acc_individual": 0.8037394030890721, "train_time_millis": 53571.119332977105, "eval_time_millis": 7644.8558190022595}, "Epoch8": {"train_loss_means": 0.10187786817550659, "val_loss_mean": 0.3765285909175873, "val_f1_majority_bin": 0.7805519053876477, "val_f1_majority_macro": 0.8301607619090867, "val_acc_majority": 0.8446511627906976, "val_f1_individual_binary": 0.7209693705822955, "val_f1_individual_macro": 0.7869917774897293, "val_acc_individual": 0.8074555800720009, "train_time_millis": 53602.47347695986, "eval_time_millis": 7634.1704850201495}, "Epoch9": {"train_loss_means": 0.09510603547096252, "val_loss_mean": 0.4059266448020935, "val_f1_majority_bin": 0.7841584158415842, "val_f1_majority_macro": 0.8333718470590327, "val_acc_majority": 0.847906976744186, "val_f1_individual_binary": 0.7193071828833418, "val_f1_individual_macro": 0.7867249758941548, "val_acc_individual": 0.8080362327255836, "train_time_millis": 53502.31231999351, "eval_time_millis": 5618.667937989812}, "Test_results": {"test_f1_majority_binary": 0.7841584158415842, "test_f1_majority_macro": 0.8333718470590327, "test_acc_majority": 0.847906976744186, "test_f1_individual_binary": 0.7193071828833418, "test_f1_individual_macro": 0.7867249758941548, "test_acc_individual": 0.8080362327255836, "test_time_millis": 7638.652690977324, "dataset_size": 10746, "number_of_annotations": 43051, "train_size": 25813, "val_size": 8611, "test_size": 8627}}