{"Epoch0": {"train_loss_means": 2.4769256114959717, "val_loss_mean": 2.313455820083618, "val_f1_majority_bin": 0.0, "val_f1_majority_macro": 0.49421168687982364, "val_acc_majority": 0.9771116971969604, "val_f1_individual_binary": 0.04672897234559059, "val_f1_individual_macro": 0.49898978469088306, "val_acc_individual": 0.9072446227073669, "train_acc_means": 0.6969097256660461, "train_time_millis": 39181.17881499347, "eval_time_millis": 7596.461894005188}, "Epoch1": {"train_loss_means": 2.1549816131591797, "val_loss_mean": 2.1536130905151367, "val_f1_majority_bin": 0.0, "val_f1_majority_macro": 0.49421168687982364, "val_acc_majority": 0.9771116971969604, "val_f1_individual_binary": 0.03875968977808952, "val_f1_individual_macro": 0.5097956743011692, "val_acc_individual": 0.9624128341674805, "train_acc_means": 0.934909462928772, "train_time_millis": 39170.56259699166, "eval_time_millis": 7555.814400999225}, "Epoch2": {"train_loss_means": 1.958656907081604, "val_loss_mean": 2.028441905975342, "val_f1_majority_bin": 0.0, "val_f1_majority_macro": 0.49421168687982364, "val_acc_majority": 0.9771116971969604, "val_f1_individual_binary": 0.07968127727508545, "val_f1_individual_macro": 0.530918273603154, "val_acc_individual": 0.9649893641471863, "train_acc_means": 0.9638548493385315, "train_time_millis": 39358.11590999947, "eval_time_millis": 7626.362936993246}, "Epoch3": {"train_loss_means": 1.779790997505188, "val_loss_mean": 1.9213839769363403, "val_f1_majority_bin": 0.0, "val_f1_majority_macro": 0.49421168687982364, "val_acc_majority": 0.9771116971969604, "val_f1_individual_binary": 0.18589743971824646, "val_f1_individual_macro": 0.5830915307397766, "val_acc_individual": 0.9615035057067871, "train_acc_means": 0.9677064418792725, "train_time_millis": 39131.04840800224, "eval_time_millis": 7585.7756749901455}, "Epoch4": {"train_loss_means": 1.650429368019104, "val_loss_mean": 1.8496229648590088, "val_f1_majority_bin": 0.1818181872367859, "val_f1_majority_macro": 0.5846850245190495, "val_acc_majority": 0.975476861000061, "val_f1_individual_binary": 0.22413793206214905, "val_f1_individual_macro": 0.6015614935371666, "val_acc_individual": 0.9590784907341003, "train_acc_means": 0.9682914614677429, "train_time_millis": 39398.342119005974, "eval_time_millis": 7601.0024290008005}, "Epoch5": {"train_loss_means": 1.512296199798584, "val_loss_mean": 1.7643948793411255, "val_f1_majority_bin": 0.3362831771373749, "val_f1_majority_macro": 0.6575990008483832, "val_acc_majority": 0.9591280817985535, "val_f1_individual_binary": 0.28634360432624817, "val_f1_individual_macro": 0.6304579464907409, "val_acc_individual": 0.9508942365646362, "train_acc_means": 0.9673544764518738, "train_time_millis": 39249.90780898952, "eval_time_millis": 7521.670508009265}, "Epoch6": {"train_loss_means": 1.3868577480316162, "val_loss_mean": 1.6868298053741455, "val_f1_majority_bin": 0.317241370677948, "val_f1_majority_macro": 0.6445781364636831, "val_acc_majority": 0.9460490345954895, "val_f1_individual_binary": 0.30463576316833496, "val_f1_individual_macro": 0.6356406253944479, "val_acc_individual": 0.93634432554245, "train_acc_means": 0.9612043499946594, "train_time_millis": 39420.13029300142, "eval_time_millis": 7583.037791991956}, "Epoch7": {"train_loss_means": 1.2705919742584229, "val_loss_mean": 1.6922821998596191, "val_f1_majority_bin": 0.3333333432674408, "val_f1_majority_macro": 0.6542302619182212, "val_acc_majority": 0.9520435929298401, "val_f1_individual_binary": 0.2936803102493286, "val_f1_individual_macro": 0.6318298785140214, "val_acc_individual": 0.9424067735671997, "train_acc_means": 0.9632250666618347, "train_time_millis": 39198.27773400175, "eval_time_millis": 7564.709580008639}, "Epoch8": {"train_loss_means": 1.182278037071228, "val_loss_mean": 1.6787534952163696, "val_f1_majority_bin": 0.3636363744735718, "val_f1_majority_macro": 0.6709700555854402, "val_acc_majority": 0.9580381512641907, "val_f1_individual_binary": 0.29230770468711853, "val_f1_individual_macro": 0.6316382260844235, "val_acc_individual": 0.944225549697876, "train_acc_means": 0.9636566638946533, "train_time_millis": 39388.82955399458, "eval_time_millis": 7606.834970007185}, "Epoch9": {"train_loss_means": 1.1140624284744263, "val_loss_mean": 1.6645289659500122, "val_f1_majority_bin": 0.3283582031726837, "val_f1_majority_macro": 0.6514528601337205, "val_acc_majority": 0.9509536623954773, "val_f1_individual_binary": 0.29032257199287415, "val_f1_individual_macro": 0.6294942543991751, "val_acc_individual": 0.9399818181991577, "train_acc_means": 0.9620245099067688, "train_time_millis": 39198.3254700026, "eval_time_millis": 7595.949341994128}, "Test_results": {"test_f1_majority_binary": 0.32380953431129456, "test_f1_majority_macro": 0.6514972567743016, "test_acc_majority": 0.9596132040023804, "test_f1_individual_binary": 0.32618024945259094, "test_f1_individual_macro": 0.6500718866326451, "test_acc_individual": 0.9498642683029175, "test_time_millis": 7250.5797920021, "dataset_size": 9135, "number_of_annotations": 32792}}