{"Epoch0": {"train_loss_means": 0.027413489297032356, "val_loss_mean": 0.018667839467525482, "val_f1_majority_bin": 0.36447166921898927, "val_f1_majority_macro": 0.6730254835064718, "val_acc_majority": 0.9641963592442412, "val_f1_individual_binary": 0.36779730281977935, "val_f1_individual_macro": 0.6737438680934044, "val_acc_individual": 0.9606451448777633, "train_time_millis": 37823.23190907482, "eval_time_millis": 17648.347733076662}, "Epoch1": {"train_loss_means": 0.01776335947215557, "val_loss_mean": 0.019487984478473663, "val_f1_majority_bin": 0.3174193548387097, "val_f1_majority_macro": 0.6469053305634617, "val_acc_majority": 0.9543611422655509, "val_f1_individual_binary": 0.33111655582779137, "val_f1_individual_macro": 0.6529462479776488, "val_acc_individual": 0.9513851789666489, "train_time_millis": 37698.83581995964, "eval_time_millis": 17651.95578604471}, "Epoch2": {"train_loss_means": 0.012304370291531086, "val_loss_mean": 0.021867627277970314, "val_f1_majority_bin": 0.3324396782841823, "val_f1_majority_macro": 0.6551216041625939, "val_acc_majority": 0.9570356310930894, "val_f1_individual_binary": 0.3352685050798258, "val_f1_individual_macro": 0.655559696108498, "val_acc_individual": 0.9533948968429622, "train_time_millis": 37709.863719996065, "eval_time_millis": 17649.62949906476}, "Epoch3": {"train_loss_means": 0.008948300965130329, "val_loss_mean": 0.03510689735412598, "val_f1_majority_bin": 0.45841784989858014, "val_f1_majority_macro": 0.7233250164473729, "val_acc_majority": 0.9769648865499094, "val_f1_individual_binary": 0.4327424400417101, "val_f1_individual_macro": 0.7092786515723544, "val_acc_individual": 0.9723218601338116, "train_time_millis": 37755.51419402473, "eval_time_millis": 17606.20424710214}, "Epoch4": {"train_loss_means": 0.007403980474919081, "val_loss_mean": 0.03188924118876457, "val_f1_majority_bin": 0.41186736474694585, "val_f1_majority_macro": 0.6984808980840307, "val_acc_majority": 0.9709257182296609, "val_f1_individual_binary": 0.39676113360323884, "val_f1_individual_macro": 0.6896038143963572, "val_acc_individual": 0.9658856750362512, "train_time_millis": 37652.71760697942, "eval_time_millis": 15617.038878961466}, "Epoch5": {"train_loss_means": 0.006704895757138729, "val_loss_mean": 0.04089387506246567, "val_f1_majority_bin": 0.4680851063829787, "val_f1_majority_macro": 0.7285388547061071, "val_acc_majority": 0.9784315417133983, "val_f1_individual_binary": 0.41631799163179917, "val_f1_individual_macro": 0.7008844670958516, "val_acc_individual": 0.9716095550637258, "train_time_millis": 37675.50539295189, "eval_time_millis": 15629.90877206903}, "Epoch6": {"train_loss_means": 0.006140012294054031, "val_loss_mean": 0.048382073640823364, "val_f1_majority_bin": 0.4954954954954955, "val_f1_majority_macro": 0.7428220726663861, "val_acc_majority": 0.9806746613752049, "val_f1_individual_binary": 0.4439511653718092, "val_f1_individual_macro": 0.7154535039523074, "val_acc_individual": 0.9745096542776464, "train_time_millis": 37691.951898043044, "eval_time_millis": 17666.586482082494}, "Epoch7": {"train_loss_means": 0.005712616257369518, "val_loss_mean": 0.048682332038879395, "val_f1_majority_bin": 0.4766146993318485, "val_f1_majority_macro": 0.7331386521776913, "val_acc_majority": 0.9797256492105945, "val_f1_individual_binary": 0.43063738618103914, "val_f1_individual_macro": 0.7083937018851932, "val_acc_individual": 0.972957846803531, "train_time_millis": 37690.37908699829, "eval_time_millis": 15638.618880067952}, "Epoch8": {"train_loss_means": 0.00544309988617897, "val_loss_mean": 0.052829138934612274, "val_f1_majority_bin": 0.49765258215962443, "val_f1_majority_macro": 0.7441242344793553, "val_acc_majority": 0.981537399706669, "val_f1_individual_binary": 0.44394110985277463, "val_f1_individual_macro": 0.715581651579695, "val_acc_individual": 0.9750184436134218, "train_time_millis": 37729.342977982014, "eval_time_millis": 15655.67980799824}, "Epoch9": {"train_loss_means": 0.005097893066704273, "val_loss_mean": 0.05840735509991646, "val_f1_majority_bin": 0.5038167938931296, "val_f1_majority_macro": 0.7476300170264278, "val_acc_majority": 0.9831766025364507, "val_f1_individual_binary": 0.4514533085961658, "val_f1_individual_macro": 0.7199669888391927, "val_acc_individual": 0.9774351929583556, "train_time_millis": 37755.417489097454, "eval_time_millis": 15645.237819990143}, "Test_results": {"test_f1_majority_binary": 0.5038167938931296, "test_f1_majority_macro": 0.7476300170264278, "test_acc_majority": 0.9831766025364507, "test_f1_individual_binary": 0.4514533085961658, "test_f1_individual_macro": 0.7199669888391927, "test_acc_individual": 0.9774351929583556, "test_time_millis": 15633.942291024141, "dataset_size": 33521, "number_of_annotations": 116421, "train_size": 37700, "val_size": 39309, "test_size": 39412}}