{"Epoch0": {"train_loss_means": 1.117087960243225, "val_loss_mean": 1.0438076257705688, "val_f1_majority_bin": 0.0, "val_f1_majority_macro": 0.4877641824249166, "val_acc_majority": 0.9522258639335632, "val_f1_individual_binary": 0.0, "val_f1_individual_macro": 0.48898216159496327, "val_acc_individual": 0.9568788409233093, "train_acc_means": 0.8086599707603455, "train_time_millis": 5636.894264999966, "eval_time_millis": 1196.936246000007}, "Epoch1": {"train_loss_means": 1.070877194404602, "val_loss_mean": 0.9927816987037659, "val_f1_majority_bin": 0.0, "val_f1_majority_macro": 0.4877641824249166, "val_acc_majority": 0.9522258639335632, "val_f1_individual_binary": 0.0, "val_f1_individual_macro": 0.48951781970649894, "val_acc_individual": 0.9589322209358215, "train_acc_means": 0.9563025832176208, "train_time_millis": 5653.462563000005, "eval_time_millis": 1201.9322059999809}, "Epoch2": {"train_loss_means": 1.0404326915740967, "val_loss_mean": 0.9625208377838135, "val_f1_majority_bin": 0.0, "val_f1_majority_macro": 0.4877641824249166, "val_acc_majority": 0.9522258639335632, "val_f1_individual_binary": 0.0, "val_f1_individual_macro": 0.48951781970649894, "val_acc_individual": 0.9589322209358215, "train_acc_means": 0.9560720324516296, "train_time_millis": 5697.624994000023, "eval_time_millis": 1196.7700740000282}, "Epoch3": {"train_loss_means": 1.012394666671753, "val_loss_mean": 0.9437426924705505, "val_f1_majority_bin": 0.0, "val_f1_majority_macro": 0.4877641824249166, "val_acc_majority": 0.9522258639335632, "val_f1_individual_binary": 0.0, "val_f1_individual_macro": 0.48951781970649894, "val_acc_individual": 0.9589322209358215, "train_acc_means": 0.9571468234062195, "train_time_millis": 5663.144680000016, "eval_time_millis": 1193.4734950000347}, "Epoch4": {"train_loss_means": 0.9922320246696472, "val_loss_mean": 0.9258851408958435, "val_f1_majority_bin": 0.0, "val_f1_majority_macro": 0.4877641824249166, "val_acc_majority": 0.9522258639335632, "val_f1_individual_binary": 0.0, "val_f1_individual_macro": 0.48951781970649894, "val_acc_individual": 0.9589322209358215, "train_acc_means": 0.957118570804596, "train_time_millis": 5684.273082999994, "eval_time_millis": 1319.791252000016}, "Epoch5": {"train_loss_means": 0.9776274561882019, "val_loss_mean": 0.9135293364524841, "val_f1_majority_bin": 0.0, "val_f1_majority_macro": 0.4877641824249166, "val_acc_majority": 0.9522258639335632, "val_f1_individual_binary": 0.0, "val_f1_individual_macro": 0.48951781970649894, "val_acc_individual": 0.9589322209358215, "train_acc_means": 0.9568989872932434, "train_time_millis": 5669.930760999989, "eval_time_millis": 1197.483692999981}, "Epoch6": {"train_loss_means": 0.9690855145454407, "val_loss_mean": 0.9044385552406311, "val_f1_majority_bin": 0.0, "val_f1_majority_macro": 0.4877641824249166, "val_acc_majority": 0.9522258639335632, "val_f1_individual_binary": 0.0, "val_f1_individual_macro": 0.48951781970649894, "val_acc_individual": 0.9589322209358215, "train_acc_means": 0.9564372897148132, "train_time_millis": 5628.630274999978, "eval_time_millis": 1227.3467919999916}, "Epoch7": {"train_loss_means": 0.9579343199729919, "val_loss_mean": 0.897605299949646, "val_f1_majority_bin": 0.0, "val_f1_majority_macro": 0.4877641824249166, "val_acc_majority": 0.9522258639335632, "val_f1_individual_binary": 0.0, "val_f1_individual_macro": 0.48951781970649894, "val_acc_individual": 0.9589322209358215, "train_acc_means": 0.9573825597763062, "train_time_millis": 5909.062282999968, "eval_time_millis": 1297.7874669999778}, "Epoch8": {"train_loss_means": 0.9481796026229858, "val_loss_mean": 0.8910711407661438, "val_f1_majority_bin": 0.0, "val_f1_majority_macro": 0.4877641824249166, "val_acc_majority": 0.9522258639335632, "val_f1_individual_binary": 0.0, "val_f1_individual_macro": 0.48951781970649894, "val_acc_individual": 0.9589322209358215, "train_acc_means": 0.9573211669921875, "train_time_millis": 5849.806400999967, "eval_time_millis": 1207.9973890000133}, "Epoch9": {"train_loss_means": 0.9404654502868652, "val_loss_mean": 0.9027803540229797, "val_f1_majority_bin": 0.0, "val_f1_majority_macro": 0.4877641824249166, "val_acc_majority": 0.9522258639335632, "val_f1_individual_binary": 0.0, "val_f1_individual_macro": 0.48951781970649894, "val_acc_individual": 0.9589322209358215, "train_acc_means": 0.9574451446533203, "train_time_millis": 5673.418208000044, "eval_time_millis": 1204.6546299999932}, "Test_results": {"test_f1_majority_binary": 0.0, "test_f1_majority_macro": 0.48502304147465436, "test_acc_majority": 0.9418344497680664, "test_f1_individual_binary": 0.0, "test_f1_individual_macro": 0.4887876664330764, "test_acc_individual": 0.9561343193054199, "test_time_millis": 1162.7399559999958, "dataset_size": 4589, "number_of_annotations": 7428}}