{"Epoch0": {"train_loss_means": 0.05732618644833565, "val_loss_mean": 0.0529274120926857, "val_f1_majority_bin": 0.4934131736526946, "val_f1_majority_macro": 0.7372498463836914, "val_acc_majority": 0.9635344827586206, "val_f1_individual_binary": 0.4218942189421894, "val_f1_individual_macro": 0.6988108737699044, "val_acc_individual": 0.9534111466309816, "train_time_millis": 121392.45802804362, "eval_time_millis": 16343.823721981607}, "Epoch1": {"train_loss_means": 0.04661289229989052, "val_loss_mean": 0.0526324063539505, "val_f1_majority_bin": 0.5849056603773585, "val_f1_majority_macro": 0.7866028035976493, "val_acc_majority": 0.9772413793103448, "val_f1_individual_binary": 0.45166340508806263, "val_f1_individual_macro": 0.7168682855692006, "val_acc_individual": 0.9652813917180879, "train_time_millis": 121682.04352498287, "eval_time_millis": 17161.650243971962}, "Epoch2": {"train_loss_means": 0.040248919278383255, "val_loss_mean": 0.05700312554836273, "val_f1_majority_bin": 0.5757575757575758, "val_f1_majority_macro": 0.7816676077545643, "val_acc_majority": 0.9758620689655172, "val_f1_individual_binary": 0.4609552691432903, "val_f1_individual_macro": 0.7213701897799252, "val_acc_individual": 0.9647609843134339, "train_time_millis": 121553.87423996581, "eval_time_millis": 15834.112163982354}, "Epoch3": {"train_loss_means": 0.035989996045827866, "val_loss_mean": 0.056268028914928436, "val_f1_majority_bin": 0.5130023640661938, "val_f1_majority_macro": 0.7472858290761317, "val_acc_majority": 0.9644827586206897, "val_f1_individual_binary": 0.44971480036025224, "val_f1_individual_macro": 0.7130124890331149, "val_acc_individual": 0.9545758679652071, "train_time_millis": 121555.94542797189, "eval_time_millis": 17131.43960799789}, "Epoch4": {"train_loss_means": 0.03243104740977287, "val_loss_mean": 0.061839815229177475, "val_f1_majority_bin": 0.47973713033954, "val_f1_majority_macro": 0.7292121286821314, "val_acc_majority": 0.959051724137931, "val_f1_individual_binary": 0.43426966292134833, "val_f1_individual_macro": 0.7040816595528631, "val_acc_individual": 0.9500904517631898, "train_time_millis": 121488.49937599152, "eval_time_millis": 17136.1793790129}, "Epoch5": {"train_loss_means": 0.029261384159326553, "val_loss_mean": 0.0677528828382492, "val_f1_majority_bin": 0.5023364485981309, "val_f1_majority_macro": 0.7416354638264553, "val_acc_majority": 0.9632758620689655, "val_f1_individual_binary": 0.4436557231588288, "val_f1_individual_macro": 0.7096649129858159, "val_acc_individual": 0.9533863653259981, "train_time_millis": 121610.75718596112, "eval_time_millis": 17125.97800802905}, "Epoch6": {"train_loss_means": 0.027019809931516647, "val_loss_mean": 0.07527155429124832, "val_f1_majority_bin": 0.5083932853717026, "val_f1_majority_macro": 0.7450309447514867, "val_acc_majority": 0.9646551724137931, "val_f1_individual_binary": 0.4413626771178776, "val_f1_individual_macro": 0.708709352876219, "val_acc_individual": 0.9540802418655366, "train_time_millis": 121519.31472797878, "eval_time_millis": 17157.496029976755}, "Epoch7": {"train_loss_means": 0.025663841515779495, "val_loss_mean": 0.08023803681135178, "val_f1_majority_bin": 0.4785949506037321, "val_f1_majority_macro": 0.7286419950201127, "val_acc_majority": 0.959051724137931, "val_f1_individual_binary": 0.42965459140690815, "val_f1_individual_macro": 0.7016637724679884, "val_acc_individual": 0.94966916957847, "train_time_millis": 121598.23850099929, "eval_time_millis": 17119.994271022733}, "Epoch8": {"train_loss_means": 0.025087011978030205, "val_loss_mean": 0.08946457505226135, "val_f1_majority_bin": 0.5103785103785103, "val_f1_majority_macro": 0.7462307636115777, "val_acc_majority": 0.9654310344827586, "val_f1_individual_binary": 0.4458914728682171, "val_f1_individual_macro": 0.7114138770105078, "val_acc_individual": 0.955715807994449, "train_time_millis": 121545.35306600155, "eval_time_millis": 17131.077222002205}, "Epoch9": {"train_loss_means": 0.024293312802910805, "val_loss_mean": 0.08782117068767548, "val_f1_majority_bin": 0.4994082840236686, "val_f1_majority_macro": 0.7402431713117672, "val_acc_majority": 0.9635344827586206, "val_f1_individual_binary": 0.44477972238986124, "val_f1_individual_macro": 0.710502327599727, "val_acc_individual": 0.9544023988303224, "train_time_millis": 121487.6103179995, "eval_time_millis": 17158.113898010924}, "Test_results": {"test_f1_majority_binary": 0.5757575757575758, "test_f1_majority_macro": 0.7816676077545643, "test_acc_majority": 0.9758620689655172, "test_f1_individual_binary": 0.4609552691432903, "test_f1_individual_macro": 0.7213701897799252, "test_acc_individual": 0.9647609843134339, "test_time_millis": 17116.595878032967, "dataset_size": 58004, "number_of_annotations": 201410, "train_size": 120846, "val_size": 40353, "test_size": 40211}}