{"Epoch0": {"train_loss_means": 2.1011693477630615, "val_loss_mean": 2.025564193725586, "val_f1_majority_bin": 0.0, "val_f1_majority_macro": 0.47710718002081165, "val_acc_majority": 0.9124377965927124, "val_f1_individual_binary": 0.0, "val_f1_individual_macro": 0.46812080536912754, "val_acc_individual": 0.8801261782646179, "train_acc_means": 0.8135889172554016, "train_time_millis": 9242.540987994289, "eval_time_millis": 2087.94654297526}, "Epoch1": {"train_loss_means": 1.980914831161499, "val_loss_mean": 1.962286114692688, "val_f1_majority_bin": 0.0, "val_f1_majority_macro": 0.47710718002081165, "val_acc_majority": 0.9124377965927124, "val_f1_individual_binary": 0.0, "val_f1_individual_macro": 0.46812080536912754, "val_acc_individual": 0.8801261782646179, "train_acc_means": 0.8756053447723389, "train_time_millis": 9287.586560996715, "eval_time_millis": 2192.0466989977285}, "Epoch2": {"train_loss_means": 1.9313687086105347, "val_loss_mean": 1.927053689956665, "val_f1_majority_bin": 0.0, "val_f1_majority_macro": 0.47710718002081165, "val_acc_majority": 0.9124377965927124, "val_f1_individual_binary": 0.0, "val_f1_individual_macro": 0.46812080536912754, "val_acc_individual": 0.8801261782646179, "train_acc_means": 0.8754469752311707, "train_time_millis": 9382.972066989169, "eval_time_millis": 2108.92443699413}, "Epoch3": {"train_loss_means": 1.8963347673416138, "val_loss_mean": 1.89976966381073, "val_f1_majority_bin": 0.0, "val_f1_majority_macro": 0.47710718002081165, "val_acc_majority": 0.9124377965927124, "val_f1_individual_binary": 0.12826603651046753, "val_f1_individual_macro": 0.5331311582050476, "val_acc_individual": 0.8842271566390991, "train_acc_means": 0.8769524693489075, "train_time_millis": 9441.92836797447, "eval_time_millis": 2102.767299016705}, "Epoch4": {"train_loss_means": 1.8384263515472412, "val_loss_mean": 1.8907313346862793, "val_f1_majority_bin": 0.05454545468091965, "val_f1_majority_macro": 0.4999043062200957, "val_acc_majority": 0.8965173959732056, "val_f1_individual_binary": 0.11206896603107452, "val_f1_individual_macro": 0.5209766202671299, "val_acc_individual": 0.8700315356254578, "train_acc_means": 0.865795373916626, "train_time_millis": 9454.378295020433, "eval_time_millis": 2104.598907986656}, "Epoch5": {"train_loss_means": 1.7551443576812744, "val_loss_mean": 1.883638858795166, "val_f1_majority_bin": 0.15853658318519592, "val_f1_majority_macro": 0.5418901778400234, "val_acc_majority": 0.8626865744590759, "val_f1_individual_binary": 0.19682539999485016, "val_f1_individual_macro": 0.5541044672393184, "val_acc_individual": 0.8403785228729248, "train_acc_means": 0.8659166693687439, "train_time_millis": 9454.883215017617, "eval_time_millis": 2108.5907199885696}, "Epoch6": {"train_loss_means": 1.6837096214294434, "val_loss_mean": 1.874047875404358, "val_f1_majority_bin": 0.20000000298023224, "val_f1_majority_macro": 0.5483146067415731, "val_acc_majority": 0.8169154524803162, "val_f1_individual_binary": 0.27304551005363464, "val_f1_individual_macro": 0.5797107895391527, "val_acc_individual": 0.8034700155258179, "train_acc_means": 0.8593566417694092, "train_time_millis": 9460.26360700489, "eval_time_millis": 2107.008216989925}, "Epoch7": {"train_loss_means": 1.6339503526687622, "val_loss_mean": 1.8375539779663086, "val_f1_majority_bin": 0.1818181872367859, "val_f1_majority_macro": 0.551650639436899, "val_acc_majority": 0.8567163944244385, "val_f1_individual_binary": 0.2452554702758789, "val_f1_individual_macro": 0.5769159777214145, "val_acc_individual": 0.8369085192680359, "train_acc_means": 0.8651558756828308, "train_time_millis": 9453.453185997205, "eval_time_millis": 2106.54050699668}, "Epoch8": {"train_loss_means": 1.55596923828125, "val_loss_mean": 1.8550410270690918, "val_f1_majority_bin": 0.1656050980091095, "val_f1_majority_macro": 0.5474544635828971, "val_acc_majority": 0.869651734828949, "val_f1_individual_binary": 0.21682848036289215, "val_f1_individual_macro": 0.566121334903382, "val_acc_individual": 0.8473185896873474, "train_acc_means": 0.8697323799133301, "train_time_millis": 9465.383012982784, "eval_time_millis": 2106.8444740085397}, "Epoch9": {"train_loss_means": 1.523382544517517, "val_loss_mean": 1.8428630828857422, "val_f1_majority_bin": 0.24215246737003326, "val_f1_majority_macro": 0.5737902790708178, "val_acc_majority": 0.8318408131599426, "val_f1_individual_binary": 0.29575756192207336, "val_f1_individual_macro": 0.5952042638534025, "val_acc_individual": 0.8167192339897156, "train_acc_means": 0.8706740736961365, "train_time_millis": 9468.838974018581, "eval_time_millis": 2104.997426009504}, "Test_results": {"test_f1_majority_binary": 0.2545454502105713, "test_f1_majority_macro": 0.5800920598388952, "test_acc_majority": 0.832482099533081, "test_f1_individual_binary": 0.2804428040981293, "test_f1_individual_macro": 0.5865615232927233, "test_acc_individual": 0.8132184147834778, "test_time_millis": 2062.7212400140706, "dataset_size": 4890, "number_of_annotations": 15455}}