{"Epoch0": {"train_loss_means": 0.12089691311120987, "val_loss_mean": 0.09945353865623474, "val_f1_majority_bin": 0.803921568627451, "val_f1_majority_macro": 0.8833734237189299, "val_acc_majority": 0.9375, "val_f1_individual_binary": 0.7478260869565218, "val_f1_individual_macro": 0.8514880512110168, "val_acc_individual": 0.9238445378151261, "train_time_millis": 7559.003379999922, "eval_time_millis": 2950.1129299997046}, "Epoch1": {"train_loss_means": 0.07620053738355637, "val_loss_mean": 0.09565409272909164, "val_f1_majority_bin": 0.7372549019607844, "val_f1_majority_macro": 0.8359445241511239, "val_acc_majority": 0.8953125, "val_f1_individual_binary": 0.6759002770083102, "val_f1_individual_macro": 0.8000369823149134, "val_acc_individual": 0.8771008403361344, "train_time_millis": 7496.761185000196, "eval_time_millis": 2135.8478630004356}, "Epoch2": {"train_loss_means": 0.06234009563922882, "val_loss_mean": 0.09886140376329422, "val_f1_majority_bin": 0.7490039840637449, "val_f1_majority_macro": 0.8438897471339133, "val_acc_majority": 0.9015625, "val_f1_individual_binary": 0.6797752808988764, "val_f1_individual_macro": 0.8030659350230815, "val_acc_individual": 0.8802521008403361, "train_time_millis": 7413.6011539999345, "eval_time_millis": 3255.040285999712}, "Epoch3": {"train_loss_means": 0.05360301956534386, "val_loss_mean": 0.11237562447786331, "val_f1_majority_bin": 0.7211895910780669, "val_f1_majority_macro": 0.8235028074084696, "val_acc_majority": 0.8828125, "val_f1_individual_binary": 0.6684073107049608, "val_f1_individual_macro": 0.7924548059113233, "val_acc_individual": 0.8665966386554622, "train_time_millis": 7536.925766999957, "eval_time_millis": 2441.3216369998736}, "Epoch4": {"train_loss_means": 0.04493776336312294, "val_loss_mean": 0.14042362570762634, "val_f1_majority_bin": 0.8207547169811321, "val_f1_majority_macro": 0.8925870963182815, "val_acc_majority": 0.940625, "val_f1_individual_binary": 0.76, "val_f1_individual_macro": 0.8575561097256857, "val_acc_individual": 0.9243697478991597, "train_time_millis": 7477.833225999802, "eval_time_millis": 3460.012359999837}, "Epoch5": {"train_loss_means": 0.04267976060509682, "val_loss_mean": 0.13551968336105347, "val_f1_majority_bin": 0.7704918032786886, "val_f1_majority_macro": 0.8582188746123173, "val_acc_majority": 0.9125, "val_f1_individual_binary": 0.7068965517241379, "val_f1_individual_macro": 0.8206719262476732, "val_acc_individual": 0.8928571428571429, "train_time_millis": 7585.35384400011, "eval_time_millis": 3000.5534260003515}, "Epoch6": {"train_loss_means": 0.04007062688469887, "val_loss_mean": 0.12768013775348663, "val_f1_majority_bin": 0.7037037037037037, "val_f1_majority_macro": 0.8122478914558122, "val_acc_majority": 0.875, "val_f1_individual_binary": 0.6597402597402598, "val_f1_individual_macro": 0.7867496558740799, "val_acc_individual": 0.8623949579831933, "train_time_millis": 7571.422057000291, "eval_time_millis": 3456.6887109999698}, "Epoch7": {"train_loss_means": 0.03739878162741661, "val_loss_mean": 0.13939063251018524, "val_f1_majority_bin": 0.7800829875518673, "val_f1_majority_macro": 0.8645362002244419, "val_acc_majority": 0.9171875, "val_f1_individual_binary": 0.7091172214182344, "val_f1_individual_macro": 0.8223160698044012, "val_acc_individual": 0.8944327731092437, "train_time_millis": 7511.27912200036, "eval_time_millis": 2438.7457789998734}, "Epoch8": {"train_loss_means": 0.036455605179071426, "val_loss_mean": 0.14570149779319763, "val_f1_majority_bin": 0.7914893617021277, "val_f1_majority_macro": 0.8722997047745088, "val_acc_majority": 0.9234375, "val_f1_individual_binary": 0.7204783258594918, "val_f1_individual_macro": 0.8304526067016478, "val_acc_individual": 0.9017857142857143, "train_time_millis": 7596.556713999689, "eval_time_millis": 3456.347543999982}, "Epoch9": {"train_loss_means": 0.03530760109424591, "val_loss_mean": 0.14992360770702362, "val_f1_majority_bin": 0.8017241379310345, "val_f1_majority_macro": 0.8789155040800211, "val_acc_majority": 0.928125, "val_f1_individual_binary": 0.7261724659606656, "val_f1_individual_macro": 0.8343286861102979, "val_acc_individual": 0.904936974789916, "train_time_millis": 7524.537729999793, "eval_time_millis": 2439.9764280001364}, "Test_results": {"test_f1_majority_binary": 0.8207547169811321, "test_f1_majority_macro": 0.8925870963182815, "test_acc_majority": 0.940625, "test_f1_individual_binary": 0.76, "test_f1_individual_macro": 0.8575561097256857, "test_acc_individual": 0.9243697478991597, "test_time_millis": 3203.88889700007, "dataset_size": 2303, "number_of_annotations": 6898, "train_size": 3056, "val_size": 1904, "test_size": 1938}}