{"Epoch0": {"train_loss_means": 0.6743083000183105, "val_loss_mean": 0.657639741897583, "val_f1_majority_bin": 0.1850220263004303, "val_f1_majority_macro": 0.4974442095159618, "val_acc_majority": 0.6916666626930237, "val_f1_individual_binary": 0.2572548985481262, "val_f1_individual_macro": 0.5403373148625477, "val_acc_individual": 0.7146731019020081, "train_acc_means": 0.6859935522079468, "train_time_millis": 22484.145294176415, "eval_time_millis": 3281.862396048382}, "Epoch1": {"train_loss_means": 0.6474769711494446, "val_loss_mean": 0.6507221460342407, "val_f1_majority_bin": 0.38508063554763794, "val_f1_majority_macro": 0.5755924698199091, "val_acc_majority": 0.6611111164093018, "val_f1_individual_binary": 0.3944115936756134, "val_f1_individual_macro": 0.5792447399026119, "val_acc_individual": 0.6604399085044861, "train_acc_means": 0.6873526573181152, "train_time_millis": 22064.307257998735, "eval_time_millis": 3288.9743829146028}, "Epoch2": {"train_loss_means": 0.5685354471206665, "val_loss_mean": 0.6934556365013123, "val_f1_majority_bin": 0.35505616664886475, "val_f1_majority_macro": 0.57162403084705, "val_acc_majority": 0.6811110973358154, "val_f1_individual_binary": 0.35888078808784485, "val_f1_individual_macro": 0.5739137573360539, "val_acc_individual": 0.6824344396591187, "train_acc_means": 0.7487555742263794, "train_time_millis": 22033.593653002754, "eval_time_millis": 3291.975609958172}, "Test_results": {"test_f1_majority_binary": 0.32009080052375793, "test_f1_majority_macro": 0.5489136775337522, "test_acc_majority": 0.6649888157844543, "test_f1_individual_binary": 0.32884398102760315, "test_f1_individual_macro": 0.5489779823113157, "test_acc_individual": 0.6564205884933472, "test_time_millis": 3411.488435929641, "dataset_size": 9135, "number_of_annotations": 9135}}