{"Epoch0": {"train_loss_means": 0.567390501499176, "val_loss_mean": 0.5540343523025513, "val_f1_majority_bin": 0.0, "val_f1_majority_macro": 0.48728260301874965, "val_acc_majority": 0.9503921866416931, "val_f1_individual_binary": 0.0, "val_f1_individual_macro": 0.48965882976842856, "val_acc_individual": 0.9594734907150269, "train_acc_means": 0.9552083611488342, "train_time_millis": 8503.545965999365, "eval_time_millis": 18328.777670976706}, "Epoch1": {"train_loss_means": 0.4677979648113251, "val_loss_mean": 0.4963400661945343, "val_f1_majority_bin": 0.0, "val_f1_majority_macro": 0.48728260301874965, "val_acc_majority": 0.9503921866416931, "val_f1_individual_binary": 0.0, "val_f1_individual_macro": 0.48965882976842856, "val_acc_individual": 0.9594734907150269, "train_acc_means": 0.9536458253860474, "train_time_millis": 8536.75721399486, "eval_time_millis": 18467.73838798981}, "Epoch2": {"train_loss_means": 0.32348695397377014, "val_loss_mean": 0.4441755414009094, "val_f1_majority_bin": 0.30050504207611084, "val_f1_majority_macro": 0.6355513258044837, "val_acc_majority": 0.9435672760009766, "val_f1_individual_binary": 0.281300812959671, "val_f1_individual_macro": 0.6274224182356746, "val_acc_individual": 0.9489666223526001, "train_acc_means": 0.9624999761581421, "train_time_millis": 8569.195028976537, "eval_time_millis": 18335.310656926595}, "Epoch3": {"train_loss_means": 0.18287532031536102, "val_loss_mean": 0.49313846230506897, "val_f1_majority_bin": 0.31128403544425964, "val_f1_majority_macro": 0.6366159027400475, "val_acc_majority": 0.9278802275657654, "val_f1_individual_binary": 0.28484848141670227, "val_f1_individual_macro": 0.6245422032656076, "val_acc_individual": 0.9318785071372986, "train_acc_means": 0.9781249761581421, "train_time_millis": 8577.872378984466, "eval_time_millis": 18328.678386984393}, "Epoch4": {"train_loss_means": 0.09466460347175598, "val_loss_mean": 0.6998587846755981, "val_f1_majority_bin": 0.28637412190437317, "val_f1_majority_macro": 0.6267228726011943, "val_acc_majority": 0.9370479583740234, "val_f1_individual_binary": 0.260294109582901, "val_f1_individual_macro": 0.6150346925214022, "val_acc_individual": 0.9419235587120056, "train_acc_means": 0.9880208373069763, "train_time_millis": 8589.432421023957, "eval_time_millis": 18485.94466096256}, "Test_results": {"test_f1_majority_binary": 0.29671573638916016, "test_f1_majority_macro": 0.6317899182774209, "test_acc_majority": 0.9367101788520813, "test_f1_individual_binary": 0.2935010492801666, "test_f1_individual_macro": 0.6317099099877972, "test_acc_individual": 0.9422945380210876, "test_time_millis": 18502.49929598067, "dataset_size": 21549, "number_of_annotations": 21549}}