{"Epoch0": {"train_loss_means": 0.5820257663726807, "val_loss_mean": 0.5289066433906555, "val_f1_majority_bin": 0.0, "val_f1_majority_macro": 0.49364379013586124, "val_acc_majority": 0.9748942852020264, "val_f1_individual_binary": 0.0, "val_f1_individual_macro": 0.490901106849032, "val_acc_individual": 0.9642549157142639, "train_acc_means": 0.9708333611488342, "train_time_millis": 11226.385074998689, "eval_time_millis": 23576.60125500115}, "Epoch1": {"train_loss_means": 0.4584558308124542, "val_loss_mean": 0.3899363577365875, "val_f1_majority_bin": 0.23017902672290802, "val_f1_majority_macro": 0.6084860302351592, "val_acc_majority": 0.9740315675735474, "val_f1_individual_binary": 0.1518113911151886, "val_f1_individual_macro": 0.5663398213625767, "val_acc_individual": 0.9625805616378784, "train_acc_means": 0.9746212363243103, "train_time_millis": 11317.321454997, "eval_time_millis": 23636.559072001546}, "Epoch2": {"train_loss_means": 0.2250736653804779, "val_loss_mean": 0.3759346306324005, "val_f1_majority_bin": 0.3427110016345978, "val_f1_majority_macro": 0.6598822844355133, "val_acc_majority": 0.9556552767753601, "val_f1_individual_binary": 0.29072847962379456, "val_f1_individual_macro": 0.6312379326176236, "val_acc_individual": 0.945659339427948, "train_acc_means": 0.9780303239822388, "train_time_millis": 11347.563084000285, "eval_time_millis": 23668.896022998524}, "Epoch3": {"train_loss_means": 0.11914718896150589, "val_loss_mean": 0.4092206358909607, "val_f1_majority_bin": 0.371523916721344, "val_f1_majority_macro": 0.6730841315853199, "val_acc_majority": 0.9512552618980408, "val_f1_individual_binary": 0.3086383640766144, "val_f1_individual_macro": 0.6386670407632564, "val_acc_individual": 0.9401035308837891, "train_acc_means": 0.9859848618507385, "train_time_millis": 11354.502485999546, "eval_time_millis": 23688.079805000598}, "Test_results": {"test_f1_majority_binary": 0.3557125926017761, "test_f1_majority_macro": 0.6656120431258767, "test_acc_majority": 0.952816367149353, "test_f1_individual_binary": 0.2988293170928955, "test_f1_individual_macro": 0.6343422157901323, "test_acc_individual": 0.9421953558921814, "test_time_millis": 24053.48339899865, "dataset_size": 25822, "number_of_annotations": 25822}}