{"Epoch0": {"train_loss_means": 0.04697272926568985, "val_loss_mean": 0.03555307537317276, "val_f1_majority_bin": 0.3099921321793863, "val_f1_majority_macro": 0.6349832871202258, "val_acc_majority": 0.9243378483306013, "val_f1_individual_binary": 0.308868501529052, "val_f1_individual_macro": 0.6330933631346864, "val_acc_individual": 0.9196015652792601, "train_time_millis": 29710.304494015872, "eval_time_millis": 13020.632963161916}, "Epoch1": {"train_loss_means": 0.034923236817121506, "val_loss_mean": 0.03636353462934494, "val_f1_majority_bin": 0.367704280155642, "val_f1_majority_macro": 0.6691821030641891, "val_acc_majority": 0.9439220084548356, "val_f1_individual_binary": 0.35178286322511976, "val_f1_individual_macro": 0.6596405977233004, "val_acc_individual": 0.9381003201707577, "train_time_millis": 29713.421621825546, "eval_time_millis": 15091.049472335726}, "Epoch2": {"train_loss_means": 0.027255352586507797, "val_loss_mean": 0.04094863310456276, "val_f1_majority_bin": 0.3645320197044335, "val_f1_majority_macro": 0.6677173564485086, "val_acc_majority": 0.9443533776205677, "val_f1_individual_binary": 0.34970318402590395, "val_f1_individual_macro": 0.6587853537793049, "val_acc_individual": 0.9387609899883113, "train_time_millis": 29734.941018745303, "eval_time_millis": 14195.326934102923}, "Epoch3": {"train_loss_means": 0.02214282937347889, "val_loss_mean": 0.05247368663549423, "val_f1_majority_bin": 0.3347863993025284, "val_f1_majority_macro": 0.6500798345502885, "val_acc_majority": 0.9341730653092917, "val_f1_individual_binary": 0.32523454414241043, "val_f1_individual_macro": 0.6438046471567171, "val_acc_individual": 0.9287238908370178, "train_time_millis": 29697.256195358932, "eval_time_millis": 15101.546879857779}, "Epoch4": {"train_loss_means": 0.019778549671173096, "val_loss_mean": 0.055970434099435806, "val_f1_majority_bin": 0.3363309352517986, "val_f1_majority_macro": 0.6514459388538105, "val_acc_majority": 0.9363299111379518, "val_f1_individual_binary": 0.32516703786191536, "val_f1_individual_macro": 0.644322439739347, "val_acc_individual": 0.9307059002896783, "train_time_millis": 29711.911737918854, "eval_time_millis": 15088.214756920934}, "Epoch5": {"train_loss_means": 0.017422793433070183, "val_loss_mean": 0.07143056392669678, "val_f1_majority_bin": 0.3909774436090226, "val_f1_majority_macro": 0.682747721400035, "val_acc_majority": 0.9510827366059874, "val_f1_individual_binary": 0.3621542940320233, "val_f1_individual_macro": 0.6665234557854243, "val_acc_individual": 0.9443258626823194, "train_time_millis": 29689.451563172042, "eval_time_millis": 15062.473082914948}, "Epoch6": {"train_loss_means": 0.016499459743499756, "val_loss_mean": 0.07849512994289398, "val_f1_majority_bin": 0.38751345532831, "val_f1_majority_macro": 0.6809719346025453, "val_acc_majority": 0.9509101889396946, "val_f1_individual_binary": 0.358121901428988, "val_f1_individual_macro": 0.6644419998782713, "val_acc_individual": 0.9440717589063373, "train_time_millis": 29716.223747935146, "eval_time_millis": 15089.791821781546}, "Epoch7": {"train_loss_means": 0.01594533585011959, "val_loss_mean": 0.0767442062497139, "val_f1_majority_bin": 0.3583583583583584, "val_f1_majority_macro": 0.6647311784579062, "val_acc_majority": 0.9446984729531533, "val_f1_individual_binary": 0.3377899045020464, "val_f1_individual_macro": 0.6527242234688582, "val_acc_individual": 0.9383290135691417, "train_time_millis": 29704.191656783223, "eval_time_millis": 15109.833205118775}, "Epoch8": {"train_loss_means": 0.01544559933245182, "val_loss_mean": 0.08299725502729416, "val_f1_majority_bin": 0.3766233766233767, "val_f1_majority_macro": 0.6753725203720711, "val_acc_majority": 0.9503062721076697, "val_f1_individual_binary": 0.3501466275659824, "val_f1_individual_macro": 0.660358447518283, "val_acc_individual": 0.9436906032423642, "train_time_millis": 29664.63808203116, "eval_time_millis": 15100.513708777726}, "Epoch9": {"train_loss_means": 0.01498091034591198, "val_loss_mean": 0.09093992412090302, "val_f1_majority_bin": 0.4044117647058824, "val_f1_majority_macro": 0.6913411769965968, "val_acc_majority": 0.9580709170908464, "val_f1_individual_binary": 0.365016501650165, "val_f1_individual_macro": 0.6697964984003356, "val_acc_individual": 0.9511104335010419, "train_time_millis": 29695.18986204639, "eval_time_millis": 15100.12227576226}, "Test_results": {"test_f1_majority_binary": 0.4044117647058824, "test_f1_majority_macro": 0.6913411769965968, "test_acc_majority": 0.9580709170908464, "test_f1_individual_binary": 0.365016501650165, "test_f1_individual_macro": 0.6697964984003356, "test_acc_individual": 0.9511104335010419, "test_time_millis": 15090.840661898255, "dataset_size": 32366, "number_of_annotations": 112104, "train_size": 33250, "val_size": 39354, "test_size": 39500}}