{"Epoch0": {"train_loss_means": 0.3398550748825073, "val_loss_mean": 0.32686397433280945, "val_f1_majority_bin": 0.6784452296819787, "val_f1_majority_macro": 0.36027524641993675, "val_acc_majority": 0.5185185185185185, "val_f1_individual_binary": 0.55078125, "val_f1_individual_macro": 0.3040791495901639, "val_acc_individual": 0.3915343915343915, "train_time_millis": 12245.974097997532, "eval_time_millis": 3505.8836710013566}, "Epoch1": {"train_loss_means": 0.33155950903892517, "val_loss_mean": 0.32026275992393494, "val_f1_majority_bin": 0.5325443786982248, "val_f1_majority_macro": 0.5772769740381076, "val_acc_majority": 0.582010582010582, "val_f1_individual_binary": 0.48398576512455516, "val_f1_individual_macro": 0.5893613036149091, "val_acc_individual": 0.6164021164021164, "train_time_millis": 12120.745223000995, "eval_time_millis": 3522.173401004693}, "Epoch2": {"train_loss_means": 0.3233482837677002, "val_loss_mean": 0.31806233525276184, "val_f1_majority_bin": 0.5829145728643216, "val_f1_majority_macro": 0.5596137110131664, "val_acc_majority": 0.5608465608465608, "val_f1_individual_binary": 0.5, "val_f1_individual_macro": 0.554245283018868, "val_acc_individual": 0.5608465608465608, "train_time_millis": 12119.743151997682, "eval_time_millis": 3488.310063999961}, "Epoch3": {"train_loss_means": 0.31709641218185425, "val_loss_mean": 0.31668853759765625, "val_f1_majority_bin": 0.6513761467889907, "val_f1_majority_macro": 0.5881880733944953, "val_acc_majority": 0.5978835978835979, "val_f1_individual_binary": 0.5621621621621622, "val_f1_individual_macro": 0.5712365214955888, "val_acc_individual": 0.5714285714285714, "train_time_millis": 12304.214417999901, "eval_time_millis": 3212.511170000653}, "Epoch4": {"train_loss_means": 0.3024232089519501, "val_loss_mean": 0.3412974774837494, "val_f1_majority_bin": 0.4428571428571429, "val_f1_majority_macro": 0.557563025210084, "val_acc_majority": 0.5873015873015873, "val_f1_individual_binary": 0.39252336448598135, "val_f1_individual_macro": 0.576335482980998, "val_acc_individual": 0.656084656084656, "train_time_millis": 12173.931788995105, "eval_time_millis": 3493.2405940053286}, "Epoch5": {"train_loss_means": 0.2941592335700989, "val_loss_mean": 0.33895358443260193, "val_f1_majority_bin": 0.48684210526315785, "val_f1_majority_macro": 0.5708546809501629, "val_acc_majority": 0.5873015873015873, "val_f1_individual_binary": 0.43220338983050843, "val_f1_individual_macro": 0.5872555410691003, "val_acc_individual": 0.6455026455026455, "train_time_millis": 12307.653316995129, "eval_time_millis": 3528.259373997571}, "Epoch6": {"train_loss_means": 0.28678053617477417, "val_loss_mean": 0.325313001871109, "val_f1_majority_bin": 0.5744680851063829, "val_f1_majority_macro": 0.5767077267637177, "val_acc_majority": 0.5767195767195767, "val_f1_individual_binary": 0.4999999999999999, "val_f1_individual_macro": 0.5743243243243243, "val_acc_individual": 0.5873015873015873, "train_time_millis": 12142.254747996049, "eval_time_millis": 3498.9836610038765}, "Epoch7": {"train_loss_means": 0.271602988243103, "val_loss_mean": 0.32956475019454956, "val_f1_majority_bin": 0.5989847715736041, "val_f1_majority_macro": 0.581260341587907, "val_acc_majority": 0.582010582010582, "val_f1_individual_binary": 0.5123456790123456, "val_f1_individual_macro": 0.5733024691358024, "val_acc_individual": 0.582010582010582, "train_time_millis": 12189.73690999701, "eval_time_millis": 3463.4097700036364}, "Epoch8": {"train_loss_means": 0.25608029961586, "val_loss_mean": 0.3374570906162262, "val_f1_majority_bin": 0.6060606060606061, "val_f1_majority_macro": 0.5863636363636364, "val_acc_majority": 0.5873015873015873, "val_f1_individual_binary": 0.5353846153846153, "val_f1_individual_macro": 0.5925182937711939, "val_acc_individual": 0.6005291005291006, "train_time_millis": 12332.577492001292, "eval_time_millis": 3500.511482001457}, "Epoch9": {"train_loss_means": 0.24925623834133148, "val_loss_mean": 0.34517702460289, "val_f1_majority_bin": 0.5945945945945946, "val_f1_majority_macro": 0.6029967791625823, "val_acc_majority": 0.6031746031746031, "val_f1_individual_binary": 0.5167785234899329, "val_f1_individual_macro": 0.6011840215702939, "val_acc_individual": 0.6190476190476191, "train_time_millis": 12255.964620999293, "eval_time_millis": 2422.2503889977816}, "Test_results": {"test_f1_majority_binary": 0.48684210526315785, "test_f1_majority_macro": 0.5708546809501629, "test_acc_majority": 0.5873015873015873, "test_f1_individual_binary": 0.43220338983050843, "test_f1_individual_macro": 0.5872555410691003, "test_acc_individual": 0.6455026455026455, "test_time_millis": 3530.2552439970896, "dataset_size": 943, "number_of_annotations": 1886, "train_size": 1130, "val_size": 378, "test_size": 378}}