{"Epoch0": {"train_loss_means": 1.3238757848739624, "val_loss_mean": 0.8617984056472778, "val_f1_majority_bin": 0.4364326298236847, "val_f1_majority_macro": 0.7115954261911698, "val_acc_majority": 0.9741244316101074, "val_f1_individual_binary": 0.4089920222759247, "val_f1_individual_macro": 0.6976022016518401, "val_acc_individual": 0.9730533957481384, "train_acc_means": 0.9519199132919312, "train_time_millis": 172750.43846899644, "eval_time_millis": 29429.236426003627}, "Epoch1": {"train_loss_means": 0.7573157548904419, "val_loss_mean": 0.6638505458831787, "val_f1_majority_bin": 0.4602510333061218, "val_f1_majority_macro": 0.7243865782665784, "val_acc_majority": 0.9775221943855286, "val_f1_individual_binary": 0.4478330612182617, "val_f1_individual_macro": 0.71811003773279, "val_acc_individual": 0.9772524237632751, "train_acc_means": 0.9702156186103821, "train_time_millis": 173231.01457599842, "eval_time_millis": 29563.401383988094}, "Epoch2": {"train_loss_means": 0.5863129496574402, "val_loss_mean": 0.611432671546936, "val_f1_majority_bin": 0.46088793873786926, "val_f1_majority_macro": 0.7247730232445299, "val_acc_majority": 0.9777835607528687, "val_f1_individual_binary": 0.4535256326198578, "val_f1_individual_macro": 0.7210067690628357, "val_acc_individual": 0.9774508476257324, "train_acc_means": 0.9760107398033142, "train_time_millis": 174500.14543200086, "eval_time_millis": 29540.53962000762}, "Epoch3": {"train_loss_means": 0.48512333631515503, "val_loss_mean": 0.6166352033615112, "val_f1_majority_bin": 0.4615384638309479, "val_f1_majority_macro": 0.7250072730384187, "val_acc_majority": 0.9774351119995117, "val_f1_individual_binary": 0.45396825671195984, "val_f1_individual_macro": 0.7211762593494824, "val_acc_individual": 0.9772524237632751, "train_acc_means": 0.9782389402389526, "train_time_millis": 174645.34401000128, "eval_time_millis": 29671.727850000025}, "Epoch4": {"train_loss_means": 0.4124167859554291, "val_loss_mean": 0.5977236032485962, "val_f1_majority_bin": 0.4061962068080902, "val_f1_majority_macro": 0.6953886095058607, "val_acc_majority": 0.9699425101280212, "val_f1_individual_binary": 0.4086444079875946, "val_f1_individual_macro": 0.6966648559565859, "val_acc_individual": 0.9701438546180725, "train_acc_means": 0.9798831343650818, "train_time_millis": 175033.37843400368, "eval_time_millis": 29558.927534002578}, "Epoch5": {"train_loss_means": 0.3334338366985321, "val_loss_mean": 0.6371133923530579, "val_f1_majority_bin": 0.4282982647418976, "val_f1_majority_macro": 0.7074848503625711, "val_acc_majority": 0.9739501476287842, "val_f1_individual_binary": 0.43357664346694946, "val_f1_individual_macro": 0.7102253982991417, "val_acc_individual": 0.9743428826332092, "train_acc_means": 0.9814752340316772, "train_time_millis": 174734.0350930026, "eval_time_millis": 29797.65960300574}, "Test_results": {"test_f1_majority_binary": 0.4836852252483368, "test_f1_majority_macro": 0.7358485821103048, "test_acc_majority": 0.9765679240226746, "test_f1_individual_binary": 0.4503597021102905, "test_f1_individual_macro": 0.7187160163912594, "test_acc_individual": 0.9747387766838074, "test_time_millis": 29694.073271995876, "dataset_size": 57414, "number_of_annotations": 151257}}