{"Epoch0": {"train_loss_means": 0.5504032969474792, "val_loss_mean": 0.5048052072525024, "val_f1_majority_bin": 0.0, "val_f1_majority_macro": 0.49665465774575396, "val_acc_majority": 0.9867075681686401, "val_f1_individual_binary": 0.0, "val_f1_individual_macro": 0.49307085494989694, "val_acc_individual": 0.9726622700691223, "train_acc_means": 0.987162172794342, "train_time_millis": 23975.804443005472, "eval_time_millis": 3723.9050019998103}, "Epoch1": {"train_loss_means": 0.3869251012802124, "val_loss_mean": 0.2635079324245453, "val_f1_majority_bin": 0.49056604504585266, "val_f1_majority_macro": 0.7417847032421148, "val_acc_majority": 0.9861963391304016, "val_f1_individual_binary": 0.2760942876338959, "val_f1_individual_macro": 0.6303515263354909, "val_acc_individual": 0.9698584079742432, "train_acc_means": 0.9869932532310486, "train_time_millis": 24008.48393794149, "eval_time_millis": 3752.10776203312}, "Epoch2": {"train_loss_means": 0.20886440575122833, "val_loss_mean": 0.24293743073940277, "val_f1_majority_bin": 0.38297873735427856, "val_f1_majority_macro": 0.6838937619116614, "val_acc_majority": 0.9703476428985596, "val_f1_individual_binary": 0.320712685585022, "val_f1_individual_macro": 0.6493192192633168, "val_acc_individual": 0.9572409987449646, "train_acc_means": 0.9861486554145813, "train_time_millis": 24002.383169019595, "eval_time_millis": 3761.540529085323}, "Epoch3": {"train_loss_means": 0.1270229071378708, "val_loss_mean": 0.2626982629299164, "val_f1_majority_bin": 0.5538461804389954, "val_f1_majority_macro": 0.7731539061406492, "val_acc_majority": 0.9851738214492798, "val_f1_individual_binary": 0.3323442041873932, "val_f1_individual_macro": 0.6580954322610661, "val_acc_individual": 0.9684564471244812, "train_acc_means": 0.9895270466804504, "train_time_millis": 24092.670832993463, "eval_time_millis": 3739.133642986417}, "Epoch4": {"train_loss_means": 0.08581338077783585, "val_loss_mean": 0.31983110308647156, "val_f1_majority_bin": 0.4912280738353729, "val_f1_majority_macro": 0.7418526861901836, "val_acc_majority": 0.9851738214492798, "val_f1_individual_binary": 0.2829582095146179, "val_f1_individual_macro": 0.6334891319249633, "val_acc_individual": 0.9687368273735046, "train_acc_means": 0.9902027249336243, "train_time_millis": 24022.721395129338, "eval_time_millis": 3725.685538025573}, "Test_results": {"test_f1_majority_binary": 0.27906978130340576, "test_f1_majority_macro": 0.6354462527528479, "test_acc_majority": 0.9838289022445679, "test_f1_individual_binary": 0.17283950746059418, "test_f1_individual_macro": 0.5789879701980074, "test_acc_individual": 0.970797598361969, "test_time_millis": 3662.163394037634, "dataset_size": 9786, "number_of_annotations": 9786}}