{"Epoch0": {"train_loss_means": 2.5013864040374756, "val_loss_mean": 2.368483304977417, "val_f1_majority_bin": 0.0, "val_f1_majority_macro": 0.49311234530108894, "val_acc_majority": 0.9728237390518188, "val_f1_individual_binary": 0.06434164941310883, "val_f1_individual_macro": 0.39624174177745564, "val_acc_individual": 0.5786949992179871, "train_acc_means": 0.5706536769866943, "train_time_millis": 4941.429981961846, "eval_time_millis": 40684.54486201517}, "Epoch1": {"train_loss_means": 2.378436326980591, "val_loss_mean": 2.3038554191589355, "val_f1_majority_bin": 0.0, "val_f1_majority_macro": 0.49311234530108894, "val_acc_majority": 0.9728237390518188, "val_f1_individual_binary": 0.06570587307214737, "val_f1_individual_macro": 0.4414074641478246, "val_acc_individual": 0.6940991282463074, "train_acc_means": 0.668547511100769, "train_time_millis": 4943.742465926334, "eval_time_millis": 40715.689114062116}, "Epoch2": {"train_loss_means": 2.284531593322754, "val_loss_mean": 2.2662200927734375, "val_f1_majority_bin": 0.0, "val_f1_majority_macro": 0.49311234530108894, "val_acc_majority": 0.9728237390518188, "val_f1_individual_binary": 0.0713895857334137, "val_f1_individual_macro": 0.474647071580447, "val_acc_individual": 0.7841848731040955, "train_acc_means": 0.7532086968421936, "train_time_millis": 4951.632242882624, "eval_time_millis": 40911.21634095907}, "Epoch3": {"train_loss_means": 2.157466411590576, "val_loss_mean": 2.2259411811828613, "val_f1_majority_bin": 0.0, "val_f1_majority_macro": 0.49311234530108894, "val_acc_majority": 0.9728237390518188, "val_f1_individual_binary": 0.06961259245872498, "val_f1_individual_macro": 0.4922466232502108, "val_acc_individual": 0.8440306186676025, "train_acc_means": 0.8211056590080261, "train_time_millis": 4949.763145064935, "eval_time_millis": 40927.57842387073}, "Epoch4": {"train_loss_means": 2.0682404041290283, "val_loss_mean": 2.203174114227295, "val_f1_majority_bin": 0.0, "val_f1_majority_macro": 0.49311234530108894, "val_acc_majority": 0.9728237390518188, "val_f1_individual_binary": 0.07112222909927368, "val_f1_individual_macro": 0.5000750418981491, "val_acc_individual": 0.8681313395500183, "train_acc_means": 0.8635346293449402, "train_time_millis": 4977.971652988344, "eval_time_millis": 40736.48507101461}, "Epoch5": {"train_loss_means": 2.009824752807617, "val_loss_mean": 2.176128387451172, "val_f1_majority_bin": 0.0, "val_f1_majority_macro": 0.49311234530108894, "val_acc_majority": 0.9728237390518188, "val_f1_individual_binary": 0.06607427448034286, "val_f1_individual_macro": 0.505507486333125, "val_acc_individual": 0.8960119485855103, "train_acc_means": 0.8835552930831909, "train_time_millis": 4971.823802916333, "eval_time_millis": 40762.956473976374}, "Epoch6": {"train_loss_means": 1.9492939710617065, "val_loss_mean": 2.153928756713867, "val_f1_majority_bin": 0.0, "val_f1_majority_macro": 0.49311234530108894, "val_acc_majority": 0.9728237390518188, "val_f1_individual_binary": 0.06269241869449615, "val_f1_individual_macro": 0.509097559594539, "val_acc_individual": 0.9150388240814209, "train_acc_means": 0.9080489873886108, "train_time_millis": 4977.361214114353, "eval_time_millis": 40947.676959913224}, "Epoch7": {"train_loss_means": 1.8903011083602905, "val_loss_mean": 2.1362712383270264, "val_f1_majority_bin": 0.0, "val_f1_majority_macro": 0.49311234530108894, "val_acc_majority": 0.9728237390518188, "val_f1_individual_binary": 0.057859208434820175, "val_f1_individual_macro": 0.5095766828723816, "val_acc_individual": 0.9256430864334106, "train_acc_means": 0.9324837327003479, "train_time_millis": 4941.49260292761, "eval_time_millis": 40647.45642291382}, "Epoch8": {"train_loss_means": 1.8581740856170654, "val_loss_mean": 2.1140384674072266, "val_f1_majority_bin": 0.0, "val_f1_majority_macro": 0.49311234530108894, "val_acc_majority": 0.9728237390518188, "val_f1_individual_binary": 0.05280259996652603, "val_f1_individual_macro": 0.5111343240839465, "val_acc_individual": 0.9408392310142517, "train_acc_means": 0.9456561207771301, "train_time_millis": 4992.425888078287, "eval_time_millis": 40806.36086710729}, "Epoch9": {"train_loss_means": 1.8082056045532227, "val_loss_mean": 2.1034064292907715, "val_f1_majority_bin": 0.0, "val_f1_majority_macro": 0.49311234530108894, "val_acc_majority": 0.9728237390518188, "val_f1_individual_binary": 0.05094991251826286, "val_f1_individual_macro": 0.5111126985889654, "val_acc_individual": 0.9442386627197266, "train_acc_means": 0.9495460391044617, "train_time_millis": 5232.653786893934, "eval_time_millis": 40774.25083098933}, "Test_results": {"test_f1_majority_binary": 0.0, "test_f1_majority_macro": 0.4930913860953214, "test_acc_majority": 0.9727421998977661, "test_f1_individual_binary": 0.061276596039533615, "test_f1_individual_macro": 0.5162007471511174, "test_acc_individual": 0.943973183631897, "test_time_millis": 41059.934644028544, "dataset_size": 23969, "number_of_annotations": 81592}}