{"Epoch0": {"train_loss_means": 1.7135566473007202, "val_loss_mean": 1.1767863035202026, "val_f1_majority_bin": 0.4168618321418762, "val_f1_majority_macro": 0.6964884673057807, "val_acc_majority": 0.9541098475456238, "val_f1_individual_binary": 0.3680188059806824, "val_f1_individual_macro": 0.6695523202422259, "val_acc_individual": 0.9447016716003418, "train_acc_means": 0.9312117099761963, "train_time_millis": 676587.75, "eval_time_millis": 44908.078125}, "Epoch1": {"train_loss_means": 1.0458499193191528, "val_loss_mean": 0.9983339309692383, "val_f1_majority_bin": 0.4289156496524811, "val_f1_majority_macro": 0.7031039940157294, "val_acc_majority": 0.9563214182853699, "val_f1_individual_binary": 0.40024039149284363, "val_f1_individual_macro": 0.6867119807857662, "val_acc_individual": 0.9486625790596008, "train_acc_means": 0.9563790559768677, "train_time_millis": 683405.6875, "eval_time_millis": 47849.53125}, "Epoch2": {"train_loss_means": 0.8710837364196777, "val_loss_mean": 0.9481516480445862, "val_f1_majority_bin": 0.4797687828540802, "val_f1_majority_macro": 0.7313178596541036, "val_acc_majority": 0.9668263792991638, "val_f1_individual_binary": 0.43646806478500366, "val_f1_individual_macro": 0.7077637309098453, "val_acc_individual": 0.9596193432807922, "train_acc_means": 0.9595376253128052, "train_time_millis": 681516.3125, "eval_time_millis": 47168.47265625}, "Epoch3": {"train_loss_means": 0.7512895464897156, "val_loss_mean": 0.9183342456817627, "val_f1_majority_bin": 0.4329896867275238, "val_f1_majority_macro": 0.7059826129449226, "val_acc_majority": 0.9594544768333435, "val_f1_individual_binary": 0.4192925989627838, "val_f1_individual_macro": 0.697549852150335, "val_acc_individual": 0.9535493850708008, "train_acc_means": 0.961459755897522, "train_time_millis": 688622.8125, "eval_time_millis": 40755.0390625}, "Epoch4": {"train_loss_means": 0.6692265868186951, "val_loss_mean": 0.9417401552200317, "val_f1_majority_bin": 0.4307692348957062, "val_f1_majority_macro": 0.7047747893475288, "val_acc_majority": 0.9590858817100525, "val_f1_individual_binary": 0.4140625, "val_f1_individual_macro": 0.6949811214652957, "val_acc_individual": 0.9537037014961243, "train_acc_means": 0.9637376666069031, "train_time_millis": 688032.9375, "eval_time_millis": 42726.59375}, "Epoch5": {"train_loss_means": 0.6034387350082397, "val_loss_mean": 0.9327067732810974, "val_f1_majority_bin": 0.4481792747974396, "val_f1_majority_macro": 0.7147042142249944, "val_acc_majority": 0.9636933207511902, "val_f1_individual_binary": 0.43435755372047424, "val_f1_individual_macro": 0.7063637741541642, "val_acc_individual": 0.9583333134651184, "train_acc_means": 0.9649541974067688, "train_time_millis": 686197.75, "eval_time_millis": 41998.4453125}, "Test_results": {"test_f1_majority_binary": 0.4054054021835327, "test_f1_majority_macro": 0.6922105241449004, "test_acc_majority": 0.9594619274139404, "test_f1_individual_binary": 0.42168673872947693, "test_f1_individual_macro": 0.6993067607716558, "test_acc_individual": 0.9556240439414978, "test_time_millis": 46190.96484375, "dataset_size": 58011, "number_of_annotations": 211225}}