{"Epoch0": {"train_loss_means": 0.2885127663612366, "val_loss_mean": 0.30740341544151306, "val_f1_majority_bin": 0.37602820211515864, "val_f1_majority_macro": 0.5620055581055148, "val_acc_majority": 0.640973630831643, "val_f1_individual_binary": 0.403960396039604, "val_f1_individual_macro": 0.5768069238307252, "val_acc_individual": 0.6474033580632566, "train_time_millis": 1255.827615968883, "eval_time_millis": 1216.3161030039191}, "Epoch1": {"train_loss_means": 0.2055613398551941, "val_loss_mean": 0.3429121673107147, "val_f1_majority_bin": 0.38297872340425526, "val_f1_majority_macro": 0.5477827214642684, "val_acc_majority": 0.6078431372549019, "val_f1_individual_binary": 0.4011904761904762, "val_f1_individual_macro": 0.5544592706344595, "val_acc_individual": 0.6071846934791097, "train_time_millis": 1265.1697779074311, "eval_time_millis": 975.3654007799923}, "Epoch2": {"train_loss_means": 0.13221383094787598, "val_loss_mean": 0.4389570653438568, "val_f1_majority_bin": 0.3928571428571429, "val_f1_majority_macro": 0.5523607748184018, "val_acc_majority": 0.6091954022988506, "val_f1_individual_binary": 0.4007177033492823, "val_f1_individual_macro": 0.5551414603702933, "val_acc_individual": 0.6087465833658727, "train_time_millis": 1238.6659528128803, "eval_time_millis": 1930.4908872582018}, "Epoch3": {"train_loss_means": 0.09536095708608627, "val_loss_mean": 0.5914536714553833, "val_f1_majority_bin": 0.3224181360201512, "val_f1_majority_macro": 0.5369022288233842, "val_acc_majority": 0.6362407031778229, "val_f1_individual_binary": 0.33574529667149056, "val_f1_individual_macro": 0.5451453756084725, "val_acc_individual": 0.6415462709878954, "train_time_millis": 1256.4530093222857, "eval_time_millis": 1828.068567905575}, "Epoch4": {"train_loss_means": 0.07407956570386887, "val_loss_mean": 0.6093926429748535, "val_f1_majority_bin": 0.328537170263789, "val_f1_majority_macro": 0.532441843135661, "val_acc_majority": 0.6213657876943881, "val_f1_individual_binary": 0.34190410006949273, "val_f1_individual_macro": 0.542388379114301, "val_acc_individual": 0.6302225693088638, "train_time_millis": 1272.7098939940333, "eval_time_millis": 2409.588231239468}, "Epoch5": {"train_loss_means": 0.0629618763923645, "val_loss_mean": 0.6026105284690857, "val_f1_majority_bin": 0.3438914027149321, "val_f1_majority_macro": 0.5321192789852385, "val_acc_majority": 0.6078431372549019, "val_f1_individual_binary": 0.3513157894736842, "val_f1_individual_macro": 0.5387894882959758, "val_acc_individual": 0.6149941429129246, "train_time_millis": 1277.184376027435, "eval_time_millis": 1793.2401401922107}, "Epoch6": {"train_loss_means": 0.05947551876306534, "val_loss_mean": 0.9316573739051819, "val_f1_majority_bin": 0.27489481065918653, "val_f1_majority_macro": 0.5223026391826, "val_acc_majority": 0.6504394861392833, "val_f1_individual_binary": 0.2510460251046025, "val_f1_individual_macro": 0.5115683397740991, "val_acc_individual": 0.6505271378367825, "train_time_millis": 1277.4120108224452, "eval_time_millis": 2389.9243152700365}, "Epoch7": {"train_loss_means": 0.05406621843576431, "val_loss_mean": 0.971270740032196, "val_f1_majority_bin": 0.30000000000000004, "val_f1_majority_macro": 0.5289808917197453, "val_acc_majority": 0.6402974983096686, "val_f1_individual_binary": 0.3149847094801223, "val_f1_individual_macro": 0.540030372569112, "val_acc_individual": 0.6501366653650917, "train_time_millis": 1286.7143121547997, "eval_time_millis": 1286.590819247067}, "Epoch8": {"train_loss_means": 0.05135970190167427, "val_loss_mean": 0.9971619844436646, "val_f1_majority_bin": 0.30000000000000004, "val_f1_majority_macro": 0.5289808917197453, "val_acc_majority": 0.6402974983096686, "val_f1_individual_binary": 0.31490015360983103, "val_f1_individual_macro": 0.5406961501033448, "val_acc_individual": 0.6516985552518547, "train_time_millis": 1277.8531187213957, "eval_time_millis": 975.5091238766909}, "Epoch9": {"train_loss_means": 0.04926244542002678, "val_loss_mean": 1.0067813396453857, "val_f1_majority_bin": 0.2910547396528705, "val_f1_majority_macro": 0.5253372385453126, "val_acc_majority": 0.640973630831643, "val_f1_individual_binary": 0.30876648564778897, "val_f1_individual_macro": 0.5381557447805865, "val_acc_individual": 0.6520890277235455, "train_time_millis": 1276.6876076348126, "eval_time_millis": 1037.4023248441517}, "Test_results": {"test_f1_majority_binary": 0.37602820211515864, "test_f1_majority_macro": 0.5620055581055148, "test_acc_majority": 0.640973630831643, "test_f1_individual_binary": 0.403960396039604, "test_f1_individual_macro": 0.5768069238307252, "test_acc_individual": 0.6474033580632566, "test_time_millis": 1084.7144667059183, "dataset_size": 7871, "number_of_annotations": 13779, "train_size": 1550, "val_size": 2561, "test_size": 2951}}