{"Epoch0": {"train_loss_means": 0.05448013171553612, "val_loss_mean": 0.042860183864831924, "val_f1_majority_bin": 0.25089605734767023, "val_f1_majority_macro": 0.5838311429709279, "val_acc_majority": 0.850179211469534, "val_f1_individual_binary": 0.2696629213483146, "val_f1_individual_macro": 0.5932181444129537, "val_acc_individual": 0.8505747126436781, "train_time_millis": 12800.063584931195, "eval_time_millis": 3677.5657571852207}, "Epoch1": {"train_loss_means": 0.037089843302965164, "val_loss_mean": 0.04374891147017479, "val_f1_majority_bin": 0.2741935483870968, "val_f1_majority_macro": 0.6016915814319433, "val_acc_majority": 0.8709677419354839, "val_f1_individual_binary": 0.2973352033660589, "val_f1_individual_macro": 0.613470187042029, "val_acc_individual": 0.8720306513409962, "train_time_millis": 12706.757668405771, "eval_time_millis": 2136.125381104648}, "Epoch2": {"train_loss_means": 0.029357124119997025, "val_loss_mean": 0.05311770737171173, "val_f1_majority_bin": 0.2608695652173913, "val_f1_majority_macro": 0.5935802299874895, "val_acc_majority": 0.8659498207885304, "val_f1_individual_binary": 0.2743484224965706, "val_f1_individual_macro": 0.5999259363574249, "val_acc_individual": 0.8648786717752235, "train_time_millis": 12779.929108917713, "eval_time_millis": 3668.059258721769}, "Epoch3": {"train_loss_means": 0.022740870714187622, "val_loss_mean": 0.07208600640296936, "val_f1_majority_bin": 0.32608695652173914, "val_f1_majority_macro": 0.639252227301545, "val_acc_majority": 0.9111111111111111, "val_f1_individual_binary": 0.31401869158878504, "val_f1_individual_macro": 0.6318551305784912, "val_acc_individual": 0.906257982120051, "train_time_millis": 12766.679858323187, "eval_time_millis": 2704.7476028092206}, "Epoch4": {"train_loss_means": 0.018746070563793182, "val_loss_mean": 0.08376980572938919, "val_f1_majority_bin": 0.3625, "val_f1_majority_macro": 0.6618583650190113, "val_acc_majority": 0.9268817204301075, "val_f1_individual_binary": 0.34273318872017355, "val_f1_individual_macro": 0.6508074954321454, "val_acc_individual": 0.9226053639846743, "train_time_millis": 12747.103052213788, "eval_time_millis": 3684.88703109324}, "Epoch5": {"train_loss_means": 0.016511907801032066, "val_loss_mean": 0.08421479165554047, "val_f1_majority_bin": 0.3191489361702127, "val_f1_majority_macro": 0.6349780038268434, "val_acc_majority": 0.9082437275985663, "val_f1_individual_binary": 0.3228200371057514, "val_f1_individual_macro": 0.6363791585885361, "val_acc_individual": 0.9067688378033205, "train_time_millis": 12725.861764047295, "eval_time_millis": 3688.1078337319195}, "Epoch6": {"train_loss_means": 0.01560820173472166, "val_loss_mean": 0.10974600166082382, "val_f1_majority_bin": 0.37037037037037035, "val_f1_majority_macro": 0.6691776522284998, "val_acc_majority": 0.9390681003584229, "val_f1_individual_binary": 0.3529411764705882, "val_f1_individual_macro": 0.6594656144484947, "val_acc_individual": 0.9353767560664112, "train_time_millis": 12727.43074502796, "eval_time_millis": 3681.2347979284823}, "Epoch7": {"train_loss_means": 0.015166162513196468, "val_loss_mean": 0.10281316936016083, "val_f1_majority_bin": 0.3741935483870968, "val_f1_majority_macro": 0.6686907020872865, "val_acc_majority": 0.9304659498207886, "val_f1_individual_binary": 0.3385300668151447, "val_f1_individual_macro": 0.6491458083703145, "val_acc_individual": 0.9241379310344827, "train_time_millis": 12752.979218028486, "eval_time_millis": 3715.386451687664}, "Epoch8": {"train_loss_means": 0.014328508637845516, "val_loss_mean": 0.10951170325279236, "val_f1_majority_bin": 0.3866666666666667, "val_f1_majority_macro": 0.675909090909091, "val_acc_majority": 0.9340501792114695, "val_f1_individual_binary": 0.3534883720930232, "val_f1_individual_macro": 0.6579604022627277, "val_acc_individual": 0.9289910600255428, "train_time_millis": 12716.139222029597, "eval_time_millis": 1583.7879800237715}, "Epoch9": {"train_loss_means": 0.013806900009512901, "val_loss_mean": 0.11479375511407852, "val_f1_majority_bin": 0.39716312056737585, "val_f1_majority_macro": 0.6825377701742126, "val_acc_majority": 0.9390681003584229, "val_f1_individual_binary": 0.36009732360097324, "val_f1_individual_macro": 0.6623239010510595, "val_acc_individual": 0.9328224776500639, "train_time_millis": 12733.044815715402, "eval_time_millis": 3675.219390075654}, "Test_results": {"test_f1_majority_binary": 0.37037037037037035, "test_f1_majority_macro": 0.6691776522284998, "test_acc_majority": 0.9390681003584229, "test_f1_individual_binary": 0.3529411764705882, "test_f1_individual_macro": 0.6594656144484947, "test_acc_individual": 0.9353767560664112, "test_time_millis": 3729.50639994815, "dataset_size": 7013, "number_of_annotations": 19551, "train_size": 11785, "val_size": 3915, "test_size": 3851}}