{"Epoch0": {"train_loss_means": 0.05187927559018135, "val_loss_mean": 0.04404500871896744, "val_f1_majority_bin": 0.33633633633633636, "val_f1_majority_macro": 0.6375672266007353, "val_acc_majority": 0.8879310344827587, "val_f1_individual_binary": 0.3117583603020496, "val_f1_individual_macro": 0.6254373440979664, "val_acc_individual": 0.8881290548833947, "train_time_millis": 33417.066295998666, "eval_time_millis": 7080.826049997995}, "Epoch1": {"train_loss_means": 0.037164781242609024, "val_loss_mean": 0.04183012247085571, "val_f1_majority_bin": 0.4012036108324975, "val_f1_majority_macro": 0.6804042277722945, "val_acc_majority": 0.924315415821501, "val_f1_individual_binary": 0.37554585152838427, "val_f1_individual_macro": 0.6677617306900248, "val_acc_individual": 0.9247764334560757, "train_time_millis": 33552.47322300056, "eval_time_millis": 7238.808396999957}, "Epoch2": {"train_loss_means": 0.031025437638163567, "val_loss_mean": 0.04324367642402649, "val_f1_majority_bin": 0.3920398009950249, "val_f1_majority_macro": 0.6753374822455323, "val_acc_majority": 0.9225405679513184, "val_f1_individual_binary": 0.368, "val_f1_individual_macro": 0.66373130568643, "val_acc_individual": 0.9238120287567947, "train_time_millis": 33664.17844800162, "eval_time_millis": 7231.544689002476}, "Epoch3": {"train_loss_means": 0.025961870327591896, "val_loss_mean": 0.044982291758060455, "val_f1_majority_bin": 0.3651226158038147, "val_f1_majority_macro": 0.6587452942732872, "val_acc_majority": 0.9113843813387424, "val_f1_individual_binary": 0.3439153439153439, "val_f1_individual_macro": 0.6486712869811461, "val_acc_individual": 0.9130282307557426, "train_time_millis": 33571.684638998704, "eval_time_millis": 7181.078548001096}, "Epoch4": {"train_loss_means": 0.02112356759607792, "val_loss_mean": 0.05557497218251228, "val_f1_majority_bin": 0.3946784922394678, "val_f1_majority_macro": 0.678985071049141, "val_acc_majority": 0.9307809330628803, "val_f1_individual_binary": 0.37510105092966844, "val_f1_individual_macro": 0.66963627285765, "val_acc_individual": 0.9322286515868841, "train_time_millis": 33588.95028700135, "eval_time_millis": 7177.672963000077}, "Epoch5": {"train_loss_means": 0.01814376935362816, "val_loss_mean": 0.06040116399526596, "val_f1_majority_bin": 0.37815975733063706, "val_f1_majority_macro": 0.6682845855024051, "val_acc_majority": 0.9220334685598377, "val_f1_individual_binary": 0.35745937961595275, "val_f1_individual_macro": 0.6584575302404492, "val_acc_individual": 0.9237243556023146, "train_time_millis": 33614.963683001406, "eval_time_millis": 6144.498456997098}, "Epoch6": {"train_loss_means": 0.01552151795476675, "val_loss_mean": 0.07111002504825592, "val_f1_majority_bin": 0.39175257731958757, "val_f1_majority_macro": 0.6780610836675104, "val_acc_majority": 0.9326825557809331, "val_f1_individual_binary": 0.37279596977329976, "val_f1_individual_macro": 0.6691231132340898, "val_acc_individual": 0.9345081536033667, "train_time_millis": 33649.58380099779, "eval_time_millis": 7233.945304000372}, "Epoch7": {"train_loss_means": 0.014068974182009697, "val_loss_mean": 0.08186157792806625, "val_f1_majority_bin": 0.39563106796116504, "val_f1_majority_macro": 0.6811622434508875, "val_acc_majority": 0.9368661257606491, "val_f1_individual_binary": 0.37958818263205013, "val_f1_individual_macro": 0.6738226693293922, "val_acc_individual": 0.939242503945292, "train_time_millis": 33635.258387999784, "eval_time_millis": 7128.536947999237}, "Epoch8": {"train_loss_means": 0.012971566058695316, "val_loss_mean": 0.08082643151283264, "val_f1_majority_bin": 0.37942857142857145, "val_f1_majority_macro": 0.6714940320400357, "val_acc_majority": 0.9311612576064908, "val_f1_individual_binary": 0.36439966414777497, "val_f1_individual_macro": 0.6646937037726989, "val_acc_individual": 0.9336314220585656, "train_time_millis": 33431.72592499832, "eval_time_millis": 7160.452914999041}, "Epoch9": {"train_loss_means": 0.012460436671972275, "val_loss_mean": 0.07969927787780762, "val_f1_majority_bin": 0.38307349665924273, "val_f1_majority_macro": 0.6729186544998056, "val_acc_majority": 0.9297667342799188, "val_f1_individual_binary": 0.3669123669123669, "val_f1_individual_macro": 0.6655552061971404, "val_acc_individual": 0.9322286515868841, "train_time_millis": 33621.48826599878, "eval_time_millis": 7250.168823000422}, "Test_results": {"test_f1_majority_binary": 0.39563106796116504, "test_f1_majority_macro": 0.6811622434508875, "test_acc_majority": 0.9368661257606491, "test_f1_individual_binary": 0.37958818263205013, "test_f1_individual_macro": 0.6738226693293922, "test_acc_individual": 0.939242503945292, "test_time_millis": 7240.845055002865, "dataset_size": 39376, "number_of_annotations": 56931, "train_size": 34111, "val_size": 11406, "test_size": 11414}}