{"Epoch0": {"train_loss_means": 1.03750479221344, "val_loss_mean": 0.9530282020568848, "val_f1_majority_bin": 0.0, "val_f1_majority_macro": 0.49266149870801035, "val_acc_majority": 0.9710705876350403, "val_f1_individual_binary": 0.0, "val_f1_individual_macro": 0.49413001577010685, "val_acc_individual": 0.9767925143241882, "train_acc_means": 0.9681819677352905, "train_time_millis": 74290.74559197761, "eval_time_millis": 14935.300346114673}, "Epoch1": {"train_loss_means": 0.9284433722496033, "val_loss_mean": 0.9245608448982239, "val_f1_majority_bin": 0.0, "val_f1_majority_macro": 0.49266149870801035, "val_acc_majority": 0.9710705876350403, "val_f1_individual_binary": 0.0, "val_f1_individual_macro": 0.49413001577010685, "val_acc_individual": 0.9767925143241882, "train_acc_means": 0.9766099452972412, "train_time_millis": 75760.57864795439, "eval_time_millis": 15380.489959963597}, "Epoch2": {"train_loss_means": 0.8961846232414246, "val_loss_mean": 0.9683260321617126, "val_f1_majority_bin": 0.2142857164144516, "val_f1_majority_macro": 0.5938200556683969, "val_acc_majority": 0.9484567642211914, "val_f1_individual_binary": 0.19960474967956543, "val_f1_individual_macro": 0.5877602687822251, "val_acc_individual": 0.9532386660575867, "train_acc_means": 0.975614607334137, "train_time_millis": 75692.21686094534, "eval_time_millis": 15153.83110102266}, "Test_results": {"test_f1_majority_binary": 0.24848484992980957, "test_f1_majority_macro": 0.6111650144132743, "test_acc_majority": 0.9494496583938599, "test_f1_individual_binary": 0.23032629489898682, "test_f1_individual_macro": 0.6033683363332086, "test_acc_individual": 0.9542237520217896, "test_time_millis": 15001.965929986909, "dataset_size": 49294, "number_of_annotations": 87322}}