{"Epoch0": {"train_loss_means": 0.026133529841899872, "val_loss_mean": 0.0245776679366827, "val_f1_majority_bin": 0.5284552845528456, "val_f1_majority_macro": 0.759119310411001, "val_acc_majority": 0.98, "val_f1_individual_binary": 0.4937759336099585, "val_f1_individual_macro": 0.740695073403964, "val_acc_individual": 0.9758200376573184, "train_time_millis": 113428.61966601049, "eval_time_millis": 17451.734545000363}, "Epoch1": {"train_loss_means": 0.01873045787215233, "val_loss_mean": 0.02548353187739849, "val_f1_majority_bin": 0.4854014598540146, "val_f1_majority_macro": 0.7364761139990539, "val_acc_majority": 0.9756896551724138, "val_f1_individual_binary": 0.45850914205344584, "val_f1_individual_macro": 0.7219067753654214, "val_acc_individual": 0.9713853929243881, "train_time_millis": 113425.74179499934, "eval_time_millis": 17462.398805000703}, "Epoch2": {"train_loss_means": 0.013652010820806026, "val_loss_mean": 0.032049234956502914, "val_f1_majority_bin": 0.42006269592476486, "val_f1_majority_macro": 0.701831720269802, "val_acc_majority": 0.968103448275862, "val_f1_individual_binary": 0.40715156440471356, "val_f1_individual_macro": 0.6942551234317382, "val_acc_individual": 0.9638539292438807, "train_time_millis": 113485.63845999888, "eval_time_millis": 15483.972849004203}, "Epoch3": {"train_loss_means": 0.01126591581851244, "val_loss_mean": 0.04424998536705971, "val_f1_majority_bin": 0.4777777777777777, "val_f1_majority_macro": 0.7326664705305482, "val_acc_majority": 0.9756896551724138, "val_f1_individual_binary": 0.4549763033175356, "val_f1_individual_macro": 0.7201743049569946, "val_acc_individual": 0.9715092656822911, "train_time_millis": 113363.00717499398, "eval_time_millis": 17448.13227999839}, "Epoch4": {"train_loss_means": 0.009777313098311424, "val_loss_mean": 0.05255940183997154, "val_f1_majority_bin": 0.48263254113345516, "val_f1_majority_macro": 0.7350698572881331, "val_acc_majority": 0.9756034482758621, "val_f1_individual_binary": 0.44517338331771317, "val_f1_individual_macro": 0.7150543100521181, "val_acc_individual": 0.9706669309285502, "train_time_millis": 113506.70860400714, "eval_time_millis": 17403.716856002575}, "Epoch5": {"train_loss_means": 0.00909150205552578, "val_loss_mean": 0.053884707391262054, "val_f1_majority_bin": 0.44850498338870437, "val_f1_majority_macro": 0.7169067088817138, "val_acc_majority": 0.9713793103448276, "val_f1_individual_binary": 0.42666666666666664, "val_f1_individual_macro": 0.7048323831145917, "val_acc_individual": 0.9669755227430383, "train_time_millis": 113429.07235099119, "eval_time_millis": 17470.675245000166}, "Epoch6": {"train_loss_means": 0.008604259230196476, "val_loss_mean": 0.06034810468554497, "val_f1_majority_bin": 0.4676258992805755, "val_f1_majority_macro": 0.7272770019278695, "val_acc_majority": 0.9744827586206897, "val_f1_individual_binary": 0.4398148148148148, "val_f1_individual_macro": 0.7122070713927449, "val_acc_individual": 0.9700227925874542, "train_time_millis": 113539.14887699648, "eval_time_millis": 17343.495852008346}, "Epoch7": {"train_loss_means": 0.008254335261881351, "val_loss_mean": 0.06176290661096573, "val_f1_majority_bin": 0.47583643122676583, "val_f1_majority_macro": 0.7316963464050165, "val_acc_majority": 0.9756896551724138, "val_f1_individual_binary": 0.4424357754519505, "val_f1_individual_macro": 0.7137648823587939, "val_acc_individual": 0.9709642255475176, "train_time_millis": 113502.35444800637, "eval_time_millis": 17467.55022999423}, "Epoch8": {"train_loss_means": 0.008008784614503384, "val_loss_mean": 0.06509485095739365, "val_f1_majority_bin": 0.494296577946768, "val_f1_majority_macro": 0.7412825396569863, "val_acc_majority": 0.9770689655172414, "val_f1_individual_binary": 0.4539698002922552, "val_f1_individual_macro": 0.7198606548331311, "val_acc_individual": 0.972227727678129, "train_time_millis": 113478.72110099706, "eval_time_millis": 17456.521316998987}, "Epoch9": {"train_loss_means": 0.007780257146805525, "val_loss_mean": 0.06680253148078918, "val_f1_majority_bin": 0.5148514851485149, "val_f1_majority_macro": 0.7520280778904064, "val_acc_majority": 0.9788793103448276, "val_f1_individual_binary": 0.4689236988377969, "val_f1_individual_macro": 0.727788748808097, "val_acc_individual": 0.9739619462887722, "train_time_millis": 113441.63626599766, "eval_time_millis": 17456.14189900516}, "Test_results": {"test_f1_majority_binary": 0.5284552845528456, "test_f1_majority_macro": 0.759119310411001, "test_acc_majority": 0.98, "test_f1_individual_binary": 0.4937759336099585, "test_f1_individual_macro": 0.740695073403964, "test_acc_individual": 0.9758200376573184, "test_time_millis": 17397.227294000913, "dataset_size": 58004, "number_of_annotations": 201410, "train_size": 120730, "val_size": 40364, "test_size": 40316}}