{"Epoch0": {"train_loss_means": 1.0527620315551758, "val_loss_mean": 0.7353309988975525, "val_f1_majority_bin": 0.38395416736602783, "val_f1_majority_macro": 0.6768127382469552, "val_acc_majority": 0.9421887397766113, "val_f1_individual_binary": 0.36140191555023193, "val_f1_individual_macro": 0.665708756494308, "val_acc_individual": 0.9427206516265869, "train_acc_means": 0.9316176772117615, "train_time_millis": 156156.34106984362, "eval_time_millis": 25856.495916377753}, "Epoch1": {"train_loss_means": 0.6664436459541321, "val_loss_mean": 0.6458747386932373, "val_f1_majority_bin": 0.40122824907302856, "val_f1_majority_macro": 0.6869055435344746, "val_acc_majority": 0.947566568851471, "val_f1_individual_binary": 0.3813682794570923, "val_f1_individual_macro": 0.677099204131016, "val_acc_individual": 0.9479464292526245, "train_acc_means": 0.9511875510215759, "train_time_millis": 156921.9443690963, "eval_time_millis": 25644.11192201078}, "Epoch2": {"train_loss_means": 0.5175160765647888, "val_loss_mean": 0.6441601514816284, "val_f1_majority_bin": 0.39714866876602173, "val_f1_majority_macro": 0.6846984708438371, "val_acc_majority": 0.9469391703605652, "val_f1_individual_binary": 0.3904109597206116, "val_f1_individual_macro": 0.681934347891046, "val_acc_individual": 0.9491304159164429, "train_acc_means": 0.9582811594009399, "train_time_millis": 156938.1236177869, "eval_time_millis": 25924.718557856977}, "Epoch3": {"train_loss_means": 0.42632025480270386, "val_loss_mean": 0.6673105359077454, "val_f1_majority_bin": 0.39150509238243103, "val_f1_majority_macro": 0.680232780399643, "val_acc_majority": 0.9409339427947998, "val_f1_individual_binary": 0.36860987544059753, "val_f1_individual_macro": 0.6692486856760993, "val_acc_individual": 0.9425165057182312, "train_acc_means": 0.9635604619979858, "train_time_millis": 157309.37043810263, "eval_time_millis": 25940.654333215207}, "Test_results": {"test_f1_majority_binary": 0.4156079888343811, "test_f1_majority_macro": 0.6926267680044237, "test_acc_majority": 0.9422887563705444, "test_f1_individual_binary": 0.409326434135437, "test_f1_individual_macro": 0.6899693348842129, "test_acc_individual": 0.9440101385116577, "test_time_millis": 26001.07127195224, "dataset_size": 55876, "number_of_annotations": 122639}}