{"Epoch0": {"train_loss_means": 0.31881895661354065, "val_loss_mean": 0.2930125594139099, "val_f1_majority_bin": 0.6618037135278514, "val_f1_majority_macro": 0.6814294065880757, "val_acc_majority": 0.6826384567517113, "val_f1_individual_binary": 0.6323396567299006, "val_f1_individual_macro": 0.6733628108210906, "val_acc_individual": 0.6785150078988942, "train_time_millis": 2490.7059989636764, "eval_time_millis": 3826.3265709392726}, "Epoch1": {"train_loss_means": 0.2560926675796509, "val_loss_mean": 0.2704097628593445, "val_f1_majority_bin": 0.6283261802575107, "val_f1_majority_macro": 0.7085017919345142, "val_acc_majority": 0.730553827006845, "val_f1_individual_binary": 0.6262507357268982, "val_f1_individual_macro": 0.7187717274474015, "val_acc_individual": 0.7492101105845181, "train_time_millis": 2535.942294052802, "eval_time_millis": 3808.4813460009173}, "Epoch2": {"train_loss_means": 0.19027991592884064, "val_loss_mean": 0.26491793990135193, "val_f1_majority_bin": 0.7026298044504383, "val_f1_majority_macro": 0.7239318866272989, "val_acc_majority": 0.7255756067205974, "val_f1_individual_binary": 0.6801470588235295, "val_f1_individual_macro": 0.7195749144533161, "val_acc_individual": 0.7251184834123223, "train_time_millis": 2519.7636439697817, "eval_time_millis": 3800.180313992314}, "Epoch3": {"train_loss_means": 0.15858936309814453, "val_loss_mean": 0.35451143980026245, "val_f1_majority_bin": 0.45577523413111337, "val_f1_majority_macro": 0.6118201514641364, "val_acc_majority": 0.6745488487865589, "val_f1_individual_binary": 0.48, "val_f1_individual_macro": 0.6406550218340611, "val_acc_individual": 0.7124802527646129, "train_time_millis": 2523.4692620579153, "eval_time_millis": 3798.2362150214612}, "Epoch4": {"train_loss_means": 0.13909953832626343, "val_loss_mean": 0.3159082531929016, "val_f1_majority_bin": 0.6510067114093959, "val_f1_majority_macro": 0.7226349086226012, "val_acc_majority": 0.7411325451151214, "val_f1_individual_binary": 0.6475972540045766, "val_f1_individual_macro": 0.7309156354461965, "val_acc_individual": 0.7567140600315956, "train_time_millis": 2484.8038010532036, "eval_time_millis": 3808.5653560701758}, "Epoch5": {"train_loss_means": 0.11743500083684921, "val_loss_mean": 0.2976106107234955, "val_f1_majority_bin": 0.6933534743202416, "val_f1_majority_macro": 0.7392693297527134, "val_acc_majority": 0.747355320472931, "val_f1_individual_binary": 0.6749226006191951, "val_f1_individual_macro": 0.7366935459909796, "val_acc_individual": 0.7511848341232228, "train_time_millis": 2540.0927249575034, "eval_time_millis": 2843.1502219755203}, "Epoch6": {"train_loss_means": 0.10697393119335175, "val_loss_mean": 0.3645073473453522, "val_f1_majority_bin": 0.629156010230179, "val_f1_majority_macro": 0.7080125960019097, "val_acc_majority": 0.7293092719352832, "val_f1_individual_binary": 0.6301050175029171, "val_f1_individual_macro": 0.7204256430798167, "val_acc_individual": 0.7496050552922591, "train_time_millis": 2500.890608993359, "eval_time_millis": 3802.370176068507}, "Epoch7": {"train_loss_means": 0.10271342098712921, "val_loss_mean": 0.35522088408470154, "val_f1_majority_bin": 0.6574225122349102, "val_f1_majority_macro": 0.7230774533005537, "val_acc_majority": 0.7386434349719975, "val_f1_individual_binary": 0.6480446927374302, "val_f1_individual_macro": 0.727809762373602, "val_acc_individual": 0.7511848341232228, "train_time_millis": 2513.3770731044933, "eval_time_millis": 3798.6506490269676}, "Epoch8": {"train_loss_means": 0.09457365423440933, "val_loss_mean": 0.4096583425998688, "val_f1_majority_bin": 0.5881294964028777, "val_f1_majority_macro": 0.685120885213808, "val_acc_majority": 0.7149968886123211, "val_f1_individual_binary": 0.5940959409594095, "val_f1_individual_macro": 0.7010619320852893, "val_acc_individual": 0.7393364928909952, "train_time_millis": 2546.363286091946, "eval_time_millis": 3800.857081077993}, "Epoch9": {"train_loss_means": 0.09069202095270157, "val_loss_mean": 0.3891739249229431, "val_f1_majority_bin": 0.6398659966499162, "val_f1_majority_macro": 0.7134973547606016, "val_acc_majority": 0.7324206596141879, "val_f1_individual_binary": 0.6367816091954024, "val_f1_individual_macro": 0.7233246192788083, "val_acc_individual": 0.7503949447077409, "train_time_millis": 2505.9829589445144, "eval_time_millis": 3812.1383119141683}, "Test_results": {"test_f1_majority_binary": 0.6933534743202416, "test_f1_majority_macro": 0.7392693297527134, "test_acc_majority": 0.747355320472931, "test_f1_individual_binary": 0.6749226006191951, "test_f1_individual_macro": 0.7366935459909796, "test_acc_individual": 0.7511848341232228, "test_time_millis": 3820.895317941904, "dataset_size": 4129, "number_of_annotations": 6575, "train_size": 1470, "val_size": 2532, "test_size": 2573}}