{"Epoch0": {"train_loss_means": 0.04178377613425255, "val_loss_mean": 0.0376434326171875, "val_f1_majority_bin": 0.23622047244094488, "val_f1_majority_macro": 0.5694317484319144, "val_acc_majority": 0.827299703264095, "val_f1_individual_binary": 0.24730409777138748, "val_f1_individual_macro": 0.5728021217365922, "val_acc_individual": 0.8208112271093616, "train_time_millis": 16052.862201002426, "eval_time_millis": 4133.678865007823}, "Epoch1": {"train_loss_means": 0.028866233304142952, "val_loss_mean": 0.03594617918133736, "val_f1_majority_bin": 0.33976833976833976, "val_f1_majority_macro": 0.64240104548687, "val_acc_majority": 0.8985163204747775, "val_f1_individual_binary": 0.32985386221294366, "val_f1_individual_macro": 0.6350052308827583, "val_acc_individual": 0.8901249358206401, "train_time_millis": 16012.419135004166, "eval_time_millis": 4145.948324003257}, "Epoch2": {"train_loss_means": 0.021756697446107864, "val_loss_mean": 0.04379512742161751, "val_f1_majority_bin": 0.3529411764705882, "val_f1_majority_macro": 0.6518856584779505, "val_acc_majority": 0.9086053412462908, "val_f1_individual_binary": 0.3356009070294785, "val_f1_individual_macro": 0.6406808681759758, "val_acc_individual": 0.8997090535683724, "train_time_millis": 16038.642055995297, "eval_time_millis": 4142.697495000903}, "Epoch3": {"train_loss_means": 0.017171183601021767, "val_loss_mean": 0.05179988965392113, "val_f1_majority_bin": 0.3783783783783784, "val_f1_majority_macro": 0.6672705106631409, "val_acc_majority": 0.9181008902077151, "val_f1_individual_binary": 0.33578431372549017, "val_f1_individual_macro": 0.6429611541028555, "val_acc_individual": 0.9072394317987336, "train_time_millis": 16048.484977000044, "eval_time_millis": 4143.092869999236}, "Epoch4": {"train_loss_means": 0.014712103642523289, "val_loss_mean": 0.06452492624521255, "val_f1_majority_bin": 0.3940886699507389, "val_f1_majority_macro": 0.6776253264499511, "val_acc_majority": 0.9270029673590504, "val_f1_individual_binary": 0.34712950600801074, "val_f1_individual_macro": 0.6512094453327976, "val_acc_individual": 0.9163101146671231, "train_time_millis": 16023.85216600669, "eval_time_millis": 4134.120510003413}, "Epoch5": {"train_loss_means": 0.013106646947562695, "val_loss_mean": 0.06840496510267258, "val_f1_majority_bin": 0.3778801843317972, "val_f1_majority_macro": 0.6675319094827397, "val_acc_majority": 0.9198813056379822, "val_f1_individual_binary": 0.3312731767614338, "val_f1_individual_macro": 0.640767598769611, "val_acc_individual": 0.9074105767585144, "train_time_millis": 16053.397256997414, "eval_time_millis": 4138.922177997301}, "Epoch6": {"train_loss_means": 0.012348782271146774, "val_loss_mean": 0.08512277901172638, "val_f1_majority_bin": 0.44067796610169496, "val_f1_majority_macro": 0.7048363209775621, "val_acc_majority": 0.9412462908011869, "val_f1_individual_binary": 0.3617021276595745, "val_f1_individual_macro": 0.6618086263977959, "val_acc_individual": 0.9281191168920075, "train_time_millis": 16028.763865004294, "eval_time_millis": 4123.411578999367}, "Epoch7": {"train_loss_means": 0.012299696914851665, "val_loss_mean": 0.0814165323972702, "val_f1_majority_bin": 0.42391304347826086, "val_f1_majority_macro": 0.6953212423919867, "val_acc_majority": 0.9370919881305638, "val_f1_individual_binary": 0.3647058823529412, "val_f1_individual_macro": 0.6627272824448698, "val_acc_individual": 0.9260653773746363, "train_time_millis": 16002.90680899343, "eval_time_millis": 4132.446418996551}, "Epoch8": {"train_loss_means": 0.011734907515347004, "val_loss_mean": 0.10237079858779907, "val_f1_majority_bin": 0.4585987261146497, "val_f1_majority_macro": 0.7160718498298116, "val_acc_majority": 0.9495548961424333, "val_f1_individual_binary": 0.37542662116040953, "val_f1_individual_macro": 0.6712268240937183, "val_acc_individual": 0.937360944720178, "train_time_millis": 16073.05286701012, "eval_time_millis": 4141.106745999423}, "Epoch9": {"train_loss_means": 0.011113202199339867, "val_loss_mean": 0.10033152997493744, "val_f1_majority_bin": 0.4528301886792453, "val_f1_majority_macro": 0.7128679127762467, "val_acc_majority": 0.9483679525222551, "val_f1_individual_binary": 0.3716216216216216, "val_f1_individual_macro": 0.6690449914489935, "val_acc_individual": 0.9363340749614923, "train_time_millis": 16023.39273900725, "eval_time_millis": 4138.148359008483}, "Test_results": {"test_f1_majority_binary": 0.4585987261146497, "test_f1_majority_macro": 0.7160718498298116, "test_acc_majority": 0.9495548961424333, "test_f1_individual_binary": 0.37542662116040953, "test_f1_individual_macro": 0.6712268240937183, "test_acc_individual": 0.937360944720178, "test_time_millis": 4132.6625919900835, "dataset_size": 8365, "number_of_annotations": 28896, "train_size": 17614, "val_size": 5843, "test_size": 5439}}