{"Epoch0": {"train_loss_means": 0.08153911679983139, "val_loss_mean": 0.06819359213113785, "val_f1_majority_bin": 0.3756019261637239, "val_f1_majority_macro": 0.6554274610845251, "val_acc_majority": 0.8826722967878148, "val_f1_individual_binary": 0.3398363750786658, "val_f1_individual_macro": 0.6386700493206854, "val_acc_individual": 0.8858169152062697, "train_time_millis": 29025.93560499372, "eval_time_millis": 6217.307042970788}, "Epoch1": {"train_loss_means": 0.06242026761174202, "val_loss_mean": 0.06749706715345383, "val_f1_majority_bin": 0.3657534246575342, "val_f1_majority_macro": 0.643646073454, "val_acc_majority": 0.8603528879505353, "val_f1_individual_binary": 0.3363980530016225, "val_f1_individual_macro": 0.6310734591785723, "val_acc_individual": 0.86644171111353, "train_time_millis": 28957.07778999349, "eval_time_millis": 6155.47003998654}, "Epoch2": {"train_loss_means": 0.05472861975431442, "val_loss_mean": 0.07974641770124435, "val_f1_majority_bin": 0.3859948761742101, "val_f1_majority_macro": 0.6632645789356701, "val_acc_majority": 0.891569898959433, "val_f1_individual_binary": 0.3520649966147596, "val_f1_individual_macro": 0.6477138618630406, "val_acc_individual": 0.895831065636225, "train_time_millis": 28991.407338005956, "eval_time_millis": 6210.2710219915025}, "Epoch3": {"train_loss_means": 0.04807665944099426, "val_loss_mean": 0.07412181049585342, "val_f1_majority_bin": 0.38540840602696275, "val_f1_majority_macro": 0.6604152270948079, "val_acc_majority": 0.8831247172372191, "val_f1_individual_binary": 0.3573232323232323, "val_f1_individual_macro": 0.6483459520758508, "val_acc_individual": 0.8891912485033199, "train_time_millis": 29010.039347980637, "eval_time_millis": 6179.2254989850335}, "Epoch4": {"train_loss_means": 0.04175091162323952, "val_loss_mean": 0.08986960351467133, "val_f1_majority_bin": 0.3747980613893376, "val_f1_majority_macro": 0.6552134019521538, "val_acc_majority": 0.8832755240536873, "val_f1_individual_binary": 0.3438914027149321, "val_f1_individual_macro": 0.6417858392311215, "val_acc_individual": 0.8895177968869055, "train_time_millis": 28960.235371021554, "eval_time_millis": 6222.1032149973325}, "Epoch5": {"train_loss_means": 0.037414614111185074, "val_loss_mean": 0.10746877640485764, "val_f1_majority_bin": 0.38854073410922113, "val_f1_majority_macro": 0.6661517997429597, "val_acc_majority": 0.8969989443522848, "val_f1_individual_binary": 0.3604902667627974, "val_f1_individual_macro": 0.6541369329928663, "val_acc_individual": 0.9034505279198868, "train_time_millis": 28995.559310016688, "eval_time_millis": 6206.2476690043695}, "Epoch6": {"train_loss_means": 0.034045130014419556, "val_loss_mean": 0.1179882287979126, "val_f1_majority_bin": 0.39190432382704693, "val_f1_majority_macro": 0.6688063713591087, "val_acc_majority": 0.900316694314583, "val_f1_individual_binary": 0.3651266766020865, "val_f1_individual_macro": 0.6575515956988827, "val_acc_individual": 0.9072602590617177, "train_time_millis": 28966.997888986953, "eval_time_millis": 6157.146172015928}, "Epoch7": {"train_loss_means": 0.03161170706152916, "val_loss_mean": 0.13172085583209991, "val_f1_majority_bin": 0.37698412698412703, "val_f1_majority_macro": 0.6628677775446178, "val_acc_majority": 0.9052933192580305, "val_f1_individual_binary": 0.3471208434712084, "val_f1_individual_macro": 0.6500787112169646, "val_acc_individual": 0.9123761837378905, "train_time_millis": 28957.16931100469, "eval_time_millis": 6205.3373560192995}, "Epoch8": {"train_loss_means": 0.029693158343434334, "val_loss_mean": 0.13945995271205902, "val_f1_majority_bin": 0.37336024217961655, "val_f1_majority_macro": 0.6613765598478557, "val_acc_majority": 0.9063489669733072, "val_f1_individual_binary": 0.3507030603804797, "val_f1_individual_macro": 0.6524852324914341, "val_acc_individual": 0.9145531729617938, "train_time_millis": 28971.326584985945, "eval_time_millis": 6193.596475000959}, "Epoch9": {"train_loss_means": 0.02796277217566967, "val_loss_mean": 0.14027738571166992, "val_f1_majority_bin": 0.3770977295162883, "val_f1_majority_macro": 0.6627916600883752, "val_acc_majority": 0.9048408988086262, "val_f1_individual_binary": 0.34915526950925185, "val_f1_individual_macro": 0.6509654696737783, "val_acc_individual": 0.9119407858931098, "train_time_millis": 28954.215473961085, "eval_time_millis": 6057.327616028488}, "Test_results": {"test_f1_majority_binary": 0.37336024217961655, "test_f1_majority_macro": 0.6613765598478557, "test_acc_majority": 0.9063489669733072, "test_f1_individual_binary": 0.3507030603804797, "test_f1_individual_macro": 0.6524852324914341, "test_acc_individual": 0.9145531729617938, "test_time_millis": 6213.924978976138, "dataset_size": 33234, "number_of_annotations": 46168, "train_size": 27664, "val_size": 9187, "test_size": 9317}}