{"Epoch0": {"train_loss_means": 1.7484837770462036, "val_loss_mean": 1.4496747255325317, "val_f1_majority_bin": 0.625931441783905, "val_f1_majority_macro": 0.7256309976800069, "val_acc_majority": 0.7618595957756042, "val_f1_individual_binary": 0.6682353019714355, "val_f1_individual_macro": 0.7519604542580983, "val_acc_individual": 0.780221700668335, "train_acc_means": 0.680077314376831, "train_time_millis": 46707.56880799991, "eval_time_millis": 8856.100520999917}, "Epoch1": {"train_loss_means": 1.3704689741134644, "val_loss_mean": 1.3096731901168823, "val_f1_majority_bin": 0.669889509677887, "val_f1_majority_macro": 0.7486008207453774, "val_acc_majority": 0.7732447981834412, "val_f1_individual_binary": 0.7032755017280579, "val_f1_individual_macro": 0.7683495010061159, "val_acc_individual": 0.7866297364234924, "train_acc_means": 0.7927230000495911, "train_time_millis": 46511.46461300005, "eval_time_millis": 8878.272579999702}, "Epoch2": {"train_loss_means": 1.111899495124817, "val_loss_mean": 1.3392441272735596, "val_f1_majority_bin": 0.6755852699279785, "val_f1_majority_macro": 0.7486709956869585, "val_acc_majority": 0.7699241042137146, "val_f1_individual_binary": 0.7169287800788879, "val_f1_individual_macro": 0.7737467768554402, "val_acc_individual": 0.7880152463912964, "train_acc_means": 0.8417210578918457, "train_time_millis": 46558.58975299998, "eval_time_millis": 8867.789468999945}, "Epoch3": {"train_loss_means": 0.9308971166610718, "val_loss_mean": 1.371010422706604, "val_f1_majority_bin": 0.6527976989746094, "val_f1_majority_macro": 0.740644068382569, "val_acc_majority": 0.7703984975814819, "val_f1_individual_binary": 0.6988369226455688, "val_f1_individual_macro": 0.7683607812779012, "val_acc_individual": 0.7892275452613831, "train_acc_means": 0.8726057410240173, "train_time_millis": 46532.085928000015, "eval_time_millis": 8873.97200300029}, "Test_results": {"test_f1_majority_binary": 0.6517168879508972, "test_f1_majority_macro": 0.7368860132110233, "test_acc_majority": 0.7644549608230591, "test_f1_individual_binary": 0.6961298584938049, "test_f1_individual_macro": 0.7670072393523015, "test_acc_individual": 0.7885684370994568, "test_time_millis": 8881.732145000115, "dataset_size": 10519, "number_of_annotations": 28881}}