{"Epoch0": {"train_loss_means": 0.2678367495536804, "val_loss_mean": 0.24027742445468903, "val_f1_majority_bin": 0.75, "val_f1_majority_macro": 0.7683823529411765, "val_acc_majority": 0.7698412698412699, "val_f1_individual_binary": 0.7302067574382249, "val_f1_individual_macro": 0.7618613872100426, "val_acc_individual": 0.7660690861390468, "train_time_millis": 13002.495799002645, "eval_time_millis": 3703.8943879961153}, "Epoch1": {"train_loss_means": 0.19482427835464478, "val_loss_mean": 0.23212960362434387, "val_f1_majority_bin": 0.7838357921744709, "val_f1_majority_macro": 0.776900831240819, "val_acc_majority": 0.7771164021164021, "val_f1_individual_binary": 0.763302752293578, "val_f1_individual_macro": 0.7738819525878917, "val_acc_individual": 0.7743769129864452, "train_time_millis": 13011.83203200344, "eval_time_millis": 3695.3668710048078}, "Epoch2": {"train_loss_means": 0.15125931799411774, "val_loss_mean": 0.24565880000591278, "val_f1_majority_bin": 0.7576197387518142, "val_f1_majority_macro": 0.7773517891814964, "val_acc_majority": 0.7791005291005291, "val_f1_individual_binary": 0.7507820646506778, "val_f1_individual_macro": 0.7854060925663027, "val_acc_individual": 0.7909925666812418, "train_time_millis": 12952.890856002341, "eval_time_millis": 3662.105277995579}, "Epoch3": {"train_loss_means": 0.11896546930074692, "val_loss_mean": 0.2929392457008362, "val_f1_majority_bin": 0.7832167832167832, "val_f1_majority_macro": 0.7741032227593221, "val_acc_majority": 0.7744708994708994, "val_f1_individual_binary": 0.757396449704142, "val_f1_individual_macro": 0.7665821121049108, "val_acc_individual": 0.7669435942282467, "train_time_millis": 12971.923889999744, "eval_time_millis": 3695.2121680005803}, "Epoch4": {"train_loss_means": 0.09175094962120056, "val_loss_mean": 0.3445509076118469, "val_f1_majority_bin": 0.771978021978022, "val_f1_majority_macro": 0.7801216640502355, "val_acc_majority": 0.7804232804232805, "val_f1_individual_binary": 0.7559055118110236, "val_f1_individual_macro": 0.7803917802957557, "val_acc_individual": 0.7831219938784434, "train_time_millis": 13053.968428997905, "eval_time_millis": 3676.0634220045176}, "Epoch5": {"train_loss_means": 0.07632298767566681, "val_loss_mean": 0.3403111696243286, "val_f1_majority_bin": 0.7693360711841205, "val_f1_majority_macro": 0.7768625333527768, "val_acc_majority": 0.7771164021164021, "val_f1_individual_binary": 0.7534246575342465, "val_f1_individual_macro": 0.7771075856841193, "val_acc_individual": 0.779623961521644, "train_time_millis": 13072.513892999268, "eval_time_millis": 3712.2836819980876}, "Epoch6": {"train_loss_means": 0.05844166874885559, "val_loss_mean": 0.4269323945045471, "val_f1_majority_bin": 0.768472906403941, "val_f1_majority_macro": 0.7816163658657259, "val_acc_majority": 0.7824074074074074, "val_f1_individual_binary": 0.7546788062721296, "val_f1_individual_macro": 0.783962429705183, "val_acc_individual": 0.7879317883690424, "train_time_millis": 13050.755065996782, "eval_time_millis": 3088.6160399968503}, "Epoch7": {"train_loss_means": 0.05066024884581566, "val_loss_mean": 0.4915691614151001, "val_f1_majority_bin": 0.7479794268919913, "val_f1_majority_macro": 0.7708628343119006, "val_acc_majority": 0.7731481481481481, "val_f1_individual_binary": 0.740543420351625, "val_f1_individual_macro": 0.7799862077657271, "val_acc_individual": 0.7870572802798426, "train_time_millis": 13116.56599699927, "eval_time_millis": 2165.3816219986766}, "Epoch8": {"train_loss_means": 0.0420231968164444, "val_loss_mean": 0.5318318009376526, "val_f1_majority_bin": 0.756290438533429, "val_f1_majority_macro": 0.77434852606402, "val_acc_majority": 0.7757936507936508, "val_f1_individual_binary": 0.7466251298026999, "val_f1_individual_macro": 0.7811675497956097, "val_acc_individual": 0.7866200262352426, "train_time_millis": 12999.86207800248, "eval_time_millis": 2511.4399589947425}, "Epoch9": {"train_loss_means": 0.036726418882608414, "val_loss_mean": 0.5596339702606201, "val_f1_majority_bin": 0.7507288629737608, "val_f1_majority_macro": 0.7718535356031032, "val_acc_majority": 0.7738095238095238, "val_f1_individual_binary": 0.7431578947368421, "val_f1_individual_macro": 0.7803298822973666, "val_acc_individual": 0.7866200262352426, "train_time_millis": 13052.017521004018, "eval_time_millis": 3667.395841999678}, "Test_results": {"test_f1_majority_binary": 0.7576197387518142, "test_f1_majority_macro": 0.7773517891814964, "test_acc_majority": 0.7791005291005291, "test_f1_individual_binary": 0.7507820646506778, "test_f1_individual_macro": 0.7854060925663027, "test_acc_individual": 0.7909925666812418, "test_time_millis": 3303.6137060043984, "dataset_size": 7589, "number_of_annotations": 11483, "train_size": 6908, "val_size": 2287, "test_size": 2288}}