{"Epoch0": {"train_loss_means": 0.03828829526901245, "val_loss_mean": 0.027395013719797134, "val_f1_majority_bin": 0.42074074074074075, "val_f1_majority_macro": 0.694919489156429, "val_acc_majority": 0.9413265306122449, "val_f1_individual_binary": 0.3969298245614035, "val_f1_individual_macro": 0.6828841757367924, "val_acc_individual": 0.9407391444887404, "train_time_millis": 28205.84823199988, "eval_time_millis": 5431.419075000122}, "Epoch1": {"train_loss_means": 0.024881744757294655, "val_loss_mean": 0.027408761903643608, "val_f1_majority_bin": 0.45367412140575075, "val_f1_majority_macro": 0.7133746138441129, "val_acc_majority": 0.9486794717887155, "val_f1_individual_binary": 0.4319809069212411, "val_f1_individual_macro": 0.7025623333974294, "val_acc_individual": 0.9487124232302554, "train_time_millis": 27751.41127400002, "eval_time_millis": 5785.166871000001}, "Epoch2": {"train_loss_means": 0.017726369202136993, "val_loss_mean": 0.03322690725326538, "val_f1_majority_bin": 0.45859872611464975, "val_f1_majority_macro": 0.7159135362856713, "val_acc_majority": 0.9489795918367347, "val_f1_individual_binary": 0.43623361144219314, "val_f1_individual_macro": 0.7047725637756019, "val_acc_individual": 0.9490356642603168, "train_time_millis": 27701.772659999733, "eval_time_millis": 4937.345483000172}, "Epoch3": {"train_loss_means": 0.013383815996348858, "val_loss_mean": 0.03290805220603943, "val_f1_majority_bin": 0.3845193508114856, "val_f1_majority_macro": 0.6725821787984146, "val_acc_majority": 0.9260204081632653, "val_f1_individual_binary": 0.3655107778819119, "val_f1_individual_macro": 0.6634070036880265, "val_acc_individual": 0.9270552742161405, "train_time_millis": 27752.93082999997, "eval_time_millis": 5684.753039000498}, "Epoch4": {"train_loss_means": 0.010377727448940277, "val_loss_mean": 0.04832639545202255, "val_f1_majority_bin": 0.4492512479201331, "val_f1_majority_macro": 0.7116217738775648, "val_acc_majority": 0.9503301320528211, "val_f1_individual_binary": 0.4357682619647355, "val_f1_individual_macro": 0.7052771971687704, "val_acc_individual": 0.9517293395108286, "train_time_millis": 27641.839634999997, "eval_time_millis": 5777.624547999949}, "Epoch5": {"train_loss_means": 0.008840657770633698, "val_loss_mean": 0.04610804095864296, "val_f1_majority_bin": 0.42748091603053434, "val_f1_majority_macro": 0.6989452240533007, "val_acc_majority": 0.9437274909963985, "val_f1_individual_binary": 0.41251448435689453, "val_f1_individual_macro": 0.6919343990799671, "val_acc_individual": 0.9453722659196208, "train_time_millis": 27761.60875700043, "eval_time_millis": 5785.2678159997595}, "Epoch6": {"train_loss_means": 0.008015451021492481, "val_loss_mean": 0.056182436645030975, "val_f1_majority_bin": 0.476547842401501, "val_f1_majority_macro": 0.7273712248349826, "val_acc_majority": 0.9581332533013205, "val_f1_individual_binary": 0.4650499286733238, "val_f1_individual_macro": 0.7220272318468797, "val_acc_individual": 0.959594871242323, "train_time_millis": 27720.158509999237, "eval_time_millis": 5792.7926849997675}, "Epoch7": {"train_loss_means": 0.00692668417468667, "val_loss_mean": 0.06291698664426804, "val_f1_majority_bin": 0.48932038834951463, "val_f1_majority_macro": 0.7343971800484794, "val_acc_majority": 0.9605342136854742, "val_f1_individual_binary": 0.48082595870206485, "val_f1_individual_macro": 0.7305717805140832, "val_acc_individual": 0.9620730524727938, "train_time_millis": 27696.885439999278, "eval_time_millis": 4770.177146000606}, "Epoch8": {"train_loss_means": 0.006315442733466625, "val_loss_mean": 0.05916590243577957, "val_f1_majority_bin": 0.4760213143872114, "val_f1_majority_macro": 0.726455623899442, "val_acc_majority": 0.9557322929171669, "val_f1_individual_binary": 0.4653061224489796, "val_f1_individual_macro": 0.7216304550652931, "val_acc_individual": 0.9576554250619546, "train_time_millis": 27748.87324500014, "eval_time_millis": 5791.783889999351}, "Epoch9": {"train_loss_means": 0.005798392929136753, "val_loss_mean": 0.06485651433467865, "val_f1_majority_bin": 0.49516441005802714, "val_f1_majority_macro": 0.7373956466026612, "val_acc_majority": 0.9608343337334934, "val_f1_individual_binary": 0.4830633284241532, "val_f1_individual_macro": 0.7317178745794647, "val_acc_individual": 0.9621807994828143, "train_time_millis": 27709.11794099993, "eval_time_millis": 3787.389385000097}, "Test_results": {"test_f1_majority_binary": 0.49516441005802714, "test_f1_majority_macro": 0.7373956466026612, "test_acc_majority": 0.9608343337334934, "test_f1_individual_binary": 0.4830633284241532, "test_f1_individual_macro": 0.7317178745794647, "test_acc_individual": 0.9621807994828143, "test_time_millis": 5792.754602999594, "dataset_size": 33234, "number_of_annotations": 46168, "train_size": 27711, "val_size": 9281, "test_size": 9176}}