{"Epoch0": {"train_loss_means": 0.3451061546802521, "val_loss_mean": 0.33359280228614807, "val_f1_majority_bin": 0.3106796116504854, "val_f1_majority_macro": 0.5262488967343337, "val_acc_majority": 0.6243386243386243, "val_f1_individual_binary": 0.29967426710097717, "val_f1_individual_macro": 0.5198492254489167, "val_acc_individual": 0.6208112874779541, "train_time_millis": 3354.7875560470857, "eval_time_millis": 3612.663702981081}, "Epoch1": {"train_loss_means": 0.33897864818573, "val_loss_mean": 0.3361174464225769, "val_f1_majority_bin": 0.5288461538461539, "val_f1_majority_macro": 0.4761877828054299, "val_acc_majority": 0.48148148148148145, "val_f1_individual_binary": 0.5521669341894061, "val_f1_individual_macro": 0.5030893379361903, "val_acc_individual": 0.5079365079365079, "train_time_millis": 3371.5771500137635, "eval_time_millis": 3873.651448986493}, "Epoch2": {"train_loss_means": 0.3360947370529175, "val_loss_mean": 0.33223992586135864, "val_f1_majority_bin": 0.359375, "val_f1_majority_macro": 0.5156875000000001, "val_acc_majority": 0.5661375661375662, "val_f1_individual_binary": 0.3769633507853403, "val_f1_individual_macro": 0.5302369945416063, "val_acc_individual": 0.5802469135802469, "train_time_millis": 3328.326324990485, "eval_time_millis": 3558.1243520136923}, "Epoch3": {"train_loss_means": 0.3296627104282379, "val_loss_mean": 0.3335503339767456, "val_f1_majority_bin": 0.48717948717948717, "val_f1_majority_macro": 0.5634095634095634, "val_acc_majority": 0.5767195767195767, "val_f1_individual_binary": 0.5, "val_f1_individual_macro": 0.576865671641791, "val_acc_individual": 0.5908289241622575, "train_time_millis": 3381.2645170255564, "eval_time_millis": 3868.574036983773}, "Epoch4": {"train_loss_means": 0.3267752230167389, "val_loss_mean": 0.33209428191185, "val_f1_majority_bin": 0.40875912408759124, "val_f1_majority_macro": 0.5363297695126753, "val_acc_majority": 0.5714285714285714, "val_f1_individual_binary": 0.4226044226044226, "val_f1_individual_macro": 0.5496791026364616, "val_acc_individual": 0.5855379188712522, "train_time_millis": 3352.899273042567, "eval_time_millis": 3871.620173973497}, "Epoch5": {"train_loss_means": 0.3235178291797638, "val_loss_mean": 0.33139774203300476, "val_f1_majority_bin": 0.42028985507246375, "val_f1_majority_macro": 0.5434782608695652, "val_acc_majority": 0.5767195767195767, "val_f1_individual_binary": 0.4187192118226601, "val_f1_individual_macro": 0.5472716938234179, "val_acc_individual": 0.5837742504409171, "train_time_millis": 3363.012184971012, "eval_time_millis": 3865.5063900514506}, "Epoch6": {"train_loss_means": 0.3154078423976898, "val_loss_mean": 0.3318978250026703, "val_f1_majority_bin": 0.4316546762589928, "val_f1_majority_macro": 0.5505553716022997, "val_acc_majority": 0.582010582010582, "val_f1_individual_binary": 0.44282238442822386, "val_f1_individual_macro": 0.5630432807341673, "val_acc_individual": 0.5961199294532628, "train_time_millis": 3310.350366984494, "eval_time_millis": 3859.4305759761482}, "Epoch7": {"train_loss_means": 0.3090464472770691, "val_loss_mean": 0.33314049243927, "val_f1_majority_bin": 0.4635761589403974, "val_f1_majority_macro": 0.5533739825538991, "val_acc_majority": 0.5714285714285714, "val_f1_individual_binary": 0.4808988764044944, "val_f1_individual_macro": 0.5728151856623342, "val_acc_individual": 0.5925925925925926, "train_time_millis": 3403.9544019615278, "eval_time_millis": 3861.0413660062477}, "Epoch8": {"train_loss_means": 0.3072729706764221, "val_loss_mean": 0.33432331681251526, "val_f1_majority_bin": 0.46052631578947373, "val_f1_majority_macro": 0.5488472286911971, "val_acc_majority": 0.5661375661375662, "val_f1_individual_binary": 0.47767857142857145, "val_f1_individual_macro": 0.5682853498542274, "val_acc_individual": 0.5873015873015873, "train_time_millis": 3311.7867240216583, "eval_time_millis": 2865.3841899940744}, "Epoch9": {"train_loss_means": 0.3024395704269409, "val_loss_mean": 0.3344811499118805, "val_f1_majority_bin": 0.40298507462686567, "val_f1_majority_macro": 0.5375581110839246, "val_acc_majority": 0.5767195767195767, "val_f1_individual_binary": 0.41309823677581864, "val_f1_individual_macro": 0.5484758483743408, "val_acc_individual": 0.5890652557319224, "train_time_millis": 3345.6412549712695, "eval_time_millis": 3863.8845600071363}, "Test_results": {"test_f1_majority_binary": 0.48717948717948717, "test_f1_majority_macro": 0.5634095634095634, "test_acc_majority": 0.5767195767195767, "test_f1_individual_binary": 0.5, "test_f1_individual_macro": 0.576865671641791, "test_acc_individual": 0.5908289241622575, "test_time_millis": 3312.1908489847556, "dataset_size": 491, "number_of_annotations": 1473, "train_size": 339, "val_size": 567, "test_size": 567}}