{"Epoch0": {"train_loss_means": 0.5057752132415771, "val_loss_mean": 0.31981179118156433, "val_f1_majority_bin": 0.28832951188087463, "val_f1_majority_macro": 0.6360662231908449, "val_acc_majority": 0.9683266878128052, "val_f1_individual_binary": 0.25214898586273193, "val_f1_individual_macro": 0.6183935097503841, "val_acc_individual": 0.9698944687843323, "train_acc_means": 0.9817708134651184, "train_time_millis": 41084.60518019274, "eval_time_millis": 18523.912282194942}, "Epoch1": {"train_loss_means": 0.26691675186157227, "val_loss_mean": 0.2551633417606354, "val_f1_majority_bin": 0.39615383744239807, "val_f1_majority_macro": 0.6898647669936507, "val_acc_majority": 0.9680211544036865, "val_f1_individual_binary": 0.33293697237968445, "val_f1_individual_macro": 0.6581787478945804, "val_acc_individual": 0.9676451683044434, "train_acc_means": 0.9761332869529724, "train_time_millis": 41415.07706185803, "eval_time_millis": 18663.68544800207}, "Epoch2": {"train_loss_means": 0.14960524439811707, "val_loss_mean": 0.2945314943790436, "val_f1_majority_bin": 0.4660194218158722, "val_f1_majority_macro": 0.7272882898259739, "val_acc_majority": 0.9775944352149963, "val_f1_individual_binary": 0.4042879045009613, "val_f1_individual_macro": 0.6964275659843845, "val_acc_individual": 0.9775650501251221, "train_acc_means": 0.9815705418586731, "train_time_millis": 41600.83599714562, "eval_time_millis": 18527.522893622518}, "Epoch3": {"train_loss_means": 0.08452369272708893, "val_loss_mean": 0.40180233120918274, "val_f1_majority_bin": 0.47999998927116394, "val_f1_majority_macro": 0.7352820406470344, "val_acc_majority": 0.9814645051956177, "val_f1_individual_binary": 0.4246824085712433, "val_f1_individual_macro": 0.707696781377684, "val_acc_individual": 0.9817175269126892, "train_acc_means": 0.9867788553237915, "train_time_millis": 41576.69122470543, "eval_time_millis": 18542.954524047673}, "Test_results": {"test_f1_majority_binary": 0.4431818127632141, "test_f1_majority_macro": 0.7165073942034726, "test_acc_majority": 0.9800305366516113, "test_f1_individual_binary": 0.4223826825618744, "test_f1_individual_macro": 0.7065274285518253, "test_acc_individual": 0.9816408753395081, "test_time_millis": 18678.690797649324, "dataset_size": 29609, "number_of_annotations": 29609}}