{"Epoch0": {"train_loss_means": 1.1876639127731323, "val_loss_mean": 1.1218883991241455, "val_f1_majority_bin": 0.0, "val_f1_majority_macro": 0.41143542582966813, "val_acc_majority": 0.6990489363670349, "val_f1_individual_binary": 0.3679852783679962, "val_f1_individual_macro": 0.5955756518773998, "val_acc_individual": 0.7236524820327759, "train_acc_means": 0.6413024663925171, "train_time_millis": 70720.39600100834, "eval_time_millis": 17878.50073701702}, "Epoch1": {"train_loss_means": 1.1558630466461182, "val_loss_mean": 1.109384298324585, "val_f1_majority_bin": 0.0, "val_f1_majority_macro": 0.41143542582966813, "val_acc_majority": 0.6990489363670349, "val_f1_individual_binary": 0.3229813575744629, "val_f1_individual_macro": 0.5798631245678068, "val_acc_individual": 0.736926794052124, "train_acc_means": 0.7170453071594238, "train_time_millis": 69776.54278400587, "eval_time_millis": 17818.88954603346}, "Epoch2": {"train_loss_means": 1.116907000541687, "val_loss_mean": 1.0995681285858154, "val_f1_majority_bin": 0.126679465174675, "val_f1_majority_macro": 0.4694478617028271, "val_acc_majority": 0.69089674949646, "val_f1_individual_binary": 0.3615107834339142, "val_f1_individual_macro": 0.5887864837663549, "val_acc_individual": 0.7144006490707397, "train_acc_means": 0.7219353318214417, "train_time_millis": 69970.75401298935, "eval_time_millis": 17832.582375966012}, "Epoch3": {"train_loss_means": 1.026102900505066, "val_loss_mean": 1.1078405380249023, "val_f1_majority_bin": 0.3160839080810547, "val_f1_majority_macro": 0.5483515138966014, "val_acc_majority": 0.6677989363670349, "val_f1_individual_binary": 0.40506330132484436, "val_f1_individual_macro": 0.6011292723225868, "val_acc_individual": 0.6975060105323792, "train_acc_means": 0.7460243105888367, "train_time_millis": 69916.63193400018, "eval_time_millis": 17839.457430993207}, "Epoch4": {"train_loss_means": 0.9235016703605652, "val_loss_mean": 1.140789270401001, "val_f1_majority_bin": 0.2101694941520691, "val_f1_majority_macro": 0.5061042869691689, "val_acc_majority": 0.6834239363670349, "val_f1_individual_binary": 0.333635538816452, "val_f1_individual_macro": 0.5718319852785245, "val_acc_individual": 0.7043443322181702, "train_acc_means": 0.7854710221290588, "train_time_millis": 70285.98703601165, "eval_time_millis": 17859.408557997085}, "Test_results": {"test_f1_majority_binary": 0.24283304810523987, "test_f1_majority_macro": 0.5263296985228627, "test_acc_majority": 0.6960054039955139, "test_f1_individual_binary": 0.3364969789981842, "test_f1_individual_macro": 0.5714214943586906, "test_acc_individual": 0.7001949548721313, "test_time_millis": 18007.059070048854, "dataset_size": 7589, "number_of_annotations": 13049}}