{"Epoch0": {"train_loss_means": 0.42207297682762146, "val_loss_mean": 0.31966015696525574, "val_f1_majority_bin": 0.39436620473861694, "val_f1_majority_macro": 0.6885995027968459, "val_acc_majority": 0.9666120409965515, "val_f1_individual_binary": 0.32346242666244507, "val_f1_individual_macro": 0.6500386007960259, "val_acc_individual": 0.9547922015190125, "train_acc_means": 0.9688661694526672, "train_time_millis": 59759.49520803988, "eval_time_millis": 23793.475920916535}, "Epoch1": {"train_loss_means": 0.22601190209388733, "val_loss_mean": 0.29344841837882996, "val_f1_majority_bin": 0.4059829115867615, "val_f1_majority_macro": 0.6904948243840628, "val_acc_majority": 0.9520317316055298, "val_f1_individual_binary": 0.35210496187210083, "val_f1_individual_macro": 0.6602898975787459, "val_acc_individual": 0.9398751854896545, "train_acc_means": 0.9554677605628967, "train_time_millis": 60356.13295598887, "eval_time_millis": 24026.26474504359}, "Epoch2": {"train_loss_means": 0.13414758443832397, "val_loss_mean": 0.4693570137023926, "val_f1_majority_bin": 0.4175824224948883, "val_f1_majority_macro": 0.7005632203236994, "val_acc_majority": 0.9679924249649048, "val_f1_individual_binary": 0.31868553161621094, "val_f1_individual_macro": 0.6476462002833447, "val_acc_individual": 0.9547668695449829, "train_acc_means": 0.9675495624542236, "train_time_millis": 60759.295027004555, "eval_time_millis": 24105.74153601192}, "Test_results": {"test_f1_majority_binary": 0.4316770136356354, "test_f1_majority_macro": 0.707720329918314, "test_acc_majority": 0.9684292078018188, "test_f1_individual_binary": 0.33560091257095337, "test_f1_individual_macro": 0.6562501657430644, "test_acc_individual": 0.9553512334823608, "test_time_millis": 24026.60876500886, "dataset_size": 36090, "number_of_annotations": 36090}}