{"Epoch0": {"train_loss_means": 0.0241589043289423, "val_loss_mean": 0.016452956944704056, "val_f1_majority_bin": 0.5221238938053098, "val_f1_majority_macro": 0.7562215022988542, "val_acc_majority": 0.9810226673695308, "val_f1_individual_binary": 0.4431256181998022, "val_f1_individual_macro": 0.7163539938971921, "val_acc_individual": 0.9795473535074654, "train_time_millis": 85225.52261099918, "eval_time_millis": 13658.05830499994}, "Epoch1": {"train_loss_means": 0.014800692908465862, "val_loss_mean": 0.01894969865679741, "val_f1_majority_bin": 0.5614035087719299, "val_f1_majority_macro": 0.7767893913186723, "val_acc_majority": 0.9846248462484625, "val_f1_individual_binary": 0.463302752293578, "val_f1_individual_macro": 0.727332598693022, "val_acc_individual": 0.9829985105532749, "train_time_millis": 85093.78230799848, "eval_time_millis": 11649.899922998884}, "Epoch2": {"train_loss_means": 0.01074201799929142, "val_loss_mean": 0.02098790742456913, "val_f1_majority_bin": 0.4323374340949034, "val_f1_majority_macro": 0.7088923034407835, "val_acc_majority": 0.9716218590757336, "val_f1_individual_binary": 0.36535433070866136, "val_f1_individual_macro": 0.6751842306525606, "val_acc_individual": 0.9707196570639736, "train_time_millis": 85110.98801499975, "eval_time_millis": 13667.915879999782}, "Epoch3": {"train_loss_means": 0.008046667091548443, "val_loss_mean": 0.03437115252017975, "val_f1_majority_bin": 0.5522388059701493, "val_f1_majority_macro": 0.7720947182520455, "val_acc_majority": 0.9841855561412757, "val_f1_individual_binary": 0.45586592178770946, "val_f1_individual_macro": 0.7234369399185783, "val_acc_individual": 0.982308279144113, "train_time_millis": 85073.56762899872, "eval_time_millis": 13576.1476459993}, "Epoch4": {"train_loss_means": 0.006678483914583921, "val_loss_mean": 0.03292855620384216, "val_f1_majority_bin": 0.47953216374269, "val_f1_majority_macro": 0.7337663515221473, "val_acc_majority": 0.9765419082762257, "val_f1_individual_binary": 0.40776699029126207, "val_f1_individual_macro": 0.697661429531121, "val_acc_individual": 0.9756239328659134, "train_time_millis": 85153.16629100016, "eval_time_millis": 13614.070603000073}, "Epoch5": {"train_loss_means": 0.006015500985085964, "val_loss_mean": 0.03308659419417381, "val_f1_majority_bin": 0.5277777777777778, "val_f1_majority_macro": 0.7593214520269866, "val_acc_majority": 0.9820769636267791, "val_f1_individual_binary": 0.4419321685508736, "val_f1_individual_macro": 0.715945836868769, "val_acc_individual": 0.9802739128855306, "train_time_millis": 85066.47090200022, "eval_time_millis": 13636.577769999349}, "Epoch6": {"train_loss_means": 0.005093978252261877, "val_loss_mean": 0.036797426640987396, "val_f1_majority_bin": 0.5327102803738318, "val_f1_majority_macro": 0.7618780628230191, "val_acc_majority": 0.9824283957125286, "val_f1_individual_binary": 0.438871473354232, "val_f1_individual_macro": 0.7144724300242516, "val_acc_individual": 0.9804918806989501, "train_time_millis": 85142.85173200005, "eval_time_millis": 13558.409801999005}, "Epoch7": {"train_loss_means": 0.004667239263653755, "val_loss_mean": 0.04577227681875229, "val_f1_majority_bin": 0.5488126649076517, "val_f1_majority_macro": 0.7705868104524857, "val_acc_majority": 0.9849762783342119, "val_f1_individual_binary": 0.45803357314148685, "val_f1_individual_macro": 0.7248485829558412, "val_acc_individual": 0.9835797580557271, "train_time_millis": 85114.68866900032, "eval_time_millis": 13401.078365999638}, "Epoch8": {"train_loss_means": 0.004299852531403303, "val_loss_mean": 0.047410424798727036, "val_f1_majority_bin": 0.5431472081218274, "val_f1_majority_macro": 0.7675503586429432, "val_acc_majority": 0.9841855561412757, "val_f1_individual_binary": 0.45901639344262296, "val_f1_individual_macro": 0.7252462041013853, "val_acc_individual": 0.9832164783666946, "train_time_millis": 85113.2939199997, "eval_time_millis": 13593.93966800053}, "Epoch9": {"train_loss_means": 0.003911919426172972, "val_loss_mean": 0.052325304597616196, "val_f1_majority_bin": 0.553763440860215, "val_f1_majority_macro": 0.7731750394726227, "val_acc_majority": 0.9854155684413987, "val_f1_individual_binary": 0.4676616915422886, "val_f1_individual_macro": 0.7298861453103148, "val_acc_individual": 0.9844516293094053, "train_time_millis": 85009.41961399985, "eval_time_millis": 13343.039311001121}, "Test_results": {"test_f1_majority_binary": 0.553763440860215, "test_f1_majority_macro": 0.7731750394726227, "test_acc_majority": 0.9854155684413987, "test_f1_individual_binary": 0.4676616915422886, "test_f1_individual_macro": 0.7298861453103148, "test_acc_individual": 0.9844516293094053, "test_time_millis": 13633.596600999226, "dataset_size": 56941, "number_of_annotations": 137775, "train_size": 82669, "val_size": 27527, "test_size": 27579}}