{"Epoch0": {"train_loss_means": 0.287407785654068, "val_loss_mean": 0.29163163900375366, "val_f1_majority_bin": 0.4800741427247452, "val_f1_majority_macro": 0.5818306415823388, "val_acc_majority": 0.6065918653576438, "val_f1_individual_binary": 0.4747252747252747, "val_f1_individual_macro": 0.578769405776705, "val_acc_individual": 0.6044683491932147, "train_time_millis": 84411.3132020002, "eval_time_millis": 10833.817935999832}, "Epoch1": {"train_loss_means": 0.23687997460365295, "val_loss_mean": 0.30882811546325684, "val_f1_majority_bin": 0.46944198405668736, "val_f1_majority_macro": 0.5608962677102938, "val_acc_majority": 0.5799438990182328, "val_f1_individual_binary": 0.4583554376657825, "val_f1_individual_macro": 0.5560681901791104, "val_acc_individual": 0.5775755068266446, "train_time_millis": 84782.79317799934, "eval_time_millis": 8831.021216999943}, "Epoch2": {"train_loss_means": 0.18168936669826508, "val_loss_mean": 0.3598862886428833, "val_f1_majority_bin": 0.4018801410105758, "val_f1_majority_macro": 0.5737536637086862, "val_acc_majority": 0.6430575035063114, "val_f1_individual_binary": 0.40501043841336115, "val_f1_individual_macro": 0.5766588842052087, "val_acc_individual": 0.6462556888705007, "train_time_millis": 84832.95800600082, "eval_time_millis": 10862.78160799975}, "Epoch3": {"train_loss_means": 0.14094360172748566, "val_loss_mean": 0.39369940757751465, "val_f1_majority_bin": 0.42229367631296894, "val_f1_majority_macro": 0.5707091101731598, "val_acc_majority": 0.6220196353436185, "val_f1_individual_binary": 0.4286628278950736, "val_f1_individual_macro": 0.5778288153538346, "val_acc_individual": 0.6305337194869673, "train_time_millis": 84849.52226899986, "eval_time_millis": 10877.158135999707}, "Epoch4": {"train_loss_means": 0.11183774471282959, "val_loss_mean": 0.5167263150215149, "val_f1_majority_bin": 0.3848101265822785, "val_f1_majority_macro": 0.5745583125636902, "val_acc_majority": 0.6591865357643759, "val_f1_individual_binary": 0.38559639909977494, "val_f1_individual_macro": 0.5758316185730237, "val_acc_individual": 0.6611501861812163, "train_time_millis": 84820.07179799984, "eval_time_millis": 10835.558821999257}, "Epoch5": {"train_loss_means": 0.09360389411449432, "val_loss_mean": 0.527305006980896, "val_f1_majority_bin": 0.4205607476635514, "val_f1_majority_macro": 0.5860318768377877, "val_acc_majority": 0.6521739130434783, "val_f1_individual_binary": 0.4152249134948097, "val_f1_individual_macro": 0.5829444130767055, "val_acc_individual": 0.6503930492345883, "train_time_millis": 84776.34602100079, "eval_time_millis": 10846.24066500055}, "Epoch6": {"train_loss_means": 0.08154195547103882, "val_loss_mean": 0.5616022348403931, "val_f1_majority_bin": 0.4119760479041916, "val_f1_majority_macro": 0.5842726050130775, "val_acc_majority": 0.655680224403927, "val_f1_individual_binary": 0.4101479915433404, "val_f1_individual_macro": 0.5825264115842617, "val_acc_individual": 0.6537029375258585, "train_time_millis": 84820.15284499995, "eval_time_millis": 10876.746599999933}, "Epoch7": {"train_loss_means": 0.07150810956954956, "val_loss_mean": 0.5970859527587891, "val_f1_majority_bin": 0.4298642533936652, "val_f1_majority_macro": 0.5868833462090277, "val_acc_majority": 0.6465638148667602, "val_f1_individual_binary": 0.4226110363391655, "val_f1_individual_macro": 0.5831693174527369, "val_acc_individual": 0.6450144807612743, "train_time_millis": 84704.80719999978, "eval_time_millis": 10845.297410000057}, "Epoch8": {"train_loss_means": 0.06350687891244888, "val_loss_mean": 0.7728556990623474, "val_f1_majority_bin": 0.3675099866844208, "val_f1_majority_macro": 0.5707135844892832, "val_acc_majority": 0.6669004207573632, "val_f1_individual_binary": 0.3778135048231511, "val_f1_individual_macro": 0.5811073095146396, "val_acc_individual": 0.6797683078196111, "train_time_millis": 84718.50196299965, "eval_time_millis": 10844.911021999906}, "Epoch9": {"train_loss_means": 0.06094537675380707, "val_loss_mean": 0.7264898419380188, "val_f1_majority_bin": 0.40296662546353523, "val_f1_majority_macro": 0.5832747958448365, "val_acc_majority": 0.6612903225806451, "val_f1_individual_binary": 0.40029873039581776, "val_f1_individual_macro": 0.5852709674868931, "val_acc_individual": 0.6677699627637568, "train_time_millis": 84756.49968400013, "eval_time_millis": 8874.976007999976}, "Test_results": {"test_f1_majority_binary": 0.3675099866844208, "test_f1_majority_macro": 0.5707135844892832, "test_acc_majority": 0.6669004207573632, "test_f1_individual_binary": 0.3778135048231511, "test_f1_individual_macro": 0.5811073095146396, "test_acc_individual": 0.6797683078196111, "test_time_millis": 10849.744108999403, "dataset_size": 7589, "number_of_annotations": 13057, "train_size": 7810, "val_size": 2417, "test_size": 2830}}