{"Epoch0": {"train_loss_means": 0.040479134768247604, "val_loss_mean": 0.03287433832883835, "val_f1_majority_bin": 0.3357400722021661, "val_f1_majority_macro": 0.6480338998354513, "val_acc_majority": 0.9251271617497456, "val_f1_individual_binary": 0.30280172413793105, "val_f1_individual_macro": 0.6317423788409635, "val_acc_individual": 0.9255637367694431, "train_time_millis": 26697.19943300879, "eval_time_millis": 8537.843269994482}, "Epoch1": {"train_loss_means": 0.026618145406246185, "val_loss_mean": 0.034125059843063354, "val_f1_majority_bin": 0.3464285714285714, "val_f1_majority_macro": 0.653473185390661, "val_acc_majority": 0.9255340793489318, "val_f1_individual_binary": 0.3100692594565796, "val_f1_individual_macro": 0.6353483933718398, "val_acc_individual": 0.9255062126092959, "train_time_millis": 26709.478728997055, "eval_time_millis": 7721.49951600295}, "Epoch2": {"train_loss_means": 0.018884772434830666, "val_loss_mean": 0.0397435687482357, "val_f1_majority_bin": 0.36119116234390014, "val_f1_majority_macro": 0.6627374792330705, "val_acc_majority": 0.9323499491353001, "val_f1_individual_binary": 0.32018296169239563, "val_f1_individual_macro": 0.6420866957224812, "val_acc_individual": 0.9316037735849056, "train_time_millis": 26748.722189993714, "eval_time_millis": 8552.083084010519}, "Epoch3": {"train_loss_means": 0.013573144562542439, "val_loss_mean": 0.054721176624298096, "val_f1_majority_bin": 0.3388581952117864, "val_f1_majority_macro": 0.6501010045726209, "val_acc_majority": 0.9269582909460834, "val_f1_individual_binary": 0.30760810071154904, "val_f1_individual_macro": 0.6346030546361546, "val_acc_individual": 0.9272319374137138, "train_time_millis": 26792.926702997647, "eval_time_millis": 8554.409274001955}, "Epoch4": {"train_loss_means": 0.010904512368142605, "val_loss_mean": 0.07739804685115814, "val_f1_majority_bin": 0.39316239316239315, "val_f1_majority_macro": 0.6833918754198993, "val_acc_majority": 0.949440488301119, "val_f1_individual_binary": 0.3587842846553002, "val_f1_individual_macro": 0.6664504025987534, "val_acc_individual": 0.9502416014726185, "train_time_millis": 26758.743547994527, "eval_time_millis": 8539.191182993818}, "Epoch5": {"train_loss_means": 0.009443084709346294, "val_loss_mean": 0.07871618121862411, "val_f1_majority_bin": 0.3752759381898455, "val_f1_majority_macro": 0.6725478549859326, "val_acc_majority": 0.9424211597151577, "val_f1_individual_binary": 0.3425117528542646, "val_f1_individual_macro": 0.656546900796855, "val_acc_individual": 0.9436838472158307, "train_time_millis": 26725.966751997476, "eval_time_millis": 7540.005528993788}, "Epoch6": {"train_loss_means": 0.00857656542211771, "val_loss_mean": 0.09114604443311691, "val_f1_majority_bin": 0.38875305623471884, "val_f1_majority_macro": 0.6811082975685854, "val_acc_majority": 0.9491353001017294, "val_f1_individual_binary": 0.3536404160475483, "val_f1_individual_macro": 0.6638048289321579, "val_acc_individual": 0.9499539806718822, "train_time_millis": 26680.998860989348, "eval_time_millis": 8555.418113988708}, "Epoch7": {"train_loss_means": 0.007902281358838081, "val_loss_mean": 0.09521263092756271, "val_f1_majority_bin": 0.389873417721519, "val_f1_majority_macro": 0.6821651137362232, "val_acc_majority": 0.9509664292980672, "val_f1_individual_binary": 0.35747303543913717, "val_f1_individual_macro": 0.6662775992851497, "val_acc_individual": 0.9520248504371837, "train_time_millis": 26768.868286002544, "eval_time_millis": 8548.969298004522}, "Epoch8": {"train_loss_means": 0.007745348382741213, "val_loss_mean": 0.10533422231674194, "val_f1_majority_bin": 0.39620081411126185, "val_f1_majority_macro": 0.686342229176859, "val_acc_majority": 0.9547304170905392, "val_f1_individual_binary": 0.3645401822700912, "val_f1_individual_macro": 0.6708431372302156, "val_acc_individual": 0.9558789691670502, "train_time_millis": 26777.34306899947, "eval_time_millis": 8573.082687988062}, "Epoch9": {"train_loss_means": 0.007758534979075193, "val_loss_mean": 0.10537254065275192, "val_f1_majority_bin": 0.3956639566395664, "val_f1_majority_macro": 0.6860467547704755, "val_acc_majority": 0.9546286876907426, "val_f1_individual_binary": 0.3634854771784232, "val_f1_individual_macro": 0.6703164656100381, "val_acc_individual": 0.9558789691670502, "train_time_millis": 26743.78395700478, "eval_time_millis": 8562.245313994936}, "Test_results": {"test_f1_majority_binary": 0.39620081411126185, "test_f1_majority_macro": 0.686342229176859, "test_acc_majority": 0.9547304170905392, "test_f1_individual_binary": 0.3645401822700912, "test_f1_individual_macro": 0.6708431372302156, "test_acc_individual": 0.9558789691670502, "test_time_millis": 8546.326034993399, "dataset_size": 36623, "number_of_annotations": 63540, "train_size": 28770, "val_size": 17384, "test_size": 17386}}