{"Epoch0": {"train_loss_means": 0.1462470442056656, "val_loss_mean": 0.13759738206863403, "val_f1_majority_bin": 0.5954198473282443, "val_f1_majority_macro": 0.7410859920401905, "val_acc_majority": 0.8230383973288815, "val_f1_individual_binary": 0.5576923076923076, "val_f1_individual_macro": 0.7232234210771091, "val_acc_individual": 0.8222222222222222, "train_time_millis": 1606.714970999974, "eval_time_millis": 2953.097185000047}, "Epoch1": {"train_loss_means": 0.10270197689533234, "val_loss_mean": 0.12458890676498413, "val_f1_majority_bin": 0.6825396825396827, "val_f1_majority_macro": 0.7989865431725898, "val_acc_majority": 0.8664440734557596, "val_f1_individual_binary": 0.6363636363636364, "val_f1_individual_macro": 0.7751710654936461, "val_acc_individual": 0.8608695652173913, "train_time_millis": 1592.584755999951, "eval_time_millis": 2440.9205560000373}, "Epoch2": {"train_loss_means": 0.08141312003135681, "val_loss_mean": 0.1279863715171814, "val_f1_majority_bin": 0.6153846153846153, "val_f1_majority_macro": 0.739972217398854, "val_acc_majority": 0.7996661101836394, "val_f1_individual_binary": 0.552, "val_f1_individual_macro": 0.7046624203821656, "val_acc_individual": 0.7835748792270532, "train_time_millis": 1577.519016999986, "eval_time_millis": 2432.880974999989}, "Epoch3": {"train_loss_means": 0.05051445588469505, "val_loss_mean": 0.15140186250209808, "val_f1_majority_bin": 0.6929824561403509, "val_f1_majority_macro": 0.8104087538433713, "val_acc_majority": 0.8831385642737897, "val_f1_individual_binary": 0.6590909090909091, "val_f1_individual_macro": 0.7946211239284581, "val_acc_individual": 0.8840579710144928, "train_time_millis": 1610.503437000034, "eval_time_millis": 2974.3149560000575}, "Epoch4": {"train_loss_means": 0.04470517858862877, "val_loss_mean": 0.1509903073310852, "val_f1_majority_bin": 0.7078189300411524, "val_f1_majority_macro": 0.8167366901514663, "val_acc_majority": 0.8814691151919867, "val_f1_individual_binary": 0.6612021857923498, "val_f1_individual_macro": 0.7942161163703533, "val_acc_individual": 0.8801932367149758, "train_time_millis": 1666.3492629999155, "eval_time_millis": 2949.6376320000763}, "Epoch5": {"train_loss_means": 0.03710244968533516, "val_loss_mean": 0.17149779200553894, "val_f1_majority_bin": 0.7219917012448133, "val_f1_majority_macro": 0.8259906259620096, "val_acc_majority": 0.8881469115191987, "val_f1_individual_binary": 0.6685236768802229, "val_f1_individual_macro": 0.7994868530514498, "val_acc_individual": 0.885024154589372, "train_time_millis": 1578.9447789999258, "eval_time_millis": 2963.986279999972}, "Epoch6": {"train_loss_means": 0.031669411808252335, "val_loss_mean": 0.16385504603385925, "val_f1_majority_bin": 0.7148936170212765, "val_f1_majority_macro": 0.822659684938468, "val_acc_majority": 0.8881469115191987, "val_f1_individual_binary": 0.6703910614525139, "val_f1_individual_macro": 0.8007329139038271, "val_acc_individual": 0.8859903381642512, "train_time_millis": 1566.8574250000802, "eval_time_millis": 2917.3492130000795}, "Epoch7": {"train_loss_means": 0.023613261058926582, "val_loss_mean": 0.2784155309200287, "val_f1_majority_bin": 0.6521739130434783, "val_f1_majority_macro": 0.7945287711174, "val_acc_majority": 0.8931552587646077, "val_f1_individual_binary": 0.6415094339622642, "val_f1_individual_macro": 0.7944389275074479, "val_acc_individual": 0.9082125603864735, "train_time_millis": 1539.541692000057, "eval_time_millis": 2842.2633249999762}, "Epoch8": {"train_loss_means": 0.022030243650078773, "val_loss_mean": 0.2410295158624649, "val_f1_majority_bin": 0.7352941176470588, "val_f1_majority_macro": 0.8404840809563261, "val_acc_majority": 0.9098497495826378, "val_f1_individual_binary": 0.6889632107023411, "val_f1_individual_macro": 0.8182252530078618, "val_acc_individual": 0.9101449275362319, "train_time_millis": 1676.489527000058, "eval_time_millis": 2967.6280050000514}, "Epoch9": {"train_loss_means": 0.016113806515932083, "val_loss_mean": 0.29060977697372437, "val_f1_majority_bin": 0.7015706806282722, "val_f1_majority_macro": 0.8224834535216832, "val_acc_majority": 0.9048414023372288, "val_f1_individual_binary": 0.6764705882352942, "val_f1_individual_macro": 0.8137636589674802, "val_acc_individual": 0.914975845410628, "train_time_millis": 1537.9893380001022, "eval_time_millis": 2939.877405000061}, "Test_results": {"test_f1_majority_binary": 0.7015706806282722, "test_f1_majority_macro": 0.8224834535216832, "test_acc_majority": 0.9048414023372288, "test_f1_individual_binary": 0.6764705882352942, "test_f1_individual_macro": 0.8137636589674802, "test_acc_individual": 0.914975845410628, "test_time_millis": 2951.005812999938, "dataset_size": 1527, "number_of_annotations": 2665, "train_size": 588, "val_size": 1035, "test_size": 1042}}