{"Epoch0": {"train_loss_means": 0.28723210096359253, "val_loss_mean": 0.2503949701786041, "val_f1_majority_bin": 0.7088068181818181, "val_f1_majority_macro": 0.7408928886036443, "val_acc_majority": 0.744866210329807, "val_f1_individual_binary": 0.6871345029239766, "val_f1_individual_macro": 0.7369935462827055, "val_acc_individual": 0.7464454976303317, "train_time_millis": 6443.649373999506, "eval_time_millis": 3920.706181997957}, "Epoch1": {"train_loss_means": 0.22157296538352966, "val_loss_mean": 0.25418323278427124, "val_f1_majority_bin": 0.6942277691107646, "val_f1_majority_macro": 0.7456646091930634, "val_acc_majority": 0.7560672059738643, "val_f1_individual_binary": 0.6795284030010718, "val_f1_individual_macro": 0.7462682665411862, "val_acc_individual": 0.7638230647709321, "train_time_millis": 6304.934065999987, "eval_time_millis": 3932.751193999138}, "Epoch2": {"train_loss_means": 0.18217143416404724, "val_loss_mean": 0.25549080967903137, "val_f1_majority_bin": 0.7212276214833759, "val_f1_majority_macro": 0.7284925986204758, "val_acc_majority": 0.7286869943995021, "val_f1_individual_binary": 0.6990376202974629, "val_f1_individual_macro": 0.7256887165562188, "val_acc_individual": 0.7282780410742496, "train_time_millis": 6300.793223002984, "eval_time_millis": 3910.218381002778}, "Epoch3": {"train_loss_means": 0.1534864902496338, "val_loss_mean": 0.26380059123039246, "val_f1_majority_bin": 0.718346253229974, "val_f1_majority_macro": 0.7283207856786125, "val_acc_majority": 0.7286869943995021, "val_f1_individual_binary": 0.6943462897526501, "val_f1_individual_macro": 0.7236017163048966, "val_acc_individual": 0.7266982622432859, "train_time_millis": 6257.107994999387, "eval_time_millis": 3898.9254140033154}, "Epoch4": {"train_loss_means": 0.13632315397262573, "val_loss_mean": 0.29467958211898804, "val_f1_majority_bin": 0.7112970711297071, "val_f1_majority_macro": 0.7393564007333928, "val_acc_majority": 0.7423771001866832, "val_f1_individual_binary": 0.6929657794676806, "val_f1_individual_macro": 0.7373612681122186, "val_acc_individual": 0.7448657187993681, "train_time_millis": 6317.235563998111, "eval_time_millis": 3905.303022998851}, "Epoch5": {"train_loss_means": 0.11839108169078827, "val_loss_mean": 0.3398779034614563, "val_f1_majority_bin": 0.702621722846442, "val_f1_majority_macro": 0.7456695628601555, "val_acc_majority": 0.7529558182949595, "val_f1_individual_binary": 0.6847770374167094, "val_f1_individual_macro": 0.7436092061481234, "val_acc_individual": 0.7571090047393365, "train_time_millis": 6250.978652002232, "eval_time_millis": 3921.9790380011545}, "Epoch6": {"train_loss_means": 0.11001510173082352, "val_loss_mean": 0.34002867341041565, "val_f1_majority_bin": 0.7167955024595923, "val_f1_majority_macro": 0.7458907718886459, "val_acc_majority": 0.7492221530802738, "val_f1_individual_binary": 0.6958193176357521, "val_f1_individual_macro": 0.7418084184558245, "val_acc_individual": 0.75, "train_time_millis": 6339.799696994305, "eval_time_millis": 3940.371197000786}, "Epoch7": {"train_loss_means": 0.10076117515563965, "val_loss_mean": 0.36126962304115295, "val_f1_majority_bin": 0.7076700434153401, "val_f1_majority_macro": 0.7435730129740457, "val_acc_majority": 0.7485998755444928, "val_f1_individual_binary": 0.6910891089108911, "val_f1_individual_macro": 0.7430478396065625, "val_acc_individual": 0.7535545023696683, "train_time_millis": 6356.686097002239, "eval_time_millis": 3899.0337470022496}, "Epoch8": {"train_loss_means": 0.0947050005197525, "val_loss_mean": 0.3963219225406647, "val_f1_majority_bin": 0.7064973861090367, "val_f1_majority_macro": 0.7484486930545184, "val_acc_majority": 0.7554449284380834, "val_f1_individual_binary": 0.6911689637570189, "val_f1_individual_macro": 0.7481609714115207, "val_acc_individual": 0.7610584518167457, "train_time_millis": 6333.940999000333, "eval_time_millis": 3942.707144000451}, "Epoch9": {"train_loss_means": 0.09078437089920044, "val_loss_mean": 0.42233872413635254, "val_f1_majority_bin": 0.7093889716840537, "val_f1_majority_macro": 0.7505278191753602, "val_acc_majority": 0.7573117610454263, "val_f1_individual_binary": 0.6945010183299389, "val_f1_individual_macro": 0.7504763156165823, "val_acc_individual": 0.7630331753554502, "train_time_millis": 6326.5118899944355, "eval_time_millis": 3947.0160310011124}, "Test_results": {"test_f1_majority_binary": 0.7093889716840537, "test_f1_majority_macro": 0.7505278191753602, "test_acc_majority": 0.7573117610454263, "test_f1_individual_binary": 0.6945010183299389, "test_f1_individual_macro": 0.7504763156165823, "test_acc_individual": 0.7630331753554502, "test_time_millis": 3935.5576599991764, "dataset_size": 5373, "number_of_annotations": 8563, "train_size": 3458, "val_size": 2532, "test_size": 2573}}