{"Epoch0": {"train_loss_means": 0.965695321559906, "val_loss_mean": 0.9315907955169678, "val_f1_majority_bin": 0.0, "val_f1_majority_macro": 0.4231754161331626, "val_acc_majority": 0.7336292862892151, "val_f1_individual_binary": 0.12169311940670013, "val_f1_individual_macro": 0.483348895113601, "val_acc_individual": 0.7365079522132874, "train_acc_means": 0.7233276963233948, "train_time_millis": 12129.096172051504, "eval_time_millis": 1737.2789940563962}, "Epoch1": {"train_loss_means": 0.9305053949356079, "val_loss_mean": 0.8841295838356018, "val_f1_majority_bin": 0.31265509128570557, "val_f1_majority_macro": 0.5573282582206006, "val_acc_majority": 0.6925638318061829, "val_f1_individual_binary": 0.3732876777648926, "val_f1_individual_macro": 0.5921190422280086, "val_acc_individual": 0.7095237970352173, "train_acc_means": 0.71421217918396, "train_time_millis": 11979.793531936593, "eval_time_millis": 1720.3463580226526}, "Epoch2": {"train_loss_means": 0.7955583930015564, "val_loss_mean": 0.9524209499359131, "val_f1_majority_bin": 0.3204134404659271, "val_f1_majority_macro": 0.5672738561554405, "val_acc_majority": 0.7081021070480347, "val_f1_individual_binary": 0.33521658182144165, "val_f1_individual_macro": 0.5788702269260594, "val_acc_individual": 0.7198412418365479, "train_acc_means": 0.7694864273071289, "train_time_millis": 11981.554102967493, "eval_time_millis": 1728.3855179557577}, "Test_results": {"test_f1_majority_binary": 0.3444976210594177, "test_f1_majority_macro": 0.5748092590197853, "test_acc_majority": 0.6995614171028137, "test_f1_individual_binary": 0.4026186466217041, "test_f1_individual_macro": 0.6073824118304578, "test_acc_individual": 0.7141738533973694, "test_time_millis": 1742.034605005756, "dataset_size": 4619, "number_of_annotations": 6594}}