{"Epoch0": {"train_loss_means": 1.8022783994674683, "val_loss_mean": 1.7585198879241943, "val_f1_majority_bin": 0.0, "val_f1_majority_macro": 0.49364651520985753, "val_acc_majority": 0.9749049544334412, "val_f1_individual_binary": 0.0, "val_f1_individual_macro": 0.4920611584827992, "val_acc_individual": 0.9687409400939941, "train_acc_means": 0.8091881275177002, "train_time_millis": 11050.92902481556, "eval_time_millis": 2458.349812310189}, "Epoch1": {"train_loss_means": 1.7232884168624878, "val_loss_mean": 1.6830694675445557, "val_f1_majority_bin": 0.0, "val_f1_majority_macro": 0.49364651520985753, "val_acc_majority": 0.9749049544334412, "val_f1_individual_binary": 0.0, "val_f1_individual_macro": 0.4939953134153485, "val_acc_individual": 0.9762662649154663, "train_acc_means": 0.969174325466156, "train_time_millis": 11099.627845920622, "eval_time_millis": 2461.1827777698636}, "Epoch2": {"train_loss_means": 1.6557393074035645, "val_loss_mean": 1.6438276767730713, "val_f1_majority_bin": 0.0, "val_f1_majority_macro": 0.49364651520985753, "val_acc_majority": 0.9749049544334412, "val_f1_individual_binary": 0.0, "val_f1_individual_macro": 0.4939953134153485, "val_acc_individual": 0.9762662649154663, "train_acc_means": 0.9756476283073425, "train_time_millis": 11126.627953723073, "eval_time_millis": 2427.8494506143034}, "Epoch3": {"train_loss_means": 1.6086257696151733, "val_loss_mean": 1.6221648454666138, "val_f1_majority_bin": 0.0, "val_f1_majority_macro": 0.49364651520985753, "val_acc_majority": 0.9749049544334412, "val_f1_individual_binary": 0.0, "val_f1_individual_macro": 0.4939953134153485, "val_acc_individual": 0.9762662649154663, "train_acc_means": 0.9754883646965027, "train_time_millis": 11123.961759731174, "eval_time_millis": 2453.461257275194}, "Epoch4": {"train_loss_means": 1.5690364837646484, "val_loss_mean": 1.5842170715332031, "val_f1_majority_bin": 0.0, "val_f1_majority_macro": 0.49364651520985753, "val_acc_majority": 0.9749049544334412, "val_f1_individual_binary": 0.0, "val_f1_individual_macro": 0.4939953134153485, "val_acc_individual": 0.9762662649154663, "train_acc_means": 0.9753273129463196, "train_time_millis": 11129.356539342552, "eval_time_millis": 2469.104040879756}, "Epoch5": {"train_loss_means": 1.533872365951538, "val_loss_mean": 1.5733004808425903, "val_f1_majority_bin": 0.0, "val_f1_majority_macro": 0.49364651520985753, "val_acc_majority": 0.9749049544334412, "val_f1_individual_binary": 0.0, "val_f1_individual_macro": 0.4939953134153485, "val_acc_individual": 0.9762662649154663, "train_acc_means": 0.9755896329879761, "train_time_millis": 11131.314737256616, "eval_time_millis": 2467.297394759953}, "Epoch6": {"train_loss_means": 1.5047799348831177, "val_loss_mean": 1.6136560440063477, "val_f1_majority_bin": 0.0, "val_f1_majority_macro": 0.49364651520985753, "val_acc_majority": 0.9749049544334412, "val_f1_individual_binary": 0.0, "val_f1_individual_macro": 0.4939953134153485, "val_acc_individual": 0.9762662649154663, "train_acc_means": 0.9752850532531738, "train_time_millis": 11148.666037712246, "eval_time_millis": 2463.3518080227077}, "Test_results": {"test_f1_majority_binary": 0.0, "test_f1_majority_macro": 0.4935672514619883, "test_acc_majority": 0.974595844745636, "test_f1_individual_binary": 0.0, "test_f1_individual_macro": 0.4935258222949844, "test_acc_individual": 0.9744343161582947, "test_time_millis": 2473.5506419092417, "dataset_size": 6614, "number_of_annotations": 17374}}