{"Epoch0": {"train_loss_means": 0.02093573473393917, "val_loss_mean": 0.01454317569732666, "val_f1_majority_bin": 0.41111111111111104, "val_f1_majority_macro": 0.6972300764477956, "val_acc_majority": 0.9676138099602811, "val_f1_individual_binary": 0.34909909909909914, "val_f1_individual_macro": 0.6659967232695851, "val_acc_individual": 0.9666647442182363, "train_time_millis": 38829.077584901825, "eval_time_millis": 8614.973820978776}, "Epoch1": {"train_loss_means": 0.01200919784605503, "val_loss_mean": 0.016000326722860336, "val_f1_majority_bin": 0.42226487523992323, "val_f1_majority_macro": 0.7032598634712982, "val_acc_majority": 0.9693451471636623, "val_f1_individual_binary": 0.36321303841676367, "val_f1_individual_macro": 0.673519349274321, "val_acc_individual": 0.9684526212584348, "train_time_millis": 38798.671714030206, "eval_time_millis": 8654.244020930491}, "Epoch2": {"train_loss_means": 0.007659898139536381, "val_loss_mean": 0.018277281895279884, "val_f1_majority_bin": 0.30828025477707005, "val_f1_majority_macro": 0.6397392362836711, "val_acc_majority": 0.9446990528567064, "val_f1_individual_binary": 0.25816249050873197, "val_f1_individual_macro": 0.6144383988169091, "val_acc_individual": 0.9436530365072957, "train_time_millis": 38835.03070799634, "eval_time_millis": 8615.05440203473}, "Epoch3": {"train_loss_means": 0.005130640231072903, "val_loss_mean": 0.03286225348711014, "val_f1_majority_bin": 0.4622641509433963, "val_f1_majority_macro": 0.7251989017442078, "val_acc_majority": 0.9767797128017109, "val_f1_individual_binary": 0.4046920821114369, "val_f1_individual_macro": 0.6963747503156315, "val_acc_individual": 0.9765845781186919, "train_time_millis": 38821.04857102968, "eval_time_millis": 6623.031387920491}, "Epoch4": {"train_loss_means": 0.004494126886129379, "val_loss_mean": 0.034117914736270905, "val_f1_majority_bin": 0.4803921568627451, "val_f1_majority_macro": 0.7346838579425531, "val_acc_majority": 0.9784092066401874, "val_f1_individual_binary": 0.41041347626339975, "val_f1_individual_macro": 0.6995491334292752, "val_acc_individual": 0.9777957206297941, "train_time_millis": 38812.1095210081, "eval_time_millis": 8588.370303041302}, "Epoch5": {"train_loss_means": 0.00371545716188848, "val_loss_mean": 0.033841099590063095, "val_f1_majority_bin": 0.4267782426778243, "val_f1_majority_macro": 0.7062388081865113, "val_acc_majority": 0.9720949180160913, "val_f1_individual_binary": 0.36970474967907574, "val_f1_individual_macro": 0.6776102733026194, "val_acc_individual": 0.9716823346213738, "train_time_millis": 38831.02817193139, "eval_time_millis": 8598.213269957341}, "Epoch6": {"train_loss_means": 0.0033115982078015804, "val_loss_mean": 0.042460326105356216, "val_f1_majority_bin": 0.46700507614213194, "val_f1_majority_macro": 0.7280462919683846, "val_acc_majority": 0.9786128933699969, "val_f1_individual_binary": 0.410828025477707, "val_f1_individual_macro": 0.6999808262483983, "val_acc_individual": 0.9786608224234384, "train_time_millis": 38912.24999399856, "eval_time_millis": 6584.873348940164}, "Epoch7": {"train_loss_means": 0.003395389299839735, "val_loss_mean": 0.041091568768024445, "val_f1_majority_bin": 0.4720194647201947, "val_f1_majority_macro": 0.7303666263113118, "val_acc_majority": 0.9778999898156635, "val_f1_individual_binary": 0.4048706240487063, "val_f1_individual_macro": 0.69668886130274, "val_acc_individual": 0.9774496799123363, "train_time_millis": 38854.18425395619, "eval_time_millis": 6542.966068955138}, "Epoch8": {"train_loss_means": 0.0030719703063368797, "val_loss_mean": 0.042859070003032684, "val_f1_majority_bin": 0.4859335038363171, "val_f1_majority_macro": 0.7377451589426298, "val_acc_majority": 0.9795294836541399, "val_f1_individual_binary": 0.41733547351524874, "val_f1_individual_macro": 0.7033381228976919, "val_acc_individual": 0.9790645365938059, "train_time_millis": 38848.85923296679, "eval_time_millis": 6609.68586395029}, "Epoch9": {"train_loss_means": 0.0029264423064887524, "val_loss_mean": 0.048321548849344254, "val_f1_majority_bin": 0.5013927576601672, "val_f1_majority_macro": 0.7460540218613612, "val_acc_majority": 0.981770037682045, "val_f1_individual_binary": 0.43585237258347975, "val_f1_individual_macro": 0.7132206833453034, "val_acc_individual": 0.9814868216160102, "train_time_millis": 38825.97811589949, "eval_time_millis": 8586.236322065815}, "Test_results": {"test_f1_majority_binary": 0.5013927576601672, "test_f1_majority_macro": 0.7460540218613612, "test_acc_majority": 0.981770037682045, "test_f1_individual_binary": 0.43585237258347975, "test_f1_individual_macro": 0.7132206833453034, "test_acc_individual": 0.9814868216160102, "test_time_millis": 6620.9558779373765, "dataset_size": 42682, "number_of_annotations": 76069, "train_size": 41300, "val_size": 17339, "test_size": 17430}}