{"Epoch0": {"train_loss_means": 0.055939555168151855, "val_loss_mean": 0.05457407236099243, "val_f1_majority_bin": 0.4439655172413793, "val_f1_majority_macro": 0.7103653234621882, "val_acc_majority": 0.9553941908713693, "val_f1_individual_binary": 0.4053973013493253, "val_f1_individual_macro": 0.6890710959376614, "val_acc_individual": 0.947878883456868, "train_time_millis": 104897.8308339997, "eval_time_millis": 16121.269910999672}, "Epoch1": {"train_loss_means": 0.045612744987010956, "val_loss_mean": 0.048140447586774826, "val_f1_majority_bin": 0.5308988764044944, "val_f1_majority_macro": 0.7580020603927573, "val_acc_majority": 0.9711272475795297, "val_f1_individual_binary": 0.4329339002705837, "val_f1_individual_macro": 0.7064880371361761, "val_acc_individual": 0.9614414130263366, "train_time_millis": 104964.07742000019, "eval_time_millis": 16118.024552999941}, "Epoch2": {"train_loss_means": 0.04067393019795418, "val_loss_mean": 0.04992617666721344, "val_f1_majority_bin": 0.5026595744680851, "val_f1_majority_macro": 0.7429756056757866, "val_acc_majority": 0.9676694329183956, "val_f1_individual_binary": 0.4208211143695014, "val_f1_individual_macro": 0.6996423329875967, "val_acc_individual": 0.958471324186511, "train_time_millis": 104990.26622599967, "eval_time_millis": 16101.53887999968}, "Epoch3": {"train_loss_means": 0.036230672150850296, "val_loss_mean": 0.05183350294828415, "val_f1_majority_bin": 0.46450060168471724, "val_f1_majority_macro": 0.7222749589907559, "val_acc_majority": 0.9615318118948825, "val_f1_individual_binary": 0.40279627163781623, "val_f1_individual_macro": 0.6891252592865088, "val_acc_individual": 0.9528465541712664, "train_time_millis": 105117.73831800019, "eval_time_millis": 16111.17489300068}, "Epoch4": {"train_loss_means": 0.03245764225721359, "val_loss_mean": 0.0537596270442009, "val_f1_majority_bin": 0.42605997931747674, "val_f1_majority_macro": 0.7005125102956637, "val_acc_majority": 0.9520228215767634, "val_f1_individual_binary": 0.38635049161364954, "val_f1_individual_macro": 0.6785677617084687, "val_acc_individual": 0.9442254113441624, "train_time_millis": 104957.51362200009, "eval_time_millis": 16126.322275999883}, "Epoch5": {"train_loss_means": 0.029415996745228767, "val_loss_mean": 0.05789871886372566, "val_f1_majority_bin": 0.3992248062015503, "val_f1_majority_macro": 0.6855877921706268, "val_acc_majority": 0.9464038727524204, "val_f1_individual_binary": 0.3732756288882878, "val_f1_individual_macro": 0.6706353280845887, "val_acc_individual": 0.9391000367975608, "train_time_millis": 104948.08536299934, "eval_time_millis": 15769.582881000133}, "Epoch6": {"train_loss_means": 0.027382925152778625, "val_loss_mean": 0.06059018895030022, "val_f1_majority_bin": 0.3939393939393939, "val_f1_majority_macro": 0.6824769433465085, "val_acc_majority": 0.9446749654218534, "val_f1_individual_binary": 0.36907598623245963, "val_f1_individual_macro": 0.6680614668077185, "val_acc_individual": 0.9373652946433265, "train_time_millis": 104877.84696099971, "eval_time_millis": 16139.972265000324}, "Epoch7": {"train_loss_means": 0.026050342246890068, "val_loss_mean": 0.06570731848478317, "val_f1_majority_bin": 0.41067761806981523, "val_f1_majority_macro": 0.6923887142781168, "val_acc_majority": 0.9503803596127247, "val_f1_individual_binary": 0.3749642755072878, "val_f1_individual_macro": 0.6724187018851717, "val_acc_individual": 0.9425169531619618, "train_time_millis": 104838.63885300071, "eval_time_millis": 16145.617488000426}, "Epoch8": {"train_loss_means": 0.025249170139431953, "val_loss_mean": 0.06639468669891357, "val_f1_majority_bin": 0.4035964035964036, "val_f1_majority_macro": 0.6883127714842194, "val_acc_majority": 0.9483921161825726, "val_f1_individual_binary": 0.37193763919821826, "val_f1_individual_macro": 0.670410198909454, "val_acc_individual": 0.940703359091626, "train_time_millis": 104865.517059, "eval_time_millis": 16137.997939000343}, "Epoch9": {"train_loss_means": 0.024608351290225983, "val_loss_mean": 0.06949039548635483, "val_f1_majority_bin": 0.4157782515991471, "val_f1_majority_macro": 0.6955456714343154, "val_acc_majority": 0.9526279391424619, "val_f1_individual_binary": 0.3793716656787196, "val_f1_individual_macro": 0.675287747083426, "val_acc_individual": 0.9449613625611102, "train_time_millis": 104912.73907100003, "eval_time_millis": 16159.88857999946}, "Test_results": {"test_f1_majority_binary": 0.5308988764044944, "test_f1_majority_macro": 0.7580020603927573, "test_acc_majority": 0.9711272475795297, "test_f1_individual_binary": 0.4329339002705837, "test_f1_individual_macro": 0.7064880371361761, "test_acc_individual": 0.9614414130263366, "test_time_millis": 16166.154131999974, "dataset_size": 57855, "number_of_annotations": 190068, "train_size": 114035, "val_size": 38046, "test_size": 37987}}