{"Epoch0": {"train_loss_means": 0.025945277884602547, "val_loss_mean": 0.017731335014104843, "val_f1_majority_bin": 0.38585209003215437, "val_f1_majority_macro": 0.6844597329593396, "val_acc_majority": 0.9670433957380726, "val_f1_individual_binary": 0.3833619210977701, "val_f1_individual_macro": 0.6822559022157701, "val_acc_individual": 0.96341804675774, "train_time_millis": 30107.576427981257, "eval_time_millis": 15421.578436973505}, "Epoch1": {"train_loss_means": 0.015511845238506794, "val_loss_mean": 0.01918714866042137, "val_f1_majority_bin": 0.3674074074074074, "val_f1_majority_macro": 0.6742177659954351, "val_acc_majority": 0.9631610732464844, "val_f1_individual_binary": 0.36276849642004777, "val_f1_individual_macro": 0.6708591772544894, "val_acc_individual": 0.9592459742043806, "train_time_millis": 30025.988013017923, "eval_time_millis": 16611.039333045483}, "Epoch2": {"train_loss_means": 0.010556344874203205, "val_loss_mean": 0.02357383631169796, "val_f1_majority_bin": 0.3073110285006196, "val_f1_majority_macro": 0.641163894138578, "val_acc_majority": 0.9517729272711587, "val_f1_individual_binary": 0.3179831932773109, "val_f1_individual_macro": 0.6455799128080301, "val_acc_individual": 0.9483833218855733, "train_time_millis": 30382.20483099576, "eval_time_millis": 16562.479947926477}, "Epoch3": {"train_loss_means": 0.008498435840010643, "val_loss_mean": 0.026216939091682434, "val_f1_majority_bin": 0.25545171339563866, "val_f1_majority_macro": 0.6115910171460843, "val_acc_majority": 0.9381416616340263, "val_f1_individual_binary": 0.27523457492180836, "val_f1_individual_macro": 0.6206468077069729, "val_acc_individual": 0.9351547991554097, "train_time_millis": 30149.998306063935, "eval_time_millis": 16470.933877979405}, "Epoch4": {"train_loss_means": 0.007104933727532625, "val_loss_mean": 0.029573485255241394, "val_f1_majority_bin": 0.27424749163879597, "val_f1_majority_macro": 0.6225175084399948, "val_acc_majority": 0.9438357346216892, "val_f1_individual_binary": 0.28746177370030584, "val_f1_individual_macro": 0.6282692953016048, "val_acc_individual": 0.9407260423821516, "train_time_millis": 30171.632849029265, "eval_time_millis": 16244.59326802753}, "Epoch5": {"train_loss_means": 0.006559254135936499, "val_loss_mean": 0.040008366107940674, "val_f1_majority_bin": 0.3681747269890796, "val_f1_majority_macro": 0.6751037336644523, "val_acc_majority": 0.9650590975757053, "val_f1_individual_binary": 0.3627984918307499, "val_f1_individual_macro": 0.6714229895367364, "val_acc_individual": 0.9613065710142715, "train_time_millis": 30051.57790798694, "eval_time_millis": 16265.963986050338}, "Epoch6": {"train_loss_means": 0.006318986881524324, "val_loss_mean": 0.04344310611486435, "val_f1_majority_bin": 0.3614457831325301, "val_f1_majority_macro": 0.6713082010964186, "val_acc_majority": 0.9634198947459236, "val_f1_individual_binary": 0.3539894694208181, "val_f1_individual_macro": 0.6665218460316346, "val_acc_individual": 0.9594240504719022, "train_time_millis": 30027.79348299373, "eval_time_millis": 16621.942008961923}, "Epoch7": {"train_loss_means": 0.006023355759680271, "val_loss_mean": 0.047160081565380096, "val_f1_majority_bin": 0.3780290791599354, "val_f1_majority_macro": 0.6804828726916993, "val_acc_majority": 0.9667845742386334, "val_f1_individual_binary": 0.36787564766839376, "val_f1_individual_macro": 0.6743443662577244, "val_acc_individual": 0.9627566206212318, "train_time_millis": 30064.788629999384, "eval_time_millis": 16567.944127949886}, "Epoch8": {"train_loss_means": 0.006003694608807564, "val_loss_mean": 0.04837764799594879, "val_f1_majority_bin": 0.40989399293286216, "val_f1_majority_macro": 0.6975628436542627, "val_acc_majority": 0.9711845397291001, "val_f1_individual_binary": 0.3893557422969187, "val_f1_individual_macro": 0.686126168653559, "val_acc_individual": 0.9667251774402809, "train_time_millis": 30146.501048933715, "eval_time_millis": 14479.767239070497}, "Epoch9": {"train_loss_means": 0.0058220503851771355, "val_loss_mean": 0.04896590858697891, "val_f1_majority_bin": 0.4106194690265487, "val_f1_majority_macro": 0.6979480154523909, "val_acc_majority": 0.9712708135622465, "val_f1_individual_binary": 0.3899018232819075, "val_f1_individual_macro": 0.6864191578261811, "val_acc_individual": 0.9668014958406472, "train_time_millis": 30205.583536997437, "eval_time_millis": 16251.9359679427}, "Test_results": {"test_f1_majority_binary": 0.4106194690265487, "test_f1_majority_macro": 0.6979480154523909, "test_acc_majority": 0.9712708135622465, "test_f1_individual_binary": 0.3899018232819075, "test_f1_individual_macro": 0.6864191578261811, "test_acc_individual": 0.9668014958406472, "test_time_millis": 16463.72063003946, "dataset_size": 32245, "number_of_annotations": 111721, "train_size": 33000, "val_size": 39309, "test_size": 39412}}