{"Epoch0": {"train_loss_means": 0.1432562917470932, "val_loss_mean": 0.1151634007692337, "val_f1_majority_bin": 0.6513157894736842, "val_f1_majority_macro": 0.7663737784057458, "val_acc_majority": 0.8230383973288815, "val_f1_individual_binary": 0.5945945945945946, "val_f1_individual_macro": 0.7359379517969826, "val_acc_individual": 0.8115942028985508, "train_time_millis": 3902.6368120000825, "eval_time_millis": 2052.5320839999495}, "Epoch1": {"train_loss_means": 0.09751439094543457, "val_loss_mean": 0.09327153861522675, "val_f1_majority_bin": 0.7153846153846154, "val_f1_majority_macro": 0.81824667869444, "val_acc_majority": 0.8764607679465777, "val_f1_individual_binary": 0.6732673267326733, "val_f1_individual_macro": 0.7970178170278013, "val_acc_individual": 0.8724637681159421, "train_time_millis": 3897.86613199999, "eval_time_millis": 2935.6961749999755}, "Epoch2": {"train_loss_means": 0.07146167010068893, "val_loss_mean": 0.07699111849069595, "val_f1_majority_bin": 0.7210884353741498, "val_f1_majority_macro": 0.81519023538619, "val_acc_majority": 0.8631051752921536, "val_f1_individual_binary": 0.6846846846846846, "val_f1_individual_macro": 0.7992919118380373, "val_acc_individual": 0.8647342995169082, "train_time_millis": 3860.109106000209, "eval_time_millis": 1884.0733319998435}, "Epoch3": {"train_loss_means": 0.0503852516412735, "val_loss_mean": 0.07356466352939606, "val_f1_majority_bin": 0.8016194331983806, "val_f1_majority_macro": 0.8750473611838381, "val_acc_majority": 0.9181969949916527, "val_f1_individual_binary": 0.7560321715817694, "val_f1_individual_macro": 0.8512040645769778, "val_acc_individual": 0.9120772946859903, "train_time_millis": 3982.169469000155, "eval_time_millis": 2969.163169000012}, "Epoch4": {"train_loss_means": 0.03446933627128601, "val_loss_mean": 0.09363055229187012, "val_f1_majority_bin": 0.8144796380090498, "val_f1_majority_macro": 0.8862572192092331, "val_acc_majority": 0.9315525876460768, "val_f1_individual_binary": 0.7889908256880735, "val_f1_individual_macro": 0.8747019532915411, "val_acc_individual": 0.9333333333333333, "train_time_millis": 3784.3338550001135, "eval_time_millis": 2958.016886999985}, "Epoch5": {"train_loss_means": 0.023992352187633514, "val_loss_mean": 0.13207265734672546, "val_f1_majority_bin": 0.7942583732057417, "val_f1_majority_macro": 0.8753900561680883, "val_acc_majority": 0.9282136894824707, "val_f1_individual_binary": 0.7722772277227722, "val_f1_individual_macro": 0.8666139958647817, "val_acc_individual": 0.9333333333333333, "train_time_millis": 3767.815773000166, "eval_time_millis": 2947.2532319998663}, "Epoch6": {"train_loss_means": 0.017955416813492775, "val_loss_mean": 0.11494584381580353, "val_f1_majority_bin": 0.8, "val_f1_majority_macro": 0.8762396694214876, "val_acc_majority": 0.9232053422370617, "val_f1_individual_binary": 0.7787610619469026, "val_f1_individual_macro": 0.8677167528105396, "val_acc_individual": 0.927536231884058, "train_time_millis": 3963.780670999995, "eval_time_millis": 1980.9526779999942}, "Epoch7": {"train_loss_means": 0.017057646065950394, "val_loss_mean": 0.1316012442111969, "val_f1_majority_bin": 0.8018018018018017, "val_f1_majority_macro": 0.8783599172943435, "val_acc_majority": 0.9265442404006677, "val_f1_individual_binary": 0.7861635220125787, "val_f1_individual_macro": 0.8736753683122254, "val_acc_individual": 0.9342995169082126, "train_time_millis": 3960.642230999838, "eval_time_millis": 2898.4573570000975}, "Epoch8": {"train_loss_means": 0.013249645940959454, "val_loss_mean": 0.15649844706058502, "val_f1_majority_bin": 0.7850467289719627, "val_f1_majority_macro": 0.8691493807461439, "val_acc_majority": 0.9232053422370617, "val_f1_individual_binary": 0.7557003257328991, "val_f1_individual_macro": 0.8565796013236249, "val_acc_individual": 0.927536231884058, "train_time_millis": 3779.1164669999944, "eval_time_millis": 2036.821517999897}, "Epoch9": {"train_loss_means": 0.012353165075182915, "val_loss_mean": 0.1719539910554886, "val_f1_majority_bin": 0.7850467289719627, "val_f1_majority_macro": 0.8691493807461439, "val_acc_majority": 0.9232053422370617, "val_f1_individual_binary": 0.7557003257328991, "val_f1_individual_macro": 0.8565796013236249, "val_acc_individual": 0.927536231884058, "train_time_millis": 3850.446379999994, "eval_time_millis": 2954.0843419999874}, "Test_results": {"test_f1_majority_binary": 0.8018018018018017, "test_f1_majority_macro": 0.8783599172943435, "test_acc_majority": 0.9265442404006677, "test_f1_individual_binary": 0.7861635220125787, "test_f1_individual_macro": 0.8736753683122254, "test_acc_individual": 0.9342995169082126, "test_time_millis": 2795.38525199996, "dataset_size": 2025, "number_of_annotations": 3549, "train_size": 1472, "val_size": 1035, "test_size": 1042}}