{"Epoch0": {"train_loss_means": 0.2639394700527191, "val_loss_mean": 0.252487450838089, "val_f1_majority_bin": 0.7109737248840803, "val_f1_majority_macro": 0.7473943768929072, "val_acc_majority": 0.7526455026455027, "val_f1_individual_binary": 0.6993006993006993, "val_f1_individual_macro": 0.746703756648508, "val_acc_individual": 0.7555749890686488, "train_time_millis": 13726.766776002478, "eval_time_millis": 3692.491223999241}, "Epoch1": {"train_loss_means": 0.20629148185253143, "val_loss_mean": 0.24541489779949188, "val_f1_majority_bin": 0.7696404793608522, "val_f1_majority_macro": 0.7711540110339083, "val_acc_majority": 0.7711640211640212, "val_f1_individual_binary": 0.7355257063455303, "val_f1_individual_macro": 0.7495433914750426, "val_acc_individual": 0.75032794053345, "train_time_millis": 13754.301671004214, "eval_time_millis": 2409.7657579986844}, "Epoch2": {"train_loss_means": 0.17048345506191254, "val_loss_mean": 0.2554265260696411, "val_f1_majority_bin": 0.7548690396239086, "val_f1_majority_macro": 0.7585420116686318, "val_acc_majority": 0.7585978835978836, "val_f1_individual_binary": 0.7275280898876406, "val_f1_individual_macro": 0.7444039136886932, "val_acc_individual": 0.7455181460428509, "train_time_millis": 13719.974378996994, "eval_time_millis": 3683.6001120027504}, "Epoch3": {"train_loss_means": 0.14269545674324036, "val_loss_mean": 0.26828473806381226, "val_f1_majority_bin": 0.7615849563465412, "val_f1_majority_macro": 0.7651572990201763, "val_acc_majority": 0.7652116402116402, "val_f1_individual_binary": 0.7304104477611941, "val_f1_individual_macro": 0.7462751827283336, "val_acc_individual": 0.7472671622212506, "train_time_millis": 13775.342205997731, "eval_time_millis": 3683.411938000063}, "Epoch4": {"train_loss_means": 0.12259640544652939, "val_loss_mean": 0.2962878346443176, "val_f1_majority_bin": 0.7343976777939042, "val_f1_majority_macro": 0.7560202240731368, "val_acc_majority": 0.7579365079365079, "val_f1_individual_binary": 0.7146451937594364, "val_f1_individual_macro": 0.7477362033737267, "val_acc_individual": 0.7520769567118496, "train_time_millis": 13746.85932000284, "eval_time_millis": 3686.644357003388}, "Epoch5": {"train_loss_means": 0.1055712029337883, "val_loss_mean": 0.33232882618904114, "val_f1_majority_bin": 0.7426218256691832, "val_f1_majority_macro": 0.7516555203649042, "val_acc_majority": 0.751984126984127, "val_f1_individual_binary": 0.7204198473282443, "val_f1_individual_macro": 0.7419694071185208, "val_acc_individual": 0.7437691298644512, "train_time_millis": 13824.534699000651, "eval_time_millis": 3724.449455003196}, "Epoch6": {"train_loss_means": 0.09839759767055511, "val_loss_mean": 0.35702502727508545, "val_f1_majority_bin": 0.7475035663338088, "val_f1_majority_macro": 0.7646272455590128, "val_acc_majority": 0.7658730158730159, "val_f1_individual_binary": 0.7217004448838359, "val_f1_individual_macro": 0.7505013396508556, "val_acc_individual": 0.7538259728902492, "train_time_millis": 13823.540628000046, "eval_time_millis": 3657.356035000703}, "Epoch7": {"train_loss_means": 0.08988166600465775, "val_loss_mean": 0.3694159686565399, "val_f1_majority_bin": 0.7515485203028217, "val_f1_majority_macro": 0.7608792887955865, "val_acc_majority": 0.7612433862433863, "val_f1_individual_binary": 0.7259684361549499, "val_f1_individual_macro": 0.7475996026928595, "val_acc_individual": 0.7494534324442501, "train_time_millis": 13844.269815002917, "eval_time_millis": 3709.59633399616}, "Epoch8": {"train_loss_means": 0.0815385952591896, "val_loss_mean": 0.42239487171173096, "val_f1_majority_bin": 0.7298091042584435, "val_f1_majority_macro": 0.7541945641629161, "val_acc_majority": 0.7566137566137566, "val_f1_individual_binary": 0.7087576374745417, "val_f1_individual_macro": 0.7448002746759681, "val_acc_individual": 0.74989068648885, "train_time_millis": 13815.346430004865, "eval_time_millis": 3708.3570969989523}, "Epoch9": {"train_loss_means": 0.07622772455215454, "val_loss_mean": 0.4566774368286133, "val_f1_majority_bin": 0.7302052785923753, "val_f1_majority_macro": 0.7542592658022118, "val_acc_majority": 0.7566137566137566, "val_f1_individual_binary": 0.7100050787201625, "val_f1_individual_macro": 0.7454056103773556, "val_acc_individual": 0.75032794053345, "train_time_millis": 13805.701751996821, "eval_time_millis": 2987.037881001015}, "Test_results": {"test_f1_majority_binary": 0.7475035663338088, "test_f1_majority_macro": 0.7646272455590128, "test_acc_majority": 0.7658730158730159, "test_f1_individual_binary": 0.7217004448838359, "test_f1_individual_macro": 0.7505013396508556, "test_acc_individual": 0.7538259728902492, "test_time_millis": 3696.1885140044615, "dataset_size": 7589, "number_of_annotations": 11483, "train_size": 6908, "val_size": 2287, "test_size": 2288}}