{"Epoch0": {"train_loss_means": 1.87156081199646, "val_loss_mean": 1.501813292503357, "val_f1_majority_bin": 0.0, "val_f1_majority_macro": 0.4946480842326008, "val_acc_majority": 0.9788190722465515, "val_f1_individual_binary": 0.12057667225599289, "val_f1_individual_macro": 0.551288630589986, "val_acc_individual": 0.9647232294082642, "train_acc_means": 0.9328564405441284, "train_time_millis": 197419.70558278263, "eval_time_millis": 36283.43814332038}, "Epoch1": {"train_loss_means": 1.2133123874664307, "val_loss_mean": 1.0550910234451294, "val_f1_majority_bin": 0.39419087767601013, "val_f1_majority_macro": 0.6839244839480664, "val_acc_majority": 0.9495115280151367, "val_f1_individual_binary": 0.37560009956359863, "val_f1_individual_macro": 0.6725608190634127, "val_acc_individual": 0.9418800473213196, "train_acc_means": 0.9437124729156494, "train_time_millis": 198378.62938083708, "eval_time_millis": 35841.8891900219}, "Epoch2": {"train_loss_means": 0.930015504360199, "val_loss_mean": 1.0020710229873657, "val_f1_majority_bin": 0.3854922354221344, "val_f1_majority_macro": 0.6793715819854874, "val_acc_majority": 0.9487334489822388, "val_f1_individual_binary": 0.3845711052417755, "val_f1_individual_macro": 0.6775630597833537, "val_acc_individual": 0.9437989592552185, "train_acc_means": 0.9486185908317566, "train_time_millis": 199115.35839736462, "eval_time_millis": 35826.564653776586}, "Epoch3": {"train_loss_means": 0.7821503281593323, "val_loss_mean": 0.9739186763763428, "val_f1_majority_bin": 0.3648269474506378, "val_f1_majority_macro": 0.6670271120469181, "val_acc_majority": 0.9412985444068909, "val_f1_individual_binary": 0.37347203493118286, "val_f1_individual_macro": 0.6700622019549288, "val_acc_individual": 0.9366752505302429, "train_acc_means": 0.9528560042381287, "train_time_millis": 199333.86205602437, "eval_time_millis": 35885.91964915395}, "Epoch4": {"train_loss_means": 0.6816477179527283, "val_loss_mean": 0.986836850643158, "val_f1_majority_bin": 0.3697967231273651, "val_f1_majority_macro": 0.6701705139386271, "val_acc_majority": 0.943719208240509, "val_f1_individual_binary": 0.387506902217865, "val_f1_individual_macro": 0.6784635258773002, "val_acc_individual": 0.9417486190795898, "train_acc_means": 0.9569295644760132, "train_time_millis": 199268.06469494477, "eval_time_millis": 35846.54011763632}, "Epoch5": {"train_loss_means": 0.6091283559799194, "val_loss_mean": 1.02041757106781, "val_f1_majority_bin": 0.4035281240940094, "val_f1_majority_macro": 0.6895941738568104, "val_acc_majority": 0.9532290101051331, "val_f1_individual_binary": 0.4033457338809967, "val_f1_individual_macro": 0.6884550080558156, "val_acc_individual": 0.9493717551231384, "train_acc_means": 0.960247814655304, "train_time_millis": 198924.4415536523, "eval_time_millis": 36137.67740596086}, "Test_results": {"test_f1_majority_binary": 0.4229075014591217, "test_f1_majority_macro": 0.699665748452719, "test_acc_majority": 0.9546987414360046, "test_f1_individual_binary": 0.4033983647823334, "test_f1_individual_macro": 0.6886409709053942, "test_acc_individual": 0.9499577879905701, "test_time_millis": 35713.1317849271, "dataset_size": 57855, "number_of_annotations": 190068}}