{"Epoch0": {"train_loss_means": 0.603689432144165, "val_loss_mean": 0.6000313758850098, "val_f1_majority_bin": 0.0, "val_f1_majority_macro": 0.48776978417266187, "val_acc_majority": 0.9522472023963928, "val_f1_individual_binary": 0.0, "val_f1_individual_macro": 0.48893685914732865, "val_acc_individual": 0.9567053914070129, "train_acc_means": 0.8115808963775635, "train_time_millis": 8082.189809996635, "eval_time_millis": 1151.0371320036938}, "Epoch1": {"train_loss_means": 0.4848703444004059, "val_loss_mean": 0.5389755964279175, "val_f1_majority_bin": 0.0, "val_f1_majority_macro": 0.48776978417266187, "val_acc_majority": 0.9522472023963928, "val_f1_individual_binary": 0.0, "val_f1_individual_macro": 0.48893685914732865, "val_acc_individual": 0.9567053914070129, "train_acc_means": 0.9595588445663452, "train_time_millis": 8076.661227998557, "eval_time_millis": 1148.6090340040391}, "Epoch2": {"train_loss_means": 0.34140288829803467, "val_loss_mean": 0.5839210152626038, "val_f1_majority_bin": 0.2978723347187042, "val_f1_majority_macro": 0.6369535994066657, "val_acc_majority": 0.9536516666412354, "val_f1_individual_binary": 0.2857142984867096, "val_f1_individual_macro": 0.6319757500388621, "val_acc_individual": 0.9577613472938538, "train_acc_means": 0.9614991545677185, "train_time_millis": 8072.06291599141, "eval_time_millis": 1144.9828940094449}, "Epoch3": {"train_loss_means": 0.20766980946063995, "val_loss_mean": 0.6897761821746826, "val_f1_majority_bin": 0.3265306055545807, "val_f1_majority_macro": 0.6512653061224489, "val_acc_majority": 0.9536516666412354, "val_f1_individual_binary": 0.2950819730758667, "val_f1_individual_macro": 0.6358115782601308, "val_acc_individual": 0.9545934796333313, "train_acc_means": 0.9756433963775635, "train_time_millis": 8074.921787992935, "eval_time_millis": 1147.601853008382}, "Test_results": {"test_f1_majority_binary": 0.23529411852359772, "test_f1_majority_macro": 0.6076930006305739, "test_acc_majority": 0.9611940383911133, "test_f1_individual_binary": 0.23255814611911774, "test_f1_individual_macro": 0.6065902852694971, "test_acc_individual": 0.962199330329895, "test_time_millis": 1075.5939960072283, "dataset_size": 3551, "number_of_annotations": 3551}}