{"Epoch0": {"train_loss_means": 0.05761995166540146, "val_loss_mean": 0.05864545702934265, "val_f1_majority_bin": 0.19999999999999998, "val_f1_majority_macro": 0.5727582292849035, "val_acc_majority": 0.89798087141339, "val_f1_individual_binary": 0.19047619047619044, "val_f1_individual_macro": 0.5687032357167633, "val_acc_individual": 0.900390625, "train_time_millis": 4531.516441000349, "eval_time_millis": 1688.0327959997885}, "Epoch1": {"train_loss_means": 0.04404338076710701, "val_loss_mean": 0.05086321756243706, "val_f1_majority_bin": 0.25165562913907286, "val_f1_majority_macro": 0.5543088272277643, "val_acc_majority": 0.7598299681190224, "val_f1_individual_binary": 0.2194616977225673, "val_f1_individual_macro": 0.5369228148713261, "val_acc_individual": 0.7545572916666666, "train_time_millis": 4514.204827999492, "eval_time_millis": 2711.25238500008}, "Epoch2": {"train_loss_means": 0.0312989316880703, "val_loss_mean": 0.057608380913734436, "val_f1_majority_bin": 0.2885572139303483, "val_f1_majority_macro": 0.601744401135311, "val_acc_majority": 0.8480340063761955, "val_f1_individual_binary": 0.25153374233128833, "val_f1_individual_macro": 0.5813386118794096, "val_acc_individual": 0.8411458333333334, "train_time_millis": 4506.403745000171, "eval_time_millis": 2698.6764660005065}, "Epoch3": {"train_loss_means": 0.02195746824145317, "val_loss_mean": 0.07701276242733002, "val_f1_majority_bin": 0.31901840490797545, "val_f1_majority_macro": 0.6272229895395025, "val_acc_majority": 0.8820403825717322, "val_f1_individual_binary": 0.2945736434108527, "val_f1_individual_macro": 0.6149485132477148, "val_acc_individual": 0.8815104166666666, "train_time_millis": 4516.251102999377, "eval_time_millis": 2696.5665400002763}, "Epoch4": {"train_loss_means": 0.01747705228626728, "val_loss_mean": 0.0980207696557045, "val_f1_majority_bin": 0.308641975308642, "val_f1_majority_macro": 0.6217628481194373, "val_acc_majority": 0.8809776833156217, "val_f1_individual_binary": 0.2901960784313725, "val_f1_individual_macro": 0.6129716636388315, "val_acc_individual": 0.8821614583333334, "train_time_millis": 4499.341579000429, "eval_time_millis": 2691.6100700000243}, "Epoch5": {"train_loss_means": 0.014326046220958233, "val_loss_mean": 0.12143224477767944, "val_f1_majority_bin": 0.302158273381295, "val_f1_majority_macro": 0.6232535486240955, "val_acc_majority": 0.8969181721572795, "val_f1_individual_binary": 0.2990654205607476, "val_f1_individual_macro": 0.6232905829185824, "val_acc_individual": 0.90234375, "train_time_millis": 4508.754157000112, "eval_time_millis": 2692.5505109993537}, "Epoch6": {"train_loss_means": 0.012456427328288555, "val_loss_mean": 0.13105462491512299, "val_f1_majority_bin": 0.30000000000000004, "val_f1_majority_macro": 0.6218714121699196, "val_acc_majority": 0.895855472901169, "val_f1_individual_binary": 0.29357798165137616, "val_f1_individual_macro": 0.6198093131802782, "val_acc_individual": 0.8997395833333334, "train_time_millis": 4526.236884999889, "eval_time_millis": 1675.4525879996436}, "Epoch7": {"train_loss_means": 0.01150380540639162, "val_loss_mean": 0.16296692192554474, "val_f1_majority_bin": 0.3148148148148148, "val_f1_majority_macro": 0.6365505866633262, "val_acc_majority": 0.9213602550478215, "val_f1_individual_binary": 0.3048780487804878, "val_f1_individual_macro": 0.6328379239775891, "val_acc_individual": 0.92578125, "train_time_millis": 4522.683066000354, "eval_time_millis": 2540.174165999815}, "Epoch8": {"train_loss_means": 0.010125343687832355, "val_loss_mean": 0.16998672485351562, "val_f1_majority_bin": 0.31304347826086953, "val_f1_majority_macro": 0.6341674663517138, "val_acc_majority": 0.9160467587672688, "val_f1_individual_binary": 0.304093567251462, "val_f1_individual_macro": 0.6315366147184577, "val_acc_individual": 0.9225260416666666, "train_time_millis": 4543.845284999406, "eval_time_millis": 2684.2781380000815}, "Epoch9": {"train_loss_means": 0.01010205503553152, "val_loss_mean": 0.16912652552127838, "val_f1_majority_bin": 0.3103448275862069, "val_f1_majority_macro": 0.6325223571679619, "val_acc_majority": 0.9149840595111584, "val_f1_individual_binary": 0.3236994219653179, "val_f1_individual_macro": 0.6416703387853495, "val_acc_individual": 0.923828125, "train_time_millis": 4520.171109999865, "eval_time_millis": 1968.4795800003485}, "Test_results": {"test_f1_majority_binary": 0.3148148148148148, "test_f1_majority_macro": 0.6365505866633262, "test_acc_majority": 0.9213602550478215, "test_f1_individual_binary": 0.3048780487804878, "test_f1_individual_macro": 0.6328379239775891, "test_acc_individual": 0.92578125, "test_time_millis": 2697.8679290004948, "dataset_size": 4589, "number_of_annotations": 7428, "train_size": 4474, "val_size": 1536, "test_size": 1418}}