{"Epoch0": {"train_loss_means": 0.28732916712760925, "val_loss_mean": 0.284135103225708, "val_f1_majority_bin": 0.4626262626262626, "val_f1_majority_macro": 0.5822099922996784, "val_acc_majority": 0.6164383561643836, "val_f1_individual_binary": 0.4631956912028725, "val_f1_individual_macro": 0.580942823767375, "val_acc_individual": 0.6140275387263339, "train_time_millis": 78482.65078700024, "eval_time_millis": 10303.597751999405}, "Epoch1": {"train_loss_means": 0.25310203433036804, "val_loss_mean": 0.3052525222301483, "val_f1_majority_bin": 0.4446786090621707, "val_f1_majority_macro": 0.5779557428872497, "val_acc_majority": 0.6200432588320115, "val_f1_individual_binary": 0.44733581164807934, "val_f1_individual_macro": 0.5766672466282585, "val_acc_individual": 0.6161790017211703, "train_time_millis": 78830.95011799924, "eval_time_millis": 10313.7342910004}, "Epoch2": {"train_loss_means": 0.20081564784049988, "val_loss_mean": 0.32565954327583313, "val_f1_majority_bin": 0.4641275465013286, "val_f1_majority_macro": 0.5481731957430656, "val_acc_majority": 0.5638067772170151, "val_f1_individual_binary": 0.4538174052322477, "val_f1_individual_macro": 0.5425843782917995, "val_acc_individual": 0.5598106712564543, "train_time_millis": 78885.10346600015, "eval_time_millis": 10297.75655999947}, "Epoch3": {"train_loss_means": 0.15343225002288818, "val_loss_mean": 0.4377419650554657, "val_f1_majority_bin": 0.4067796610169492, "val_f1_majority_macro": 0.5900365669309958, "val_acc_majority": 0.6719538572458543, "val_f1_individual_binary": 0.39212598425196854, "val_f1_individual_macro": 0.5817941940205964, "val_acc_individual": 0.6678141135972461, "train_time_millis": 78720.3051309998, "eval_time_millis": 9290.827757999978}, "Epoch4": {"train_loss_means": 0.12014269083738327, "val_loss_mean": 0.4373585283756256, "val_f1_majority_bin": 0.45911330049261084, "val_f1_majority_macro": 0.5735020737824055, "val_acc_majority": 0.6041816870944484, "val_f1_individual_binary": 0.4456391875746714, "val_f1_individual_macro": 0.5668007639285596, "val_acc_individual": 0.6006884681583476, "train_time_millis": 78712.048804, "eval_time_millis": 10310.914407999917}, "Epoch5": {"train_loss_means": 0.09850944578647614, "val_loss_mean": 0.5968795418739319, "val_f1_majority_bin": 0.4018583042973287, "val_f1_majority_macro": 0.5663238202093022, "val_acc_majority": 0.6286950252343186, "val_f1_individual_binary": 0.3835227272727273, "val_f1_individual_macro": 0.557810746352413, "val_acc_individual": 0.6265060240963856, "train_time_millis": 78720.2578509996, "eval_time_millis": 9286.092993000238}, "Epoch6": {"train_loss_means": 0.08600689470767975, "val_loss_mean": 0.6088098883628845, "val_f1_majority_bin": 0.41013268998793734, "val_f1_majority_macro": 0.5793594041199327, "val_acc_majority": 0.6474405191059841, "val_f1_individual_binary": 0.3959243085880641, "val_f1_individual_macro": 0.571205892840153, "val_acc_individual": 0.6428571428571429, "train_time_millis": 78733.01088100015, "eval_time_millis": 10289.352173000225}, "Epoch7": {"train_loss_means": 0.07721634954214096, "val_loss_mean": 0.657878041267395, "val_f1_majority_bin": 0.4033816425120773, "val_f1_majority_macro": 0.5747637914513111, "val_acc_majority": 0.6438356164383562, "val_f1_individual_binary": 0.39152666179693213, "val_f1_individual_macro": 0.5687428978396066, "val_acc_individual": 0.641566265060241, "train_time_millis": 78773.78149299967, "eval_time_millis": 10335.503386999335}, "Epoch8": {"train_loss_means": 0.0711498036980629, "val_loss_mean": 0.729160726070404, "val_f1_majority_bin": 0.4005102040816326, "val_f1_majority_macro": 0.5821646497795099, "val_acc_majority": 0.6611391492429705, "val_f1_individual_binary": 0.3747072599531616, "val_f1_individual_macro": 0.5684050110279618, "val_acc_individual": 0.6553356282271945, "train_time_millis": 78718.00210400033, "eval_time_millis": 9293.088114999591}, "Epoch9": {"train_loss_means": 0.0643363669514656, "val_loss_mean": 0.7747194766998291, "val_f1_majority_bin": 0.3820816864295125, "val_f1_majority_macro": 0.5746636719988754, "val_acc_majority": 0.661860129776496, "val_f1_individual_binary": 0.36465863453815267, "val_f1_individual_macro": 0.566108335782153, "val_acc_individual": 0.6596385542168675, "train_time_millis": 78720.96449999936, "eval_time_millis": 8274.21908100041}, "Test_results": {"test_f1_majority_binary": 0.4067796610169492, "test_f1_majority_macro": 0.5900365669309958, "test_acc_majority": 0.6719538572458543, "test_f1_individual_binary": 0.39212598425196854, "test_f1_individual_macro": 0.5817941940205964, "test_acc_individual": 0.6678141135972461, "test_time_millis": 8266.772812999989, "dataset_size": 7388, "number_of_annotations": 12314, "train_size": 7358, "val_size": 2324, "test_size": 2632}}