{"Epoch0": {"train_loss_means": 0.03486981242895126, "val_loss_mean": 0.0247101578861475, "val_f1_majority_bin": 0.34629629629629627, "val_f1_majority_macro": 0.654132849721085, "val_acc_majority": 0.928120545713704, "val_f1_individual_binary": 0.2995689655172414, "val_f1_individual_macro": 0.6301908250748925, "val_acc_individual": 0.9257779046531545, "train_time_millis": 10683.585725259036, "eval_time_millis": 8225.098636932671}, "Epoch1": {"train_loss_means": 0.019380660727620125, "val_loss_mean": 0.02207881584763527, "val_f1_majority_bin": 0.33230769230769225, "val_f1_majority_macro": 0.6424948840954073, "val_acc_majority": 0.9116269598859703, "val_f1_individual_binary": 0.2812914639540026, "val_f1_individual_macro": 0.6158509564269388, "val_acc_individual": 0.907222380816443, "train_time_millis": 10694.95153799653, "eval_time_millis": 8230.756759177893}, "Epoch2": {"train_loss_means": 0.011651355773210526, "val_loss_mean": 0.03150799497961998, "val_f1_majority_bin": 0.40740740740740744, "val_f1_majority_macro": 0.6882795391792821, "val_acc_majority": 0.9413561392791692, "val_f1_individual_binary": 0.3510895883777239, "val_f1_individual_macro": 0.6594863125542524, "val_acc_individual": 0.9387953182986012, "train_time_millis": 10716.014969162643, "eval_time_millis": 8236.490061040968}, "Epoch3": {"train_loss_means": 0.008695079013705254, "val_loss_mean": 0.033600833266973495, "val_f1_majority_bin": 0.38285714285714284, "val_f1_majority_macro": 0.6740035956299267, "val_acc_majority": 0.9340256566890653, "val_f1_individual_binary": 0.33128147733631785, "val_f1_individual_macro": 0.6476670299174445, "val_acc_individual": 0.9317727662003996, "train_time_millis": 10716.750875581056, "eval_time_millis": 8227.474379353225}, "Epoch4": {"train_loss_means": 0.006973222363740206, "val_loss_mean": 0.04489064961671829, "val_f1_majority_bin": 0.4353233830845771, "val_f1_majority_macro": 0.7056128592705263, "val_acc_majority": 0.9537772347790674, "val_f1_individual_binary": 0.3871449925261584, "val_f1_individual_macro": 0.6814034353584135, "val_acc_individual": 0.9531829860119897, "train_time_millis": 10709.695511963218, "eval_time_millis": 8229.03924388811}, "Epoch5": {"train_loss_means": 0.005286100786179304, "val_loss_mean": 0.05355804041028023, "val_f1_majority_bin": 0.4500665778961384, "val_f1_majority_macro": 0.7141033148836008, "val_acc_majority": 0.9579515373650987, "val_f1_individual_binary": 0.40126883425852494, "val_f1_individual_macro": 0.6894555252461745, "val_acc_individual": 0.956894090779332, "train_time_millis": 10718.035877682269, "eval_time_millis": 8222.650655079633}, "Epoch6": {"train_loss_means": 0.004613207187503576, "val_loss_mean": 0.053447332233190536, "val_f1_majority_bin": 0.44114002478314746, "val_f1_majority_macro": 0.708598891724801, "val_acc_majority": 0.9540826715536551, "val_f1_individual_binary": 0.39136904761904767, "val_f1_individual_macro": 0.6835429813289682, "val_acc_individual": 0.9532971738509849, "train_time_millis": 10693.205691874027, "eval_time_millis": 6192.490443587303}, "Epoch7": {"train_loss_means": 0.004205175209790468, "val_loss_mean": 0.062376148998737335, "val_f1_majority_bin": 0.4584527220630373, "val_f1_majority_macro": 0.7192506405628182, "val_acc_majority": 0.9615149664019548, "val_f1_individual_binary": 0.4123182207014542, "val_f1_individual_macro": 0.6960146964231999, "val_acc_individual": 0.960776477305167, "train_time_millis": 10699.537189677358, "eval_time_millis": 8226.966914255172}, "Epoch8": {"train_loss_means": 0.003906460478901863, "val_loss_mean": 0.06494127213954926, "val_f1_majority_bin": 0.46511627906976744, "val_f1_majority_macro": 0.7228514503599522, "val_acc_majority": 0.9625330889839137, "val_f1_individual_binary": 0.4198606271777004, "val_f1_individual_macro": 0.7001020862114817, "val_acc_individual": 0.961975449614616, "train_time_millis": 10727.122780866921, "eval_time_millis": 8227.754981722683}, "Epoch9": {"train_loss_means": 0.003663087962195277, "val_loss_mean": 0.06785263866186142, "val_f1_majority_bin": 0.4675716440422323, "val_f1_majority_macro": 0.7244870495644489, "val_acc_majority": 0.9640602728568519, "val_f1_individual_binary": 0.4224841341795105, "val_f1_individual_macro": 0.7018542638651848, "val_acc_individual": 0.9636311732800457, "train_time_millis": 10699.274276848882, "eval_time_millis": 8226.22828790918}, "Test_results": {"test_f1_majority_binary": 0.4675716440422323, "test_f1_majority_macro": 0.7244870495644489, "test_acc_majority": 0.9640602728568519, "test_f1_individual_binary": 0.4224841341795105, "test_f1_individual_macro": 0.7018542638651848, "test_acc_individual": 0.9636311732800457, "test_time_millis": 8237.06768732518, "dataset_size": 26962, "number_of_annotations": 46962, "train_size": 12054, "val_size": 17515, "test_size": 17393}}