{"Epoch0": {"train_loss_means": 0.256905734539032, "val_loss_mean": 0.25504305958747864, "val_f1_majority_bin": 0.7227448810182624, "val_f1_majority_macro": 0.7608910927353647, "val_acc_majority": 0.7669767441860466, "val_f1_individual_binary": 0.6650969529085873, "val_f1_individual_macro": 0.7116726516192606, "val_acc_individual": 0.7191963767274416, "train_time_millis": 49142.518376000226, "eval_time_millis": 7589.059639001789}, "Epoch1": {"train_loss_means": 0.22696568071842194, "val_loss_mean": 0.24466685950756073, "val_f1_majority_bin": 0.7418712674187127, "val_f1_majority_macro": 0.8012972520408995, "val_acc_majority": 0.8190697674418604, "val_f1_individual_binary": 0.6639017916390179, "val_f1_individual_macro": 0.7414559878330875, "val_acc_individual": 0.7647195447683196, "train_time_millis": 48752.94457300333, "eval_time_millis": 6858.7421539996285}, "Epoch2": {"train_loss_means": 0.20938850939273834, "val_loss_mean": 0.26212796568870544, "val_f1_majority_bin": 0.7172932330827068, "val_f1_majority_macro": 0.79534695324169, "val_acc_majority": 0.8251162790697675, "val_f1_individual_binary": 0.6368252774120745, "val_f1_individual_macro": 0.7373122607135971, "val_acc_individual": 0.7757519451863895, "train_time_millis": 48848.433121995186, "eval_time_millis": 7619.036710995715}, "Epoch3": {"train_loss_means": 0.1947965770959854, "val_loss_mean": 0.26292142271995544, "val_f1_majority_bin": 0.7419786096256684, "val_f1_majority_macro": 0.8021590623021353, "val_acc_majority": 0.8204651162790698, "val_f1_individual_binary": 0.6632158958089832, "val_f1_individual_macro": 0.741827835734991, "val_acc_individual": 0.7657647195447683, "train_time_millis": 49000.29298500158, "eval_time_millis": 7612.5435270005255}, "Epoch4": {"train_loss_means": 0.1849278211593628, "val_loss_mean": 0.2858750820159912, "val_f1_majority_bin": 0.7360308285163776, "val_f1_majority_macro": 0.7930974412359504, "val_acc_majority": 0.8088372093023256, "val_f1_individual_binary": 0.667308618199326, "val_f1_individual_macro": 0.7393498782016554, "val_acc_individual": 0.7592614098246429, "train_time_millis": 48800.405886999215, "eval_time_millis": 7590.708707000886}, "Epoch5": {"train_loss_means": 0.17875324189662933, "val_loss_mean": 0.2739241123199463, "val_f1_majority_bin": 0.7323262839879153, "val_f1_majority_macro": 0.7824202308408386, "val_acc_majority": 0.793953488372093, "val_f1_individual_binary": 0.667574931880109, "val_f1_individual_macro": 0.7303586792030538, "val_acc_individual": 0.7449773545465103, "train_time_millis": 48757.70787100191, "eval_time_millis": 7629.59112200042}, "Epoch6": {"train_loss_means": 0.17355556786060333, "val_loss_mean": 0.29237544536590576, "val_f1_majority_bin": 0.7382297551789078, "val_f1_majority_macro": 0.7920923434187852, "val_acc_majority": 0.806046511627907, "val_f1_individual_binary": 0.6670860198144362, "val_f1_individual_macro": 0.7361021556312355, "val_acc_individual": 0.7541516664731158, "train_time_millis": 48913.84958499839, "eval_time_millis": 7618.716705001134}, "Epoch7": {"train_loss_means": 0.17048893868923187, "val_loss_mean": 0.2991408407688141, "val_f1_majority_bin": 0.7379679144385026, "val_f1_majority_macro": 0.7990838145658989, "val_acc_majority": 0.8176744186046512, "val_f1_individual_binary": 0.6644351464435146, "val_f1_individual_macro": 0.7430826928092029, "val_acc_individual": 0.7671582859133667, "train_time_millis": 48966.741942000226, "eval_time_millis": 7398.963780004124}, "Epoch8": {"train_loss_means": 0.16710084676742554, "val_loss_mean": 0.3145448565483093, "val_f1_majority_bin": 0.732051282051282, "val_f1_majority_macro": 0.7897482687628672, "val_acc_majority": 0.8055813953488372, "val_f1_individual_binary": 0.6649534211371667, "val_f1_individual_macro": 0.7376240368690563, "val_acc_individual": 0.7577517129253281, "train_time_millis": 48842.76277200115, "eval_time_millis": 6974.040238004818}, "Epoch9": {"train_loss_means": 0.16360411047935486, "val_loss_mean": 0.3344706594944, "val_f1_majority_bin": 0.7320605661619487, "val_f1_majority_macro": 0.7928551662165372, "val_acc_majority": 0.8106976744186046, "val_f1_individual_binary": 0.6635914332784185, "val_f1_individual_macro": 0.7402426319907156, "val_acc_individual": 0.7628614562768552, "train_time_millis": 48794.70209599822, "eval_time_millis": 7612.31206299999}, "Test_results": {"test_f1_majority_binary": 0.7172932330827068, "test_f1_majority_macro": 0.79534695324169, "test_acc_majority": 0.8251162790697675, "test_f1_individual_binary": 0.6368252774120745, "test_f1_individual_macro": 0.7373122607135971, "test_acc_individual": 0.7757519451863895, "test_time_millis": 7050.4045720008435, "dataset_size": 10746, "number_of_annotations": 43051, "train_size": 25813, "val_size": 8611, "test_size": 8627}}