{"Epoch0": {"train_loss_means": 0.25748658180236816, "val_loss_mean": 0.25187525153160095, "val_f1_majority_bin": 0.02259887005649717, "val_f1_majority_macro": 0.44033963191093933, "val_acc_majority": 0.7521489971346705, "val_f1_individual_binary": 0.018518518518518517, "val_f1_individual_macro": 0.44275988661183135, "val_acc_individual": 0.7657458563535912, "train_time_millis": 30842.519485391676, "eval_time_millis": 3296.7613711953163}, "Epoch1": {"train_loss_means": 0.25313761830329895, "val_loss_mean": 0.25092580914497375, "val_f1_majority_bin": 0.1509433962264151, "val_f1_majority_macro": 0.49945818459969404, "val_acc_majority": 0.7421203438395415, "val_f1_individual_binary": 0.13229571984435798, "val_f1_individual_macro": 0.49435133706319634, "val_acc_individual": 0.7535911602209945, "train_time_millis": 30462.206022813916, "eval_time_millis": 5224.305521696806}, "Epoch2": {"train_loss_means": 0.24766668677330017, "val_loss_mean": 0.24693012237548828, "val_f1_majority_bin": 0.37058823529411766, "val_f1_majority_macro": 0.5839683600713013, "val_acc_majority": 0.6934097421203438, "val_f1_individual_binary": 0.3431372549019608, "val_f1_individual_macro": 0.5759908813739476, "val_acc_individual": 0.7038674033149172, "train_time_millis": 30455.281503964216, "eval_time_millis": 3302.211256697774}, "Epoch3": {"train_loss_means": 0.22314271330833435, "val_loss_mean": 0.27129244804382324, "val_f1_majority_bin": 0.4042105263157895, "val_f1_majority_macro": 0.5484679124521401, "val_acc_majority": 0.5945558739255015, "val_f1_individual_binary": 0.380327868852459, "val_f1_individual_macro": 0.5326639344262295, "val_acc_individual": 0.5823204419889503, "train_time_millis": 30523.81720719859, "eval_time_millis": 3306.762931868434}, "Epoch4": {"train_loss_means": 0.1672130674123764, "val_loss_mean": 0.2900765836238861, "val_f1_majority_bin": 0.35045317220543803, "val_f1_majority_macro": 0.5742876189665688, "val_acc_majority": 0.6919770773638968, "val_f1_individual_binary": 0.3398058252427184, "val_f1_individual_macro": 0.5726210814339486, "val_acc_individual": 0.6994475138121546, "train_time_millis": 30556.513995863497, "eval_time_millis": 3311.09620584175}, "Epoch5": {"train_loss_means": 0.11244421452283859, "val_loss_mean": 0.43983927369117737, "val_f1_majority_bin": 0.3827493261455526, "val_f1_majority_macro": 0.5796673459996056, "val_acc_majority": 0.671919770773639, "val_f1_individual_binary": 0.3652173913043479, "val_f1_individual_macro": 0.5744605475040258, "val_acc_individual": 0.6773480662983425, "train_time_millis": 30584.706300869584, "eval_time_millis": 3311.1673463135958}, "Epoch6": {"train_loss_means": 0.07186423987150192, "val_loss_mean": 0.5660480260848999, "val_f1_majority_bin": 0.35638297872340435, "val_f1_majority_macro": 0.55956403838131, "val_acc_majority": 0.6532951289398281, "val_f1_individual_binary": 0.33405639913232105, "val_f1_individual_macro": 0.5532402084616387, "val_acc_individual": 0.6607734806629835, "train_time_millis": 30583.62818090245, "eval_time_millis": 5338.710346724838}, "Epoch7": {"train_loss_means": 0.04668771103024483, "val_loss_mean": 0.6954458951950073, "val_f1_majority_bin": 0.35135135135135137, "val_f1_majority_macro": 0.5587166113481903, "val_acc_majority": 0.6561604584527221, "val_f1_individual_binary": 0.34051724137931033, "val_f1_individual_macro": 0.5565884869600861, "val_acc_individual": 0.661878453038674, "train_time_millis": 30566.685089375824, "eval_time_millis": 3313.221927266568}, "Epoch8": {"train_loss_means": 0.03310215100646019, "val_loss_mean": 0.9895059466362, "val_f1_majority_bin": 0.35443037974683544, "val_f1_majority_macro": 0.5827707454289733, "val_acc_majority": 0.7077363896848138, "val_f1_individual_binary": 0.34108527131782945, "val_f1_individual_macro": 0.5809431978514656, "val_acc_individual": 0.7182320441988951, "train_time_millis": 30585.559379775077, "eval_time_millis": 3312.598532065749}, "Epoch9": {"train_loss_means": 0.028887856751680374, "val_loss_mean": 0.9679112434387207, "val_f1_majority_bin": 0.36309523809523814, "val_f1_majority_macro": 0.580604222821204, "val_acc_majority": 0.6934097421203438, "val_f1_individual_binary": 0.3557692307692308, "val_f1_individual_macro": 0.5817583600044145, "val_acc_individual": 0.7038674033149172, "train_time_millis": 30588.164925109595, "eval_time_millis": 3310.576480347663}, "Test_results": {"test_f1_majority_binary": 0.35443037974683544, "test_f1_majority_macro": 0.5827707454289733, "test_acc_majority": 0.7077363896848138, "test_f1_individual_binary": 0.34108527131782945, "test_f1_individual_macro": 0.5809431978514656, "test_acc_individual": 0.7182320441988951, "test_time_millis": 3311.165955848992, "dataset_size": 3772, "number_of_annotations": 4835, "train_size": 2799, "val_size": 905, "test_size": 1131}}