{"Epoch0": {"train_loss_means": 0.14138612151145935, "val_loss_mean": 0.12418995797634125, "val_f1_majority_bin": 0.4140098787606646, "val_f1_majority_macro": 0.6331843714427827, "val_acc_majority": 0.7641424182179649, "val_f1_individual_binary": 0.47494669509594883, "val_f1_individual_macro": 0.6583505264378451, "val_acc_individual": 0.7568051354854639, "train_time_millis": 33022.099087014794, "eval_time_millis": 13275.31757671386}, "Epoch1": {"train_loss_means": 0.10924652218818665, "val_loss_mean": 0.12382055819034576, "val_f1_majority_bin": 0.4065180102915952, "val_f1_majority_macro": 0.6240284120613002, "val_acc_majority": 0.7498644496656425, "val_f1_individual_binary": 0.47636269697752526, "val_f1_individual_macro": 0.6559834571667837, "val_acc_individual": 0.7497685328066169, "train_time_millis": 33033.935489133, "eval_time_millis": 13316.75974233076}, "Epoch2": {"train_loss_means": 0.09175078570842743, "val_loss_mean": 0.12268657982349396, "val_f1_majority_bin": 0.4542619542619543, "val_f1_majority_macro": 0.669703718325464, "val_acc_majority": 0.810229531899512, "val_f1_individual_binary": 0.5165220039591899, "val_f1_individual_macro": 0.696813353440791, "val_acc_individual": 0.8040244429356213, "train_time_millis": 33015.20996587351, "eval_time_millis": 13283.311144914478}, "Epoch3": {"train_loss_means": 0.08024337142705917, "val_loss_mean": 0.12341063469648361, "val_f1_majority_bin": 0.4752808988764045, "val_f1_majority_macro": 0.6873496891539034, "val_acc_majority": 0.8311946502801374, "val_f1_individual_binary": 0.537510305028854, "val_f1_individual_macro": 0.7155030736899595, "val_acc_individual": 0.8268625393494229, "train_time_millis": 33264.72904207185, "eval_time_millis": 13343.582984991372}, "Epoch4": {"train_loss_means": 0.06817251443862915, "val_loss_mean": 0.14475017786026, "val_f1_majority_bin": 0.5046604527296937, "val_f1_majority_macro": 0.713434366891823, "val_acc_majority": 0.8655340683173686, "val_f1_individual_binary": 0.5525727069351231, "val_f1_individual_macro": 0.7319043725518133, "val_acc_individual": 0.8518609962348003, "train_time_millis": 33236.38176592067, "eval_time_millis": 13320.909508038312}, "Epoch5": {"train_loss_means": 0.0631863996386528, "val_loss_mean": 0.14060106873512268, "val_f1_majority_bin": 0.46593406593406594, "val_f1_majority_macro": 0.6804037623635287, "val_acc_majority": 0.8243267666726911, "val_f1_individual_binary": 0.5268591708340055, "val_f1_individual_macro": 0.7074627113949441, "val_acc_individual": 0.8189617924819456, "train_time_millis": 33253.0748937279, "eval_time_millis": 11200.428057927638}, "Epoch6": {"train_loss_means": 0.0577615424990654, "val_loss_mean": 0.1572170853614807, "val_f1_majority_bin": 0.4764150943396226, "val_f1_majority_macro": 0.6908222750246673, "val_acc_majority": 0.8395084041207301, "val_f1_individual_binary": 0.5343696027633852, "val_f1_individual_macro": 0.7165309610089284, "val_acc_individual": 0.833590519103759, "train_time_millis": 33164.38008006662, "eval_time_millis": 13320.752799045295}, "Epoch7": {"train_loss_means": 0.05409218370914459, "val_loss_mean": 0.16969206929206848, "val_f1_majority_bin": 0.48686739269698903, "val_f1_majority_macro": 0.7012979783053593, "val_acc_majority": 0.8552322429061991, "val_f1_individual_binary": 0.545653761869978, "val_f1_individual_macro": 0.7266261827250804, "val_acc_individual": 0.8464292327634096, "train_time_millis": 33241.4694740437, "eval_time_millis": 13283.283293712884}, "Epoch8": {"train_loss_means": 0.05014706030488014, "val_loss_mean": 0.1775253266096115, "val_f1_majority_bin": 0.484012539184953, "val_f1_majority_macro": 0.6985578480952745, "val_acc_majority": 0.8512560997650461, "val_f1_individual_binary": 0.5417648124660265, "val_f1_individual_macro": 0.7238452452018783, "val_acc_individual": 0.8438985247824209, "train_time_millis": 33210.49260534346, "eval_time_millis": 13311.808217316866}, "Epoch9": {"train_loss_means": 0.04862448573112488, "val_loss_mean": 0.18235433101654053, "val_f1_majority_bin": 0.48877485567671586, "val_f1_majority_macro": 0.7024709452465834, "val_acc_majority": 0.8559551780227724, "val_f1_individual_binary": 0.5451529671949871, "val_f1_individual_macro": 0.7268321182356904, "val_acc_individual": 0.847663724461453, "train_time_millis": 33143.58439296484, "eval_time_millis": 12295.655933208764}, "Test_results": {"test_f1_majority_binary": 0.5046604527296937, "test_f1_majority_macro": 0.713434366891823, "test_acc_majority": 0.8655340683173686, "test_f1_individual_binary": 0.5525727069351231, "test_f1_individual_macro": 0.7319043725518133, "test_acc_individual": 0.8518609962348003, "test_time_millis": 12325.613860972226, "dataset_size": 16262, "number_of_annotations": 46794, "train_size": 14364, "val_size": 16201, "test_size": 16229}}