{"Epoch0": {"train_loss_means": 0.032445453107357025, "val_loss_mean": 0.043034620583057404, "val_f1_majority_bin": 0.016483516483516487, "val_f1_majority_macro": 0.5003970742203716, "val_acc_majority": 0.9691139677335864, "val_f1_individual_binary": 0.012865497076023392, "val_f1_individual_macro": 0.49546857695652086, "val_acc_individual": 0.9570963806425377, "train_time_millis": 926.5725380009826, "eval_time_millis": 17233.71871999916}, "Epoch1": {"train_loss_means": 0.030511153861880302, "val_loss_mean": 0.0417630597949028, "val_f1_majority_bin": 0.07576953433307024, "val_f1_majority_macro": 0.5111679065687711, "val_acc_majority": 0.8989733413855577, "val_f1_individual_binary": 0.08739708676377454, "val_f1_individual_macro": 0.514469729707968, "val_acc_individual": 0.8901230174867832, "train_time_millis": 924.7950120006863, "eval_time_millis": 16223.88287099966}, "Epoch2": {"train_loss_means": 0.029407477006316185, "val_loss_mean": 0.0417197160422802, "val_f1_majority_bin": 0.11527377521613834, "val_f1_majority_macro": 0.5368383690226394, "val_acc_majority": 0.9205417996721594, "val_f1_individual_binary": 0.11921529175050304, "val_f1_individual_macro": 0.5361709824209202, "val_acc_individual": 0.9109902399349329, "train_time_millis": 937.7070059999824, "eval_time_millis": 17215.712442999575}, "Epoch3": {"train_loss_means": 0.027695298194885254, "val_loss_mean": 0.042168594896793365, "val_f1_majority_bin": 0.13333333333333333, "val_f1_majority_macro": 0.5500724085934817, "val_acc_majority": 0.9360710896385126, "val_f1_individual_binary": 0.12997032640949555, "val_f1_individual_macro": 0.5455210244862475, "val_acc_individual": 0.9254778365189101, "train_time_millis": 929.6872380000423, "eval_time_millis": 16218.188352999277}, "Epoch4": {"train_loss_means": 0.02556883543729782, "val_loss_mean": 0.04186635836958885, "val_f1_majority_bin": 0.15700267618198036, "val_f1_majority_macro": 0.5570834513224846, "val_acc_majority": 0.9184712276766457, "val_f1_individual_binary": 0.16232844297207763, "val_f1_individual_macro": 0.5573937076669097, "val_acc_individual": 0.9100244001626677, "train_time_millis": 920.0779079983477, "eval_time_millis": 16224.736988999211}, "Epoch5": {"train_loss_means": 0.02363860234618187, "val_loss_mean": 0.04406959190964699, "val_f1_majority_bin": 0.155148095909732, "val_f1_majority_macro": 0.5642469443193923, "val_acc_majority": 0.9483219739453024, "val_f1_individual_binary": 0.1491166077738516, "val_f1_individual_macro": 0.5586865434925047, "val_acc_individual": 0.9387962586417242, "train_time_millis": 927.3141230005422, "eval_time_millis": 17235.3457600002}, "Epoch6": {"train_loss_means": 0.022165905684232712, "val_loss_mean": 0.045359041541814804, "val_f1_majority_bin": 0.17365269461077842, "val_f1_majority_macro": 0.5745673084850995, "val_acc_majority": 0.9523768441031835, "val_f1_individual_binary": 0.15822550831792975, "val_f1_individual_macro": 0.5641291394030327, "val_acc_individual": 0.9421258641724278, "train_time_millis": 917.926467000143, "eval_time_millis": 15209.336708001501}, "Epoch7": {"train_loss_means": 0.019884342327713966, "val_loss_mean": 0.04620426893234253, "val_f1_majority_bin": 0.17056396148555708, "val_f1_majority_macro": 0.5718551270353637, "val_acc_majority": 0.9479768786127167, "val_f1_individual_binary": 0.16414835164835165, "val_f1_individual_macro": 0.566013681736338, "val_acc_individual": 0.938135420902806, "train_time_millis": 921.9120039997506, "eval_time_millis": 17157.163386998945}, "Epoch8": {"train_loss_means": 0.018942005932331085, "val_loss_mean": 0.04754529520869255, "val_f1_majority_bin": 0.17553956834532375, "val_f1_majority_macro": 0.5750290895491016, "val_acc_majority": 0.950565093607109, "val_f1_individual_binary": 0.16714490674318508, "val_f1_individual_macro": 0.5682760106838455, "val_acc_individual": 0.940982106547377, "train_time_millis": 931.4045829996758, "eval_time_millis": 17162.8765509995}, "Epoch9": {"train_loss_means": 0.01882990635931492, "val_loss_mean": 0.046723783016204834, "val_f1_majority_bin": 0.17026683608640408, "val_f1_majority_macro": 0.5705542709121459, "val_acc_majority": 0.9436631869553964, "val_f1_individual_binary": 0.16569954867827208, "val_f1_individual_macro": 0.5657302019315473, "val_acc_individual": 0.934221228141521, "train_time_millis": 920.7830180002929, "eval_time_millis": 17041.411005000555}, "Test_results": {"test_f1_majority_binary": 0.016483516483516487, "test_f1_majority_macro": 0.5003970742203716, "test_acc_majority": 0.9691139677335864, "test_f1_individual_binary": 0.012865497076023392, "test_f1_individual_macro": 0.49546857695652086, "test_acc_individual": 0.9570963806425377, "test_time_millis": 17128.314325000247, "dataset_size": 23452, "number_of_annotations": 79596, "train_size": 900, "val_size": 39344, "test_size": 39352}}